condition,ai_access_mean,ai_reliability,verification_support,peer_response_probability,metric,mean,ci_low,ci_high,n
A0.35_R0.55_V0.30_P0.60,0.35,0.55,0.3,0.6,final_peer_share,0.5354777777777778,0.5312674190471047,0.5396881365084509,20
A0.35_R0.55_V0.30_P0.60,0.35,0.55,0.3,0.6,final_ai_share,0.24594444444444444,0.24195463566440165,0.24993425322448723,20
A0.35_R0.55_V0.30_P0.60,0.35,0.55,0.3,0.6,final_hybrid_share,0.2185777777777777,0.2154779276921757,0.22167762786337972,20
A0.35_R0.55_V0.30_P0.60,0.35,0.55,0.3,0.6,final_human_interaction_rate,0.7540555555555556,0.7500657467755129,0.7580453643355983,20
A0.35_R0.55_V0.30_P0.60,0.35,0.55,0.3,0.6,final_ai_use_rate,0.46452222222222206,0.4603118634915489,0.4687325809528952,20
A0.35_R0.55_V0.30_P0.60,0.35,0.55,0.3,0.6,final_mean_quality,0.5649103685952677,0.5613810617084971,0.5684396754820382,20
A0.35_R0.55_V0.30_P0.60,0.35,0.55,0.3,0.6,final_success_rate,0.3681,0.3587670312927091,0.3774329687072909,20
A0.35_R0.55_V0.30_P0.60,0.35,0.55,0.3,0.6,final_mean_knowledge,0.6256463246549215,0.6211880731158553,0.6301045761939877,20
A0.35_R0.55_V0.30_P0.60,0.35,0.55,0.3,0.6,final_knowledge_gini,0.09366444048780179,0.09138533588705164,0.09594354508855193,20
A0.35_R0.55_V0.30_P0.60,0.35,0.55,0.3,0.6,final_knowledge_rank_corr_with_initial,0.9940889201295378,0.9936406909164568,0.9945371493426187,20
A0.35_R0.55_V0.30_P0.60,0.35,0.55,0.3,0.6,final_performance_gini,0.1118192984512538,0.11048570511803027,0.11315289178447732,20
A0.35_R0.55_V0.30_P0.60,0.35,0.55,0.3,0.6,final_mean_ai_trust,0.45098469930617197,0.4506016369223217,0.45136776169002224,20
A0.35_R0.55_V0.30_P0.60,0.35,0.55,0.3,0.6,final_mean_peer_trust,0.5599157216548919,0.5568877950368007,0.562943648272983,20
A0.35_R0.55_V0.30_P0.60,0.35,0.55,0.3,0.6,final_mean_tie_strength,0.4388833107352257,0.43776745398307054,0.4399991674873808,20
A0.35_R0.55_V0.30_P0.60,0.35,0.55,0.3,0.6,final_network_density,0.05823674736188696,0.058064727112564954,0.05840876761120897,20
A0.35_R0.55_V0.30_P0.60,0.35,0.55,0.3,0.6,final_mean_weighted_degree,4.5749079136610025,4.560631712882453,4.5891841144395515,20
A0.35_R0.55_V0.30_P0.60,0.35,0.55,0.3,0.6,final_recent_active_tie_fraction,0.9410662235921252,0.9390133867551839,0.9431190604290666,20
A0.35_R0.55_V0.30_P0.60,0.35,0.55,0.3,0.6,final_mean_unique_peer_partners,11.099644444444445,11.056582248393703,11.142706640495188,20
A0.35_R0.55_V0.30_P0.60,0.35,0.55,0.3,0.6,final_mean_peer_marginal,0.013153302035547241,0.012863813841696006,0.013442790229398476,20
A0.35_R0.55_V0.30_P0.60,0.35,0.55,0.3,0.6,final_mean_ai_availability_probability,0.8494877172357016,0.8476588382364048,0.8513165962349984,20
A0.35_R0.55_V0.30_P0.60,0.35,0.55,0.3,0.6,edge_retention_ratio,1.0,1.0,1.0,20
A0.35_R0.55_V0.30_P0.60,0.35,0.55,0.3,0.6,edge_count_ratio,1.0468333333333333,1.0439146288219938,1.0497520378446727,20
A0.35_R0.55_V0.30_P0.60,0.35,0.55,0.3,0.6,new_edge_ratio,0.046833333333333296,0.0439146288219939,0.04975203784467269,20
A0.35_R0.55_V0.30_P0.60,0.35,0.55,0.3,0.6,strong_tie_fraction,0.6507743144204664,0.6436991795385257,0.6578494493024071,20
A0.35_R0.55_V0.30_P0.90,0.35,0.55,0.3,0.9,final_peer_share,0.5379,0.5336333361678525,0.5421666638321476,20
A0.35_R0.55_V0.30_P0.90,0.35,0.55,0.3,0.9,final_ai_share,0.24075555555555547,0.23693194033443657,0.24457917077667438,20
A0.35_R0.55_V0.30_P0.90,0.35,0.55,0.3,0.9,final_hybrid_share,0.22134444444444443,0.21808837134659198,0.22460051754229687,20
A0.35_R0.55_V0.30_P0.90,0.35,0.55,0.3,0.9,final_human_interaction_rate,0.7592444444444445,0.7554208292233257,0.7630680596655633,20
A0.35_R0.55_V0.30_P0.90,0.35,0.55,0.3,0.9,final_ai_use_rate,0.46210000000000007,0.45783333616785243,0.4663666638321477,20
A0.35_R0.55_V0.30_P0.90,0.35,0.55,0.3,0.9,final_mean_quality,0.564960514726544,0.5610938338283948,0.5688271956246931,20
A0.35_R0.55_V0.30_P0.90,0.35,0.55,0.3,0.9,final_success_rate,0.3663333333333333,0.35551418487525105,0.37715248179141553,20
A0.35_R0.55_V0.30_P0.90,0.35,0.55,0.3,0.9,final_mean_knowledge,0.6258057597417894,0.6213200269994682,0.6302914924841106,20
A0.35_R0.55_V0.30_P0.90,0.35,0.55,0.3,0.9,final_knowledge_gini,0.09361937418699799,0.09133930968964901,0.09589943868434697,20
A0.35_R0.55_V0.30_P0.90,0.35,0.55,0.3,0.9,final_knowledge_rank_corr_with_initial,0.9940863943526963,0.9937533949449231,0.9944193937604695,20
A0.35_R0.55_V0.30_P0.90,0.35,0.55,0.3,0.9,final_performance_gini,0.1119451561804327,0.11076656653865802,0.11312374582220738,20
A0.35_R0.55_V0.30_P0.90,0.35,0.55,0.3,0.9,final_mean_ai_trust,0.4513443421134541,0.45084775825638124,0.45184092597052694,20
A0.35_R0.55_V0.30_P0.90,0.35,0.55,0.3,0.9,final_mean_peer_trust,0.5609968860149384,0.5578693948628599,0.5641243771670168,20
A0.35_R0.55_V0.30_P0.90,0.35,0.55,0.3,0.9,final_mean_tie_strength,0.4413963052630425,0.440200606273178,0.44259200425290707,20
A0.35_R0.55_V0.30_P0.90,0.35,0.55,0.3,0.9,final_network_density,0.05724072004965856,0.05711979244563016,0.057361647653686954,20
A0.35_R0.55_V0.30_P0.90,0.35,0.55,0.3,0.9,final_mean_weighted_degree,4.522455628493097,4.511318764510355,4.533592492475838,20
A0.35_R0.55_V0.30_P0.90,0.35,0.55,0.3,0.9,final_recent_active_tie_fraction,0.9440063009731052,0.9417084360846047,0.9463041658616057,20
A0.35_R0.55_V0.30_P0.90,0.35,0.55,0.3,0.9,final_mean_unique_peer_partners,10.683911111111112,10.639291684732557,10.728530537489666,20
A0.35_R0.55_V0.30_P0.90,0.35,0.55,0.3,0.9,final_mean_peer_marginal,0.013227019400701492,0.012871308596261507,0.013582730205141478,20
A0.35_R0.55_V0.30_P0.90,0.35,0.55,0.3,0.9,final_mean_ai_availability_probability,0.8494877172357016,0.8476588382364048,0.8513165962349984,20
A0.35_R0.55_V0.30_P0.90,0.35,0.55,0.3,0.9,edge_retention_ratio,1.0,1.0,1.0,20
A0.35_R0.55_V0.30_P0.90,0.35,0.55,0.3,0.9,edge_count_ratio,1.0274444444444444,1.025087857082191,1.0298010318066977,20
A0.35_R0.55_V0.30_P0.90,0.35,0.55,0.3,0.9,new_edge_ratio,0.027444444444444393,0.02508785708219114,0.029801031806697645,20
A0.35_R0.55_V0.30_P0.90,0.35,0.55,0.3,0.9,strong_tie_fraction,0.6659712592875009,0.6590458394515909,0.6728966791234109,20
A0.35_R0.55_V0.70_P0.60,0.35,0.55,0.7,0.6,final_peer_share,0.5191555555555556,0.5140044978651883,0.5243066132459229,20
A0.35_R0.55_V0.70_P0.60,0.35,0.55,0.7,0.6,final_ai_share,0.2496333333333333,0.24563876161393175,0.25362790505273486,20
A0.35_R0.55_V0.70_P0.60,0.35,0.55,0.7,0.6,final_hybrid_share,0.23121111111111112,0.22728290549038277,0.23513931673183947,20
A0.35_R0.55_V0.70_P0.60,0.35,0.55,0.7,0.6,final_human_interaction_rate,0.7503666666666666,0.7463720949472651,0.7543612383860682,20
A0.35_R0.55_V0.70_P0.60,0.35,0.55,0.7,0.6,final_ai_use_rate,0.48084444444444435,0.4756933867540771,0.48599550213481163,20
A0.35_R0.55_V0.70_P0.60,0.35,0.55,0.7,0.6,final_mean_quality,0.5670771137953855,0.563715865976902,0.570438361613869,20
A0.35_R0.55_V0.70_P0.60,0.35,0.55,0.7,0.6,final_success_rate,0.37204444444444446,0.36301461336290364,0.3810742755259853,20
A0.35_R0.55_V0.70_P0.60,0.35,0.55,0.7,0.6,final_mean_knowledge,0.6262360148719862,0.6217697471126549,0.6307022826313176,20
A0.35_R0.55_V0.70_P0.60,0.35,0.55,0.7,0.6,final_knowledge_gini,0.09329983576967774,0.09097869317416177,0.0956209783651937,20
A0.35_R0.55_V0.70_P0.60,0.35,0.55,0.7,0.6,final_knowledge_rank_corr_with_initial,0.9940232055349394,0.9935581726216317,0.9944882384482471,20
A0.35_R0.55_V0.70_P0.60,0.35,0.55,0.7,0.6,final_performance_gini,0.11120146975066161,0.11001963571661341,0.11238330378470981,20
A0.35_R0.55_V0.70_P0.60,0.35,0.55,0.7,0.6,final_mean_ai_trust,0.4512523870292525,0.4507089603609301,0.45179581369757493,20
A0.35_R0.55_V0.70_P0.60,0.35,0.55,0.7,0.6,final_mean_peer_trust,0.5599274668693542,0.5568223210707246,0.5630326126679839,20
A0.35_R0.55_V0.70_P0.60,0.35,0.55,0.7,0.6,final_mean_tie_strength,0.4386869024634361,0.4375473155353782,0.43982648939149405,20
A0.35_R0.55_V0.70_P0.60,0.35,0.55,0.7,0.6,final_network_density,0.058221849782743584,0.058006270326305474,0.058437429239181694,20
A0.35_R0.55_V0.70_P0.60,0.35,0.55,0.7,0.6,final_mean_weighted_degree,4.571690197610854,4.5556200392768655,4.587760355944843,20
A0.35_R0.55_V0.70_P0.60,0.35,0.55,0.7,0.6,final_recent_active_tie_fraction,0.9392646497094909,0.9367992045532703,0.9417300948657115,20
A0.35_R0.55_V0.70_P0.60,0.35,0.55,0.7,0.6,final_mean_unique_peer_partners,11.090288888888889,11.049687419035887,11.13089035874189,20
A0.35_R0.55_V0.70_P0.60,0.35,0.55,0.7,0.6,final_mean_peer_marginal,0.012929216733938844,0.012616862074705084,0.013241571393172604,20
A0.35_R0.55_V0.70_P0.60,0.35,0.55,0.7,0.6,final_mean_ai_availability_probability,0.8494877172357016,0.8476588382364048,0.8513165962349984,20
A0.35_R0.55_V0.70_P0.60,0.35,0.55,0.7,0.6,edge_retention_ratio,1.0,1.0,1.0,20
A0.35_R0.55_V0.70_P0.60,0.35,0.55,0.7,0.6,edge_count_ratio,1.0451666666666666,1.0411910091038739,1.0491423242294593,20
A0.35_R0.55_V0.70_P0.60,0.35,0.55,0.7,0.6,new_edge_ratio,0.04516666666666662,0.041191009103873834,0.049142324229459404,20
A0.35_R0.55_V0.70_P0.60,0.35,0.55,0.7,0.6,strong_tie_fraction,0.651696865220914,0.6450524824435675,0.6583412479982604,20
A0.35_R0.55_V0.70_P0.90,0.35,0.55,0.7,0.9,final_peer_share,0.5245444444444444,0.5183795640364544,0.5307093248524344,20
A0.35_R0.55_V0.70_P0.90,0.35,0.55,0.7,0.9,final_ai_share,0.2458333333333333,0.24081639502966518,0.2508502716370014,20
A0.35_R0.55_V0.70_P0.90,0.35,0.55,0.7,0.9,final_hybrid_share,0.22962222222222223,0.2268180716064709,0.23242637283797354,20
A0.35_R0.55_V0.70_P0.90,0.35,0.55,0.7,0.9,final_human_interaction_rate,0.7541666666666667,0.7491497283629985,0.7591836049703348,20
A0.35_R0.55_V0.70_P0.90,0.35,0.55,0.7,0.9,final_ai_use_rate,0.47545555555555563,0.4692906751475656,0.48162043596354565,20
A0.35_R0.55_V0.70_P0.90,0.35,0.55,0.7,0.9,final_mean_quality,0.567620309707821,0.5640722019105286,0.5711684175051133,20
A0.35_R0.55_V0.70_P0.90,0.35,0.55,0.7,0.9,final_success_rate,0.37303333333333333,0.3633284958974348,0.38273817076923183,20
A0.35_R0.55_V0.70_P0.90,0.35,0.55,0.7,0.9,final_mean_knowledge,0.6265165103684348,0.6220457939787235,0.6309872267581461,20
A0.35_R0.55_V0.70_P0.90,0.35,0.55,0.7,0.9,final_knowledge_gini,0.09305164850399181,0.09074783074778056,0.09535546626020305,20
A0.35_R0.55_V0.70_P0.90,0.35,0.55,0.7,0.9,final_knowledge_rank_corr_with_initial,0.9939232025736351,0.9935177378806048,0.9943286672666654,20
A0.35_R0.55_V0.70_P0.90,0.35,0.55,0.7,0.9,final_performance_gini,0.11154564155449924,0.11035131444654461,0.11273996866245387,20
A0.35_R0.55_V0.70_P0.90,0.35,0.55,0.7,0.9,final_mean_ai_trust,0.45134806252868953,0.45078552121928656,0.4519106038380925,20
A0.35_R0.55_V0.70_P0.90,0.35,0.55,0.7,0.9,final_mean_peer_trust,0.5609602711200715,0.5579179438349166,0.5640025984052265,20
A0.35_R0.55_V0.70_P0.90,0.35,0.55,0.7,0.9,final_mean_tie_strength,0.4410734692215919,0.4398876667012311,0.44225927174195273,20
A0.35_R0.55_V0.70_P0.90,0.35,0.55,0.7,0.9,final_network_density,0.05735754189944131,0.05726177501480932,0.0574533087840733,20
A0.35_R0.55_V0.70_P0.90,0.35,0.55,0.7,0.9,final_mean_weighted_degree,4.52838207915359,4.517021474266552,4.539742684040628,20
A0.35_R0.55_V0.70_P0.90,0.35,0.55,0.7,0.9,final_recent_active_tie_fraction,0.941408791635439,0.9393430787873316,0.9434745044835464,20
A0.35_R0.55_V0.70_P0.90,0.35,0.55,0.7,0.9,final_mean_unique_peer_partners,10.700822222222223,10.657969434387132,10.743675010057315,20
A0.35_R0.55_V0.70_P0.90,0.35,0.55,0.7,0.9,final_mean_peer_marginal,0.013128536343290587,0.01278328024812979,0.013473792438451383,20
A0.35_R0.55_V0.70_P0.90,0.35,0.55,0.7,0.9,final_mean_ai_availability_probability,0.8494877172357016,0.8476588382364048,0.8513165962349984,20
A0.35_R0.55_V0.70_P0.90,0.35,0.55,0.7,0.9,edge_retention_ratio,1.0,1.0,1.0,20
A0.35_R0.55_V0.70_P0.90,0.35,0.55,0.7,0.9,edge_count_ratio,1.029277777777778,1.027148517675044,1.031407037880512,20
A0.35_R0.55_V0.70_P0.90,0.35,0.55,0.7,0.9,new_edge_ratio,0.029277777777777726,0.027148517675043688,0.03140703788051176,20
A0.35_R0.55_V0.70_P0.90,0.35,0.55,0.7,0.9,strong_tie_fraction,0.6641951805609048,0.6562477778554784,0.6721425832663311,20
A0.35_R0.74_V0.30_P0.60,0.35,0.74,0.3,0.6,final_peer_share,0.4847555555555555,0.4811846177728028,0.4883264933383082,20
A0.35_R0.74_V0.30_P0.60,0.35,0.74,0.3,0.6,final_ai_share,0.2926888888888889,0.2891710357745067,0.2962067420032711,20
A0.35_R0.74_V0.30_P0.60,0.35,0.74,0.3,0.6,final_hybrid_share,0.22255555555555548,0.22014357330782963,0.22496753780328133,20
A0.35_R0.74_V0.30_P0.60,0.35,0.74,0.3,0.6,final_human_interaction_rate,0.7073111111111111,0.703793257996729,0.7108289642254932,20
A0.35_R0.74_V0.30_P0.60,0.35,0.74,0.3,0.6,final_ai_use_rate,0.5152444444444444,0.5116735066616916,0.5188153822271971,20
A0.35_R0.74_V0.30_P0.60,0.35,0.74,0.3,0.6,final_mean_quality,0.5824402489074356,0.5794651745102318,0.5854153233046394,20
A0.35_R0.74_V0.30_P0.60,0.35,0.74,0.3,0.6,final_success_rate,0.41056666666666664,0.4015685484390506,0.41956478489428267,20
A0.35_R0.74_V0.30_P0.60,0.35,0.74,0.3,0.6,final_mean_knowledge,0.6395307446878365,0.6353898200633885,0.6436716693122846,20
A0.35_R0.74_V0.30_P0.60,0.35,0.74,0.3,0.6,final_knowledge_gini,0.0846529250087636,0.08256009231217466,0.08674575770535255,20
A0.35_R0.74_V0.30_P0.60,0.35,0.74,0.3,0.6,final_knowledge_rank_corr_with_initial,0.9915320987706426,0.9909237135632117,0.9921404839780735,20
A0.35_R0.74_V0.30_P0.60,0.35,0.74,0.3,0.6,final_performance_gini,0.10276459293056603,0.10164055741545683,0.10388862844567523,20
A0.35_R0.74_V0.30_P0.60,0.35,0.74,0.3,0.6,final_mean_ai_trust,0.5691366747009295,0.5685834547727899,0.5696898946290692,20
A0.35_R0.74_V0.30_P0.60,0.35,0.74,0.3,0.6,final_mean_peer_trust,0.5646049760580063,0.5616773141759288,0.5675326379400838,20
A0.35_R0.74_V0.30_P0.60,0.35,0.74,0.3,0.6,final_mean_tie_strength,0.4368741602897644,0.4356392993488083,0.4381090212307205,20
A0.35_R0.74_V0.30_P0.60,0.35,0.74,0.3,0.6,final_network_density,0.05740819366852882,0.057254090075940824,0.057562297261116814,20
A0.35_R0.74_V0.30_P0.60,0.35,0.74,0.3,0.6,final_mean_weighted_degree,4.489183180242113,4.478591373531305,4.4997749869529216,20
A0.35_R0.74_V0.30_P0.60,0.35,0.74,0.3,0.6,final_recent_active_tie_fraction,0.9306234120502129,0.9283154979561827,0.9329313261442431,20
A0.35_R0.74_V0.30_P0.60,0.35,0.74,0.3,0.6,final_mean_unique_peer_partners,10.991044444444444,10.94710667136892,11.03498221751997,20
A0.35_R0.74_V0.30_P0.60,0.35,0.74,0.3,0.6,final_mean_peer_marginal,0.009366559994922943,0.009003943540571284,0.009729176449274601,20
A0.35_R0.74_V0.30_P0.60,0.35,0.74,0.3,0.6,final_mean_ai_availability_probability,0.8494877172357016,0.8476588382364048,0.8513165962349984,20
A0.35_R0.74_V0.30_P0.60,0.35,0.74,0.3,0.6,edge_retention_ratio,1.0,1.0,1.0,20
A0.35_R0.74_V0.30_P0.60,0.35,0.74,0.3,0.6,edge_count_ratio,1.029611111111111,1.026801732532436,1.0324204896897862,20
A0.35_R0.74_V0.30_P0.60,0.35,0.74,0.3,0.6,new_edge_ratio,0.02961111111111107,0.02680173253243595,0.03242048968978619,20
A0.35_R0.74_V0.30_P0.60,0.35,0.74,0.3,0.6,strong_tie_fraction,0.6441319695026341,0.6365974833820773,0.6516664556231908,20
A0.35_R0.74_V0.30_P0.90,0.35,0.74,0.3,0.9,final_peer_share,0.48673333333333335,0.4804670944535561,0.4929995722131106,20
A0.35_R0.74_V0.30_P0.90,0.35,0.74,0.3,0.9,final_ai_share,0.29084444444444435,0.28545181655987034,0.29623707232901836,20
A0.35_R0.74_V0.30_P0.90,0.35,0.74,0.3,0.9,final_hybrid_share,0.22242222222222222,0.2196110153940201,0.22523342905042434,20
A0.35_R0.74_V0.30_P0.90,0.35,0.74,0.3,0.9,final_human_interaction_rate,0.7091555555555555,0.7037629276709815,0.7145481834401296,20
A0.35_R0.74_V0.30_P0.90,0.35,0.74,0.3,0.9,final_ai_use_rate,0.5132666666666666,0.5070004277868894,0.5195329055464439,20
A0.35_R0.74_V0.30_P0.90,0.35,0.74,0.3,0.9,final_mean_quality,0.5824947087274516,0.57924145465977,0.5857479627951332,20
A0.35_R0.74_V0.30_P0.90,0.35,0.74,0.3,0.9,final_success_rate,0.41163333333333335,0.40217633676857545,0.42109032989809125,20
A0.35_R0.74_V0.30_P0.90,0.35,0.74,0.3,0.9,final_mean_knowledge,0.6396626964019629,0.6355321868555774,0.6437932059483484,20
A0.35_R0.74_V0.30_P0.90,0.35,0.74,0.3,0.9,final_knowledge_gini,0.08471203202504896,0.08260279490542174,0.08682126914467617,20
A0.35_R0.74_V0.30_P0.90,0.35,0.74,0.3,0.9,final_knowledge_rank_corr_with_initial,0.9913992597982318,0.9908883081712536,0.9919102114252101,20
A0.35_R0.74_V0.30_P0.90,0.35,0.74,0.3,0.9,final_performance_gini,0.10243824081273327,0.10139700626167969,0.10347947536378685,20
A0.35_R0.74_V0.30_P0.90,0.35,0.74,0.3,0.9,final_mean_ai_trust,0.5696176175359758,0.5691670233555641,0.5700682117163876,20
A0.35_R0.74_V0.30_P0.90,0.35,0.74,0.3,0.9,final_mean_peer_trust,0.5650247246026993,0.5621269455113694,0.5679225036940291,20
A0.35_R0.74_V0.30_P0.90,0.35,0.74,0.3,0.9,final_mean_tie_strength,0.4378107589483261,0.43671081192405037,0.43891070597260184,20
A0.35_R0.74_V0.30_P0.90,0.35,0.74,0.3,0.9,final_network_density,0.05705996275605211,0.05691875365453995,0.057201171857564265,20
A0.35_R0.74_V0.30_P0.90,0.35,0.74,0.3,0.9,final_mean_weighted_degree,4.471585246282153,4.457817148646675,4.485353343917631,20
A0.35_R0.74_V0.30_P0.90,0.35,0.74,0.3,0.9,final_recent_active_tie_fraction,0.9315035344738348,0.9289951928507706,0.9340118760968991,20
A0.35_R0.74_V0.30_P0.90,0.35,0.74,0.3,0.9,final_mean_unique_peer_partners,10.67331111111111,10.639280503764414,10.707341718457805,20
A0.35_R0.74_V0.30_P0.90,0.35,0.74,0.3,0.9,final_mean_peer_marginal,0.00948161630406492,0.009155511118734415,0.009807721489395427,20
A0.35_R0.74_V0.30_P0.90,0.35,0.74,0.3,0.9,final_mean_ai_availability_probability,0.8494877172357016,0.8476588382364048,0.8513165962349984,20
A0.35_R0.74_V0.30_P0.90,0.35,0.74,0.3,0.9,edge_retention_ratio,1.0,1.0,1.0,20
A0.35_R0.74_V0.30_P0.90,0.35,0.74,0.3,0.9,edge_count_ratio,1.0233333333333332,1.0206603775759981,1.0260062890906683,20
A0.35_R0.74_V0.30_P0.90,0.35,0.74,0.3,0.9,new_edge_ratio,0.023333333333333296,0.020660377575998205,0.026006289090668388,20
A0.35_R0.74_V0.30_P0.90,0.35,0.74,0.3,0.9,strong_tie_fraction,0.6466563561408294,0.6397440261201923,0.6535686861614665,20
A0.35_R0.74_V0.70_P0.60,0.35,0.74,0.7,0.6,final_peer_share,0.47890000000000005,0.4734550652722239,0.4843449347277762,20
A0.35_R0.74_V0.70_P0.60,0.35,0.74,0.7,0.6,final_ai_share,0.28919999999999996,0.284234442556525,0.2941655574434749,20
A0.35_R0.74_V0.70_P0.60,0.35,0.74,0.7,0.6,final_hybrid_share,0.2319,0.2284617666200474,0.23533823337995258,20
A0.35_R0.74_V0.70_P0.60,0.35,0.74,0.7,0.6,final_human_interaction_rate,0.7108000000000001,0.7058344425565252,0.715765557443475,20
A0.35_R0.74_V0.70_P0.60,0.35,0.74,0.7,0.6,final_ai_use_rate,0.5210999999999999,0.5156550652722237,0.5265449347277761,20
A0.35_R0.74_V0.70_P0.60,0.35,0.74,0.7,0.6,final_mean_quality,0.5849967848657224,0.5815844139193185,0.5884091558121263,20
A0.35_R0.74_V0.70_P0.60,0.35,0.74,0.7,0.6,final_success_rate,0.4182444444444444,0.407883067038024,0.4286058218508648,20
A0.35_R0.74_V0.70_P0.60,0.35,0.74,0.7,0.6,final_mean_knowledge,0.6405028642152762,0.6363471781373881,0.6446585502931644,20
A0.35_R0.74_V0.70_P0.60,0.35,0.74,0.7,0.6,final_knowledge_gini,0.08423531947403681,0.0821544316626975,0.08631620728537613,20
A0.35_R0.74_V0.70_P0.60,0.35,0.74,0.7,0.6,final_knowledge_rank_corr_with_initial,0.9912498105782204,0.9906334582657197,0.991866162890721,20
A0.35_R0.74_V0.70_P0.60,0.35,0.74,0.7,0.6,final_performance_gini,0.1025826668558317,0.10156229830019564,0.10360303541146776,20
A0.35_R0.74_V0.70_P0.60,0.35,0.74,0.7,0.6,final_mean_ai_trust,0.5692154747416025,0.5686205042988057,0.5698104451843993,20
A0.35_R0.74_V0.70_P0.60,0.35,0.74,0.7,0.6,final_mean_peer_trust,0.5650239101648331,0.5621033938181658,0.5679444265115005,20
A0.35_R0.74_V0.70_P0.60,0.35,0.74,0.7,0.6,final_mean_tie_strength,0.4364071610569954,0.4354016319150491,0.4374126901989417,20
A0.35_R0.74_V0.70_P0.60,0.35,0.74,0.7,0.6,final_network_density,0.05768702669149593,0.05755699135392705,0.057817062029064815,20
A0.35_R0.74_V0.70_P0.60,0.35,0.74,0.7,0.6,final_mean_weighted_degree,4.506260653675928,4.49175888753006,4.5207624198217955,20
A0.35_R0.74_V0.70_P0.60,0.35,0.74,0.7,0.6,final_recent_active_tie_fraction,0.9303616618997166,0.9281447550064164,0.9325785687930168,20
A0.35_R0.74_V0.70_P0.60,0.35,0.74,0.7,0.6,final_mean_unique_peer_partners,11.024666666666667,10.977360509202146,11.071972824131187,20
A0.35_R0.74_V0.70_P0.60,0.35,0.74,0.7,0.6,final_mean_peer_marginal,0.00940743133800822,0.00906668453483704,0.0097481781411794,20
A0.35_R0.74_V0.70_P0.60,0.35,0.74,0.7,0.6,final_mean_ai_availability_probability,0.8494877172357016,0.8476588382364048,0.8513165962349984,20
A0.35_R0.74_V0.70_P0.60,0.35,0.74,0.7,0.6,edge_retention_ratio,1.0,1.0,1.0,20
A0.35_R0.74_V0.70_P0.60,0.35,0.74,0.7,0.6,edge_count_ratio,1.034888888888889,1.03243583323654,1.037341944541238,20
A0.35_R0.74_V0.70_P0.60,0.35,0.74,0.7,0.6,new_edge_ratio,0.034888888888888844,0.032435833236539896,0.03734194454123779,20
A0.35_R0.74_V0.70_P0.60,0.35,0.74,0.7,0.6,strong_tie_fraction,0.6401774053286887,0.6337249671177014,0.646629843539676,20
A0.35_R0.74_V0.70_P0.90,0.35,0.74,0.7,0.9,final_peer_share,0.47698888888888885,0.4731637738947984,0.4808140038829793,20
A0.35_R0.74_V0.70_P0.90,0.35,0.74,0.7,0.9,final_ai_share,0.2888333333333333,0.28467185413829366,0.2929948125283729,20
A0.35_R0.74_V0.70_P0.90,0.35,0.74,0.7,0.9,final_hybrid_share,0.23417777777777773,0.23156326493316323,0.23679229062239224,20
A0.35_R0.74_V0.70_P0.90,0.35,0.74,0.7,0.9,final_human_interaction_rate,0.7111666666666667,0.7070051874716271,0.7153281458617063,20
A0.35_R0.74_V0.70_P0.90,0.35,0.74,0.7,0.9,final_ai_use_rate,0.5230111111111111,0.5191859961170207,0.5268362261052015,20
A0.35_R0.74_V0.70_P0.90,0.35,0.74,0.7,0.9,final_mean_quality,0.5850142823331348,0.5818754249170326,0.588153139749237,20
A0.35_R0.74_V0.70_P0.90,0.35,0.74,0.7,0.9,final_success_rate,0.4166555555555555,0.4077646840186825,0.4255464270924285,20
A0.35_R0.74_V0.70_P0.90,0.35,0.74,0.7,0.9,final_mean_knowledge,0.6405723151959597,0.636393535172947,0.6447510952189724,20
A0.35_R0.74_V0.70_P0.90,0.35,0.74,0.7,0.9,final_knowledge_gini,0.08422811796948762,0.08210827794268909,0.08634795799628615,20
A0.35_R0.74_V0.70_P0.90,0.35,0.74,0.7,0.9,final_knowledge_rank_corr_with_initial,0.9911871859175093,0.9905979264350209,0.9917764453999978,20
A0.35_R0.74_V0.70_P0.90,0.35,0.74,0.7,0.9,final_performance_gini,0.10194292594674334,0.10079355836161175,0.10309229353187493,20
A0.35_R0.74_V0.70_P0.90,0.35,0.74,0.7,0.9,final_mean_ai_trust,0.5689654128636253,0.5684459496372697,0.569484876089981,20
A0.35_R0.74_V0.70_P0.90,0.35,0.74,0.7,0.9,final_mean_peer_trust,0.5655776320695878,0.5627200343298311,0.5684352298093445,20
A0.35_R0.74_V0.70_P0.90,0.35,0.74,0.7,0.9,final_mean_tie_strength,0.4383005099892617,0.4371394198815455,0.4394616000969779,20
A0.35_R0.74_V0.70_P0.90,0.35,0.74,0.7,0.9,final_network_density,0.0569779019242706,0.056845786213253646,0.05711001763528756,20
A0.35_R0.74_V0.70_P0.90,0.35,0.74,0.7,0.9,final_mean_weighted_degree,4.47013529265192,4.458225029031184,4.482045556272655,20
A0.35_R0.74_V0.70_P0.90,0.35,0.74,0.7,0.9,final_recent_active_tie_fraction,0.9322896602105288,0.9302976108065132,0.9342817096145445,20
A0.35_R0.74_V0.70_P0.90,0.35,0.74,0.7,0.9,final_mean_unique_peer_partners,10.661555555555555,10.617209298068472,10.705901813042638,20
A0.35_R0.74_V0.70_P0.90,0.35,0.74,0.7,0.9,final_mean_peer_marginal,0.0096041629631902,0.00927877052021583,0.009929555406164572,20
A0.35_R0.74_V0.70_P0.90,0.35,0.74,0.7,0.9,final_mean_ai_availability_probability,0.8494877172357016,0.8476588382364048,0.8513165962349984,20
A0.35_R0.74_V0.70_P0.90,0.35,0.74,0.7,0.9,edge_retention_ratio,1.0,1.0,1.0,20
A0.35_R0.74_V0.70_P0.90,0.35,0.74,0.7,0.9,edge_count_ratio,1.0219999999999998,1.0193775731994914,1.0246224268005082,20
A0.35_R0.74_V0.70_P0.90,0.35,0.74,0.7,0.9,new_edge_ratio,0.021999999999999957,0.019377573199491672,0.024622426800508242,20
A0.35_R0.74_V0.70_P0.90,0.35,0.74,0.7,0.9,strong_tie_fraction,0.6488240096072665,0.6411648167483185,0.6564832024662145,20
A0.35_R0.90_V0.30_P0.60,0.35,0.9,0.3,0.6,final_peer_share,0.4423666666666666,0.4367611195679778,0.44797221376535534,20
A0.35_R0.90_V0.30_P0.60,0.35,0.9,0.3,0.6,final_ai_share,0.3332555555555555,0.3279274285454313,0.3385836825656798,20
A0.35_R0.90_V0.30_P0.60,0.35,0.9,0.3,0.6,final_hybrid_share,0.2243777777777778,0.22124746236635928,0.2275080931891963,20
A0.35_R0.90_V0.30_P0.60,0.35,0.9,0.3,0.6,final_human_interaction_rate,0.6667444444444445,0.6614163174343203,0.6720725714545687,20
A0.35_R0.90_V0.30_P0.60,0.35,0.9,0.3,0.6,final_ai_use_rate,0.5576333333333334,0.5520277862346447,0.5632388804320222,20
A0.35_R0.90_V0.30_P0.60,0.35,0.9,0.3,0.6,final_mean_quality,0.6081546589996488,0.6053461135195115,0.6109632044797861,20
A0.35_R0.90_V0.30_P0.60,0.35,0.9,0.3,0.6,final_success_rate,0.4839666666666667,0.4754747106598736,0.4924586226734598,20
A0.35_R0.90_V0.30_P0.60,0.35,0.9,0.3,0.6,final_mean_knowledge,0.6611568662607537,0.6574446455818014,0.6648690869397059,20
A0.35_R0.90_V0.30_P0.60,0.35,0.9,0.3,0.6,final_knowledge_gini,0.07488471352243395,0.07291421482675248,0.07685521221811542,20
A0.35_R0.90_V0.30_P0.60,0.35,0.9,0.3,0.6,final_knowledge_rank_corr_with_initial,0.9844879007444837,0.9834416171739319,0.9855341843150355,20
A0.35_R0.90_V0.30_P0.60,0.35,0.9,0.3,0.6,final_performance_gini,0.09322898055244985,0.09242017841068982,0.09403778269420988,20
A0.35_R0.90_V0.30_P0.60,0.35,0.9,0.3,0.6,final_mean_ai_trust,0.6681294585538137,0.6675882643705293,0.668670652737098,20
A0.35_R0.90_V0.30_P0.60,0.35,0.9,0.3,0.6,final_mean_peer_trust,0.571062318444252,0.5684951444122213,0.5736294924762828,20
A0.35_R0.90_V0.30_P0.60,0.35,0.9,0.3,0.6,final_mean_tie_strength,0.43392441123723985,0.4328787139556437,0.434970108518836,20
A0.35_R0.90_V0.30_P0.60,0.35,0.9,0.3,0.6,final_network_density,0.05729186840471754,0.05714993929908726,0.05743379751034782,20
A0.35_R0.90_V0.30_P0.60,0.35,0.9,0.3,0.6,final_mean_weighted_degree,4.449916452079348,4.435121066725223,4.464711837433473,20
A0.35_R0.90_V0.30_P0.60,0.35,0.9,0.3,0.6,final_recent_active_tie_fraction,0.9158998821239186,0.9135582233257749,0.9182415409220623,20
A0.35_R0.90_V0.30_P0.60,0.35,0.9,0.3,0.6,final_mean_unique_peer_partners,10.950777777777779,10.901842478430895,10.999713077124662,20
A0.35_R0.90_V0.30_P0.60,0.35,0.9,0.3,0.6,final_mean_peer_marginal,0.005760083899156074,0.005436022786396812,0.006084145011915337,20
A0.35_R0.90_V0.30_P0.60,0.35,0.9,0.3,0.6,final_mean_ai_availability_probability,0.8494877172357016,0.8476588382364048,0.8513165962349984,20
A0.35_R0.90_V0.30_P0.60,0.35,0.9,0.3,0.6,edge_retention_ratio,1.0,1.0,1.0,20
A0.35_R0.90_V0.30_P0.60,0.35,0.9,0.3,0.6,edge_count_ratio,1.0278333333333332,1.025163174461136,1.0305034922055303,20
A0.35_R0.90_V0.30_P0.60,0.35,0.9,0.3,0.6,new_edge_ratio,0.027833333333333293,0.025163174461136178,0.03050349220553041,20
A0.35_R0.90_V0.30_P0.60,0.35,0.9,0.3,0.6,strong_tie_fraction,0.6273938305839083,0.6203068867304945,0.6344807744373221,20
A0.35_R0.90_V0.30_P0.90,0.35,0.9,0.3,0.9,final_peer_share,0.4476444444444444,0.44225764716038185,0.45303124172850695,20
A0.35_R0.90_V0.30_P0.90,0.35,0.9,0.3,0.9,final_ai_share,0.33096666666666663,0.3253997437970959,0.33653358953623735,20
A0.35_R0.90_V0.30_P0.90,0.35,0.9,0.3,0.9,final_hybrid_share,0.2213888888888888,0.21737815980632014,0.22539961797145747,20
A0.35_R0.90_V0.30_P0.90,0.35,0.9,0.3,0.9,final_human_interaction_rate,0.6690333333333334,0.6634664104637626,0.6746002562029041,20
A0.35_R0.90_V0.30_P0.90,0.35,0.9,0.3,0.9,final_ai_use_rate,0.5523555555555556,0.546968758271493,0.5577423528396181,20
A0.35_R0.90_V0.30_P0.90,0.35,0.9,0.3,0.9,final_mean_quality,0.6081168270354868,0.6054481261843667,0.6107855278866068,20
A0.35_R0.90_V0.30_P0.90,0.35,0.9,0.3,0.9,final_success_rate,0.48378888888888893,0.4752330031190712,0.4923447746587067,20
A0.35_R0.90_V0.30_P0.90,0.35,0.9,0.3,0.9,final_mean_knowledge,0.6612473728661052,0.6575193295725367,0.6649754161596738,20
A0.35_R0.90_V0.30_P0.90,0.35,0.9,0.3,0.9,final_knowledge_gini,0.07485175395714398,0.07292933221889458,0.07677417569539338,20
A0.35_R0.90_V0.30_P0.90,0.35,0.9,0.3,0.9,final_knowledge_rank_corr_with_initial,0.9844685338970971,0.9833904188648627,0.9855466489293315,20
A0.35_R0.90_V0.30_P0.90,0.35,0.9,0.3,0.9,final_performance_gini,0.09341059056265269,0.09265274459398376,0.09416843653132162,20
A0.35_R0.90_V0.30_P0.90,0.35,0.9,0.3,0.9,final_mean_ai_trust,0.6682620815441078,0.6675959507014093,0.6689282123868063,20
A0.35_R0.90_V0.30_P0.90,0.35,0.9,0.3,0.9,final_mean_peer_trust,0.5715654995441436,0.568865927800486,0.5742650712878012,20
A0.35_R0.90_V0.30_P0.90,0.35,0.9,0.3,0.9,final_mean_tie_strength,0.4351410140395163,0.434090995388222,0.43619103269081066,20
A0.35_R0.90_V0.30_P0.90,0.35,0.9,0.3,0.9,final_network_density,0.05684208566108003,0.056732806883726644,0.05695136443843342,20
A0.35_R0.90_V0.30_P0.90,0.35,0.9,0.3,0.9,final_mean_weighted_degree,4.427400515839789,4.414539361045965,4.440261670633613,20
A0.35_R0.90_V0.30_P0.90,0.35,0.9,0.3,0.9,final_recent_active_tie_fraction,0.9170359422642498,0.9135930112612292,0.9204788732672704,20
A0.35_R0.90_V0.30_P0.90,0.35,0.9,0.3,0.9,final_mean_unique_peer_partners,10.631888888888888,10.599318368232224,10.664459409545552,20
A0.35_R0.90_V0.30_P0.90,0.35,0.9,0.3,0.9,final_mean_peer_marginal,0.006088486715873591,0.00571246741823975,0.006464506013507432,20
A0.35_R0.90_V0.30_P0.90,0.35,0.9,0.3,0.9,final_mean_ai_availability_probability,0.8494877172357016,0.8476588382364048,0.8513165962349984,20
A0.35_R0.90_V0.30_P0.90,0.35,0.9,0.3,0.9,edge_retention_ratio,1.0,1.0,1.0,20
A0.35_R0.90_V0.30_P0.90,0.35,0.9,0.3,0.9,edge_count_ratio,1.0185,1.0163841505808466,1.0206158494191533,20
A0.35_R0.90_V0.30_P0.90,0.35,0.9,0.3,0.9,new_edge_ratio,0.018499999999999957,0.016384150580846534,0.02061584941915338,20
A0.35_R0.90_V0.30_P0.90,0.35,0.9,0.3,0.9,strong_tie_fraction,0.6353089907799448,0.6277378954547639,0.6428800861051258,20
A0.35_R0.90_V0.70_P0.60,0.35,0.9,0.7,0.6,final_peer_share,0.4347888888888889,0.4290868575528745,0.44049092022490327,20
A0.35_R0.90_V0.70_P0.60,0.35,0.9,0.7,0.6,final_ai_share,0.33062222222222215,0.3257691252805975,0.3354753191638468,20
A0.35_R0.90_V0.70_P0.60,0.35,0.9,0.7,0.6,final_hybrid_share,0.23458888888888887,0.23098970502515753,0.23818807275262022,20
A0.35_R0.90_V0.70_P0.60,0.35,0.9,0.7,0.6,final_human_interaction_rate,0.6693777777777778,0.6645246808361531,0.6742308747194026,20
A0.35_R0.90_V0.70_P0.60,0.35,0.9,0.7,0.6,final_ai_use_rate,0.5652111111111111,0.5595090797750968,0.5709131424471254,20
A0.35_R0.90_V0.70_P0.60,0.35,0.9,0.7,0.6,final_mean_quality,0.6104001153661952,0.6077422794235207,0.6130579513088698,20
A0.35_R0.90_V0.70_P0.60,0.35,0.9,0.7,0.6,final_success_rate,0.4892999999999999,0.48072963433659077,0.49787036566340903,20
A0.35_R0.90_V0.70_P0.60,0.35,0.9,0.7,0.6,final_mean_knowledge,0.662676735237352,0.6589840398632998,0.6663694306114043,20
A0.35_R0.90_V0.70_P0.60,0.35,0.9,0.7,0.6,final_knowledge_gini,0.07417090192791982,0.0722404084009359,0.07610139545490374,20
A0.35_R0.90_V0.70_P0.60,0.35,0.9,0.7,0.6,final_knowledge_rank_corr_with_initial,0.9838469752985336,0.982726959977362,0.9849669906197052,20
A0.35_R0.90_V0.70_P0.60,0.35,0.9,0.7,0.6,final_performance_gini,0.0923392306197343,0.09141531473036384,0.09326314650910476,20
A0.35_R0.90_V0.70_P0.60,0.35,0.9,0.7,0.6,final_mean_ai_trust,0.667739524807103,0.6672115284185118,0.6682675211956941,20
A0.35_R0.90_V0.70_P0.60,0.35,0.9,0.7,0.6,final_mean_peer_trust,0.572246817111969,0.5696047066837815,0.5748889275401565,20
A0.35_R0.90_V0.70_P0.60,0.35,0.9,0.7,0.6,final_mean_tie_strength,0.43453908747434616,0.4335004722052318,0.4355777027434605,20
A0.35_R0.90_V0.70_P0.60,0.35,0.9,0.7,0.6,final_network_density,0.05718299193047795,0.0570151925403424,0.05735079132061349,20
A0.35_R0.90_V0.70_P0.60,0.35,0.9,0.7,0.6,final_mean_weighted_degree,4.447754964200656,4.4317514665681585,4.463758461833153,20
A0.35_R0.90_V0.70_P0.60,0.35,0.9,0.7,0.6,final_recent_active_tie_fraction,0.9182699855991017,0.9158354075154371,0.9207045636827662,20
A0.35_R0.90_V0.70_P0.60,0.35,0.9,0.7,0.6,final_mean_unique_peer_partners,10.935155555555557,10.888541750330363,10.981769360780751,20
A0.35_R0.90_V0.70_P0.60,0.35,0.9,0.7,0.6,final_mean_peer_marginal,0.006339657014104385,0.006025169177785747,0.006654144850423022,20
A0.35_R0.90_V0.70_P0.60,0.35,0.9,0.7,0.6,final_mean_ai_availability_probability,0.8494877172357016,0.8476588382364048,0.8513165962349984,20
A0.35_R0.90_V0.70_P0.60,0.35,0.9,0.7,0.6,edge_retention_ratio,1.0,1.0,1.0,20
A0.35_R0.90_V0.70_P0.60,0.35,0.9,0.7,0.6,edge_count_ratio,1.0259444444444443,1.0228003783322215,1.0290885105566672,20
A0.35_R0.90_V0.70_P0.60,0.35,0.9,0.7,0.6,new_edge_ratio,0.02594444444444441,0.022800378332221632,0.029088510556667186,20
A0.35_R0.90_V0.70_P0.60,0.35,0.9,0.7,0.6,strong_tie_fraction,0.6299059753260531,0.6231547544370861,0.63665719621502,20
A0.35_R0.90_V0.70_P0.90,0.35,0.9,0.7,0.9,final_peer_share,0.4331999999999999,0.42898151937894896,0.4374184806210509,20
A0.35_R0.90_V0.70_P0.90,0.35,0.9,0.7,0.9,final_ai_share,0.33259999999999995,0.32726431086673485,0.33793568913326505,20
A0.35_R0.90_V0.70_P0.90,0.35,0.9,0.7,0.9,final_hybrid_share,0.23419999999999996,0.23109418691216405,0.23730581308783588,20
A0.35_R0.90_V0.70_P0.90,0.35,0.9,0.7,0.9,final_human_interaction_rate,0.6673999999999999,0.6620643108667348,0.672735689133265,20
A0.35_R0.90_V0.70_P0.90,0.35,0.9,0.7,0.9,final_ai_use_rate,0.5668,0.562581519378949,0.571018480621051,20
A0.35_R0.90_V0.70_P0.90,0.35,0.9,0.7,0.9,final_mean_quality,0.6098638313607205,0.6072610082813276,0.6124666544401135,20
A0.35_R0.90_V0.70_P0.90,0.35,0.9,0.7,0.9,final_success_rate,0.48878888888888883,0.4803704450149004,0.49720733276287726,20
A0.35_R0.90_V0.70_P0.90,0.35,0.9,0.7,0.9,final_mean_knowledge,0.662689640414418,0.6589710151332725,0.6664082656955636,20
A0.35_R0.90_V0.70_P0.90,0.35,0.9,0.7,0.9,final_knowledge_gini,0.07430184533429197,0.07234630350580064,0.07625738716278331,20
A0.35_R0.90_V0.70_P0.90,0.35,0.9,0.7,0.9,final_knowledge_rank_corr_with_initial,0.983648825574044,0.9825400439674049,0.9847576071806831,20
A0.35_R0.90_V0.70_P0.90,0.35,0.9,0.7,0.9,final_performance_gini,0.09256948554674042,0.09166290771625339,0.09347606337722746,20
A0.35_R0.90_V0.70_P0.90,0.35,0.9,0.7,0.9,final_mean_ai_trust,0.6679441445545441,0.6674476935940363,0.6684405955150519,20
A0.35_R0.90_V0.70_P0.90,0.35,0.9,0.7,0.9,final_mean_peer_trust,0.5729018831253052,0.5702493233353876,0.5755544429152228,20
A0.35_R0.90_V0.70_P0.90,0.35,0.9,0.7,0.9,final_mean_tie_strength,0.43567728936672206,0.4346378409020295,0.4367167378314146,20
A0.35_R0.90_V0.70_P0.90,0.35,0.9,0.7,0.9,final_network_density,0.056759031657355644,0.0566222468617119,0.05689581645299939,20
A0.35_R0.90_V0.70_P0.90,0.35,0.9,0.7,0.9,final_mean_weighted_degree,4.426373059654236,4.412071845107241,4.440674274201231,20
A0.35_R0.90_V0.70_P0.90,0.35,0.9,0.7,0.9,final_recent_active_tie_fraction,0.9202083398294704,0.917661606659468,0.9227550729994727,20
A0.35_R0.90_V0.70_P0.90,0.35,0.9,0.7,0.9,final_mean_unique_peer_partners,10.62808888888889,10.584619107532781,10.671558670244998,20
A0.35_R0.90_V0.70_P0.90,0.35,0.9,0.7,0.9,final_mean_peer_marginal,0.00635084486490105,0.0060462094487555565,0.006655480281046543,20
A0.35_R0.90_V0.70_P0.90,0.35,0.9,0.7,0.9,final_mean_ai_availability_probability,0.8494877172357016,0.8476588382364048,0.8513165962349984,20
A0.35_R0.90_V0.70_P0.90,0.35,0.9,0.7,0.9,edge_retention_ratio,1.0,1.0,1.0,20
A0.35_R0.90_V0.70_P0.90,0.35,0.9,0.7,0.9,edge_count_ratio,1.0174444444444442,1.014952819084883,1.0199360698040052,20
A0.35_R0.90_V0.70_P0.90,0.35,0.9,0.7,0.9,new_edge_ratio,0.0174444444444444,0.014952819084883384,0.01993606980400542,20
A0.35_R0.90_V0.70_P0.90,0.35,0.9,0.7,0.9,strong_tie_fraction,0.6378064192646165,0.6319801699881178,0.6436326685411151,20
A0.60_R0.55_V0.30_P0.60,0.6,0.55,0.3,0.6,final_peer_share,0.4644444444444444,0.4597883864905059,0.46910050239838286,20
A0.60_R0.55_V0.30_P0.60,0.6,0.55,0.3,0.6,final_ai_share,0.2938222222222222,0.2899898028471122,0.29765464159733224,20
A0.60_R0.55_V0.30_P0.60,0.6,0.55,0.3,0.6,final_hybrid_share,0.2417333333333333,0.23839522194536863,0.24507144472129797,20
A0.60_R0.55_V0.30_P0.60,0.6,0.55,0.3,0.6,final_human_interaction_rate,0.7061777777777778,0.7023453584026678,0.7100101971528878,20
A0.60_R0.55_V0.30_P0.60,0.6,0.55,0.3,0.6,final_ai_use_rate,0.5355555555555556,0.530899497601617,0.5402116135094941,20
A0.60_R0.55_V0.30_P0.60,0.6,0.55,0.3,0.6,final_mean_quality,0.5609031010062255,0.5576003913847623,0.5642058106276888,20
A0.60_R0.55_V0.30_P0.60,0.6,0.55,0.3,0.6,final_success_rate,0.3523,0.344135964855754,0.360464035144246,20
A0.60_R0.55_V0.30_P0.60,0.6,0.55,0.3,0.6,final_mean_knowledge,0.6240551686158715,0.6196788066715593,0.6284315305601837,20
A0.60_R0.55_V0.30_P0.60,0.6,0.55,0.3,0.6,final_knowledge_gini,0.09412410859975959,0.09187115932462754,0.09637705787489163,20
A0.60_R0.55_V0.30_P0.60,0.6,0.55,0.3,0.6,final_knowledge_rank_corr_with_initial,0.9945521291602566,0.9941792932253389,0.9949249650951743,20
A0.60_R0.55_V0.30_P0.60,0.6,0.55,0.3,0.6,final_performance_gini,0.11292073354547946,0.1117470490795999,0.11409441801135903,20
A0.60_R0.55_V0.30_P0.60,0.6,0.55,0.3,0.6,final_mean_ai_trust,0.4513974271827668,0.45088064385011756,0.4519142105154161,20
A0.60_R0.55_V0.30_P0.60,0.6,0.55,0.3,0.6,final_mean_peer_trust,0.5567989770174027,0.5539121551996973,0.559685798835108,20
A0.60_R0.55_V0.30_P0.60,0.6,0.55,0.3,0.6,final_mean_tie_strength,0.436763123333454,0.43556578087316605,0.437960465793742,20
A0.60_R0.55_V0.30_P0.60,0.6,0.55,0.3,0.6,final_network_density,0.05821688392302913,0.058042921238546076,0.05839084660751218,20
A0.60_R0.55_V0.30_P0.60,0.6,0.55,0.3,0.6,final_mean_weighted_degree,4.551261380624772,4.537023274809657,4.565499486439887,20
A0.60_R0.55_V0.30_P0.60,0.6,0.55,0.3,0.6,final_recent_active_tie_fraction,0.9287601314946681,0.9264691188540704,0.9310511441352658,20
A0.60_R0.55_V0.30_P0.60,0.6,0.55,0.3,0.6,final_mean_unique_peer_partners,11.0386,10.989020368933822,11.088179631066179,20
A0.60_R0.55_V0.30_P0.60,0.6,0.55,0.3,0.6,final_mean_peer_marginal,0.012793882367693295,0.012476968540248367,0.013110796195138224,20
A0.60_R0.55_V0.30_P0.60,0.6,0.55,0.3,0.6,final_mean_ai_availability_probability,0.9130001396225707,0.9119007619146877,0.9140995173304536,20
A0.60_R0.55_V0.30_P0.60,0.6,0.55,0.3,0.6,edge_retention_ratio,1.0,1.0,1.0,20
A0.60_R0.55_V0.30_P0.60,0.6,0.55,0.3,0.6,edge_count_ratio,1.045611111111111,1.0423245138085664,1.0488977084136557,20
A0.60_R0.55_V0.30_P0.60,0.6,0.55,0.3,0.6,new_edge_ratio,0.04561111111111106,0.0423245138085664,0.04889770841365572,20
A0.60_R0.55_V0.30_P0.60,0.6,0.55,0.3,0.6,strong_tie_fraction,0.640863232547533,0.6341817019387966,0.6475447631562693,20
A0.60_R0.55_V0.30_P0.90,0.6,0.55,0.3,0.9,final_peer_share,0.4645555555555555,0.45907622352780164,0.47003488758330936,20
A0.60_R0.55_V0.30_P0.90,0.6,0.55,0.3,0.9,final_ai_share,0.2895222222222221,0.28456608930489896,0.2944783551395453,20
A0.60_R0.55_V0.30_P0.90,0.6,0.55,0.3,0.9,final_hybrid_share,0.24592222222222215,0.2414007388728967,0.2504437055715476,20
A0.60_R0.55_V0.30_P0.90,0.6,0.55,0.3,0.9,final_human_interaction_rate,0.7104777777777777,0.7055216448604545,0.7154339106951008,20
A0.60_R0.55_V0.30_P0.90,0.6,0.55,0.3,0.9,final_ai_use_rate,0.5354444444444443,0.5299651124166904,0.5409237764721981,20
A0.60_R0.55_V0.30_P0.90,0.6,0.55,0.3,0.9,final_mean_quality,0.5619894608018431,0.5583909599813369,0.5655879616223493,20
A0.60_R0.55_V0.30_P0.90,0.6,0.55,0.3,0.9,final_success_rate,0.3592666666666666,0.3488153948119465,0.36971793852138674,20
A0.60_R0.55_V0.30_P0.90,0.6,0.55,0.3,0.9,final_mean_knowledge,0.6243417508854849,0.6199053487819686,0.6287781529890013,20
A0.60_R0.55_V0.30_P0.90,0.6,0.55,0.3,0.9,final_knowledge_gini,0.09391699627595054,0.0916556414788956,0.09617835107300549,20
A0.60_R0.55_V0.30_P0.90,0.6,0.55,0.3,0.9,final_knowledge_rank_corr_with_initial,0.9944317935490045,0.994078976295877,0.9947846108021319,20
A0.60_R0.55_V0.30_P0.90,0.6,0.55,0.3,0.9,final_performance_gini,0.11277789323694012,0.11160190131097218,0.11395388516290807,20
A0.60_R0.55_V0.30_P0.90,0.6,0.55,0.3,0.9,final_mean_ai_trust,0.4513078138098134,0.4507961137398135,0.4518195138798133,20
A0.60_R0.55_V0.30_P0.90,0.6,0.55,0.3,0.9,final_mean_peer_trust,0.5578798750638962,0.5548232438030164,0.5609365063247761,20
A0.60_R0.55_V0.30_P0.90,0.6,0.55,0.3,0.9,final_mean_tie_strength,0.4394035502672195,0.4383354885164855,0.4404716120179535,20
A0.60_R0.55_V0.30_P0.90,0.6,0.55,0.3,0.9,final_network_density,0.057250155183116026,0.05712846687986136,0.05737184348637069,20
A0.60_R0.55_V0.30_P0.90,0.6,0.55,0.3,0.9,final_mean_weighted_degree,4.502822734369172,4.488786216231928,4.516859252506416,20
A0.60_R0.55_V0.30_P0.90,0.6,0.55,0.3,0.9,final_recent_active_tie_fraction,0.9321807862968731,0.9300099949677983,0.9343515776259478,20
A0.60_R0.55_V0.30_P0.90,0.6,0.55,0.3,0.9,final_mean_unique_peer_partners,10.667666666666666,10.62991817947829,10.705415153855041,20
A0.60_R0.55_V0.30_P0.90,0.6,0.55,0.3,0.9,final_mean_peer_marginal,0.013081417808152043,0.012784777590218689,0.013378058026085398,20
A0.60_R0.55_V0.30_P0.90,0.6,0.55,0.3,0.9,final_mean_ai_availability_probability,0.9130001396225707,0.9119007619146877,0.9140995173304536,20
A0.60_R0.55_V0.30_P0.90,0.6,0.55,0.3,0.9,edge_retention_ratio,1.0,1.0,1.0,20
A0.60_R0.55_V0.30_P0.90,0.6,0.55,0.3,0.9,edge_count_ratio,1.0271111111111113,1.0248387698680155,1.0293834523542071,20
A0.60_R0.55_V0.30_P0.90,0.6,0.55,0.3,0.9,new_edge_ratio,0.027111111111111058,0.024838769868015205,0.02938345235420691,20
A0.60_R0.55_V0.30_P0.90,0.6,0.55,0.3,0.9,strong_tie_fraction,0.6562550356801788,0.6496015490972364,0.6629085222631212,20
A0.60_R0.55_V0.70_P0.60,0.6,0.55,0.7,0.6,final_peer_share,0.4504,0.4457762602391887,0.45502373976081134,20
A0.60_R0.55_V0.70_P0.60,0.6,0.55,0.7,0.6,final_ai_share,0.2982333333333333,0.29340943079594073,0.30305723587072586,20
A0.60_R0.55_V0.70_P0.60,0.6,0.55,0.7,0.6,final_hybrid_share,0.2513666666666667,0.24835685169527463,0.25437648163805876,20
A0.60_R0.55_V0.70_P0.60,0.6,0.55,0.7,0.6,final_human_interaction_rate,0.7017666666666666,0.696942764129274,0.7065905692040593,20
A0.60_R0.55_V0.70_P0.60,0.6,0.55,0.7,0.6,final_ai_use_rate,0.5495999999999999,0.5449762602391885,0.5542237397608112,20
A0.60_R0.55_V0.70_P0.60,0.6,0.55,0.7,0.6,final_mean_quality,0.5638213440252761,0.5602684954038337,0.5673741926467184,20
A0.60_R0.55_V0.70_P0.60,0.6,0.55,0.7,0.6,final_success_rate,0.36256666666666665,0.3518364435966201,0.3732968897367132,20
A0.60_R0.55_V0.70_P0.60,0.6,0.55,0.7,0.6,final_mean_knowledge,0.6247044815061317,0.6202743985347977,0.6291345644774656,20
A0.60_R0.55_V0.70_P0.60,0.6,0.55,0.7,0.6,final_knowledge_gini,0.09361996576484173,0.0913029782338295,0.09593695329585396,20
A0.60_R0.55_V0.70_P0.60,0.6,0.55,0.7,0.6,final_knowledge_rank_corr_with_initial,0.9943639128500236,0.9939539169572041,0.994773908742843,20
A0.60_R0.55_V0.70_P0.60,0.6,0.55,0.7,0.6,final_performance_gini,0.11227057213832473,0.11109545167474454,0.11344569260190492,20
A0.60_R0.55_V0.70_P0.60,0.6,0.55,0.7,0.6,final_mean_ai_trust,0.4511095521250762,0.450499319407192,0.4517197848429604,20
A0.60_R0.55_V0.70_P0.60,0.6,0.55,0.7,0.6,final_mean_peer_trust,0.5569312562942503,0.5539679079571924,0.5598946046313082,20
A0.60_R0.55_V0.70_P0.60,0.6,0.55,0.7,0.6,final_mean_tie_strength,0.4373178501129151,0.43624806261985083,0.4383876376059793,20
A0.60_R0.55_V0.70_P0.60,0.6,0.55,0.7,0.6,final_network_density,0.057970328988206046,0.05782679732385033,0.058113860652561765,20
A0.60_R0.55_V0.70_P0.60,0.6,0.55,0.7,0.6,final_mean_weighted_degree,4.537766853239803,4.523919569053272,4.551614137426333,20
A0.60_R0.55_V0.70_P0.60,0.6,0.55,0.7,0.6,final_recent_active_tie_fraction,0.9285477274865952,0.9257070052344607,0.9313884497387297,20
A0.60_R0.55_V0.70_P0.60,0.6,0.55,0.7,0.6,final_mean_unique_peer_partners,11.018266666666666,10.965392760382361,11.07114057295097,20
A0.60_R0.55_V0.70_P0.60,0.6,0.55,0.7,0.6,final_mean_peer_marginal,0.012728398806500984,0.012398740394711352,0.013058057218290616,20
A0.60_R0.55_V0.70_P0.60,0.6,0.55,0.7,0.6,final_mean_ai_availability_probability,0.9130001396225707,0.9119007619146877,0.9140995173304536,20
A0.60_R0.55_V0.70_P0.60,0.6,0.55,0.7,0.6,edge_retention_ratio,1.0,1.0,1.0,20
A0.60_R0.55_V0.70_P0.60,0.6,0.55,0.7,0.6,edge_count_ratio,1.041611111111111,1.0385673278281078,1.0446548943941143,20
A0.60_R0.55_V0.70_P0.60,0.6,0.55,0.7,0.6,new_edge_ratio,0.04161111111111106,0.03856732782810786,0.044654894394114256,20
A0.60_R0.55_V0.70_P0.60,0.6,0.55,0.7,0.6,strong_tie_fraction,0.6437905213830699,0.6368696507778042,0.6507113919883356,20
A0.60_R0.55_V0.70_P0.90,0.6,0.55,0.7,0.9,final_peer_share,0.4541222222222222,0.4494685522107685,0.45877589223367593,20
A0.60_R0.55_V0.70_P0.90,0.6,0.55,0.7,0.9,final_ai_share,0.2937888888888888,0.2896514743241863,0.29792630345359133,20
A0.60_R0.55_V0.70_P0.90,0.6,0.55,0.7,0.9,final_hybrid_share,0.25208888888888886,0.24807056944580388,0.25610720833197387,20
A0.60_R0.55_V0.70_P0.90,0.6,0.55,0.7,0.9,final_human_interaction_rate,0.7062111111111112,0.7020736965464087,0.7103485256758137,20
A0.60_R0.55_V0.70_P0.90,0.6,0.55,0.7,0.9,final_ai_use_rate,0.5458777777777778,0.541224107766324,0.5505314477892316,20
A0.60_R0.55_V0.70_P0.90,0.6,0.55,0.7,0.9,final_mean_quality,0.5651032657739209,0.5613634768590855,0.5688430546887563,20
A0.60_R0.55_V0.70_P0.90,0.6,0.55,0.7,0.9,final_success_rate,0.3674444444444444,0.35719445537349365,0.37769443351539517,20
A0.60_R0.55_V0.70_P0.90,0.6,0.55,0.7,0.9,final_mean_knowledge,0.6250843270001308,0.6206478994338007,0.629520754566461,20
A0.60_R0.55_V0.70_P0.90,0.6,0.55,0.7,0.9,final_knowledge_gini,0.093554210639077,0.09127242815941705,0.09583599311873695,20
A0.60_R0.55_V0.70_P0.90,0.6,0.55,0.7,0.9,final_knowledge_rank_corr_with_initial,0.994090623639855,0.9937212917050474,0.9944599555746626,20
A0.60_R0.55_V0.70_P0.90,0.6,0.55,0.7,0.9,final_performance_gini,0.11190871731761409,0.11054293558119539,0.11327449905403279,20
A0.60_R0.55_V0.70_P0.90,0.6,0.55,0.7,0.9,final_mean_ai_trust,0.4514284228218923,0.45099578293500936,0.4518610627087752,20
A0.60_R0.55_V0.70_P0.90,0.6,0.55,0.7,0.9,final_mean_peer_trust,0.5579398247003555,0.5549886458718337,0.5608910035288773,20
A0.60_R0.55_V0.70_P0.90,0.6,0.55,0.7,0.9,final_mean_tie_strength,0.439137889444828,0.4379652152489323,0.44031056364072374,20
A0.60_R0.55_V0.70_P0.90,0.6,0.55,0.7,0.9,final_network_density,0.05730850403476097,0.057142106720004235,0.0574749013495177,20
A0.60_R0.55_V0.70_P0.90,0.6,0.55,0.7,0.9,final_mean_weighted_degree,4.504632412534289,4.491680048496804,4.517584776571775,20
A0.60_R0.55_V0.70_P0.90,0.6,0.55,0.7,0.9,final_recent_active_tie_fraction,0.9302946782471446,0.9277890792549666,0.9328002772393227,20
A0.60_R0.55_V0.70_P0.90,0.6,0.55,0.7,0.9,final_mean_unique_peer_partners,10.669133333333331,10.628418155967136,10.709848510699526,20
A0.60_R0.55_V0.70_P0.90,0.6,0.55,0.7,0.9,final_mean_peer_marginal,0.012950377937877632,0.012603184141250117,0.013297571734505147,20
A0.60_R0.55_V0.70_P0.90,0.6,0.55,0.7,0.9,final_mean_ai_availability_probability,0.9130001396225707,0.9119007619146877,0.9140995173304536,20
A0.60_R0.55_V0.70_P0.90,0.6,0.55,0.7,0.9,edge_retention_ratio,1.0,1.0,1.0,20
A0.60_R0.55_V0.70_P0.90,0.6,0.55,0.7,0.9,edge_count_ratio,1.0280555555555557,1.0247802367829228,1.0313308743281886,20
A0.60_R0.55_V0.70_P0.90,0.6,0.55,0.7,0.9,new_edge_ratio,0.028055555555555528,0.02478023678292259,0.03133087432818847,20
A0.60_R0.55_V0.70_P0.90,0.6,0.55,0.7,0.9,strong_tie_fraction,0.655171732837877,0.6479831170364352,0.6623603486393188,20
A0.60_R0.74_V0.30_P0.60,0.6,0.74,0.3,0.6,final_peer_share,0.41242222222222213,0.4079829978725765,0.41686144657186774,20
A0.60_R0.74_V0.30_P0.60,0.6,0.74,0.3,0.6,final_ai_share,0.3446444444444444,0.34049858656400833,0.3487903023248805,20
A0.60_R0.74_V0.30_P0.60,0.6,0.74,0.3,0.6,final_hybrid_share,0.2429333333333333,0.23940583212991454,0.24646083453675208,20
A0.60_R0.74_V0.30_P0.60,0.6,0.74,0.3,0.6,final_human_interaction_rate,0.6553555555555557,0.6512096976751196,0.6595014134359918,20
A0.60_R0.74_V0.30_P0.60,0.6,0.74,0.3,0.6,final_ai_use_rate,0.5875777777777779,0.5831385534281323,0.5920170021274235,20
A0.60_R0.74_V0.30_P0.60,0.6,0.74,0.3,0.6,final_mean_quality,0.5815626586733944,0.5784143771640868,0.584710940182702,20
A0.60_R0.74_V0.30_P0.60,0.6,0.74,0.3,0.6,final_success_rate,0.40842222222222224,0.39899660357311856,0.4178478408713259,20
A0.60_R0.74_V0.30_P0.60,0.6,0.74,0.3,0.6,final_mean_knowledge,0.6397859623572774,0.6356967849552377,0.643875139759317,20
A0.60_R0.74_V0.30_P0.60,0.6,0.74,0.3,0.6,final_knowledge_gini,0.08410467514695845,0.08203123097967073,0.08617811931424617,20
A0.60_R0.74_V0.30_P0.60,0.6,0.74,0.3,0.6,final_knowledge_rank_corr_with_initial,0.9911048778627182,0.9904929273560306,0.9917168283694058,20
A0.60_R0.74_V0.30_P0.60,0.6,0.74,0.3,0.6,final_performance_gini,0.10237841938008141,0.10121947823132492,0.1035373605288379,20
A0.60_R0.74_V0.30_P0.60,0.6,0.74,0.3,0.6,final_mean_ai_trust,0.5687177399475494,0.568337555890514,0.5690979240045847,20
A0.60_R0.74_V0.30_P0.60,0.6,0.74,0.3,0.6,final_mean_peer_trust,0.561396252989769,0.5586387278222642,0.5641537781572739,20
A0.60_R0.74_V0.30_P0.60,0.6,0.74,0.3,0.6,final_mean_tie_strength,0.4343242098689079,0.43318830062931013,0.4354601191085057,20
A0.60_R0.74_V0.30_P0.60,0.6,0.74,0.3,0.6,final_network_density,0.05750391061452511,0.05732202458431052,0.0576857966447397,20
A0.60_R0.74_V0.30_P0.60,0.6,0.74,0.3,0.6,final_mean_weighted_degree,4.4704646137422985,4.455304268926522,4.485624958558075,20
A0.60_R0.74_V0.30_P0.60,0.6,0.74,0.3,0.6,final_recent_active_tie_fraction,0.914041293279529,0.911858257017459,0.9162243295415989,20
A0.60_R0.74_V0.30_P0.60,0.6,0.74,0.3,0.6,final_mean_unique_peer_partners,10.962777777777777,10.923005052922532,11.002550502633023,20
A0.60_R0.74_V0.30_P0.60,0.6,0.74,0.3,0.6,final_mean_peer_marginal,0.008691800766459201,0.00834903670986376,0.009034564823054642,20
A0.60_R0.74_V0.30_P0.60,0.6,0.74,0.3,0.6,final_mean_ai_availability_probability,0.9130001396225707,0.9119007619146877,0.9140995173304536,20
A0.60_R0.74_V0.30_P0.60,0.6,0.74,0.3,0.6,edge_retention_ratio,1.0,1.0,1.0,20
A0.60_R0.74_V0.30_P0.60,0.6,0.74,0.3,0.6,edge_count_ratio,1.0316111111111113,1.0281351015035636,1.035087120718659,20
A0.60_R0.74_V0.30_P0.60,0.6,0.74,0.3,0.6,new_edge_ratio,0.03161111111111106,0.028135101503563374,0.03508712071865875,20
A0.60_R0.74_V0.30_P0.60,0.6,0.74,0.3,0.6,strong_tie_fraction,0.6311405986658951,0.6246550607432808,0.6376261365885094,20
A0.60_R0.74_V0.30_P0.90,0.6,0.74,0.3,0.9,final_peer_share,0.4129555555555555,0.408141266157597,0.41776984495351405,20
A0.60_R0.74_V0.30_P0.90,0.6,0.74,0.3,0.9,final_ai_share,0.3433222222222222,0.3374866689235771,0.3491577755208673,20
A0.60_R0.74_V0.30_P0.90,0.6,0.74,0.3,0.9,final_hybrid_share,0.24372222222222223,0.23929983279661748,0.24814461164782697,20
A0.60_R0.74_V0.30_P0.90,0.6,0.74,0.3,0.9,final_human_interaction_rate,0.6566777777777777,0.6508422244791326,0.6625133310764227,20
A0.60_R0.74_V0.30_P0.90,0.6,0.74,0.3,0.9,final_ai_use_rate,0.5870444444444446,0.582230155046486,0.5918587338424032,20
A0.60_R0.74_V0.30_P0.90,0.6,0.74,0.3,0.9,final_mean_quality,0.5816203515422308,0.5787534764901012,0.5844872265943604,20
A0.60_R0.74_V0.30_P0.90,0.6,0.74,0.3,0.9,final_success_rate,0.4075444444444444,0.3987337823262869,0.41635510656260183,20
A0.60_R0.74_V0.30_P0.90,0.6,0.74,0.3,0.9,final_mean_knowledge,0.6399358563763048,0.635824278609343,0.6440474341432666,20
A0.60_R0.74_V0.30_P0.90,0.6,0.74,0.3,0.9,final_knowledge_gini,0.08412946176262517,0.08206906192217413,0.08618986160307622,20
A0.60_R0.74_V0.30_P0.90,0.6,0.74,0.3,0.9,final_knowledge_rank_corr_with_initial,0.9912229947966319,0.9906644195303003,0.9917815700629635,20
A0.60_R0.74_V0.30_P0.90,0.6,0.74,0.3,0.9,final_performance_gini,0.10282376910631949,0.10162044502078865,0.10402709319185033,20
A0.60_R0.74_V0.30_P0.90,0.6,0.74,0.3,0.9,final_mean_ai_trust,0.5691107779758886,0.568709720589562,0.5695118353622152,20
A0.60_R0.74_V0.30_P0.90,0.6,0.74,0.3,0.9,final_mean_peer_trust,0.5621570057868958,0.5593127906446191,0.5650012209291724,20
A0.60_R0.74_V0.30_P0.90,0.6,0.74,0.3,0.9,final_mean_tie_strength,0.4358637967109679,0.4347249185389201,0.43700267488301575,20
A0.60_R0.74_V0.30_P0.90,0.6,0.74,0.3,0.9,final_network_density,0.056912725015518265,0.056820188529684686,0.057005261501351844,20
A0.60_R0.74_V0.30_P0.90,0.6,0.74,0.3,0.9,final_mean_weighted_degree,4.440242130382856,4.42870034775386,4.451783913011853,20
A0.60_R0.74_V0.30_P0.90,0.6,0.74,0.3,0.9,final_recent_active_tie_fraction,0.9150467237018972,0.9117768756398482,0.9183165717639462,20
A0.60_R0.74_V0.30_P0.90,0.6,0.74,0.3,0.9,final_mean_unique_peer_partners,10.629555555555555,10.597633125966206,10.661477985144904,20
A0.60_R0.74_V0.30_P0.90,0.6,0.74,0.3,0.9,final_mean_peer_marginal,0.008690423597496052,0.008405759632431712,0.008975087562560392,20
A0.60_R0.74_V0.30_P0.90,0.6,0.74,0.3,0.9,final_mean_ai_availability_probability,0.9130001396225707,0.9119007619146877,0.9140995173304536,20
A0.60_R0.74_V0.30_P0.90,0.6,0.74,0.3,0.9,edge_retention_ratio,1.0,1.0,1.0,20
A0.60_R0.74_V0.30_P0.90,0.6,0.74,0.3,0.9,edge_count_ratio,1.020222222222222,1.0182648318871335,1.0221796125573104,20
A0.60_R0.74_V0.30_P0.90,0.6,0.74,0.3,0.9,new_edge_ratio,0.02022222222222218,0.018264831887133758,0.022179612557310602,20
A0.60_R0.74_V0.30_P0.90,0.6,0.74,0.3,0.9,strong_tie_fraction,0.6369806388021104,0.6303069792039914,0.6436542984002295,20
A0.60_R0.74_V0.70_P0.60,0.6,0.74,0.7,0.6,final_peer_share,0.4038666666666666,0.399371053055771,0.4083622802775622,20
A0.60_R0.74_V0.70_P0.60,0.6,0.74,0.7,0.6,final_ai_share,0.34263333333333335,0.3374891684537674,0.34777749821289927,20
A0.60_R0.74_V0.70_P0.60,0.6,0.74,0.7,0.6,final_hybrid_share,0.2535,0.2500379396168168,0.2569620603831832,20
A0.60_R0.74_V0.70_P0.60,0.6,0.74,0.7,0.6,final_human_interaction_rate,0.6573666666666667,0.6522225017871007,0.6625108315462326,20
A0.60_R0.74_V0.70_P0.60,0.6,0.74,0.7,0.6,final_ai_use_rate,0.5961333333333335,0.591637719722438,0.6006289469442291,20
A0.60_R0.74_V0.70_P0.60,0.6,0.74,0.7,0.6,final_mean_quality,0.5838792106539195,0.5805859303659573,0.5871724909418816,20
A0.60_R0.74_V0.70_P0.60,0.6,0.74,0.7,0.6,final_success_rate,0.4132666666666666,0.4040937506280275,0.42243958270530574,20
A0.60_R0.74_V0.70_P0.60,0.6,0.74,0.7,0.6,final_mean_knowledge,0.6407674043938286,0.6367165300258173,0.64481827876184,20
A0.60_R0.74_V0.70_P0.60,0.6,0.74,0.7,0.6,final_knowledge_gini,0.0836686873817745,0.08154896768717813,0.08578840707637088,20
A0.60_R0.74_V0.70_P0.60,0.6,0.74,0.7,0.6,final_knowledge_rank_corr_with_initial,0.9908480903126964,0.9902557058230155,0.9914404748023773,20
A0.60_R0.74_V0.70_P0.60,0.6,0.74,0.7,0.6,final_performance_gini,0.1020945999195082,0.10101389773722962,0.10317530210178678,20
A0.60_R0.74_V0.70_P0.60,0.6,0.74,0.7,0.6,final_mean_ai_trust,0.5688842573481405,0.5683181146874967,0.5694504000087843,20
A0.60_R0.74_V0.70_P0.60,0.6,0.74,0.7,0.6,final_mean_peer_trust,0.5620249129533768,0.559258026932519,0.5647917989742345,20
A0.60_R0.74_V0.70_P0.60,0.6,0.74,0.7,0.6,final_mean_tie_strength,0.4347113519310951,0.43357086742635864,0.4358518364358316,20
A0.60_R0.74_V0.70_P0.60,0.6,0.74,0.7,0.6,final_network_density,0.05740049658597142,0.057236262816549345,0.057564730355393494,20
A0.60_R0.74_V0.70_P0.60,0.6,0.74,0.7,0.6,final_mean_weighted_degree,4.466395230102539,4.452110370559455,4.480680089645623,20
A0.60_R0.74_V0.70_P0.60,0.6,0.74,0.7,0.6,final_recent_active_tie_fraction,0.9177696554607706,0.9151519674710701,0.9203873434504711,20
A0.60_R0.74_V0.70_P0.60,0.6,0.74,0.7,0.6,final_mean_unique_peer_partners,10.928866666666668,10.89484556272186,10.962887770611475,20
A0.60_R0.74_V0.70_P0.60,0.6,0.74,0.7,0.6,final_mean_peer_marginal,0.008663137378328885,0.008426372069436836,0.008899902687220934,20
A0.60_R0.74_V0.70_P0.60,0.6,0.74,0.7,0.6,final_mean_ai_availability_probability,0.9130001396225707,0.9119007619146877,0.9140995173304536,20
A0.60_R0.74_V0.70_P0.60,0.6,0.74,0.7,0.6,edge_retention_ratio,1.0,1.0,1.0,20
A0.60_R0.74_V0.70_P0.60,0.6,0.74,0.7,0.6,edge_count_ratio,1.0298888888888889,1.0268997192153204,1.0328780585624573,20
A0.60_R0.74_V0.70_P0.60,0.6,0.74,0.7,0.6,new_edge_ratio,0.029888888888888843,0.026899719215320497,0.032878058562457194,20
A0.60_R0.74_V0.70_P0.60,0.6,0.74,0.7,0.6,strong_tie_fraction,0.6321063690209978,0.623992725760915,0.6402200122810806,20
A0.60_R0.74_V0.70_P0.90,0.6,0.74,0.7,0.9,final_peer_share,0.40263333333333334,0.39708659314266903,0.40818007352399766,20
A0.60_R0.74_V0.70_P0.90,0.6,0.74,0.7,0.9,final_ai_share,0.34428888888888887,0.34020930832183766,0.3483684694559401,20
A0.60_R0.74_V0.70_P0.90,0.6,0.74,0.7,0.9,final_hybrid_share,0.25307777777777773,0.24879861657493282,0.2573569389806226,20
A0.60_R0.74_V0.70_P0.90,0.6,0.74,0.7,0.9,final_human_interaction_rate,0.6557111111111111,0.65163153054406,0.6597906916781623,20
A0.60_R0.74_V0.70_P0.90,0.6,0.74,0.7,0.9,final_ai_use_rate,0.5973666666666665,0.5918199264760021,0.6029134068573309,20
A0.60_R0.74_V0.70_P0.90,0.6,0.74,0.7,0.9,final_mean_quality,0.5838595545515,0.5807924719321754,0.5869266371708245,20
A0.60_R0.74_V0.70_P0.90,0.6,0.74,0.7,0.9,final_success_rate,0.41367777777777776,0.4051988240193942,0.4221567315361613,20
A0.60_R0.74_V0.70_P0.90,0.6,0.74,0.7,0.9,final_mean_knowledge,0.6408734026048821,0.6368155572023466,0.6449312480074176,20
A0.60_R0.74_V0.70_P0.90,0.6,0.74,0.7,0.9,final_knowledge_gini,0.08355523891567743,0.08151360961599173,0.08559686821536312,20
A0.60_R0.74_V0.70_P0.90,0.6,0.74,0.7,0.9,final_knowledge_rank_corr_with_initial,0.9906964533723304,0.9900894647164402,0.9913034420282205,20
A0.60_R0.74_V0.70_P0.90,0.6,0.74,0.7,0.9,final_performance_gini,0.10190780100905261,0.1008083998925125,0.10300720212559272,20
A0.60_R0.74_V0.70_P0.90,0.6,0.74,0.7,0.9,final_mean_ai_trust,0.5690262582345116,0.5684579275813247,0.5695945888876984,20
A0.60_R0.74_V0.70_P0.90,0.6,0.74,0.7,0.9,final_mean_peer_trust,0.5625496060848236,0.5597600283998081,0.5653391837698392,20
A0.60_R0.74_V0.70_P0.90,0.6,0.74,0.7,0.9,final_mean_tie_strength,0.43629828983545293,0.43514212460071994,0.43745445507018593,20
A0.60_R0.74_V0.70_P0.90,0.6,0.74,0.7,0.9,final_network_density,0.05681887026691492,0.05669974063196606,0.05693799990186378,20
A0.60_R0.74_V0.70_P0.90,0.6,0.74,0.7,0.9,final_mean_weighted_degree,4.437326973406474,4.425544237492787,4.449109709320162,20
A0.60_R0.74_V0.70_P0.90,0.6,0.74,0.7,0.9,final_recent_active_tie_fraction,0.917449591273121,0.9154913772382919,0.9194078053079501,20
A0.60_R0.74_V0.70_P0.90,0.6,0.74,0.7,0.9,final_mean_unique_peer_partners,10.583044444444445,10.536721171751582,10.629367717137308,20
A0.60_R0.74_V0.70_P0.90,0.6,0.74,0.7,0.9,final_mean_peer_marginal,0.008900793072176384,0.008558658039412808,0.009242928104939959,20
A0.60_R0.74_V0.70_P0.90,0.6,0.74,0.7,0.9,final_mean_ai_availability_probability,0.9130001396225707,0.9119007619146877,0.9140995173304536,20
A0.60_R0.74_V0.70_P0.90,0.6,0.74,0.7,0.9,edge_retention_ratio,1.0,1.0,1.0,20
A0.60_R0.74_V0.70_P0.90,0.6,0.74,0.7,0.9,edge_count_ratio,1.0182222222222221,1.0160393282758444,1.0204051161685999,20
A0.60_R0.74_V0.70_P0.90,0.6,0.74,0.7,0.9,new_edge_ratio,0.018222222222222174,0.016039328275844426,0.020405116168599923,20
A0.60_R0.74_V0.70_P0.90,0.6,0.74,0.7,0.9,strong_tie_fraction,0.6392140851318298,0.6313318331541095,0.6470963371095501,20
A0.60_R0.90_V0.30_P0.60,0.6,0.9,0.3,0.6,final_peer_share,0.3660666666666666,0.36210560968565314,0.37002772364768005,20
A0.60_R0.90_V0.30_P0.60,0.6,0.9,0.3,0.6,final_ai_share,0.39294444444444443,0.38845548722010287,0.397433401668786,20
A0.60_R0.90_V0.30_P0.60,0.6,0.9,0.3,0.6,final_hybrid_share,0.24098888888888886,0.23707055061319648,0.24490722716458124,20
A0.60_R0.90_V0.30_P0.60,0.6,0.9,0.3,0.6,final_human_interaction_rate,0.6070555555555557,0.6025665983312141,0.6115445127798973,20
A0.60_R0.90_V0.30_P0.60,0.6,0.9,0.3,0.6,final_ai_use_rate,0.6339333333333335,0.62997227635232,0.6378943903143469,20
A0.60_R0.90_V0.30_P0.60,0.6,0.9,0.3,0.6,final_mean_quality,0.6101229690839084,0.607486413139929,0.6127595250278878,20
A0.60_R0.90_V0.30_P0.60,0.6,0.9,0.3,0.6,final_success_rate,0.49075555555555556,0.48226721208114004,0.49924389902997107,20
A0.60_R0.90_V0.30_P0.60,0.6,0.9,0.3,0.6,final_mean_knowledge,0.6638541529104369,0.6602295859423519,0.6674787198785219,20
A0.60_R0.90_V0.30_P0.60,0.6,0.9,0.3,0.6,final_knowledge_gini,0.07346141746725227,0.07162403170883581,0.07529880322566872,20
A0.60_R0.90_V0.30_P0.60,0.6,0.9,0.3,0.6,final_knowledge_rank_corr_with_initial,0.982664158577036,0.9815319237968885,0.9837963933571836,20
A0.60_R0.90_V0.30_P0.60,0.6,0.9,0.3,0.6,final_performance_gini,0.092029567668158,0.0912035793065209,0.09285555602979509,20
A0.60_R0.90_V0.30_P0.60,0.6,0.9,0.3,0.6,final_mean_ai_trust,0.6682867913771992,0.6677836396998337,0.6687899430545646,20
A0.60_R0.90_V0.30_P0.60,0.6,0.9,0.3,0.6,final_mean_peer_trust,0.5682318023443222,0.565689420676631,0.5707741840120135,20
A0.60_R0.90_V0.30_P0.60,0.6,0.9,0.3,0.6,final_mean_tie_strength,0.43196280032396317,0.43082157659684495,0.4331040240510814,20
A0.60_R0.90_V0.30_P0.60,0.6,0.9,0.3,0.6,final_network_density,0.05703885785226563,0.056929971870332656,0.05714774383419861,20
A0.60_R0.90_V0.30_P0.60,0.6,0.9,0.3,0.6,final_mean_weighted_degree,4.41022397860686,4.398633271552098,4.421814685661621,20
A0.60_R0.90_V0.30_P0.60,0.6,0.9,0.3,0.6,final_recent_active_tie_fraction,0.8971751513857896,0.8938507136685884,0.9004995891029909,20
A0.60_R0.90_V0.30_P0.60,0.6,0.9,0.3,0.6,final_mean_unique_peer_partners,10.874422222222224,10.822883162077147,10.9259612823673,20
A0.60_R0.90_V0.30_P0.60,0.6,0.9,0.3,0.6,final_mean_peer_marginal,0.00455914331093099,0.004251575865693052,0.0048667107561689285,20
A0.60_R0.90_V0.30_P0.60,0.6,0.9,0.3,0.6,final_mean_ai_availability_probability,0.9130001396225707,0.9119007619146877,0.9140995173304536,20
A0.60_R0.90_V0.30_P0.60,0.6,0.9,0.3,0.6,edge_retention_ratio,1.0,1.0,1.0,20
A0.60_R0.90_V0.30_P0.60,0.6,0.9,0.3,0.6,edge_count_ratio,1.0229444444444444,1.0207952252104109,1.025093663678478,20
A0.60_R0.90_V0.30_P0.60,0.6,0.9,0.3,0.6,new_edge_ratio,0.022944444444444406,0.020795225210410884,0.02509366367847793,20
A0.60_R0.90_V0.30_P0.60,0.6,0.9,0.3,0.6,strong_tie_fraction,0.6163909879420564,0.6083774533548143,0.6244045225292985,20
A0.60_R0.90_V0.30_P0.90,0.6,0.9,0.3,0.9,final_peer_share,0.3682777777777777,0.36380546508386946,0.37275009047168595,20
A0.60_R0.90_V0.30_P0.90,0.6,0.9,0.3,0.9,final_ai_share,0.39081111111111105,0.3856511448713988,0.3959710773508233,20
A0.60_R0.90_V0.30_P0.90,0.6,0.9,0.3,0.9,final_hybrid_share,0.24091111111111102,0.23684777840259782,0.24497444381962422,20
A0.60_R0.90_V0.30_P0.90,0.6,0.9,0.3,0.9,final_human_interaction_rate,0.609188888888889,0.6040289226491767,0.6143488551286013,20
A0.60_R0.90_V0.30_P0.90,0.6,0.9,0.3,0.9,final_ai_use_rate,0.6317222222222223,0.627249909528314,0.6361945349161305,20
A0.60_R0.90_V0.30_P0.90,0.6,0.9,0.3,0.9,final_mean_quality,0.6095085256465917,0.6068273241997141,0.6121897270934694,20
A0.60_R0.90_V0.30_P0.90,0.6,0.9,0.3,0.9,final_success_rate,0.4885222222222222,0.4800793470341664,0.496965097410278,20
A0.60_R0.90_V0.30_P0.90,0.6,0.9,0.3,0.9,final_mean_knowledge,0.6638785299654492,0.6602551284169701,0.6675019315139282,20
A0.60_R0.90_V0.30_P0.90,0.6,0.9,0.3,0.9,final_knowledge_gini,0.07360364064211306,0.07170542654375901,0.0755018547404671,20
A0.60_R0.90_V0.30_P0.90,0.6,0.9,0.3,0.9,final_knowledge_rank_corr_with_initial,0.9827182091468979,0.9815921333901023,0.9838442849036935,20
A0.60_R0.90_V0.30_P0.90,0.6,0.9,0.3,0.9,final_performance_gini,0.09223737944706044,0.09145274078739384,0.09302201810672704,20
A0.60_R0.90_V0.30_P0.90,0.6,0.9,0.3,0.9,final_mean_ai_trust,0.667935598955651,0.6674523727591221,0.66841882515218,20
A0.60_R0.90_V0.30_P0.90,0.6,0.9,0.3,0.9,final_mean_peer_trust,0.5685491387844086,0.5658295215322846,0.5712687560365326,20
A0.60_R0.90_V0.30_P0.90,0.6,0.9,0.3,0.9,final_mean_tie_strength,0.43295522123575214,0.43175158991807083,0.43415885255343345,20
A0.60_R0.90_V0.30_P0.90,0.6,0.9,0.3,0.9,final_network_density,0.056658100558659184,0.05656539826830832,0.056750802849010046,20
A0.60_R0.90_V0.30_P0.90,0.6,0.9,0.3,0.9,final_mean_weighted_degree,4.390856535371144,4.380507309985558,4.4012057607567305,20
A0.60_R0.90_V0.30_P0.90,0.6,0.9,0.3,0.9,final_recent_active_tie_fraction,0.8998055546030639,0.8969340650350512,0.9026770441710765,20
A0.60_R0.90_V0.30_P0.90,0.6,0.9,0.3,0.9,final_mean_unique_peer_partners,10.580288888888887,10.541008432694637,10.619569345083137,20
A0.60_R0.90_V0.30_P0.90,0.6,0.9,0.3,0.9,final_mean_peer_marginal,0.004914436475708721,0.004618894930457592,0.00520997802095985,20
A0.60_R0.90_V0.30_P0.90,0.6,0.9,0.3,0.9,final_mean_ai_availability_probability,0.9130001396225707,0.9119007619146877,0.9140995173304536,20
A0.60_R0.90_V0.30_P0.90,0.6,0.9,0.3,0.9,edge_retention_ratio,1.0,1.0,1.0,20
A0.60_R0.90_V0.30_P0.90,0.6,0.9,0.3,0.9,edge_count_ratio,1.0154444444444441,1.0137082319001924,1.0171806569886959,20
A0.60_R0.90_V0.30_P0.90,0.6,0.9,0.3,0.9,new_edge_ratio,0.015444444444444403,0.013708231900192732,0.017180656988696075,20
A0.60_R0.90_V0.30_P0.90,0.6,0.9,0.3,0.9,strong_tie_fraction,0.6244403212625182,0.6165225566483978,0.6323580858766387,20
A0.60_R0.90_V0.70_P0.60,0.6,0.9,0.7,0.6,final_peer_share,0.35648888888888886,0.35190757567031883,0.3610702021074589,20
A0.60_R0.90_V0.70_P0.60,0.6,0.9,0.7,0.6,final_ai_share,0.3869888888888889,0.38289101618386356,0.3910867615939142,20
A0.60_R0.90_V0.70_P0.60,0.6,0.9,0.7,0.6,final_hybrid_share,0.25652222222222215,0.25290552363281854,0.26013892081162576,20
A0.60_R0.90_V0.70_P0.60,0.6,0.9,0.7,0.6,final_human_interaction_rate,0.6130111111111111,0.6089132384060858,0.6171089838161363,20
A0.60_R0.90_V0.70_P0.60,0.6,0.9,0.7,0.6,final_ai_use_rate,0.6435111111111111,0.6389297978925411,0.6480924243296812,20
A0.60_R0.90_V0.70_P0.60,0.6,0.9,0.7,0.6,final_mean_quality,0.6118831990641256,0.6092428505286671,0.614523547599584,20
A0.60_R0.90_V0.70_P0.60,0.6,0.9,0.7,0.6,final_success_rate,0.49531111111111104,0.4860902340838772,0.5045319881383449,20
A0.60_R0.90_V0.70_P0.60,0.6,0.9,0.7,0.6,final_mean_knowledge,0.665044792852869,0.6614479777160436,0.6686416079896944,20
A0.60_R0.90_V0.70_P0.60,0.6,0.9,0.7,0.6,final_knowledge_gini,0.0731302717978036,0.07124932986049483,0.07501121373511237,20
A0.60_R0.90_V0.70_P0.60,0.6,0.9,0.7,0.6,final_knowledge_rank_corr_with_initial,0.9824141712935648,0.9813215733002819,0.9835067692868477,20
A0.60_R0.90_V0.70_P0.60,0.6,0.9,0.7,0.6,final_performance_gini,0.09180021510118805,0.09097072326535964,0.09262970693701646,20
A0.60_R0.90_V0.70_P0.60,0.6,0.9,0.7,0.6,final_mean_ai_trust,0.6679908109886507,0.6673645422332913,0.66861707974401,20
A0.60_R0.90_V0.70_P0.60,0.6,0.9,0.7,0.6,final_mean_peer_trust,0.5689575855731963,0.5665315122411306,0.571383658905262,20
A0.60_R0.90_V0.70_P0.60,0.6,0.9,0.7,0.6,final_mean_tie_strength,0.43220661199092864,0.4310406283881377,0.43337259559371955,20
A0.60_R0.90_V0.70_P0.60,0.6,0.9,0.7,0.6,final_network_density,0.05707051520794534,0.05691527436355738,0.05722575605233329,20
A0.60_R0.90_V0.70_P0.60,0.6,0.9,0.7,0.6,final_mean_weighted_degree,4.415144157610999,4.4026140581510536,4.427674257070944,20
A0.60_R0.90_V0.70_P0.60,0.6,0.9,0.7,0.6,final_recent_active_tie_fraction,0.9004291772899038,0.8978732010395585,0.9029851535402491,20
A0.60_R0.90_V0.70_P0.60,0.6,0.9,0.7,0.6,final_mean_unique_peer_partners,10.870977777777778,10.819909854738883,10.922045700816673,20
A0.60_R0.90_V0.70_P0.60,0.6,0.9,0.7,0.6,final_mean_peer_marginal,0.00511470713981261,0.004895158643798544,0.005334255635826676,20
A0.60_R0.90_V0.70_P0.60,0.6,0.9,0.7,0.6,final_mean_ai_availability_probability,0.9130001396225707,0.9119007619146877,0.9140995173304536,20
A0.60_R0.90_V0.70_P0.60,0.6,0.9,0.7,0.6,edge_retention_ratio,1.0,1.0,1.0,20
A0.60_R0.90_V0.70_P0.60,0.6,0.9,0.7,0.6,edge_count_ratio,1.0231111111111109,1.0202748841022895,1.0259473381199322,20
A0.60_R0.90_V0.70_P0.60,0.6,0.9,0.7,0.6,new_edge_ratio,0.02311111111111106,0.020274884102289663,0.02594733811993246,20
A0.60_R0.90_V0.70_P0.60,0.6,0.9,0.7,0.6,strong_tie_fraction,0.6190075842277813,0.6108897786214804,0.6271253898340823,20
A0.60_R0.90_V0.70_P0.90,0.6,0.9,0.7,0.9,final_peer_share,0.36258888888888885,0.357886564418935,0.3672912133588427,20
A0.60_R0.90_V0.70_P0.90,0.6,0.9,0.7,0.9,final_ai_share,0.38355555555555554,0.3779312791134086,0.38917983199770245,20
A0.60_R0.90_V0.70_P0.90,0.6,0.9,0.7,0.9,final_hybrid_share,0.25385555555555556,0.25022644301898633,0.2574846680921248,20
A0.60_R0.90_V0.70_P0.90,0.6,0.9,0.7,0.9,final_human_interaction_rate,0.6164444444444444,0.6108201680022974,0.6220687208865913,20
A0.60_R0.90_V0.70_P0.90,0.6,0.9,0.7,0.9,final_ai_use_rate,0.6374111111111109,0.6327087866411572,0.6421134355810647,20
A0.60_R0.90_V0.70_P0.90,0.6,0.9,0.7,0.9,final_mean_quality,0.61209157820178,0.6094709197885283,0.6147122366150316,20
A0.60_R0.90_V0.70_P0.90,0.6,0.9,0.7,0.9,final_success_rate,0.49499999999999994,0.48627987431123,0.5037201256887699,20
A0.60_R0.90_V0.70_P0.90,0.6,0.9,0.7,0.9,final_mean_knowledge,0.6652158733161235,0.6615834369213975,0.6688483097108495,20
A0.60_R0.90_V0.70_P0.90,0.6,0.9,0.7,0.9,final_knowledge_gini,0.07290940354361954,0.07108610040274672,0.07473270668449235,20
A0.60_R0.90_V0.70_P0.90,0.6,0.9,0.7,0.9,final_knowledge_rank_corr_with_initial,0.9821652201202772,0.9812327835799403,0.9830976566606141,20
A0.60_R0.90_V0.70_P0.90,0.6,0.9,0.7,0.9,final_performance_gini,0.09151879356525523,0.09088307552331124,0.09215451160719923,20
A0.60_R0.90_V0.70_P0.90,0.6,0.9,0.7,0.9,final_mean_ai_trust,0.6678319478313386,0.6673397283881571,0.66832416727452,20
A0.60_R0.90_V0.70_P0.90,0.6,0.9,0.7,0.9,final_mean_peer_trust,0.5698127542734147,0.5671872122743841,0.5724382962724454,20
A0.60_R0.90_V0.70_P0.90,0.6,0.9,0.7,0.9,final_mean_tie_strength,0.43359390681982035,0.4324909784889006,0.4346968351507401,20
A0.60_R0.90_V0.70_P0.90,0.6,0.9,0.7,0.9,final_network_density,0.05660657976412163,0.05652232906197654,0.056690830466266724,20
A0.60_R0.90_V0.70_P0.90,0.6,0.9,0.7,0.9,final_mean_weighted_degree,4.393380089145236,4.381098885345272,4.405661292945199,20
A0.60_R0.90_V0.70_P0.90,0.6,0.9,0.7,0.9,final_recent_active_tie_fraction,0.9016465279776174,0.898224351372835,0.9050687045823997,20
A0.60_R0.90_V0.70_P0.90,0.6,0.9,0.7,0.9,final_mean_unique_peer_partners,10.522177777777776,10.493353518893198,10.551002036662354,20
A0.60_R0.90_V0.70_P0.90,0.6,0.9,0.7,0.9,final_mean_peer_marginal,0.005266386334997485,0.005025765492057186,0.005507007177937784,20
A0.60_R0.90_V0.70_P0.90,0.6,0.9,0.7,0.9,final_mean_ai_availability_probability,0.9130001396225707,0.9119007619146877,0.9140995173304536,20
A0.60_R0.90_V0.70_P0.90,0.6,0.9,0.7,0.9,edge_retention_ratio,1.0,1.0,1.0,20
A0.60_R0.90_V0.70_P0.90,0.6,0.9,0.7,0.9,edge_count_ratio,1.0143888888888888,1.01282906896136,1.0159487088164176,20
A0.60_R0.90_V0.70_P0.90,0.6,0.9,0.7,0.9,new_edge_ratio,0.014388888888888849,0.012829068961360011,0.015948708816417686,20
A0.60_R0.90_V0.70_P0.90,0.6,0.9,0.7,0.9,strong_tie_fraction,0.6261027759970383,0.6188637219591527,0.633341830034924,20
A0.85_R0.55_V0.30_P0.60,0.85,0.55,0.3,0.6,final_peer_share,0.4229333333333334,0.41824272765680637,0.4276239390098604,20
A0.85_R0.55_V0.30_P0.60,0.85,0.55,0.3,0.6,final_ai_share,0.3227444444444444,0.3184918405463495,0.3269970483425393,20
A0.85_R0.55_V0.30_P0.60,0.85,0.55,0.3,0.6,final_hybrid_share,0.2543222222222222,0.25043876367339435,0.2582056807710501,20
A0.85_R0.55_V0.30_P0.60,0.85,0.55,0.3,0.6,final_human_interaction_rate,0.6772555555555554,0.6730029516574605,0.6815081594536503,20
A0.85_R0.55_V0.30_P0.60,0.85,0.55,0.3,0.6,final_ai_use_rate,0.5770666666666668,0.5723760609901398,0.5817572723431939,20
A0.85_R0.55_V0.30_P0.60,0.85,0.55,0.3,0.6,final_mean_quality,0.5597074090385927,0.5562050655258357,0.5632097525513498,20
A0.85_R0.55_V0.30_P0.60,0.85,0.55,0.3,0.6,final_success_rate,0.35219999999999996,0.34218643331801385,0.36221356668198607,20
A0.85_R0.55_V0.30_P0.60,0.85,0.55,0.3,0.6,final_mean_knowledge,0.6231707123662618,0.6187621570507441,0.6275792676817794,20
A0.85_R0.55_V0.30_P0.60,0.85,0.55,0.3,0.6,final_knowledge_gini,0.09418831016632759,0.09186176083998338,0.0965148594926718,20
A0.85_R0.55_V0.30_P0.60,0.85,0.55,0.3,0.6,final_knowledge_rank_corr_with_initial,0.9948443832013341,0.9945289950064808,0.9951597713961873,20
A0.85_R0.55_V0.30_P0.60,0.85,0.55,0.3,0.6,final_performance_gini,0.11318855742322387,0.11179503943049711,0.11458207541595063,20
A0.85_R0.55_V0.30_P0.60,0.85,0.55,0.3,0.6,final_mean_ai_trust,0.451345135771697,0.45095279491389356,0.4517374766295004,20
A0.85_R0.55_V0.30_P0.60,0.85,0.55,0.3,0.6,final_mean_peer_trust,0.5551787182092667,0.5522610722138556,0.5580963642046778,20
A0.85_R0.55_V0.30_P0.60,0.85,0.55,0.3,0.6,final_mean_tie_strength,0.43648594045639033,0.43532245612637976,0.4376494247864009,20
A0.85_R0.55_V0.30_P0.60,0.85,0.55,0.3,0.6,final_network_density,0.05787188081936682,0.057696082179456605,0.05804767945927703,20
A0.85_R0.55_V0.30_P0.60,0.85,0.55,0.3,0.6,final_mean_weighted_degree,4.521413985633849,4.507196866321826,4.535631104945872,20
A0.85_R0.55_V0.30_P0.60,0.85,0.55,0.3,0.6,final_recent_active_tie_fraction,0.9197042946806725,0.9170477208318019,0.9223608685295431,20
A0.85_R0.55_V0.30_P0.60,0.85,0.55,0.3,0.6,final_mean_unique_peer_partners,10.95408888888889,10.909102365788382,10.999075411989399,20
A0.85_R0.55_V0.30_P0.60,0.85,0.55,0.3,0.6,final_mean_peer_marginal,0.01265192353508476,0.01225624552670672,0.0130476015434628,20
A0.85_R0.55_V0.30_P0.60,0.85,0.55,0.3,0.6,final_mean_ai_availability_probability,0.950696947581004,0.9501204401075877,0.9512734550544203,20
A0.85_R0.55_V0.30_P0.60,0.85,0.55,0.3,0.6,edge_retention_ratio,1.0,1.0,1.0,20
A0.85_R0.55_V0.30_P0.60,0.85,0.55,0.3,0.6,edge_count_ratio,1.0394999999999999,1.0363595573895066,1.0426404426104932,20
A0.85_R0.55_V0.30_P0.60,0.85,0.55,0.3,0.6,new_edge_ratio,0.03949999999999995,0.03635955738950659,0.042640442610493316,20
A0.85_R0.55_V0.30_P0.60,0.85,0.55,0.3,0.6,strong_tie_fraction,0.6411104266845975,0.6347034637874068,0.6475173895817882,20
A0.85_R0.55_V0.30_P0.90,0.85,0.55,0.3,0.9,final_peer_share,0.4245444444444445,0.4202288260261512,0.4288600628627378,20
A0.85_R0.55_V0.30_P0.90,0.85,0.55,0.3,0.9,final_ai_share,0.32505555555555554,0.32056761302131137,0.3295434980897997,20
A0.85_R0.55_V0.30_P0.90,0.85,0.55,0.3,0.9,final_hybrid_share,0.25039999999999996,0.24639385477365225,0.2544061452263477,20
A0.85_R0.55_V0.30_P0.90,0.85,0.55,0.3,0.9,final_human_interaction_rate,0.6749444444444443,0.6704565019102001,0.6794323869786886,20
A0.85_R0.55_V0.30_P0.90,0.85,0.55,0.3,0.9,final_ai_use_rate,0.5754555555555556,0.5711399371372623,0.5797711739738489,20
A0.85_R0.55_V0.30_P0.90,0.85,0.55,0.3,0.9,final_mean_quality,0.5603519614936574,0.5570227074816007,0.5636812155057142,20
A0.85_R0.55_V0.30_P0.90,0.85,0.55,0.3,0.9,final_success_rate,0.35484444444444446,0.34611498139254965,0.3635739074963393,20
A0.85_R0.55_V0.30_P0.90,0.85,0.55,0.3,0.9,final_mean_knowledge,0.6234408876006956,0.6190755461036295,0.6278062290977617,20
A0.85_R0.55_V0.30_P0.90,0.85,0.55,0.3,0.9,final_knowledge_gini,0.09412832230147675,0.09179543067326189,0.0964612139296916,20
A0.85_R0.55_V0.30_P0.90,0.85,0.55,0.3,0.9,final_knowledge_rank_corr_with_initial,0.9946382504343232,0.9943260922111751,0.9949504086574713,20
A0.85_R0.55_V0.30_P0.90,0.85,0.55,0.3,0.9,final_performance_gini,0.11339980500687448,0.11202501445804823,0.11477459555570073,20
A0.85_R0.55_V0.30_P0.90,0.85,0.55,0.3,0.9,final_mean_ai_trust,0.45140548112357504,0.45092150716221335,0.4518894550849367,20
A0.85_R0.55_V0.30_P0.90,0.85,0.55,0.3,0.9,final_mean_peer_trust,0.5557930179834366,0.552945784599321,0.5586402513675522,20
A0.85_R0.55_V0.30_P0.90,0.85,0.55,0.3,0.9,final_mean_tie_strength,0.4383723821043968,0.4371573107255309,0.43958745348326267,20
A0.85_R0.55_V0.30_P0.90,0.85,0.55,0.3,0.9,final_network_density,0.05713507138423336,0.05700535628385647,0.05726478648461025,20
A0.85_R0.55_V0.30_P0.90,0.85,0.55,0.3,0.9,final_mean_weighted_degree,4.483183889608913,4.472054584826025,4.494313194391801,20
A0.85_R0.55_V0.30_P0.90,0.85,0.55,0.3,0.9,final_recent_active_tie_fraction,0.9247067986937795,0.9229303017072931,0.9264832956802659,20
A0.85_R0.55_V0.30_P0.90,0.85,0.55,0.3,0.9,final_mean_unique_peer_partners,10.60911111111111,10.562540726515692,10.655681495706528,20
A0.85_R0.55_V0.30_P0.90,0.85,0.55,0.3,0.9,final_mean_peer_marginal,0.012857472307720491,0.012545764481371149,0.013169180134069834,20
A0.85_R0.55_V0.30_P0.90,0.85,0.55,0.3,0.9,final_mean_ai_availability_probability,0.950696947581004,0.9501204401075877,0.9512734550544203,20
A0.85_R0.55_V0.30_P0.90,0.85,0.55,0.3,0.9,edge_retention_ratio,1.0,1.0,1.0,20
A0.85_R0.55_V0.30_P0.90,0.85,0.55,0.3,0.9,edge_count_ratio,1.0247777777777778,1.0222521122428945,1.027303443312661,20
A0.85_R0.55_V0.30_P0.90,0.85,0.55,0.3,0.9,new_edge_ratio,0.024777777777777732,0.022252112242894525,0.02730344331266094,20
A0.85_R0.55_V0.30_P0.90,0.85,0.55,0.3,0.9,strong_tie_fraction,0.6504878792345563,0.64303469313734,0.6579410653317727,20
A0.85_R0.55_V0.70_P0.60,0.85,0.55,0.7,0.6,final_peer_share,0.3995444444444444,0.39420690178517803,0.4048819871037108,20
A0.85_R0.55_V0.70_P0.60,0.85,0.55,0.7,0.6,final_ai_share,0.33198888888888894,0.3271486099102114,0.3368291678675665,20
A0.85_R0.55_V0.70_P0.60,0.85,0.55,0.7,0.6,final_hybrid_share,0.2684666666666667,0.2644043148201135,0.27252901851321987,20
A0.85_R0.55_V0.70_P0.60,0.85,0.55,0.7,0.6,final_human_interaction_rate,0.6680111111111111,0.6631708321324336,0.6728513900897887,20
A0.85_R0.55_V0.70_P0.60,0.85,0.55,0.7,0.6,final_ai_use_rate,0.6004555555555556,0.5951180128962892,0.6057930982148221,20
A0.85_R0.55_V0.70_P0.60,0.85,0.55,0.7,0.6,final_mean_quality,0.5623331702774902,0.5589111188104379,0.5657552217445425,20
A0.85_R0.55_V0.70_P0.60,0.85,0.55,0.7,0.6,final_success_rate,0.358811111111111,0.349601948999014,0.36802027322320807,20
A0.85_R0.55_V0.70_P0.60,0.85,0.55,0.7,0.6,final_mean_knowledge,0.6237884048143578,0.6193853729903135,0.6281914366384022,20
A0.85_R0.55_V0.70_P0.60,0.85,0.55,0.7,0.6,final_knowledge_gini,0.09376191182488874,0.09152361980762305,0.09600020384215444,20
A0.85_R0.55_V0.70_P0.60,0.85,0.55,0.7,0.6,final_knowledge_rank_corr_with_initial,0.9946062858941949,0.9942346607062722,0.9949779110821175,20
A0.85_R0.55_V0.70_P0.60,0.85,0.55,0.7,0.6,final_performance_gini,0.11236882668819514,0.11122318455131218,0.11351446882507811,20
A0.85_R0.55_V0.70_P0.60,0.85,0.55,0.7,0.6,final_mean_ai_trust,0.4513256400900505,0.45079781989135675,0.45185346028874424,20
A0.85_R0.55_V0.70_P0.60,0.85,0.55,0.7,0.6,final_mean_peer_trust,0.5549128851890565,0.5519551696740685,0.5578706007040444,20
A0.85_R0.55_V0.70_P0.60,0.85,0.55,0.7,0.6,final_mean_tie_strength,0.4360404775738716,0.4348924375813675,0.4371885175663757,20
A0.85_R0.55_V0.70_P0.60,0.85,0.55,0.7,0.6,final_network_density,0.05796089385474856,0.05777105991035982,0.058150727799137304,20
A0.85_R0.55_V0.70_P0.60,0.85,0.55,0.7,0.6,final_mean_weighted_degree,4.523745760737524,4.508705220905467,4.538786300569582,20
A0.85_R0.55_V0.70_P0.60,0.85,0.55,0.7,0.6,final_recent_active_tie_fraction,0.9179056520791808,0.9149833321190899,0.9208279720392718,20
A0.85_R0.55_V0.70_P0.60,0.85,0.55,0.7,0.6,final_mean_unique_peer_partners,10.966999999999999,10.92406791577807,11.009932084221928,20
A0.85_R0.55_V0.70_P0.60,0.85,0.55,0.7,0.6,final_mean_peer_marginal,0.01263398941673489,0.012320686575012688,0.012947292258457092,20
A0.85_R0.55_V0.70_P0.60,0.85,0.55,0.7,0.6,final_mean_ai_availability_probability,0.950696947581004,0.9501204401075877,0.9512734550544203,20
A0.85_R0.55_V0.70_P0.60,0.85,0.55,0.7,0.6,edge_retention_ratio,1.0,1.0,1.0,20
A0.85_R0.55_V0.70_P0.60,0.85,0.55,0.7,0.6,edge_count_ratio,1.0406111111111112,1.0371970711087766,1.0440251511134457,20
A0.85_R0.55_V0.70_P0.60,0.85,0.55,0.7,0.6,new_edge_ratio,0.04061111111111106,0.03719707110877651,0.04402515111344562,20
A0.85_R0.55_V0.70_P0.60,0.85,0.55,0.7,0.6,strong_tie_fraction,0.6378823267901923,0.6309990135004806,0.644765640079904,20
A0.85_R0.55_V0.70_P0.90,0.85,0.55,0.7,0.9,final_peer_share,0.40059999999999996,0.39537885174141907,0.40582114825858084,20
A0.85_R0.55_V0.70_P0.90,0.85,0.55,0.7,0.9,final_ai_share,0.33166666666666667,0.32607563857042177,0.33725769476291156,20
A0.85_R0.55_V0.70_P0.90,0.85,0.55,0.7,0.9,final_hybrid_share,0.2677333333333333,0.2638074290832665,0.27165923758340016,20
A0.85_R0.55_V0.70_P0.90,0.85,0.55,0.7,0.9,final_human_interaction_rate,0.6683333333333333,0.6627423052370884,0.6739243614295782,20
A0.85_R0.55_V0.70_P0.90,0.85,0.55,0.7,0.9,final_ai_use_rate,0.5993999999999999,0.594178851741419,0.6046211482585808,20
A0.85_R0.55_V0.70_P0.90,0.85,0.55,0.7,0.9,final_mean_quality,0.562735011413528,0.5591190294808852,0.5663509933461708,20
A0.85_R0.55_V0.70_P0.90,0.85,0.55,0.7,0.9,final_success_rate,0.3595,0.3487419376425196,0.3702580623574804,20
A0.85_R0.55_V0.70_P0.90,0.85,0.55,0.7,0.9,final_mean_knowledge,0.6241584917010772,0.6197377445891572,0.6285792388129972,20
A0.85_R0.55_V0.70_P0.90,0.85,0.55,0.7,0.9,final_knowledge_gini,0.09373951188451449,0.09144015571158068,0.0960388680574483,20
A0.85_R0.55_V0.70_P0.90,0.85,0.55,0.7,0.9,final_knowledge_rank_corr_with_initial,0.9944633575081936,0.9940398842341216,0.9948868307822656,20
A0.85_R0.55_V0.70_P0.90,0.85,0.55,0.7,0.9,final_performance_gini,0.11240652053038344,0.11123289527608676,0.11358014578468012,20
A0.85_R0.55_V0.70_P0.90,0.85,0.55,0.7,0.9,final_mean_ai_trust,0.4512751648661741,0.45087053481510003,0.45167979491724813,20
A0.85_R0.55_V0.70_P0.90,0.85,0.55,0.7,0.9,final_mean_peer_trust,0.5558796314001084,0.5529651343477505,0.5587941284524663,20
A0.85_R0.55_V0.70_P0.90,0.85,0.55,0.7,0.9,final_mean_tie_strength,0.4380368567705154,0.43695641752802544,0.43911729601300536,20
A0.85_R0.55_V0.70_P0.90,0.85,0.55,0.7,0.9,final_network_density,0.05718572315332089,0.05705425553630652,0.057317190770335265,20
A0.85_R0.55_V0.70_P0.90,0.85,0.55,0.7,0.9,final_mean_weighted_degree,4.483779955715604,4.470301215202769,4.497258696228439,20
A0.85_R0.55_V0.70_P0.90,0.85,0.55,0.7,0.9,final_recent_active_tie_fraction,0.920830729348682,0.9188320369548308,0.9228294217425332,20
A0.85_R0.55_V0.70_P0.90,0.85,0.55,0.7,0.9,final_mean_unique_peer_partners,10.61431111111111,10.569351702894814,10.659270519327407,20
A0.85_R0.55_V0.70_P0.90,0.85,0.55,0.7,0.9,final_mean_peer_marginal,0.012541890928296228,0.01221466849283079,0.012869113363761666,20
A0.85_R0.55_V0.70_P0.90,0.85,0.55,0.7,0.9,final_mean_ai_availability_probability,0.950696947581004,0.9501204401075877,0.9512734550544203,20
A0.85_R0.55_V0.70_P0.90,0.85,0.55,0.7,0.9,edge_retention_ratio,1.0,1.0,1.0,20
A0.85_R0.55_V0.70_P0.90,0.85,0.55,0.7,0.9,edge_count_ratio,1.0254999999999999,1.0231776329154074,1.0278223670845923,20
A0.85_R0.55_V0.70_P0.90,0.85,0.55,0.7,0.9,new_edge_ratio,0.025499999999999957,0.023177632915407604,0.02782236708459231,20
A0.85_R0.55_V0.70_P0.90,0.85,0.55,0.7,0.9,strong_tie_fraction,0.6488611868923441,0.6415959597427742,0.656126414041914,20
A0.85_R0.74_V0.30_P0.60,0.85,0.74,0.3,0.6,final_peer_share,0.3636222222222222,0.3574264259162298,0.36981801852821455,20
A0.85_R0.74_V0.30_P0.60,0.85,0.74,0.3,0.6,final_ai_share,0.3824777777777778,0.37674837574521763,0.388207179810338,20
A0.85_R0.74_V0.30_P0.60,0.85,0.74,0.3,0.6,final_hybrid_share,0.2538999999999999,0.2508499387689247,0.2569500612310751,20
A0.85_R0.74_V0.30_P0.60,0.85,0.74,0.3,0.6,final_human_interaction_rate,0.6175222222222223,0.6117928201896622,0.6232516242547824,20
A0.85_R0.74_V0.30_P0.60,0.85,0.74,0.3,0.6,final_ai_use_rate,0.6363777777777778,0.6301819814717855,0.6425735740837701,20
A0.85_R0.74_V0.30_P0.60,0.85,0.74,0.3,0.6,final_mean_quality,0.5807790264728919,0.5777501824774938,0.5838078704682901,20
A0.85_R0.74_V0.30_P0.60,0.85,0.74,0.3,0.6,final_success_rate,0.40295555555555546,0.39310510886378497,0.41280600224732594,20
A0.85_R0.74_V0.30_P0.60,0.85,0.74,0.3,0.6,final_mean_knowledge,0.6398814755426308,0.6358497713641571,0.6439131797211044,20
A0.85_R0.74_V0.30_P0.60,0.85,0.74,0.3,0.6,final_knowledge_gini,0.08383381790106725,0.08175672759292558,0.08591090820920892,20
A0.85_R0.74_V0.30_P0.60,0.85,0.74,0.3,0.6,final_knowledge_rank_corr_with_initial,0.9907556632804828,0.9900601089553485,0.9914512176056172,20
A0.85_R0.74_V0.30_P0.60,0.85,0.74,0.3,0.6,final_performance_gini,0.10260216908806348,0.10154110062499733,0.10366323755112963,20
A0.85_R0.74_V0.30_P0.60,0.85,0.74,0.3,0.6,final_mean_ai_trust,0.5691581469526659,0.5685260713457986,0.5697902225595332,20
A0.85_R0.74_V0.30_P0.60,0.85,0.74,0.3,0.6,final_mean_peer_trust,0.5590580804347991,0.5564485091624356,0.5616676517071626,20
A0.85_R0.74_V0.30_P0.60,0.85,0.74,0.3,0.6,final_mean_tie_strength,0.4333018202185631,0.4320616377253963,0.43454200271172994,20
A0.85_R0.74_V0.30_P0.60,0.85,0.74,0.3,0.6,final_network_density,0.05726430788330226,0.05710891817240483,0.05741969759419969,20
A0.85_R0.74_V0.30_P0.60,0.85,0.74,0.3,0.6,final_mean_weighted_degree,4.441319515856107,4.429583661739688,4.453055369972526,20
A0.85_R0.74_V0.30_P0.60,0.85,0.74,0.3,0.6,final_recent_active_tie_fraction,0.9001067018279331,0.896575773625567,0.9036376300302992,20
A0.85_R0.74_V0.30_P0.60,0.85,0.74,0.3,0.6,final_mean_unique_peer_partners,10.890644444444444,10.846825091349361,10.934463797539527,20
A0.85_R0.74_V0.30_P0.60,0.85,0.74,0.3,0.6,final_mean_peer_marginal,0.008092377963919348,0.007626735140563153,0.008558020787275545,20
A0.85_R0.74_V0.30_P0.60,0.85,0.74,0.3,0.6,final_mean_ai_availability_probability,0.950696947581004,0.9501204401075877,0.9512734550544203,20
A0.85_R0.74_V0.30_P0.60,0.85,0.74,0.3,0.6,edge_retention_ratio,1.0,1.0,1.0,20
A0.85_R0.74_V0.30_P0.60,0.85,0.74,0.3,0.6,edge_count_ratio,1.027388888888889,1.0243273887120214,1.0304503890657564,20
A0.85_R0.74_V0.30_P0.60,0.85,0.74,0.3,0.6,new_edge_ratio,0.02738888888888884,0.02432738871202136,0.030450389065756322,20
A0.85_R0.74_V0.30_P0.60,0.85,0.74,0.3,0.6,strong_tie_fraction,0.6257060114647397,0.6170647914572158,0.6343472314722636,20
A0.85_R0.74_V0.30_P0.90,0.85,0.74,0.3,0.9,final_peer_share,0.36595555555555553,0.36175693282935,0.37015417828176106,20
A0.85_R0.74_V0.30_P0.90,0.85,0.74,0.3,0.9,final_ai_share,0.37847777777777775,0.37342472546886885,0.38353083008668665,20
A0.85_R0.74_V0.30_P0.90,0.85,0.74,0.3,0.9,final_hybrid_share,0.25556666666666666,0.25253683084588496,0.25859650248744837,20
A0.85_R0.74_V0.30_P0.90,0.85,0.74,0.3,0.9,final_human_interaction_rate,0.6215222222222222,0.6164691699133132,0.6265752745311312,20
A0.85_R0.74_V0.30_P0.90,0.85,0.74,0.3,0.9,final_ai_use_rate,0.6340444444444444,0.6298458217182389,0.6382430671706499,20
A0.85_R0.74_V0.30_P0.90,0.85,0.74,0.3,0.9,final_mean_quality,0.5813614960188241,0.5781910412010018,0.5845319508366464,20
A0.85_R0.74_V0.30_P0.90,0.85,0.74,0.3,0.9,final_success_rate,0.4044,0.3955467225553058,0.41325327744469414,20
A0.85_R0.74_V0.30_P0.90,0.85,0.74,0.3,0.9,final_mean_knowledge,0.6401223935850286,0.636115326015416,0.6441294611546413,20
A0.85_R0.74_V0.30_P0.90,0.85,0.74,0.3,0.9,final_knowledge_gini,0.08372936233993958,0.08167328789653824,0.08578543678334091,20
A0.85_R0.74_V0.30_P0.90,0.85,0.74,0.3,0.9,final_knowledge_rank_corr_with_initial,0.9908334031600543,0.9902114238740972,0.9914553824460114,20
A0.85_R0.74_V0.30_P0.90,0.85,0.74,0.3,0.9,final_performance_gini,0.10246344128913806,0.10134191963549671,0.10358496294277941,20
A0.85_R0.74_V0.30_P0.90,0.85,0.74,0.3,0.9,final_mean_ai_trust,0.5688882149403021,0.5683989979202457,0.5693774319603584,20
A0.85_R0.74_V0.30_P0.90,0.85,0.74,0.3,0.9,final_mean_peer_trust,0.5599614520072937,0.5572469366458084,0.5626759673687791,20
A0.85_R0.74_V0.30_P0.90,0.85,0.74,0.3,0.9,final_mean_tie_strength,0.4346974399685859,0.4335767047196261,0.4358181752175457,20
A0.85_R0.74_V0.30_P0.90,0.85,0.74,0.3,0.9,final_network_density,0.056787461204220936,0.05666489777825787,0.056910024630184006,20
A0.85_R0.74_V0.30_P0.90,0.85,0.74,0.3,0.9,final_mean_weighted_degree,4.41860973376433,4.405700053296575,4.431519414232086,20
A0.85_R0.74_V0.30_P0.90,0.85,0.74,0.3,0.9,final_recent_active_tie_fraction,0.902909262261322,0.9001208189941656,0.9056977055284783,20
A0.85_R0.74_V0.30_P0.90,0.85,0.74,0.3,0.9,final_mean_unique_peer_partners,10.594177777777778,10.541150984486748,10.647204571068809,20
A0.85_R0.74_V0.30_P0.90,0.85,0.74,0.3,0.9,final_mean_peer_marginal,0.008123197970889675,0.0077768408397338225,0.008469555102045527,20
A0.85_R0.74_V0.30_P0.90,0.85,0.74,0.3,0.9,final_mean_ai_availability_probability,0.950696947581004,0.9501204401075877,0.9512734550544203,20
A0.85_R0.74_V0.30_P0.90,0.85,0.74,0.3,0.9,edge_retention_ratio,1.0,1.0,1.0,20
A0.85_R0.74_V0.30_P0.90,0.85,0.74,0.3,0.9,edge_count_ratio,1.0179444444444443,1.0156233033686926,1.020265585520196,20
A0.85_R0.74_V0.30_P0.90,0.85,0.74,0.3,0.9,new_edge_ratio,0.0179444444444444,0.015623303368692713,0.020265585520196083,20
A0.85_R0.74_V0.30_P0.90,0.85,0.74,0.3,0.9,strong_tie_fraction,0.6299831146085032,0.6230224981563758,0.6369437310606306,20
A0.85_R0.74_V0.70_P0.60,0.85,0.74,0.7,0.6,final_peer_share,0.3542333333333333,0.3494149807456812,0.35905168592098535,20
A0.85_R0.74_V0.70_P0.60,0.85,0.74,0.7,0.6,final_ai_share,0.3796222222222222,0.37447188296613254,0.38477256147831185,20
A0.85_R0.74_V0.70_P0.60,0.85,0.74,0.7,0.6,final_hybrid_share,0.2661444444444444,0.2637698618405782,0.2685190270483106,20
A0.85_R0.74_V0.70_P0.60,0.85,0.74,0.7,0.6,final_human_interaction_rate,0.6203777777777778,0.6152274385216882,0.6255281170338675,20
A0.85_R0.74_V0.70_P0.60,0.85,0.74,0.7,0.6,final_ai_use_rate,0.6457666666666666,0.6409483140790145,0.6505850192543187,20
A0.85_R0.74_V0.70_P0.60,0.85,0.74,0.7,0.6,final_mean_quality,0.5835674606628289,0.5805324184664103,0.5866025028592475,20
A0.85_R0.74_V0.70_P0.60,0.85,0.74,0.7,0.6,final_success_rate,0.4126666666666666,0.4036970311659228,0.42163630216741044,20
A0.85_R0.74_V0.70_P0.60,0.85,0.74,0.7,0.6,final_mean_knowledge,0.6409385470090967,0.6369715667560354,0.644905527262158,20
A0.85_R0.74_V0.70_P0.60,0.85,0.74,0.7,0.6,final_knowledge_gini,0.08325715724134826,0.08119379207197686,0.08532052241071966,20
A0.85_R0.74_V0.70_P0.60,0.85,0.74,0.7,0.6,final_knowledge_rank_corr_with_initial,0.9904121266845642,0.9897092828974614,0.9911149704716671,20
A0.85_R0.74_V0.70_P0.60,0.85,0.74,0.7,0.6,final_performance_gini,0.10192801397560491,0.10092456253576527,0.10293146541544455,20
A0.85_R0.74_V0.70_P0.60,0.85,0.74,0.7,0.6,final_mean_ai_trust,0.568601610824465,0.5681171275306887,0.5690860941182414,20
A0.85_R0.74_V0.70_P0.60,0.85,0.74,0.7,0.6,final_mean_peer_trust,0.5595658676624298,0.557063953787474,0.5620677815373856,20
A0.85_R0.74_V0.70_P0.60,0.85,0.74,0.7,0.6,final_mean_tie_strength,0.4333081949353218,0.43222472335856327,0.43439166651208033,20
A0.85_R0.74_V0.70_P0.60,0.85,0.74,0.7,0.6,final_network_density,0.057357666045934154,0.057210017186449566,0.05750531490541874,20
A0.85_R0.74_V0.70_P0.60,0.85,0.74,0.7,0.6,final_mean_weighted_degree,4.448684001191458,4.43449595805469,4.4628720443282255,20
A0.85_R0.74_V0.70_P0.60,0.85,0.74,0.7,0.6,final_recent_active_tie_fraction,0.9002263309464557,0.8972505987806892,0.9032020631122221,20
A0.85_R0.74_V0.70_P0.60,0.85,0.74,0.7,0.6,final_mean_unique_peer_partners,10.929555555555558,10.88420596665492,10.974905144456196,20
A0.85_R0.74_V0.70_P0.60,0.85,0.74,0.7,0.6,final_mean_peer_marginal,0.008272397221499845,0.007949224446708618,0.008595569996291073,20
A0.85_R0.74_V0.70_P0.60,0.85,0.74,0.7,0.6,final_mean_ai_availability_probability,0.950696947581004,0.9501204401075877,0.9512734550544203,20
A0.85_R0.74_V0.70_P0.60,0.85,0.74,0.7,0.6,edge_retention_ratio,1.0,1.0,1.0,20
A0.85_R0.74_V0.70_P0.60,0.85,0.74,0.7,0.6,edge_count_ratio,1.0290555555555554,1.0262818660223978,1.031829245088713,20
A0.85_R0.74_V0.70_P0.60,0.85,0.74,0.7,0.6,new_edge_ratio,0.02905555555555551,0.026281866022397952,0.03182924508871307,20
A0.85_R0.74_V0.70_P0.60,0.85,0.74,0.7,0.6,strong_tie_fraction,0.6247028136877326,0.6172527824484196,0.6321528449270456,20
A0.85_R0.74_V0.70_P0.90,0.85,0.74,0.7,0.9,final_peer_share,0.3557777777777778,0.35111683157267265,0.36043872398288296,20
A0.85_R0.74_V0.70_P0.90,0.85,0.74,0.7,0.9,final_ai_share,0.3784666666666666,0.37312204386368913,0.3838112894696441,20
A0.85_R0.74_V0.70_P0.90,0.85,0.74,0.7,0.9,final_hybrid_share,0.2657555555555556,0.2625963116141221,0.26891479949698904,20
A0.85_R0.74_V0.70_P0.90,0.85,0.74,0.7,0.9,final_human_interaction_rate,0.6215333333333333,0.6161887105303558,0.6268779561363107,20
A0.85_R0.74_V0.70_P0.90,0.85,0.74,0.7,0.9,final_ai_use_rate,0.6442222222222223,0.6395612760171171,0.6488831684273274,20
A0.85_R0.74_V0.70_P0.90,0.85,0.74,0.7,0.9,final_mean_quality,0.5836804431835454,0.5807325922114883,0.5866282941556025,20
A0.85_R0.74_V0.70_P0.90,0.85,0.74,0.7,0.9,final_success_rate,0.41180000000000005,0.40267282669330956,0.42092717330669055,20
A0.85_R0.74_V0.70_P0.90,0.85,0.74,0.7,0.9,final_mean_knowledge,0.6410625535814337,0.6370709040916861,0.6450542030711813,20
A0.85_R0.74_V0.70_P0.90,0.85,0.74,0.7,0.9,final_knowledge_gini,0.08326297598430184,0.08117640630538644,0.08534954566321723,20
A0.85_R0.74_V0.70_P0.90,0.85,0.74,0.7,0.9,final_knowledge_rank_corr_with_initial,0.9903476681420761,0.9897548480579357,0.9909404882262165,20
A0.85_R0.74_V0.70_P0.90,0.85,0.74,0.7,0.9,final_performance_gini,0.1018221035896462,0.10068995837168093,0.10295424880761148,20
A0.85_R0.74_V0.70_P0.90,0.85,0.74,0.7,0.9,final_mean_ai_trust,0.5693602458868087,0.568898547197348,0.5698219445762693,20
A0.85_R0.74_V0.70_P0.90,0.85,0.74,0.7,0.9,final_mean_peer_trust,0.5605079835653306,0.5578077061438376,0.5632082609868236,20
A0.85_R0.74_V0.70_P0.90,0.85,0.74,0.7,0.9,final_mean_tie_strength,0.4348116382956504,0.43371074599314813,0.43591253059815266,20
A0.85_R0.74_V0.70_P0.90,0.85,0.74,0.7,0.9,final_network_density,0.05678448168839225,0.05669675111361002,0.05687221226317448,20
A0.85_R0.74_V0.70_P0.90,0.85,0.74,0.7,0.9,final_mean_weighted_degree,4.41954185467826,4.407644227074164,4.431439482282356,20
A0.85_R0.74_V0.70_P0.90,0.85,0.74,0.7,0.9,final_recent_active_tie_fraction,0.903921101372798,0.9015957391934026,0.9062464635521934,20
A0.85_R0.74_V0.70_P0.90,0.85,0.74,0.7,0.9,final_mean_unique_peer_partners,10.568466666666668,10.54363188911266,10.593301444220675,20
A0.85_R0.74_V0.70_P0.90,0.85,0.74,0.7,0.9,final_mean_peer_marginal,0.008278221052437976,0.007974031311330149,0.008582410793545804,20
A0.85_R0.74_V0.70_P0.90,0.85,0.74,0.7,0.9,final_mean_ai_availability_probability,0.950696947581004,0.9501204401075877,0.9512734550544203,20
A0.85_R0.74_V0.70_P0.90,0.85,0.74,0.7,0.9,edge_retention_ratio,1.0,1.0,1.0,20
A0.85_R0.74_V0.70_P0.90,0.85,0.74,0.7,0.9,edge_count_ratio,1.0179999999999998,1.0162827450086926,1.019717254991307,20
A0.85_R0.74_V0.70_P0.90,0.85,0.74,0.7,0.9,new_edge_ratio,0.017999999999999967,0.016282745008692822,0.019717254991307113,20
A0.85_R0.74_V0.70_P0.90,0.85,0.74,0.7,0.9,strong_tie_fraction,0.6319141980975003,0.6240233002035703,0.6398050959914302,20
A0.85_R0.90_V0.30_P0.60,0.85,0.9,0.3,0.6,final_peer_share,0.31753333333333333,0.3141732428353801,0.32089342383128655,20
A0.85_R0.90_V0.30_P0.60,0.85,0.9,0.3,0.6,final_ai_share,0.4306666666666666,0.4266221376903079,0.4347111956430253,20
A0.85_R0.90_V0.30_P0.60,0.85,0.9,0.3,0.6,final_hybrid_share,0.25179999999999997,0.2489160213376951,0.25468397866230486,20
A0.85_R0.90_V0.30_P0.60,0.85,0.9,0.3,0.6,final_human_interaction_rate,0.5693333333333334,0.5652888043569747,0.573377862309692,20
A0.85_R0.90_V0.30_P0.60,0.85,0.9,0.3,0.6,final_ai_use_rate,0.6824666666666668,0.6791065761687135,0.68582675716462,20
A0.85_R0.90_V0.30_P0.60,0.85,0.9,0.3,0.6,final_mean_quality,0.6104154940585402,0.6077825667005314,0.613048421416549,20
A0.85_R0.90_V0.30_P0.60,0.85,0.9,0.3,0.6,final_success_rate,0.48885555555555554,0.47974790279168206,0.49796320831942903,20
A0.85_R0.90_V0.30_P0.60,0.85,0.9,0.3,0.6,final_mean_knowledge,0.6652896107425642,0.6617356049238062,0.6688436165613222,20
A0.85_R0.90_V0.30_P0.60,0.85,0.9,0.3,0.6,final_knowledge_gini,0.07278021092404961,0.07085250567704958,0.07470791617104965,20
A0.85_R0.90_V0.30_P0.60,0.85,0.9,0.3,0.6,final_knowledge_rank_corr_with_initial,0.9814308277601569,0.9800872856441792,0.9827743698761345,20
A0.85_R0.90_V0.30_P0.60,0.85,0.9,0.3,0.6,final_performance_gini,0.09176151325473493,0.09082600755451053,0.09269701895495933,20
A0.85_R0.90_V0.30_P0.60,0.85,0.9,0.3,0.6,final_mean_ai_trust,0.6677041932465066,0.6671563004457133,0.6682520860473,20
A0.85_R0.90_V0.30_P0.60,0.85,0.9,0.3,0.6,final_mean_peer_trust,0.5653542459011078,0.5629911121611985,0.5677173796410172,20
A0.85_R0.90_V0.30_P0.60,0.85,0.9,0.3,0.6,final_mean_tie_strength,0.4304461484551429,0.42939186091865994,0.43150043599162585,20
A0.85_R0.90_V0.30_P0.60,0.85,0.9,0.3,0.6,final_network_density,0.05697529484792051,0.05683843291577586,0.057112156780065156,20
A0.85_R0.90_V0.30_P0.60,0.85,0.9,0.3,0.6,final_mean_weighted_degree,4.389851861376233,4.376472415397392,4.403231307355074,20
A0.85_R0.90_V0.30_P0.60,0.85,0.9,0.3,0.6,final_recent_active_tie_fraction,0.8817027198442059,0.8786452736260916,0.8847601660623202,20
A0.85_R0.90_V0.30_P0.60,0.85,0.9,0.3,0.6,final_mean_unique_peer_partners,10.815555555555553,10.775569661376203,10.855541449734904,20
A0.85_R0.90_V0.30_P0.60,0.85,0.9,0.3,0.6,final_mean_peer_marginal,0.0038130993949996644,0.0034826715947246594,0.004143527195274669,20
A0.85_R0.90_V0.30_P0.60,0.85,0.9,0.3,0.6,final_mean_ai_availability_probability,0.950696947581004,0.9501204401075877,0.9512734550544203,20
A0.85_R0.90_V0.30_P0.60,0.85,0.9,0.3,0.6,edge_retention_ratio,1.0,1.0,1.0,20
A0.85_R0.90_V0.30_P0.60,0.85,0.9,0.3,0.6,edge_count_ratio,1.0217222222222222,1.0189270645791668,1.0245173798652776,20
A0.85_R0.90_V0.30_P0.60,0.85,0.9,0.3,0.6,new_edge_ratio,0.021722222222222188,0.018927064579166906,0.02451737986527747,20
A0.85_R0.90_V0.30_P0.60,0.85,0.9,0.3,0.6,strong_tie_fraction,0.6089144830916755,0.6020507383299066,0.6157782278534444,20
A0.85_R0.90_V0.30_P0.90,0.85,0.9,0.3,0.9,final_peer_share,0.3179444444444444,0.3125989722284015,0.32328991666048734,20
A0.85_R0.90_V0.30_P0.90,0.85,0.9,0.3,0.9,final_ai_share,0.4311444444444444,0.4248675690487621,0.43742131984012667,20
A0.85_R0.90_V0.30_P0.90,0.85,0.9,0.3,0.9,final_hybrid_share,0.2509111111111111,0.24629583779284991,0.25552638442937226,20
A0.85_R0.90_V0.30_P0.90,0.85,0.9,0.3,0.9,final_human_interaction_rate,0.5688555555555557,0.5625786801598734,0.5751324309512379,20
A0.85_R0.90_V0.30_P0.90,0.85,0.9,0.3,0.9,final_ai_use_rate,0.6820555555555556,0.6767100833395128,0.6874010277715985,20
A0.85_R0.90_V0.30_P0.90,0.85,0.9,0.3,0.9,final_mean_quality,0.610855350871434,0.6082212671131698,0.6134894346296983,20
A0.85_R0.90_V0.30_P0.90,0.85,0.9,0.3,0.9,final_success_rate,0.4899222222222222,0.4812916202537155,0.4985528241907289,20
A0.85_R0.90_V0.30_P0.90,0.85,0.9,0.3,0.9,final_mean_knowledge,0.6654845424381974,0.6619193808962834,0.6690497039801114,20
A0.85_R0.90_V0.30_P0.90,0.85,0.9,0.3,0.9,final_knowledge_gini,0.07276707291757935,0.07082538978620076,0.07470875604895794,20
A0.85_R0.90_V0.30_P0.90,0.85,0.9,0.3,0.9,final_knowledge_rank_corr_with_initial,0.9816005273164986,0.9803088068007885,0.9828922478322087,20
A0.85_R0.90_V0.30_P0.90,0.85,0.9,0.3,0.9,final_performance_gini,0.09193289805539998,0.09100225085318918,0.09286354525761077,20
A0.85_R0.90_V0.30_P0.90,0.85,0.9,0.3,0.9,final_mean_ai_trust,0.6677759699034503,0.6673246882232315,0.6682272515836691,20
A0.85_R0.90_V0.30_P0.90,0.85,0.9,0.3,0.9,final_mean_peer_trust,0.5660881823301316,0.5635811764265977,0.5685951882336655,20
A0.85_R0.90_V0.30_P0.90,0.85,0.9,0.3,0.9,final_mean_tie_strength,0.4315695542693138,0.43048020981486623,0.4326588987237614,20
A0.85_R0.90_V0.30_P0.90,0.85,0.9,0.3,0.9,final_network_density,0.05655543140906264,0.05646443794311967,0.05664642487500561,20
A0.85_R0.90_V0.30_P0.90,0.85,0.9,0.3,0.9,final_mean_weighted_degree,4.368900511243608,4.358063766258202,4.379737256229014,20
A0.85_R0.90_V0.30_P0.90,0.85,0.9,0.3,0.9,final_recent_active_tie_fraction,0.8835744014670361,0.8800061275063775,0.8871426754276948,20
A0.85_R0.90_V0.30_P0.90,0.85,0.9,0.3,0.9,final_mean_unique_peer_partners,10.534044444444444,10.49510231721514,10.572986571673747,20
A0.85_R0.90_V0.30_P0.90,0.85,0.9,0.3,0.9,final_mean_peer_marginal,0.0039110339250099,0.0035359337087014025,0.0042861341413183976,20
A0.85_R0.90_V0.30_P0.90,0.85,0.9,0.3,0.9,final_mean_ai_availability_probability,0.950696947581004,0.9501204401075877,0.9512734550544203,20
A0.85_R0.90_V0.30_P0.90,0.85,0.9,0.3,0.9,edge_retention_ratio,1.0,1.0,1.0,20
A0.85_R0.90_V0.30_P0.90,0.85,0.9,0.3,0.9,edge_count_ratio,1.0133333333333332,1.0115718920993746,1.0150947745672918,20
A0.85_R0.90_V0.30_P0.90,0.85,0.9,0.3,0.9,new_edge_ratio,0.013333333333333275,0.011571892099374646,0.015094774567291904,20
A0.85_R0.90_V0.30_P0.90,0.85,0.9,0.3,0.9,strong_tie_fraction,0.6151981764986021,0.6075342232803607,0.6228621297168435,20
A0.85_R0.90_V0.70_P0.60,0.85,0.9,0.7,0.6,final_peer_share,0.3042888888888889,0.2998441279064003,0.30873364987137747,20
A0.85_R0.90_V0.70_P0.60,0.85,0.9,0.7,0.6,final_ai_share,0.42864444444444433,0.4248191173711208,0.43246977151776783,20
A0.85_R0.90_V0.70_P0.60,0.85,0.9,0.7,0.6,final_hybrid_share,0.2670666666666667,0.2628760514840539,0.27125728184927944,20
A0.85_R0.90_V0.70_P0.60,0.85,0.9,0.7,0.6,final_human_interaction_rate,0.5713555555555556,0.5675302284822321,0.5751808826288791,20
A0.85_R0.90_V0.70_P0.60,0.85,0.9,0.7,0.6,final_ai_use_rate,0.6957111111111111,0.6912663501286225,0.7001558720935996,20
A0.85_R0.90_V0.70_P0.60,0.85,0.9,0.7,0.6,final_mean_quality,0.6135494725917471,0.6112541832617576,0.6158447619217365,20
A0.85_R0.90_V0.70_P0.60,0.85,0.9,0.7,0.6,final_success_rate,0.49881111111111104,0.4914399420139156,0.5061822802083065,20
A0.85_R0.90_V0.70_P0.60,0.85,0.9,0.7,0.6,final_mean_knowledge,0.6668561572594311,0.6632788703466166,0.6704334441722457,20
A0.85_R0.90_V0.70_P0.60,0.85,0.9,0.7,0.6,final_knowledge_gini,0.07216887973390551,0.07035840473226886,0.07397935473554217,20
A0.85_R0.90_V0.70_P0.60,0.85,0.9,0.7,0.6,final_knowledge_rank_corr_with_initial,0.9806683098984532,0.979310798892794,0.9820258209041124,20
A0.85_R0.90_V0.70_P0.60,0.85,0.9,0.7,0.6,final_performance_gini,0.09074785328836367,0.0899904290402826,0.09150527753644475,20
A0.85_R0.90_V0.70_P0.60,0.85,0.9,0.7,0.6,final_mean_ai_trust,0.6683473620395959,0.6676741020220726,0.6690206220571192,20
A0.85_R0.90_V0.70_P0.60,0.85,0.9,0.7,0.6,final_mean_peer_trust,0.5669263993501664,0.5645041803642,0.5693486183361328,20
A0.85_R0.90_V0.70_P0.60,0.85,0.9,0.7,0.6,final_mean_tie_strength,0.431170289337635,0.43005331501512173,0.4322872636601483,20
A0.85_R0.90_V0.70_P0.60,0.85,0.9,0.7,0.6,final_network_density,0.056866790813159485,0.05675056905633873,0.056983012569980236,20
A0.85_R0.90_V0.70_P0.60,0.85,0.9,0.7,0.6,final_mean_weighted_degree,4.388885679652955,4.375652444071488,4.402118915234423,20
A0.85_R0.90_V0.70_P0.60,0.85,0.9,0.7,0.6,final_recent_active_tie_fraction,0.8813169283397777,0.877637291454138,0.8849965652254174,20
A0.85_R0.90_V0.70_P0.60,0.85,0.9,0.7,0.6,final_mean_unique_peer_partners,10.806733333333334,10.762893987612077,10.85057267905459,20
A0.85_R0.90_V0.70_P0.60,0.85,0.9,0.7,0.6,final_mean_peer_marginal,0.0043259236821107,0.00402609386092574,0.00462575350329566,20
A0.85_R0.90_V0.70_P0.60,0.85,0.9,0.7,0.6,final_mean_ai_availability_probability,0.950696947581004,0.9501204401075877,0.9512734550544203,20
A0.85_R0.90_V0.70_P0.60,0.85,0.9,0.7,0.6,edge_retention_ratio,1.0,1.0,1.0,20
A0.85_R0.90_V0.70_P0.60,0.85,0.9,0.7,0.6,edge_count_ratio,1.019388888888889,1.01727169457882,1.0215060831989577,20
A0.85_R0.90_V0.70_P0.60,0.85,0.9,0.7,0.6,new_edge_ratio,0.019388888888888848,0.01727169457881994,0.021506083198957755,20
A0.85_R0.90_V0.70_P0.60,0.85,0.9,0.7,0.6,strong_tie_fraction,0.6133825967859525,0.6060159064622233,0.6207492871096818,20
A0.85_R0.90_V0.70_P0.90,0.85,0.9,0.7,0.9,final_peer_share,0.3122666666666666,0.30703838136429257,0.3174949519690406,20
A0.85_R0.90_V0.70_P0.90,0.85,0.9,0.7,0.9,final_ai_share,0.4230666666666666,0.4171794298006427,0.4289539035326905,20
A0.85_R0.90_V0.70_P0.90,0.85,0.9,0.7,0.9,final_hybrid_share,0.2646666666666666,0.26109994019789534,0.26823339313543787,20
A0.85_R0.90_V0.70_P0.90,0.85,0.9,0.7,0.9,final_human_interaction_rate,0.5769333333333334,0.5710460964673095,0.5828205701993573,20
A0.85_R0.90_V0.70_P0.90,0.85,0.9,0.7,0.9,final_ai_use_rate,0.6877333333333334,0.6825050480309593,0.6929616186357075,20
A0.85_R0.90_V0.70_P0.90,0.85,0.9,0.7,0.9,final_mean_quality,0.6129701506557504,0.6106765951570552,0.6152637061544457,20
A0.85_R0.90_V0.70_P0.90,0.85,0.9,0.7,0.9,final_success_rate,0.4981777777777777,0.4904104428937006,0.5059451126618548,20
A0.85_R0.90_V0.70_P0.90,0.85,0.9,0.7,0.9,final_mean_knowledge,0.666704669531052,0.6631717692365218,0.6702375698255822,20
A0.85_R0.90_V0.70_P0.90,0.85,0.9,0.7,0.9,final_knowledge_gini,0.07225800394275472,0.07038890874561843,0.07412709913989102,20
A0.85_R0.90_V0.70_P0.90,0.85,0.9,0.7,0.9,final_knowledge_rank_corr_with_initial,0.9812122734749649,0.9798289835077653,0.9825955634421645,20
A0.85_R0.90_V0.70_P0.90,0.85,0.9,0.7,0.9,final_performance_gini,0.09095531479492454,0.09025796358999569,0.09165266599985339,20
A0.85_R0.90_V0.70_P0.90,0.85,0.9,0.7,0.9,final_mean_ai_trust,0.667796472255906,0.6672739840118831,0.6683189604999289,20
A0.85_R0.90_V0.70_P0.90,0.85,0.9,0.7,0.9,final_mean_peer_trust,0.5674415045976638,0.5649477890514809,0.5699352201438468,20
A0.85_R0.90_V0.70_P0.90,0.85,0.9,0.7,0.9,final_mean_tie_strength,0.43231733596324917,0.4312739755426052,0.43336069638389313,20
A0.85_R0.90_V0.70_P0.90,0.85,0.9,0.7,0.9,final_network_density,0.05645176908752324,0.05636887018735322,0.05653466798769326,20
A0.85_R0.90_V0.70_P0.90,0.85,0.9,0.7,0.9,final_mean_weighted_degree,4.368461871557765,4.356855535921566,4.380068207193965,20
A0.85_R0.90_V0.70_P0.90,0.85,0.9,0.7,0.9,final_recent_active_tie_fraction,0.8844681187784657,0.8804821927857883,0.888454044771143,20
A0.85_R0.90_V0.70_P0.90,0.85,0.9,0.7,0.9,final_mean_unique_peer_partners,10.531133333333335,10.486429375874822,10.575837290791847,20
A0.85_R0.90_V0.70_P0.90,0.85,0.9,0.7,0.9,final_mean_peer_marginal,0.004521057340659994,0.004178569674412292,0.004863545006907697,20
A0.85_R0.90_V0.70_P0.90,0.85,0.9,0.7,0.9,final_mean_ai_availability_probability,0.950696947581004,0.9501204401075877,0.9512734550544203,20
A0.85_R0.90_V0.70_P0.90,0.85,0.9,0.7,0.9,edge_retention_ratio,1.0,1.0,1.0,20
A0.85_R0.90_V0.70_P0.90,0.85,0.9,0.7,0.9,edge_count_ratio,1.011611111111111,1.0099368703757399,1.0132853518464822,20
A0.85_R0.90_V0.70_P0.90,0.85,0.9,0.7,0.9,new_edge_ratio,0.011611111111111076,0.009936870375739867,0.013285351846482284,20
A0.85_R0.90_V0.70_P0.90,0.85,0.9,0.7,0.9,strong_tie_fraction,0.6191374244289902,0.6121433297090331,0.6261315191489474,20
