condition,ai_access_mean,ai_reliability,verification_support,peer_response_probability,replication,seed,final_peer_share,final_ai_share,final_hybrid_share,final_human_interaction_rate,final_ai_use_rate,final_mean_quality,final_success_rate,final_mean_knowledge,final_knowledge_gini,final_knowledge_rank_corr_with_initial,final_performance_gini,final_mean_ai_trust,final_mean_peer_trust,final_mean_tie_strength,final_network_density,final_mean_weighted_degree,final_recent_active_tie_fraction,final_mean_unique_peer_partners,final_mean_peer_marginal,final_mean_ai_availability_probability,initial_edge_count,final_edge_count,edge_retention_ratio,edge_count_ratio,new_edge_ratio,strong_tie_fraction,initial_mean_tie,final_mean_skill,final_skill_gini,runtime_seconds
A0.35_R0.55_V0.30_P0.60,0.35,0.55,0.3,0.6,0,20260821,0.5373333333333333,0.25044444444444447,0.21222222222222226,0.7495555555555555,0.46266666666666667,0.5662533025090307,0.37200000000000005,0.6277091991242494,0.09881526664754588,0.9953120510750725,0.11434560381554199,0.44912531599810085,0.5618600344657898,0.4433428764343262,0.05777032898820609,4.584422955460019,0.9395781580637363,11.139555555555555,0.014198995275841491,0.853571378658057,900,938,1.0,1.0422222222222222,0.042222222222222223,0.6769722814498934,0.5542529225349426,0.6365002553499616,0.09513191845730984,10.40377140045166
A0.35_R0.55_V0.30_P0.60,0.35,0.55,0.3,0.6,1,20261830,0.5453333333333333,0.23577777777777775,0.21888888888888888,0.7642222222222224,0.45466666666666666,0.5796058750592511,0.3993333333333333,0.6457802066484711,0.09662488586280336,0.993870384653728,0.11051913833871786,0.4502658837984715,0.5741863298416138,0.4434274363517761,0.05838857852265674,4.63431224960751,0.941564635748614,11.050666666666666,0.013719393983934326,0.847875775717005,900,946,1.0,1.051111111111111,0.051111111111111114,0.6638477801268499,0.5549401044845581,0.6543601095264907,0.09314209850555177,10.909519910812378
A0.35_R0.55_V0.30_P0.60,0.35,0.55,0.3,0.6,2,20262839,0.522,0.26422222222222225,0.21377777777777776,0.7357777777777779,0.478,0.5486272792446282,0.3271111111111111,0.6049930928681174,0.1007463541144952,0.9943748326840521,0.11658097575071916,0.45104471940368823,0.5457684183120728,0.4382290947437286,0.05864928615766605,4.600516720030043,0.9419070842325808,11.206222222222223,0.013311440467593917,0.848764325632604,900,947,1.0,1.0522222222222222,0.052222222222222225,0.6420274551214361,0.5509834885597229,0.6138787335135859,0.09717595426362258,10.146875619888306
A0.35_R0.55_V0.30_P0.60,0.35,0.55,0.3,0.6,3,20263848,0.542,0.23955555555555555,0.2184444444444445,0.7604444444444445,0.45799999999999996,0.5680890620975004,0.3671111111111111,0.629620997991507,0.08760763119427156,0.9943745446743913,0.10751698092892908,0.4514140316937022,0.5624711108207703,0.4381527507305145,0.05882309124767226,4.613366113238865,0.9417903590456703,11.02577777777778,0.012656178989976197,0.8468728102508746,900,950,1.0,1.0555555555555556,0.05555555555555555,0.6421052631578947,0.5510573387145996,0.6382490954649441,0.08443242675507512,10.296642780303955
A0.35_R0.55_V0.30_P0.60,0.35,0.55,0.3,0.6,4,20264857,0.5544444444444445,0.23244444444444443,0.21311111111111114,0.7675555555555554,0.4455555555555555,0.5586249324580362,0.352,0.6190197076002079,0.09670087021608854,0.9950740270378792,0.11505464274695931,0.4506425188334216,0.5559831643104554,0.4367277836799622,0.057949099937926754,4.530051545249091,0.9439546468992842,10.996000000000002,0.013168962051577764,0.8433292072725179,900,938,1.0,1.0422222222222222,0.042222222222222223,0.6439232409381663,0.5459277629852295,0.6277560486588032,0.09333866535042401,10.111669063568115
A0.35_R0.55_V0.30_P0.60,0.35,0.55,0.3,0.6,5,20265866,0.538888888888889,0.24200000000000002,0.21911111111111112,0.758,0.4611111111111111,0.5654391690927492,0.37222222222222223,0.6212231551092761,0.09659116013052964,0.9956077346031162,0.11091821126651126,0.45183763211680444,0.5576710820198059,0.43651832699775694,0.05808814400993173,4.538624379952749,0.9496934969679011,11.057333333333334,0.01309714594155666,0.8489692882904448,900,941,1.0,1.0455555555555556,0.04555555555555556,0.6365568544102019,0.5463204383850098,0.6300132317456179,0.09320563936625259,10.30284833908081
A0.35_R0.55_V0.30_P0.60,0.35,0.55,0.3,0.6,6,20266875,0.5346666666666667,0.2535555555555556,0.21177777777777776,0.7464444444444446,0.4653333333333333,0.5667430354428737,0.37133333333333335,0.6287714727990195,0.09541630411214656,0.9945193613354667,0.11148066355466549,0.4522233560131009,0.5604157018661499,0.43898318767547606,0.058487895716945994,4.595725961049398,0.9445601201812899,11.157333333333334,0.014031107786597942,0.84982651077291,900,947,1.0,1.0522222222222222,0.052222222222222225,0.6504751847940866,0.550755500793457,0.6374911385570576,0.09203775285408922,10.242021322250366
A0.35_R0.55_V0.30_P0.60,0.35,0.55,0.3,0.6,7,20267884,0.542,0.23555555555555555,0.22244444444444444,0.7644444444444445,0.45799999999999996,0.564415298625391,0.37355555555555553,0.6239417217328425,0.09984583728225402,0.9944580881004613,0.11687313996456433,0.4505754188927228,0.5598792171478272,0.43852880477905276,0.058532588454376165,4.594548700703515,0.9396763684530508,11.210666666666667,0.013116993480991055,0.8472957558669358,900,946,1.0,1.051111111111111,0.051111111111111114,0.645877378435518,0.5503920912742615,0.632659184925249,0.0963963483473218,10.617671489715576
A0.35_R0.55_V0.30_P0.60,0.35,0.55,0.3,0.6,8,20268893,0.5162222222222222,0.2528888888888889,0.2308888888888889,0.7471111111111111,0.48377777777777775,0.5641588787807401,0.36888888888888893,0.6247241930830646,0.09785457958210568,0.9928194661439862,0.11308881851875639,0.45153278155542365,0.5598348569869995,0.4386774730682373,0.05810055865921788,4.562103943241968,0.9317575295165791,11.104000000000001,0.013946651938077714,0.8522670537316809,900,939,1.0,1.0433333333333332,0.043333333333333335,0.6357827476038339,0.5488340258598328,0.633462481229657,0.09438819109671548,10.509905815124512
A0.35_R0.55_V0.30_P0.60,0.35,0.55,0.3,0.6,9,20269902,0.538,0.24488888888888888,0.21711111111111112,0.7551111111111111,0.46199999999999997,0.5679091997488829,0.37266666666666665,0.6311175543647725,0.08638184638260998,0.9930045242270954,0.10681992326141274,0.4517101003346604,0.5618390369415284,0.4363529908657074,0.05911607697082557,4.617305328051248,0.943249225054724,11.281333333333334,0.013225233438328427,0.8573134107761574,900,955,1.0,1.0611111111111111,0.06111111111111111,0.6282722513089005,0.5498554706573486,0.6397532676301205,0.08334040727526548,10.223212242126465
A0.35_R0.55_V0.30_P0.60,0.35,0.55,0.3,0.6,10,20270911,0.5313333333333334,0.2635555555555556,0.2051111111111111,0.7364444444444445,0.4686666666666667,0.5486863710801783,0.3257777777777778,0.6068650440747492,0.08694443114557232,0.9937647859085729,0.11238747085457663,0.4501771744413448,0.5465524911880493,0.44096734285354616,0.0580310366232154,4.580431043730841,0.9331655771778999,11.238222222222221,0.011923961165716496,0.8449100188276855,900,940,1.0,1.0444444444444445,0.044444444444444446,0.6563829787234042,0.5546082854270935,0.6156683645128626,0.08392420191150629,10.347009658813477
A0.35_R0.55_V0.30_P0.60,0.35,0.55,0.3,0.6,11,20271920,0.5315555555555556,0.2464444444444444,0.22200000000000003,0.7535555555555555,0.46844444444444444,0.5699851717192679,0.38622222222222213,0.6337000171239586,0.09602400343883893,0.9942214720439317,0.11277673595831743,0.4503797993395662,0.5636628174781799,0.43819732308387754,0.05816014897579144,4.561761314339108,0.9401093160208944,11.108888888888886,0.012828851062323083,0.8517861613993368,900,942,1.0,1.0466666666666666,0.04666666666666667,0.6518046709129511,0.5484080910682678,0.6423029656326589,0.09274105190045923,10.237045764923096
A0.35_R0.55_V0.30_P0.60,0.35,0.55,0.3,0.6,12,20272929,0.5428888888888889,0.24555555555555558,0.21155555555555558,0.7544444444444445,0.45711111111111113,0.5750171931509145,0.40088888888888896,0.6353197892358801,0.08717504191258663,0.9915977294878425,0.10717442952304318,0.45182481637101696,0.5669868206977844,0.4381316900253296,0.05839851024208567,4.579819360044268,0.9385971950488178,11.140444444444443,0.013120179473851303,0.8487366338826942,900,944,1.0,1.048888888888889,0.04888888888888889,0.6451271186440678,0.5489266514778137,0.6440229238081912,0.08401683377594771,10.745870351791382
A0.35_R0.55_V0.30_P0.60,0.35,0.55,0.3,0.6,13,20273938,0.5293333333333333,0.24044444444444443,0.23022222222222222,0.7595555555555555,0.4706666666666666,0.567863593536719,0.3753333333333334,0.6277314631031141,0.09311087468149626,0.9946734282866493,0.11119701666003586,0.4502176506108054,0.5613653063774109,0.4428083527088165,0.05803848541278709,4.600021374013689,0.945760814016882,11.132444444444443,0.013290228775282615,0.8459999020177195,900,942,1.0,1.0466666666666666,0.04666666666666667,0.6794055201698513,0.5540245175361633,0.6364368426843032,0.08983557263886133,10.403650999069214
A0.35_R0.55_V0.30_P0.60,0.35,0.55,0.3,0.6,14,20274947,0.5375555555555556,0.24355555555555558,0.21888888888888888,0.7564444444444446,0.4624444444444444,0.5680645783870172,0.3731111111111111,0.6337556712442626,0.09236942077125683,0.9950229273235774,0.11069804138952744,0.4507564247075296,0.5639174151420593,0.4359981048107147,0.05792923649906891,4.520941771931118,0.9446616043780645,10.964,0.012707717257537682,0.8535587045651607,900,935,1.0,1.038888888888889,0.03888888888888889,0.6331550802139038,0.544682502746582,0.6422883974195277,0.0892426395352921,11.597412347793579
A0.35_R0.55_V0.30_P0.60,0.35,0.55,0.3,0.6,15,20275956,0.5304444444444445,0.24577777777777776,0.22377777777777777,0.7542222222222223,0.4695555555555555,0.5625294154124797,0.3642222222222222,0.6220726774364107,0.08725295952909638,0.993696073511854,0.11105519915261436,0.45066943961340755,0.558784749507904,0.439913569688797,0.05766356300434513,4.540618528630998,0.9393219522360751,10.984888888888888,0.012475809808187856,0.849567568608201,900,932,1.0,1.0355555555555556,0.035555555555555556,0.6502145922746781,0.5505538582801819,0.6306957531856318,0.08406837313587223,10.529988050460815
A0.35_R0.55_V0.30_P0.60,0.35,0.55,0.3,0.6,16,20276965,0.5428888888888889,0.23622222222222222,0.22088888888888888,0.7637777777777778,0.4571111111111111,0.5681265319556643,0.37244444444444447,0.6298337947831603,0.08995111336221634,0.9928588142517273,0.11016363697897365,0.45024262903626744,0.5641746377944946,0.43665650486946106,0.058336436995654876,4.5595000054041535,0.9474414643362152,11.035111111111112,0.012769204397051726,0.8432159711992453,900,945,1.0,1.05,0.05,0.6497354497354497,0.54668790102005,0.638330895882138,0.0870438949411525,10.247990846633911
A0.35_R0.55_V0.30_P0.60,0.35,0.55,0.3,0.6,17,20277974,0.532,0.24955555555555556,0.21844444444444444,0.7504444444444445,0.46799999999999997,0.5578000824736296,0.3455555555555555,0.615258345911709,0.08907321048387151,0.9939803748320837,0.10975582185459068,0.45144476343617235,0.5530453491210937,0.4356398952007294,0.05840844196151458,4.554554887241787,0.9381854536410504,11.149777777777777,0.012099074817844488,0.8563630238739824,900,944,1.0,1.048888888888889,0.04888888888888889,0.6430084745762712,0.5481071472167969,0.6238215033784773,0.08605403714145465,10.280192613601685
A0.35_R0.55_V0.30_P0.60,0.35,0.55,0.3,0.6,18,20278983,0.538888888888889,0.24666666666666667,0.21444444444444447,0.7533333333333334,0.4611111111111111,0.5705222289314342,0.39,0.6305229210551889,0.0975620128330352,0.9944218315664809,0.11405919551078203,0.45124686049818225,0.5637899422645569,0.4407253611087799,0.05789447548106766,4.567217313713497,0.9386330050539335,11.023555555555555,0.013840581525496203,0.847630518306757,900,936,1.0,1.04,0.04,0.6826923076923077,0.5513353943824768,0.6392654650549365,0.09413692307659804,10.883155345916748
A0.35_R0.55_V0.30_P0.60,0.35,0.55,0.3,0.6,19,20279992,0.5217777777777778,0.24977777777777777,0.22844444444444445,0.7502222222222223,0.4782222222222222,0.5597461721989654,0.3522222222222222,0.6209654678084697,0.0972410060732155,0.9941259508427858,0.11392032299583857,0.45236266942904996,0.5561259508132934,0.43968734502792356,0.05796896337678461,4.562314777586194,0.9377164657692414,10.986666666666665,0.013538329073178833,0.8519003250640621,900,936,1.0,1.04,0.04,0.6581196581196581,0.5502431392669678,0.6297200728785541,0.09377788428426559,10.464176893234253
A0.35_R0.55_V0.30_P0.90,0.35,0.55,0.3,0.9,0,20260821,0.5342222222222223,0.24022222222222223,0.22555555555555556,0.7597777777777779,0.46577777777777785,0.5685504238508838,0.3768888888888889,0.628224897533297,0.09848749653234712,0.9950648075387627,0.11238413191653387,0.4522095989753594,0.5632262420654297,0.4451554656028748,0.05712228429546866,4.551598022619882,0.9410954331987875,10.575999999999999,0.014205293203218994,0.853571378658057,900,923,1.0,1.0255555555555556,0.025555555555555557,0.6879739978331527,0.5542529225349426,0.636969484327068,0.09488265047180122,10.272058963775635
A0.35_R0.55_V0.30_P0.90,0.35,0.55,0.3,0.9,1,20261830,0.5559999999999999,0.22244444444444447,0.22155555555555556,0.7775555555555556,0.4439999999999999,0.584193821206496,0.4213333333333333,0.6467474988507437,0.09649720274727955,0.9934404530797124,0.10925673297159402,0.45170570410000593,0.5768022227287293,0.44771265983581543,0.056754810676598384,4.5483428330421445,0.9509137520775789,10.569333333333331,0.014927457028063125,0.847875775717005,900,915,1.0,1.0166666666666666,0.016666666666666666,0.6950819672131148,0.5549401044845581,0.6555322042280305,0.09293430280145887,10.33867597579956
A0.35_R0.55_V0.30_P0.90,0.35,0.55,0.3,0.9,2,20262839,0.534,0.2351111111111111,0.2308888888888889,0.7648888888888888,0.466,0.549862068606131,0.3311111111111111,0.6046859561071808,0.10125125299781569,0.9946412852364739,0.11748349714707146,0.44914705344449224,0.5464955925941467,0.4412530326843262,0.057318435754189954,4.527147342416975,0.9468921397169736,10.83333333333333,0.013053458457593006,0.848764325632604,900,926,1.0,1.028888888888889,0.028888888888888888,0.6565874730021598,0.5509834885597229,0.6135981988872926,0.09772044622434373,10.192588567733765
A0.35_R0.55_V0.30_P0.90,0.35,0.55,0.3,0.9,3,20263848,0.5486666666666666,0.23022222222222222,0.22111111111111112,0.7697777777777778,0.4513333333333333,0.5669448716583113,0.3677777777777777,0.6296291601644247,0.08728962697970762,0.994258441590069,0.10684804135016628,0.45200894396372426,0.5630459403991699,0.4406864368915558,0.057889509621353204,4.566404688199361,0.9335997228849544,10.895555555555557,0.013715327877038474,0.8468728102508746,900,935,1.0,1.038888888888889,0.03888888888888889,0.6641711229946524,0.5510573387145996,0.6383210050568999,0.08400608406097265,10.225822687149048
A0.35_R0.55_V0.30_P0.90,0.35,0.55,0.3,0.9,4,20264857,0.5457777777777778,0.23711111111111113,0.2171111111111111,0.762888888888889,0.45422222222222225,0.5597968942603566,0.3466666666666666,0.6188786521483379,0.09679750526325598,0.9952690155941124,0.11357777261738296,0.45108800388822223,0.5565483212471009,0.43853580832481387,0.057373060211049036,4.503642124387953,0.9445166190236612,10.682666666666666,0.01340070605527276,0.8433292072725179,900,925,1.0,1.0277777777777777,0.027777777777777776,0.6497297297297298,0.5459277629852295,0.627664003791675,0.09327385065626781,10.628860235214233
A0.35_R0.55_V0.30_P0.90,0.35,0.55,0.3,0.9,5,20265866,0.5357777777777778,0.24600000000000002,0.21822222222222223,0.754,0.46422222222222226,0.5625934809295563,0.35777777777777786,0.621994079313307,0.09657812690701847,0.9957092188648048,0.11248755303965374,0.4513746685216528,0.5581370067596435,0.4382593619823456,0.057385474860335205,4.501724930339389,0.9462553177107441,10.683555555555555,0.013220727832495623,0.8489692882904448,900,927,1.0,1.03,0.03,0.6440129449838188,0.5463204383850098,0.6307831472652617,0.09304167198820945,10.338882446289062
A0.35_R0.55_V0.30_P0.90,0.35,0.55,0.3,0.9,6,20266875,0.5373333333333332,0.24355555555555555,0.2191111111111111,0.7564444444444445,0.46266666666666667,0.5656485684167479,0.3651111111111111,0.6288873080831643,0.09518079774270874,0.9944531275676289,0.11291887704143519,0.45069587740196004,0.5614908289909363,0.4422682499885559,0.05718435754189945,4.526986181630028,0.9422088895357578,10.634666666666668,0.012784184858006628,0.84982651077291,900,924,1.0,1.0266666666666666,0.02666666666666667,0.6742424242424242,0.550755500793457,0.6375259841346965,0.09195904627841611,10.425638437271118
A0.35_R0.55_V0.30_P0.90,0.35,0.55,0.3,0.9,7,20267884,0.538888888888889,0.2471111111111111,0.214,0.7528888888888889,0.4611111111111111,0.5664391918272367,0.36711111111111117,0.6243703909028597,0.09989063584319666,0.9942049257231886,0.11453857290657314,0.45037097971022,0.561643431186676,0.44225984930992124,0.057340782122905026,4.539169651508331,0.9461001711705141,10.772000000000002,0.013753425980793104,0.8472957558669358,900,930,1.0,1.0333333333333334,0.03333333333333333,0.6559139784946236,0.5503920912742615,0.6330291977299533,0.0964447288982202,10.263179302215576
A0.35_R0.55_V0.30_P0.90,0.35,0.55,0.3,0.9,8,20268893,0.5402222222222223,0.24044444444444443,0.21933333333333332,0.7595555555555557,0.45977777777777773,0.5632356502404082,0.3602222222222223,0.6246010283550019,0.0977129971143858,0.9933615809688877,0.11428050505399369,0.45188253485203383,0.5603983974456788,0.4413670563697815,0.05704779639975171,4.506994611528185,0.9458976961091472,10.561333333333334,0.014111647780159421,0.8522670537316809,900,920,1.0,1.0222222222222221,0.022222222222222223,0.6521739130434783,0.5488340258598328,0.63334479282639,0.09416844700311788,10.406770706176758
A0.35_R0.55_V0.30_P0.90,0.35,0.55,0.3,0.9,9,20269902,0.5504444444444444,0.23777777777777778,0.21177777777777776,0.7622222222222221,0.44955555555555554,0.5693583635116519,0.3693333333333333,0.6304660403093667,0.08648797157625468,0.9937974177205692,0.10826983775423636,0.45090667073941954,0.5635506319999695,0.4402717137336731,0.05731346989447548,4.5167056943575545,0.9481508890842042,10.639111111111111,0.012565010271141373,0.8573134107761574,900,926,1.0,1.028888888888889,0.028888888888888888,0.6511879049676026,0.5498554706573486,0.6391042018736423,0.08344635672890854,10.71727967262268
A0.35_R0.55_V0.30_P0.90,0.35,0.55,0.3,0.9,10,20270911,0.5215555555555557,0.24266666666666667,0.23577777777777775,0.7573333333333333,0.4784444444444444,0.5441508696298457,0.31133333333333335,0.6072540964038068,0.08724717612488504,0.9938095107720577,0.11232958832703689,0.4512669861035189,0.5478042817115784,0.4430601811408997,0.05740533829919305,4.552672218587663,0.946713316882331,10.748444444444445,0.011452485682013574,0.8449100188276855,900,925,1.0,1.0277777777777777,0.027777777777777776,0.6810810810810811,0.5546082854270935,0.615883570106273,0.08437945655716361,10.462315797805786
A0.35_R0.55_V0.30_P0.90,0.35,0.55,0.3,0.9,11,20271920,0.5402222222222223,0.2468888888888889,0.21288888888888888,0.7531111111111111,0.45977777777777773,0.5715220008535808,0.38533333333333336,0.6343487805331841,0.09564184195288722,0.9940790658734281,0.11294707920563216,0.45011508938433614,0.5656234812736511,0.4404863178730011,0.0572513966480447,4.513995603773329,0.9365965406933412,10.625333333333334,0.013151530008478891,0.8517861613993368,900,926,1.0,1.028888888888889,0.028888888888888888,0.6641468682505399,0.5484080910682678,0.642954964572823,0.09235439939632317,10.316555738449097
A0.35_R0.55_V0.30_P0.90,0.35,0.55,0.3,0.9,12,20272929,0.548888888888889,0.23777777777777778,0.21333333333333332,0.7622222222222221,0.4511111111111111,0.5710517093526633,0.3908888888888889,0.6349532552315462,0.08710811059430025,0.9930380599511779,0.11100567713924604,0.45079092485861955,0.56849600315094,0.441636643409729,0.056960893854748604,4.50284978140725,0.9514909978448043,10.639111111111111,0.013430337351155952,0.8487366338826942,900,921,1.0,1.0233333333333334,0.023333333333333334,0.6590662323561346,0.5489266514778137,0.643577574491191,0.08395102983024749,10.368293523788452
A0.35_R0.55_V0.30_P0.90,0.35,0.55,0.3,0.9,13,20273938,0.5364444444444445,0.24377777777777776,0.21977777777777777,0.7562222222222222,0.46355555555555555,0.5670234856057919,0.3715555555555556,0.6273938193933903,0.09355969461854773,0.994142437720129,0.11297058429500856,0.4522424599859021,0.5621887731552124,0.4435168361663818,0.05751458721291124,4.565987496534984,0.9424578702523074,10.629777777777777,0.012898382491792766,0.8459999020177195,900,930,1.0,1.0333333333333334,0.03333333333333333,0.6795698924731183,0.5540245175361633,0.6360219412950509,0.09029537893277606,10.21729564666748
A0.35_R0.55_V0.30_P0.90,0.35,0.55,0.3,0.9,14,20274947,0.534888888888889,0.2317777777777778,0.23333333333333336,0.7682222222222223,0.46511111111111103,0.5689064569563199,0.37422222222222223,0.6340585352955997,0.092317202710482,0.9942295423736762,0.10866825564399793,0.45262410296559663,0.5644131255149841,0.43718511462211607,0.05740037243947859,4.491858129872216,0.9429929654348443,10.67911111111111,0.013496859002926895,0.8535587045651607,900,927,1.0,1.03,0.03,0.6461704422869471,0.544682502746582,0.6425961171846909,0.08910521836697893,10.396002292633057
A0.35_R0.55_V0.30_P0.90,0.35,0.55,0.3,0.9,15,20275956,0.524,0.256,0.22,0.7440000000000001,0.4759999999999999,0.5646869060785269,0.3762222222222222,0.6226718283847595,0.08718356174320395,0.9931116984290057,0.11089536243679529,0.45219433406010046,0.5594621539115906,0.44144474625587465,0.05704531346989449,4.507602018462287,0.93545346218432,10.639555555555555,0.012655187900493541,0.849567568608201,900,921,1.0,1.0233333333333334,0.023333333333333334,0.6634093376764386,0.5505538582801819,0.6313214717068468,0.08412945438710984,10.924164533615112
A0.35_R0.55_V0.30_P0.90,0.35,0.55,0.3,0.9,16,20276965,0.532888888888889,0.2391111111111111,0.228,0.7608888888888888,0.4671111111111111,0.566524424513043,0.3677777777777777,0.6292931204686117,0.08987005242611597,0.9931643440867783,0.11030223124160782,0.4519683083934379,0.5636405730247498,0.4381487274169922,0.057479826194909996,4.507947641001808,0.9406565547630744,10.746222222222224,0.013330802927829892,0.8432159711992453,900,929,1.0,1.0322222222222222,0.03222222222222222,0.6716899892357373,0.54668790102005,0.6379025834306455,0.08677206567267737,10.6495943069458
A0.35_R0.55_V0.30_P0.90,0.35,0.55,0.3,0.9,17,20277974,0.522,0.2562222222222222,0.22177777777777777,0.7437777777777776,0.478,0.5562562908402792,0.33577777777777784,0.6154333344783806,0.08890534560132704,0.9941633889932961,0.11032154296473236,0.45201975696472857,0.5542130827903747,0.4387395203113556,0.057149596523898206,4.488149417665269,0.9414276965047236,10.843111111111112,0.012037949047078006,0.8563630238739824,900,924,1.0,1.0266666666666666,0.02666666666666667,0.6601731601731602,0.5481071472167969,0.6240012297639819,0.08577733076955929,10.834789752960205
A0.35_R0.55_V0.30_P0.90,0.35,0.55,0.3,0.9,18,20278983,0.5384444444444444,0.24666666666666667,0.2148888888888889,0.7533333333333333,0.4615555555555556,0.568515244868286,0.3751111111111111,0.6306890079990006,0.09765297201775322,0.9937563815132501,0.11329505033512245,0.44921332336393527,0.5647878026962281,0.4433077168464661,0.05688888888888889,4.5141732583575775,0.9476339348065922,10.585333333333333,0.013188723155370879,0.847630518306757,900,919,1.0,1.021111111111111,0.021111111111111112,0.6811751904243744,0.5513353943824768,0.6392474675755371,0.09441467452154573,10.308254718780518
A0.35_R0.55_V0.30_P0.90,0.35,0.55,0.3,0.9,19,20279992,0.5373333333333333,0.23422222222222222,0.22844444444444445,0.7657777777777778,0.46266666666666667,0.563949571324763,0.3751111111111111,0.6215344048798255,0.09672791224648815,0.9940331834569187,0.11412223022083552,0.4530615205918165,0.5579698276519776,0.4426306664943695,0.05698820608317816,4.515160924169752,0.9490720495834377,10.694666666666667,0.013160891103108096,0.8519003250640621,900,921,1.0,1.0233333333333334,0.023333333333333334,0.6818675352877307,0.5502431392669678,0.6303234157984642,0.09339483783746605,10.526762962341309
A0.35_R0.55_V0.70_P0.60,0.35,0.55,0.7,0.6,0,20260821,0.5015555555555555,0.2617777777777778,0.2366666666666667,0.7382222222222222,0.4984444444444444,0.5690109502122872,0.38177777777777777,0.628945489074764,0.0979806984085069,0.9954586051370756,0.11216623138713051,0.45139080615669414,0.5628468084335327,0.44180811643600465,0.05842830540037244,4.620621758831871,0.9386375913460818,11.088444444444445,0.013230347937390944,0.853571378658057,900,943,1.0,1.0477777777777777,0.04777777777777778,0.6702014846235419,0.5542529225349426,0.6375925872126739,0.09445326103562057,10.500526428222656
A0.35_R0.55_V0.70_P0.60,0.35,0.55,0.7,0.6,1,20261830,0.52,0.2482222222222222,0.23177777777777778,0.7517777777777778,0.48,0.5824723406632836,0.41377777777777774,0.6469472583108207,0.09639341459083052,0.9936330418577626,0.1097782740195443,0.4494154950616654,0.5751174736022949,0.4438574826717377,0.05813283674736189,4.618491523159875,0.9331028059318984,11.010666666666669,0.014467239298310595,0.847875775717005,900,942,1.0,1.0466666666666666,0.04666666666666667,0.6687898089171974,0.5549401044845581,0.6556060958124661,0.09285966739162044,10.60772156715393
A0.35_R0.55_V0.70_P0.60,0.35,0.55,0.7,0.6,2,20262839,0.5284444444444445,0.24888888888888885,0.22266666666666665,0.7511111111111112,0.47155555555555556,0.5527150341645818,0.3322222222222222,0.6056939788458959,0.10042379027061436,0.9949121498268455,0.11634732592558729,0.45283859867070175,0.5462384390830993,0.43784022092819214,0.0587709497206704,4.6060068736606175,0.9416973166316217,11.159555555555555,0.012762858248490208,0.848764325632604,900,948,1.0,1.0533333333333332,0.05333333333333334,0.640295358649789,0.5509834885597229,0.614617439988522,0.09682951935914264,10.344303369522095
A0.35_R0.55_V0.70_P0.60,0.35,0.55,0.7,0.6,3,20263848,0.5284444444444444,0.23555555555555557,0.23600000000000002,0.7644444444444443,0.4715555555555555,0.5708912349793154,0.38333333333333336,0.6303316597044306,0.08698248888627975,0.9936564696843161,0.1073494443095623,0.45061914299490197,0.56348060131073,0.44204885721206666,0.05724891371818746,4.529836356798808,0.9433985604334645,10.968000000000002,0.012991703164950153,0.8468728102508746,900,925,1.0,1.0277777777777777,0.027777777777777776,0.6627027027027027,0.5510573387145996,0.6390506462263936,0.08373364075948042,10.331965208053589
A0.35_R0.55_V0.70_P0.60,0.35,0.55,0.7,0.6,4,20264857,0.5264444444444445,0.23444444444444443,0.2391111111111111,0.7655555555555554,0.47355555555555556,0.5631778139327976,0.3615555555555555,0.618787781619295,0.09644294998202853,0.9951093820385358,0.11345303447407719,0.45076533659439233,0.555282461643219,0.4360780119895935,0.05825450031036624,4.547135481145647,0.9504728689675447,11.156444444444444,0.013337860521031874,0.8433292072725179,900,940,1.0,1.0444444444444445,0.044444444444444446,0.6425531914893617,0.5459277629852295,0.6276365042991261,0.09289138762365723,10.335567474365234
A0.35_R0.55_V0.70_P0.60,0.35,0.55,0.7,0.6,5,20265866,0.5237777777777778,0.24244444444444443,0.23377777777777775,0.7575555555555554,0.4762222222222222,0.5680624170350851,0.38155555555555554,0.6223700494354375,0.09625746033511413,0.9951521479831547,0.11015821289181399,0.4533337681647015,0.5570070147514343,0.4361677086353302,0.058080695220360024,4.53450202565723,0.9384426833568408,11.137333333333334,0.01330180467962713,0.8489692882904448,900,939,1.0,1.0433333333333332,0.043333333333333335,0.6379126730564431,0.5463204383850098,0.6311958901305948,0.09281425927929243,10.266860723495483
A0.35_R0.55_V0.70_P0.60,0.35,0.55,0.7,0.6,6,20266875,0.5053333333333333,0.258,0.23666666666666664,0.742,0.4946666666666667,0.5669833130700757,0.37244444444444447,0.62861008164178,0.09500524398575536,0.9948555710469769,0.11194567850176344,0.45106065570538073,0.5594538378715516,0.4380184555053711,0.058641837368094356,4.597725805282592,0.9314591296684188,11.187999999999999,0.012849022774228145,0.84982651077291,900,947,1.0,1.0522222222222222,0.052222222222222225,0.6642027455121436,0.550755500793457,0.6372525369511992,0.09172485603576574,10.275362014770508
A0.35_R0.55_V0.70_P0.60,0.35,0.55,0.7,0.6,7,20267884,0.5277777777777778,0.242,0.23022222222222222,0.7580000000000001,0.4722222222222222,0.5639706714259806,0.364,0.6244161548089311,0.09986121877212983,0.994253388799483,0.1156867410912642,0.4514183493247043,0.5609651374816894,0.44044028997421264,0.057720670391061456,4.550613032076095,0.9424006339381513,11.063999999999998,0.012756355317740746,0.8472957558669358,900,931,1.0,1.0344444444444445,0.034444444444444444,0.6530612244897959,0.5503920912742615,0.6331062583801684,0.09636767358986198,10.892713785171509
A0.35_R0.55_V0.70_P0.60,0.35,0.55,0.7,0.6,8,20268893,0.5166666666666666,0.25155555555555553,0.23177777777777778,0.7484444444444445,0.4833333333333333,0.5672352974754016,0.3746666666666667,0.625189894070889,0.09768174940777176,0.9923096937374807,0.111660287491857,0.4502175160032457,0.5596589946746826,0.4378416585922241,0.05823215394165115,4.563764068285624,0.9355221180617821,11.105777777777776,0.01360800180916093,0.8522670537316809,900,941,1.0,1.0455555555555556,0.04555555555555556,0.6301806588735388,0.5488340258598328,0.6340113634718717,0.09414311734953817,10.494765281677246
A0.35_R0.55_V0.70_P0.60,0.35,0.55,0.7,0.6,9,20269902,0.5137777777777778,0.25733333333333336,0.22888888888888892,0.7426666666666665,0.4862222222222223,0.5693210800823172,0.3768888888888889,0.631334282052666,0.08623607048118206,0.9928489568942684,0.10728840309794024,0.4519596897458202,0.5622852873802185,0.43836343646049497,0.058130353817504664,4.561258595678542,0.9361392947961161,11.084444444444443,0.012386930374671987,0.8573134107761574,900,940,1.0,1.0444444444444445,0.044444444444444446,0.6457446808510638,0.5498554706573486,0.6399071140969159,0.08324376079348395,10.26035189628601
A0.35_R0.55_V0.70_P0.60,0.35,0.55,0.7,0.6,10,20270911,0.5164444444444445,0.2602222222222222,0.22333333333333336,0.7397777777777779,0.4835555555555555,0.5521951561468633,0.33399999999999996,0.6075796893128009,0.08683243678907501,0.9933852455691177,0.11102230076978432,0.4491053928763409,0.5459709715843201,0.4393972516059875,0.05868156424581006,4.615357509771982,0.934757127329054,11.17422222222222,0.01175617582062624,0.8449100188276855,900,947,1.0,1.0522222222222222,0.052222222222222225,0.6525871172122492,0.5546082854270935,0.6163642944897824,0.08378747071539094,10.204790115356445
A0.35_R0.55_V0.70_P0.60,0.35,0.55,0.7,0.6,11,20271920,0.5286666666666666,0.24533333333333332,0.22599999999999998,0.7546666666666667,0.4713333333333333,0.5716918986227766,0.3824444444444444,0.6347747059860364,0.09520355469534049,0.9939847442941421,0.11256900767244488,0.45175610065900046,0.5644141793251037,0.4384340405464172,0.05801365611421477,4.552850407971277,0.945262019999649,10.968444444444444,0.013170261739136751,0.8517861613993368,900,937,1.0,1.041111111111111,0.04111111111111111,0.6488794023479189,0.5484080910682678,0.6434187284236665,0.09198033938308403,10.274869441986084
A0.35_R0.55_V0.70_P0.60,0.35,0.55,0.7,0.6,12,20272929,0.518,0.24555555555555558,0.23644444444444446,0.7544444444444445,0.482,0.5756711459895043,0.3899999999999999,0.6355697976267295,0.08681545804110413,0.9917818637326188,0.10819749068291104,0.45172222642585724,0.5668017745018006,0.4382994115352631,0.0580633147113594,4.555271237002479,0.9430905033061004,11.05822222222222,0.012853807376747673,0.8487366338826942,900,939,1.0,1.0433333333333332,0.043333333333333335,0.6379126730564431,0.5489266514778137,0.6441500138324219,0.08373786425888441,10.611855506896973
A0.35_R0.55_V0.70_P0.60,0.35,0.55,0.7,0.6,13,20273938,0.5124444444444444,0.24266666666666667,0.2448888888888889,0.7573333333333333,0.48755555555555546,0.56760029210339,0.3691111111111111,0.6274460505388133,0.09342774781891766,0.9944645286322914,0.11045216326385277,0.4493307740975611,0.560555386543274,0.44133989691734316,0.05828926132836748,4.60472394657135,0.9379446703702109,11.118222222222222,0.012665006862854005,0.8459999020177195,900,943,1.0,1.0477777777777777,0.04777777777777778,0.6776246023329798,0.5540245175361633,0.6360815719610938,0.09012411112594965,10.37723684310913
A0.35_R0.55_V0.70_P0.60,0.35,0.55,0.7,0.6,14,20274947,0.5393333333333333,0.2528888888888889,0.20777777777777778,0.7471111111111111,0.4606666666666667,0.5737797042921247,0.38333333333333336,0.6348341212594767,0.09143504093885926,0.9944925369236222,0.10858100609131421,0.451326448894139,0.5638887453079223,0.43521045088768007,0.058140285536933595,4.529095892535316,0.9455569543055107,11.042666666666664,0.013490248336482711,0.8535587045651607,900,942,1.0,1.0466666666666666,0.04666666666666667,0.6273885350318471,0.544682502746582,0.6434603693036606,0.08831779878476209,10.347155094146729
A0.35_R0.55_V0.70_P0.60,0.35,0.55,0.7,0.6,15,20275956,0.5251111111111111,0.252,0.22288888888888891,0.7480000000000001,0.47488888888888886,0.5656442514729695,0.36711111111111117,0.623269675940199,0.0862915365377944,0.9933404205109778,0.11015631740320916,0.45278617956907063,0.5588175082206726,0.4412223160266876,0.05711980136561143,4.511238094700707,0.9432301845819759,10.878222222222224,0.011940618882134688,0.849567568608201,900,921,1.0,1.0233333333333334,0.023333333333333334,0.6710097719869706,0.5505538582801819,0.6318162414227566,0.0832928622896476,10.238235235214233
A0.35_R0.55_V0.70_P0.60,0.35,0.55,0.7,0.6,16,20276965,0.5257777777777778,0.24222222222222223,0.23200000000000004,0.7577777777777779,0.47422222222222216,0.5687715062628798,0.3791111111111111,0.6299630044652428,0.08987393278557501,0.9939410703460433,0.1103518646024656,0.45179386710736447,0.5639326667785645,0.4354598081111908,0.05864928615766605,4.57143275308609,0.942249235667052,11.244888888888887,0.012552767830372095,0.8432159711992453,900,947,1.0,1.0522222222222222,0.052222222222222225,0.6473072861668426,0.54668790102005,0.6385747653041901,0.08679197592955146,10.327042579650879
A0.35_R0.55_V0.70_P0.60,0.35,0.55,0.7,0.6,17,20277974,0.49133333333333334,0.2642222222222222,0.24444444444444444,0.7357777777777776,0.5086666666666667,0.558179165375888,0.3473333333333333,0.6162301960332058,0.08814978077095717,0.993285324711091,0.10961293838897031,0.45199444561382224,0.5531165385246277,0.4356580662727356,0.058448168839230305,4.5577750607066685,0.9331274723710465,11.12177777777778,0.011700466029433886,0.8563630238739824,900,945,1.0,1.05,0.05,0.6423280423280423,0.5481071472167969,0.6247222989994837,0.0851192148666573,10.341025352478027
A0.35_R0.55_V0.70_P0.60,0.35,0.55,0.7,0.6,18,20278983,0.5131111111111111,0.25866666666666666,0.22822222222222222,0.7413333333333334,0.4868888888888889,0.5716471968726704,0.3893333333333333,0.6308242882870062,0.09775582115137268,0.9949346398816051,0.11342800785529107,0.4518413004700406,0.5623151755332947,0.43783247590065,0.0589050279329609,4.616386544651455,0.9309958394543894,11.152888888888889,0.01347135941549131,0.847630518306757,900,953,1.0,1.058888888888889,0.058888888888888886,0.6600209863588667,0.5513353943824768,0.6395479154733458,0.09426392354985236,10.75098180770874
A0.35_R0.55_V0.70_P0.60,0.35,0.55,0.7,0.6,19,20279992,0.5206666666666666,0.24866666666666667,0.23066666666666666,0.7513333333333333,0.4793333333333333,0.5625218057275161,0.3568888888888888,0.6216021384253052,0.09694632074434698,0.9946643290913793,0.11382466509244875,0.45037164644964833,0.5564003348350525,0.4384200930595398,0.05848541278708876,4.589716984642876,0.9378059836729049,11.083555555555556,0.013291498259895815,0.8519003250640621,900,943,1.0,1.0477777777777777,0.04777777777777778,0.6532343584305408,0.5502431392669678,0.6303173385241148,0.09360672591481922,10.430854082107544
A0.35_R0.55_V0.70_P0.90,0.35,0.55,0.7,0.9,0,20260821,0.5237777777777778,0.25,0.22622222222222224,0.7499999999999999,0.4762222222222222,0.5706282657332999,0.3806666666666667,0.6292057442366495,0.09774910016907064,0.9947608163969484,0.11134966965480508,0.4527047256100214,0.5634705018997193,0.4454962682723999,0.05707510862818126,4.551321515666114,0.947181584971684,10.601777777777777,0.013616083489161905,0.853571378658057,900,921,1.0,1.0233333333333334,0.023333333333333334,0.6905537459283387,0.5542529225349426,0.637922436277385,0.09416443307800937,10.34986400604248
A0.35_R0.55_V0.70_P0.90,0.35,0.55,0.7,0.9,1,20261830,0.5513333333333333,0.228,0.22066666666666668,0.7719999999999999,0.44866666666666666,0.5854611205998497,0.4237777777777778,0.647558597885769,0.09560534340188358,0.9931159889928619,0.10847696876630675,0.4507218596852216,0.5764744114875794,0.4468222987651825,0.057201738050900064,4.574999833318922,0.9381433507430067,10.722666666666663,0.01436752921041067,0.847875775717005,900,923,1.0,1.0255555555555556,0.025555555555555557,0.695557963163597,0.5549401044845581,0.6563039793784479,0.0920060914859615,10.306877851486206
A0.35_R0.55_V0.70_P0.90,0.35,0.55,0.7,0.9,2,20262839,0.5244444444444444,0.2446666666666667,0.2308888888888889,0.7553333333333333,0.47555555555555556,0.5535065985017307,0.3464444444444444,0.6059914950024625,0.10040250487667607,0.9945298793386683,0.11653081764989967,0.45116137224760033,0.5476517820358277,0.4416681981086731,0.05720422098075731,4.522375922309028,0.93501550219538,10.89288888888889,0.013191673757510798,0.848764325632604,900,924,1.0,1.0266666666666666,0.02666666666666667,0.6677489177489178,0.5509834885597229,0.6149899723804778,0.09681014397265231,10.215599060058594
A0.35_R0.55_V0.70_P0.90,0.35,0.55,0.7,0.9,3,20263848,0.5355555555555556,0.23711111111111113,0.22733333333333333,0.762888888888889,0.46444444444444444,0.5685314803780153,0.3695555555555556,0.630563384737028,0.08655583351129137,0.9937343836458362,0.10927393619788336,0.45067314715415163,0.564064416885376,0.44235361337661744,0.05723153320918684,4.5315395389662845,0.9366708136926732,10.665333333333333,0.013273435915653728,0.8468728102508746,900,925,1.0,1.0277777777777777,0.027777777777777776,0.667027027027027,0.5510573387145996,0.639236123335282,0.0833912896131177,10.462973833084106
A0.35_R0.55_V0.70_P0.90,0.35,0.55,0.7,0.9,4,20264857,0.5446666666666666,0.2308888888888889,0.22444444444444447,0.7691111111111111,0.4553333333333333,0.5657268916874447,0.36199999999999993,0.6197738809844701,0.09619493498051285,0.9950260699808454,0.1121217123014628,0.4508321909572289,0.5565919685363769,0.43772398710250854,0.0576759776536313,4.518910482777489,0.9451509216711902,10.819555555555558,0.013462967672981463,0.8433292072725179,900,935,1.0,1.038888888888889,0.03888888888888889,0.6438502673796791,0.5459277629852295,0.6287674838324233,0.0925742142638184,10.653244256973267
A0.35_R0.55_V0.70_P0.90,0.35,0.55,0.7,0.9,5,20265866,0.5151111111111111,0.2577777777777778,0.22711111111111112,0.7422222222222223,0.4848888888888889,0.566295497584334,0.37822222222222224,0.6224176186022623,0.09587089365658144,0.9950260457835095,0.1117548248301254,0.4511304499928956,0.558453049659729,0.43831491231918335,0.05733581626319057,4.498411759959327,0.9383293742488484,10.621333333333332,0.013146100627868354,0.8489692882904448,900,925,1.0,1.0277777777777777,0.027777777777777776,0.6454054054054054,0.5463204383850098,0.6310981457774485,0.09246210917138886,10.213753700256348
A0.35_R0.55_V0.70_P0.90,0.35,0.55,0.7,0.9,6,20266875,0.5297777777777778,0.23533333333333334,0.2348888888888889,0.7646666666666665,0.47022222222222226,0.5687013510509774,0.3808888888888889,0.6286462979478206,0.09515893188447834,0.9945537880271728,0.11226754113416579,0.4523441303156834,0.5620582771301269,0.4423178327083588,0.057094972067039104,4.520404637707604,0.9419428024519227,10.76,0.01351439467209136,0.84982651077291,900,923,1.0,1.0255555555555556,0.025555555555555557,0.6836403033586133,0.550755500793457,0.6375077372997321,0.09181063842306436,10.424147367477417
A0.35_R0.55_V0.70_P0.90,0.35,0.55,0.7,0.9,7,20267884,0.5153333333333333,0.24511111111111114,0.2395555555555556,0.7548888888888888,0.4846666666666667,0.5678855899068136,0.3753333333333333,0.6237941994156411,0.09998110617692008,0.9945891543503439,0.1155365080509855,0.45305347672438623,0.5594242000579834,0.4408776366710663,0.057591558038485424,4.544877862877316,0.9353269517469311,10.765777777777778,0.013058592157591193,0.8472957558669358,900,929,1.0,1.0322222222222222,0.03222222222222222,0.658772874058127,0.5503920912742615,0.6324522799018724,0.09650274441835327,10.183426141738892
A0.35_R0.55_V0.70_P0.90,0.35,0.55,0.7,0.9,8,20268893,0.5184444444444445,0.25022222222222223,0.23133333333333336,0.7497777777777778,0.4815555555555555,0.5690148834418602,0.382,0.6255025089708615,0.09710096217049617,0.9934546328947986,0.11359021885505392,0.45125725082816687,0.5610591745376587,0.4411348283290863,0.05713469894475482,4.51146611515681,0.9374194134858979,10.556,0.014114925360336152,0.8522670537316809,900,922,1.0,1.0244444444444445,0.024444444444444446,0.6409978308026031,0.5488340258598328,0.6344124224194098,0.09353757790159145,10.208153009414673
A0.35_R0.55_V0.70_P0.90,0.35,0.55,0.7,0.9,9,20269902,0.5311111111111111,0.2546666666666667,0.2142222222222222,0.7453333333333333,0.46888888888888886,0.5716943986410518,0.3871111111111111,0.6317252549721698,0.0856598230271505,0.9929048708963356,0.11004660715236379,0.45300271044402046,0.5629112458229065,0.4390043973922729,0.05780260707635009,4.542167674276564,0.9350480898627133,10.746666666666668,0.01236689941711146,0.8573134107761574,900,933,1.0,1.0366666666666666,0.03666666666666667,0.6495176848874598,0.5498554706573486,0.6404477187636698,0.08259439316605643,10.389544248580933
A0.35_R0.55_V0.70_P0.90,0.35,0.55,0.7,0.9,10,20270911,0.5275555555555556,0.24555555555555558,0.2268888888888889,0.7544444444444445,0.4724444444444444,0.5508392435968886,0.32955555555555555,0.6079340192753326,0.08679385884010009,0.9937763437981743,0.11386168515622196,0.4487980164933079,0.5479350471496582,0.44246947288513183,0.05758162631905649,4.5604503155284455,0.9428233810718285,10.710666666666667,0.011350408253099277,0.8449100188276855,900,932,1.0,1.0355555555555556,0.035555555555555556,0.6620171673819742,0.5546082854270935,0.6167058618383072,0.08376655714218506,10.932422637939453
A0.35_R0.55_V0.70_P0.90,0.35,0.55,0.7,0.9,11,20271920,0.5233333333333333,0.2446666666666667,0.23199999999999998,0.7553333333333333,0.4766666666666666,0.5726179622625123,0.38355555555555554,0.634904010263753,0.09518566529454102,0.99409144357272,0.11144192769950462,0.4537820719967175,0.5655876111984253,0.4399471426010132,0.0573854748603352,4.519072550561693,0.9385133521691981,10.636888888888887,0.013000143041009651,0.8517861613993368,900,926,1.0,1.028888888888889,0.028888888888888888,0.6663066954643628,0.5484080910682678,0.6435232700798101,0.09191128014646321,10.283549547195435
A0.35_R0.55_V0.70_P0.90,0.35,0.55,0.7,0.9,12,20272929,0.5344444444444445,0.23399999999999999,0.2315555555555556,0.7659999999999999,0.4655555555555555,0.5766271492955289,0.39799999999999996,0.6359615966637665,0.08646548012596622,0.9915748752805178,0.10691996083488708,0.4503616755800929,0.5673612546920777,0.43994099855422975,0.05762631905648666,4.537921121968163,0.9435349291527799,10.698222222222222,0.013283911677005806,0.8487366338826942,900,933,1.0,1.0366666666666666,0.03666666666666667,0.647374062165059,0.5489266514778137,0.6446315409064021,0.0832658234363799,11.390101194381714
A0.35_R0.55_V0.70_P0.90,0.35,0.55,0.7,0.9,13,20273938,0.5362222222222222,0.23511111111111113,0.22866666666666668,0.7648888888888888,0.4637777777777778,0.566963693667474,0.3595555555555556,0.6278777888537923,0.09294802557398932,0.9951320919201112,0.10964040728553352,0.4498206050000498,0.5618800663948059,0.44402793765068055,0.0573854748603352,4.560948677751753,0.9473094254980527,10.764888888888889,0.013081028378563014,0.8459999020177195,900,927,1.0,1.03,0.03,0.6871628910463862,0.5540245175361633,0.6366379367658022,0.08959338915473847,10.247600317001343
A0.35_R0.55_V0.70_P0.90,0.35,0.55,0.7,0.9,14,20274947,0.4968888888888888,0.26955555555555555,0.23355555555555557,0.7304444444444446,0.5031111111111112,0.5691182226569176,0.3731111111111111,0.6348406960869322,0.0914478515419241,0.9938335297595166,0.10952675624830409,0.4512681534532046,0.5645464634895325,0.4372434663772583,0.05726132836747362,4.481598098278045,0.9447180348004638,10.725333333333333,0.01339221548800221,0.8535587045651607,900,924,1.0,1.0266666666666666,0.02666666666666667,0.6417748917748918,0.544682502746582,0.6433384833389691,0.08842869667048658,10.300585269927979
A0.35_R0.55_V0.70_P0.90,0.35,0.55,0.7,0.9,15,20275956,0.516888888888889,0.2542222222222222,0.2288888888888889,0.7457777777777777,0.4831111111111111,0.5636204465925421,0.35488888888888886,0.6230320963681681,0.08663010428698038,0.9932238826411557,0.10916309157042076,0.4511360502431552,0.5587421226501464,0.4407911026477814,0.05741775294847921,4.530352945804596,0.9411891891891893,10.755111111111109,0.012626424049478818,0.849567568608201,900,925,1.0,1.0277777777777777,0.027777777777777776,0.6745945945945946,0.5505538582801819,0.6317400472295466,0.08354300503212952,10.470570087432861
A0.35_R0.55_V0.70_P0.90,0.35,0.55,0.7,0.9,16,20276965,0.5251111111111111,0.2431111111111111,0.23177777777777778,0.7568888888888888,0.47488888888888886,0.5716411474903218,0.38733333333333336,0.6301095093580771,0.08958899991342822,0.9937646343488613,0.10934802429686398,0.4520769169408244,0.5649547147750854,0.43896421551704407,0.05716945996275606,4.4920670508808564,0.9444082519001087,10.501333333333335,0.012987057759264198,0.8432159711992453,900,921,1.0,1.0233333333333334,0.023333333333333334,0.6623235613463626,0.54668790102005,0.6387787912947783,0.08659241796341788,10.494325876235962
A0.35_R0.55_V0.70_P0.90,0.35,0.55,0.7,0.9,17,20277974,0.4991111111111111,0.2628888888888889,0.23800000000000002,0.737111111111111,0.5008888888888889,0.5578193111866585,0.3433333333333334,0.6167200835001109,0.08819066735339715,0.9934531926431298,0.11146170388570598,0.45108033196821934,0.5545174789428711,0.43831599712371827,0.05736561142147736,4.50079268889957,0.9417842310102829,10.634666666666668,0.011530295942674693,0.8563630238739824,900,926,1.0,1.028888888888889,0.028888888888888888,0.6511879049676026,0.5481071472167969,0.6252152964822443,0.08513446584868567,10.30309247970581
A0.35_R0.55_V0.70_P0.90,0.35,0.55,0.7,0.9,18,20278983,0.5171111111111111,0.24511111111111109,0.23777777777777778,0.7548888888888888,0.4828888888888889,0.5710819833107159,0.3797777777777778,0.6317038719959938,0.097168919640221,0.9936415004432284,0.11495090014321228,0.4501933580972778,0.5645137786865234,0.4426672339439392,0.05728367473618871,4.53888590531879,0.9439179227019399,10.68,0.013896295210883576,0.847630518306757,900,926,1.0,1.028888888888889,0.028888888888888888,0.6792656587473002,0.5513353943824768,0.6404170948121745,0.0938394390742523,10.483124732971191
A0.35_R0.55_V0.70_P0.90,0.35,0.55,0.7,0.9,19,20279992,0.5246666666666666,0.24866666666666667,0.22666666666666668,0.7513333333333334,0.4753333333333334,0.5646309565714813,0.3655555555555555,0.622067552247636,0.09633396365422825,0.9942769267579671,0.11364956937627968,0.45156275684156455,0.5570078563690185,0.44138784408569337,0.05732588454376164,4.529076885064443,0.9497483101446904,10.757333333333335,0.01331034478511444,0.8519003250640621,900,927,1.0,1.03,0.03,0.668824163969795,0.5502431392669678,0.6309035741979839,0.09294556804176124,10.254716396331787
A0.35_R0.74_V0.30_P0.60,0.35,0.74,0.3,0.6,0,20260821,0.48577777777777775,0.29444444444444445,0.21977777777777782,0.7055555555555554,0.5142222222222222,0.5844125151793517,0.41977777777777775,0.6417389917010454,0.08835868864495058,0.9932579069827642,0.1044327851830224,0.5685919110143919,0.567575523853302,0.441336076259613,0.05704531346989448,4.5065317179361974,0.9343634385201305,10.950666666666667,0.009946385511730896,0.853571378658057,900,919,1.0,1.021111111111111,0.021111111111111112,0.6681175190424374,0.5542529225349426,0.6509552670770127,0.08469404456856222,10.265773057937622
A0.35_R0.74_V0.30_P0.60,0.35,0.74,0.3,0.6,1,20261830,0.5006666666666666,0.276,0.22333333333333333,0.7239999999999999,0.49933333333333335,0.597789852404551,0.4506666666666667,0.6593805363607117,0.08699026879319581,0.9911191328999719,0.09939011650669828,0.5683182093992533,0.578787956237793,0.4429148244857788,0.0569211669770329,4.512737830691867,0.9345301495346712,10.992444444444445,0.010877655508514378,0.847875775717005,900,919,1.0,1.021111111111111,0.021111111111111112,0.6692056583242655,0.5549401044845581,0.6684262923717705,0.08333706020803211,10.760016679763794
A0.35_R0.74_V0.30_P0.60,0.35,0.74,0.3,0.6,2,20262839,0.4877777777777778,0.28955555555555557,0.22266666666666665,0.7104444444444443,0.5122222222222222,0.5697185452920579,0.3784444444444444,0.6205849496775084,0.09043360725949208,0.9907541187184761,0.10561049068676674,0.5684550278530095,0.5512164783477783,0.43712336897850035,0.0573060211049038,4.4838689718776275,0.9215318800739349,10.972444444444445,0.008950670551073086,0.848764325632604,900,924,1.0,1.0266666666666666,0.02666666666666667,0.6385281385281385,0.5509834885597229,0.630073701738645,0.0866203739962379,10.193765878677368
A0.35_R0.74_V0.30_P0.60,0.35,0.74,0.3,0.6,3,20263848,0.49266666666666664,0.2957777777777778,0.21155555555555558,0.7042222222222222,0.5073333333333333,0.5849880693677798,0.4157777777777778,0.6430506750041222,0.07898375966851284,0.9914146114316361,0.10006969373533554,0.57154561382108,0.5672395563125611,0.437516496181488,0.05752700186219739,4.505187238163418,0.9266198145306186,11.12088888888889,0.010396976647432873,0.8468728102508746,900,928,1.0,1.031111111111111,0.03111111111111111,0.6454741379310345,0.5510573387145996,0.6521107373985713,0.07562924008975225,10.158723592758179
A0.35_R0.74_V0.30_P0.60,0.35,0.74,0.3,0.6,4,20264857,0.4795555555555556,0.29066666666666663,0.22977777777777778,0.7093333333333333,0.5204444444444444,0.5780856739835473,0.402,0.6325017562225157,0.08776122979233673,0.993257720411628,0.1063391978721554,0.5712058284881875,0.5597359490394592,0.4330834448337555,0.057792675356921175,4.480086442046695,0.9251141201216613,11.133333333333333,0.00891932152605464,0.8433292072725179,900,934,1.0,1.0377777777777777,0.03777777777777778,0.6209850107066381,0.5459277629852295,0.6417594930591519,0.08412296984213152,10.223856687545776
A0.35_R0.74_V0.30_P0.60,0.35,0.74,0.3,0.6,5,20265866,0.4846666666666667,0.29155555555555557,0.2237777777777778,0.7084444444444444,0.5153333333333333,0.5787687173992143,0.39266666666666666,0.6354072902395206,0.08659941336621266,0.9925467478660572,0.10151159906283837,0.5693509011595743,0.5619859981536866,0.4329543673992157,0.05785474860335196,4.483594466262394,0.9323602865935321,10.939555555555556,0.009526427177235761,0.8489692882904448,900,934,1.0,1.0377777777777777,0.03777777777777778,0.619914346895075,0.5463204383850098,0.6445305508392641,0.08300797980836805,10.201508283615112
A0.35_R0.74_V0.30_P0.60,0.35,0.74,0.3,0.6,6,20266875,0.49177777777777776,0.29688888888888887,0.21133333333333332,0.7031111111111111,0.5082222222222222,0.5839982835599077,0.41577777777777775,0.6418075821985403,0.08727367577828264,0.9933209306670807,0.10372360969130043,0.5687809787467853,0.5643742847442627,0.4379893350601196,0.057353196772191195,4.496395922131009,0.9216292281727613,11.005777777777778,0.010201718706681321,0.84982651077291,900,926,1.0,1.028888888888889,0.028888888888888888,0.6544276457883369,0.550755500793457,0.6509544604213086,0.08379615878768276,10.182499408721924
A0.35_R0.74_V0.30_P0.60,0.35,0.74,0.3,0.6,7,20267884,0.48200000000000004,0.3015555555555556,0.21644444444444447,0.6984444444444445,0.5179999999999999,0.5779126538273194,0.39399999999999996,0.6367710825683865,0.09101535873837743,0.9923189247557097,0.10698357357766436,0.5685441155931321,0.5642442846298218,0.43789560794830323,0.057062693978895095,4.472725980122885,0.9289885710846029,10.809333333333335,0.009697547914931704,0.8472957558669358,900,920,1.0,1.0222222222222221,0.022222222222222223,0.65,0.5503920912742615,0.6458839948300366,0.08736973424989158,10.840201139450073
A0.35_R0.74_V0.30_P0.60,0.35,0.74,0.3,0.6,8,20268893,0.49488888888888893,0.2822222222222222,0.2228888888888889,0.7177777777777777,0.5051111111111111,0.5811020083418739,0.40666666666666673,0.6387860410917077,0.088571148516242,0.9914763943557512,0.10663096593964744,0.5674053529702647,0.564543468952179,0.4374084973335266,0.05692364990689014,4.456782717121972,0.9333540157736198,10.937333333333333,0.010211576955118913,0.8522670537316809,900,921,1.0,1.0233333333333334,0.023333333333333334,0.6254071661237784,0.5488340258598328,0.6480210859013709,0.08489774975981557,10.211660861968994
A0.35_R0.74_V0.30_P0.60,0.35,0.74,0.3,0.6,9,20269902,0.48444444444444446,0.29466666666666663,0.22088888888888886,0.7053333333333334,0.5155555555555555,0.5848070194876785,0.4126666666666667,0.6442130661669527,0.07833157983491183,0.9905923125694681,0.10057369063182929,0.5682652914540022,0.5670316576957702,0.43592665672302244,0.05763128491620113,4.496966882334815,0.9361074569156212,10.937333333333333,0.008318894070934313,0.8573134107761574,900,930,1.0,1.0333333333333334,0.03333333333333333,0.632258064516129,0.5498554706573486,0.6531850705282689,0.07518550477694408,10.383768081665039
A0.35_R0.74_V0.30_P0.60,0.35,0.74,0.3,0.6,10,20270911,0.47955555555555557,0.2991111111111111,0.22133333333333335,0.7008888888888888,0.5204444444444445,0.5701322859707225,0.37133333333333324,0.6229172912336791,0.07874325169037255,0.9890349484791991,0.1039117823560855,0.5697017604004517,0.5518695497512818,0.43881394624710085,0.05739788950962135,4.50835289753808,0.9336412300696965,11.047555555555554,0.007744231977868872,0.8449100188276855,900,927,1.0,1.03,0.03,0.6537216828478964,0.5546082854270935,0.6322313217479529,0.07565033209114191,10.610329389572144
A0.35_R0.74_V0.30_P0.60,0.35,0.74,0.3,0.6,11,20271920,0.48644444444444446,0.2886666666666667,0.22488888888888892,0.7113333333333334,0.5135555555555555,0.586708279121846,0.4275555555555555,0.647081872940742,0.0872401454110775,0.9913134688571544,0.10401358544285301,0.570539966382618,0.5689144229888916,0.4353279495239258,0.057656114214773437,4.492691541353861,0.9308452085288583,10.959999999999997,0.009975715751908336,0.8517861613993368,900,931,1.0,1.0344444444444445,0.034444444444444444,0.6487647690655209,0.5484080910682678,0.6562585506181157,0.0837625124143464,10.321686029434204
A0.35_R0.74_V0.30_P0.60,0.35,0.74,0.3,0.6,12,20272929,0.48222222222222216,0.294,0.22377777777777777,0.7059999999999998,0.5177777777777779,0.5876497727969217,0.42800000000000005,0.6485270528631282,0.07917398185188977,0.9896032251697966,0.10058199170568034,0.5703022039918109,0.5714212369918823,0.4377542078495026,0.05688640595903166,4.457472566074795,0.9354476319456525,10.884444444444446,0.009325740681712292,0.8487366338826942,900,918,1.0,1.02,0.02,0.6470588235294118,0.5489266514778137,0.6574714166497994,0.07598007057295897,10.297714471817017
A0.35_R0.74_V0.30_P0.60,0.35,0.74,0.3,0.6,13,20273938,0.4875555555555555,0.28444444444444444,0.228,0.7155555555555554,0.5124444444444445,0.5851167924814251,0.41288888888888886,0.6416319881987482,0.08365518343759877,0.9929315045726763,0.10108067740457644,0.5696317485820209,0.5658507895469665,0.4390591788291931,0.057656114214773437,4.531133666409387,0.9317328238228536,11.112444444444446,0.009208827724059922,0.8459999020177195,900,933,1.0,1.0366666666666666,0.03666666666666667,0.6688102893890675,0.5540245175361633,0.6507902119651655,0.08013214695104987,10.80069375038147
A0.35_R0.74_V0.30_P0.60,0.35,0.74,0.3,0.6,14,20274947,0.47644444444444445,0.2931111111111111,0.23044444444444448,0.706888888888889,0.5235555555555556,0.5857544035356282,0.4235555555555555,0.6476320613318235,0.08348424284934694,0.9922888265925697,0.10256260963205839,0.5692413708760296,0.5691481494903564,0.4323177027702332,0.0577877094972067,4.471890571541256,0.9362376448032524,10.848888888888888,0.009201348877454942,0.8535587045651607,900,931,1.0,1.0344444444444445,0.034444444444444444,0.6122448979591837,0.544682502746582,0.6566608212822327,0.0801045046429063,10.409210205078125
A0.35_R0.74_V0.30_P0.60,0.35,0.74,0.3,0.6,15,20275956,0.4837777777777778,0.29044444444444445,0.2257777777777778,0.7095555555555555,0.5162222222222222,0.5816169477617837,0.40733333333333327,0.6368538387858866,0.07843927643042639,0.989759726089769,0.10093767494107052,0.56946460527414,0.5625638246536255,0.4362842059135437,0.05765114835505897,4.50217360607783,0.9229462468257004,11.007555555555557,0.0088201611157297,0.849567568608201,900,931,1.0,1.0344444444444445,0.034444444444444444,0.640171858216971,0.5505538582801819,0.6459253723065114,0.07519571086272703,10.48753547668457
A0.35_R0.74_V0.30_P0.60,0.35,0.74,0.3,0.6,16,20276965,0.484,0.29244444444444445,0.22355555555555554,0.7075555555555556,0.516,0.5842991136873998,0.41200000000000003,0.641704442435538,0.08204454634235829,0.9917073723055775,0.1005992028599406,0.5683135516948437,0.5678559732437134,0.4347006094455719,0.05719428926132836,4.450306929270426,0.9283702318363888,10.991555555555555,0.009051589197981482,0.8432159711992453,900,923,1.0,1.0255555555555556,0.025555555555555557,0.6446370530877573,0.54668790102005,0.6506648220136427,0.07885979549003319,10.379451513290405
A0.35_R0.74_V0.30_P0.60,0.35,0.74,0.3,0.6,17,20277974,0.48,0.3015555555555556,0.21844444444444444,0.6984444444444445,0.52,0.5766228327777234,0.3917777777777778,0.6306057881914423,0.07908881378118515,0.9897323103530198,0.09999705111590208,0.5700383177272766,0.5598049402236939,0.43533679127693176,0.05719180633147114,4.456604814688364,0.9301433625406712,10.953333333333333,0.00826484862425516,0.8563630238739824,900,924,1.0,1.0266666666666666,0.02666666666666667,0.6439393939393939,0.5481071472167969,0.6397360811124534,0.07581956732548134,10.389294147491455
A0.35_R0.74_V0.30_P0.60,0.35,0.74,0.3,0.6,18,20278983,0.46355555555555555,0.31022222222222223,0.22622222222222224,0.6897777777777777,0.5364444444444445,0.5888049037347263,0.4402222222222222,0.6441746841369467,0.0886433045645867,0.9920033883978785,0.10376928286942919,0.5674377081624771,0.5673346948623658,0.4379413962364197,0.05744754810676599,4.503308859613206,0.9307980696176362,11.047999999999996,0.009207837366151484,0.847630518306757,900,927,1.0,1.03,0.03,0.656957928802589,0.5513353943824768,0.6533290920951522,0.08504097392410781,10.737858057022095
A0.35_R0.74_V0.30_P0.60,0.35,0.74,0.3,0.6,19,20279992,0.48733333333333334,0.28644444444444445,0.2262222222222222,0.7135555555555554,0.5126666666666666,0.580516307437254,0.4082222222222222,0.6352439024077853,0.08822702342391611,0.9922084039366674,0.10257227739646751,0.5675990304272429,0.5606007814407349,0.43579854249954225,0.05787709497206705,4.514849983586205,0.9377068296923946,11.168,0.009483724011629708,0.8519003250640621,900,933,1.0,1.0366666666666666,0.03666666666666667,0.6420150053590568,0.5502431392669678,0.6445595839142715,0.08463136666157123,10.629795789718628
A0.35_R0.74_V0.30_P0.90,0.35,0.74,0.3,0.9,0,20260821,0.48644444444444446,0.2906666666666667,0.22288888888888891,0.7093333333333334,0.5135555555555555,0.583222877608802,0.426,0.6413535631945884,0.08942185044401625,0.99272496100318,0.10431979658379487,0.5686896999966016,0.565990092754364,0.44054277658462526,0.057263811297330845,4.515572799099815,0.9270734236639511,10.572888888888889,0.009682849826492479,0.853571378658057,900,925,1.0,1.0277777777777777,0.027777777777777776,0.6605405405405406,0.5542529225349426,0.6505317698841008,0.08565774204864685,10.391883373260498
A0.35_R0.74_V0.30_P0.90,0.35,0.74,0.3,0.9,1,20261830,0.49044444444444446,0.27955555555555556,0.23,0.7204444444444443,0.5095555555555555,0.5988364871928367,0.45444444444444443,0.6597708342618017,0.08756095291507612,0.9908166291469864,0.10188655263577254,0.5710870858258155,0.5794479250907898,0.442375123500824,0.05718435754189944,4.528098606533474,0.9370808129784155,10.765333333333333,0.010831086426928671,0.847875775717005,900,923,1.0,1.0255555555555556,0.025555555555555557,0.6652221018418202,0.5549401044845581,0.6689481739566171,0.0838995096980597,10.514371156692505
A0.35_R0.74_V0.30_P0.90,0.35,0.74,0.3,0.9,2,20262839,0.4562222222222222,0.3155555555555556,0.22822222222222222,0.6844444444444445,0.5437777777777778,0.5685028873134461,0.37866666666666665,0.6209789991094339,0.09035526793636997,0.9906928623574242,0.10582438480346706,0.5691630540571377,0.552384774684906,0.4378118526935577,0.05709745499689634,4.474601677258809,0.9229001993458013,10.663555555555554,0.00920156362242493,0.848764325632604,900,921,1.0,1.0233333333333334,0.023333333333333334,0.6438653637350705,0.5509834885597229,0.6304776817527399,0.08662929693800803,10.22676706314087
A0.35_R0.74_V0.30_P0.90,0.35,0.74,0.3,0.9,3,20263848,0.49177777777777776,0.294,0.2142222222222222,0.7060000000000001,0.5082222222222222,0.5851956573359582,0.424,0.6424910839718517,0.07891080799341323,0.9917684187733795,0.09748068743612481,0.5693341740353888,0.5672645688056945,0.43924219250679014,0.0568019863438858,4.46596104282803,0.9257343986426732,10.628444444444444,0.00951915139325547,0.8468728102508746,900,916,1.0,1.0177777777777777,0.017777777777777778,0.6473799126637555,0.5510573387145996,0.6516056315556884,0.0755971007737728,10.163881301879883
A0.35_R0.74_V0.30_P0.90,0.35,0.74,0.3,0.9,4,20264857,0.4784444444444445,0.2942222222222222,0.2273333333333333,0.7057777777777777,0.5215555555555556,0.5798547578957723,0.40444444444444444,0.6324762530171545,0.08771325420987786,0.9927432906382296,0.10333912487219152,0.5711070569197042,0.5605808973312378,0.43479774713516234,0.05700806952203601,4.436829283131494,0.936106368613042,10.679999999999998,0.009066775811298819,0.8433292072725179,900,919,1.0,1.021111111111111,0.021111111111111112,0.6267682263329706,0.5459277629852295,0.6417253870653435,0.08404580081869928,10.585195302963257
A0.35_R0.74_V0.30_P0.90,0.35,0.74,0.3,0.9,5,20265866,0.47444444444444445,0.3015555555555556,0.22400000000000003,0.6984444444444445,0.5255555555555556,0.5778323145641435,0.38955555555555554,0.6353135665346964,0.08684487662235156,0.992246461563293,0.10348309836808771,0.5690312081846234,0.5612762689590454,0.4338492274284363,0.05743513345747983,4.460284380488925,0.929230887369253,10.763555555555554,0.009071114624700036,0.8489692882904448,900,928,1.0,1.031111111111111,0.03111111111111111,0.6163793103448276,0.5463204383850098,0.6444713360792645,0.08324517483716587,10.15040111541748
A0.35_R0.74_V0.30_P0.90,0.35,0.74,0.3,0.9,6,20266875,0.4753333333333334,0.2884444444444444,0.23622222222222222,0.7115555555555556,0.5246666666666667,0.5846825047382685,0.4264444444444444,0.6420439099378882,0.08694820777787662,0.9929537639025625,0.10361088525552901,0.5692126669216023,0.5662569093704224,0.4387065076828003,0.057087523277467425,4.482909821987152,0.9290176416838112,10.701333333333332,0.009426302662156718,0.84982651077291,900,922,1.0,1.0244444444444445,0.024444444444444446,0.6518438177874186,0.550755500793457,0.6511692330371881,0.08344476578486071,10.354333400726318
A0.35_R0.74_V0.30_P0.90,0.35,0.74,0.3,0.9,7,20267884,0.5011111111111112,0.2828888888888889,0.21600000000000003,0.717111111111111,0.4988888888888889,0.5805547555309873,0.4131111111111111,0.6374402581551536,0.09085547424566608,0.9924354947184849,0.10568370630262032,0.5700839713157054,0.56446843624115,0.4374721646308899,0.057440099317194286,4.497899165630341,0.9254640324663699,10.755555555555556,0.009652861241189465,0.8472957558669358,900,928,1.0,1.031111111111111,0.03111111111111111,0.6454741379310345,0.5503920912742615,0.6465898777536113,0.08716714635662548,10.751985788345337
A0.35_R0.74_V0.30_P0.90,0.35,0.74,0.3,0.9,8,20268893,0.48488888888888887,0.29266666666666663,0.22244444444444444,0.7073333333333334,0.5151111111111111,0.5808104194588659,0.40644444444444444,0.6391677808643432,0.08832456617339562,0.9908709871281368,0.10417529490728245,0.5686507270554767,0.564943573474884,0.43684277892112733,0.05738299193047797,4.486941479418013,0.932298910976354,10.794666666666666,0.010166562646734186,0.8522670537316809,900,927,1.0,1.03,0.03,0.6213592233009708,0.5488340258598328,0.6484100979370983,0.08458850153288733,10.16750693321228
A0.35_R0.74_V0.30_P0.90,0.35,0.74,0.3,0.9,9,20269902,0.4933333333333333,0.2822222222222222,0.22444444444444442,0.7177777777777778,0.5066666666666667,0.5838932090758004,0.40777777777777774,0.6444176272732107,0.0783769106466425,0.990818615924772,0.09921222506179926,0.5711818563820996,0.5677608180046082,0.4375179088115692,0.05705027932960895,4.467842650943332,0.9317960038413379,10.686222222222222,0.009055561767158599,0.8573134107761574,900,921,1.0,1.0233333333333334,0.023333333333333334,0.6362649294245385,0.5498554706573486,0.6533589278651305,0.0752777588026925,10.198782682418823
A0.35_R0.74_V0.30_P0.90,0.35,0.74,0.3,0.9,10,20270911,0.4775555555555556,0.30533333333333335,0.21711111111111112,0.6946666666666667,0.5224444444444444,0.5698379395069774,0.37755555555555553,0.6233415092019111,0.07826470268478801,0.9889400431565433,0.10283586574522645,0.5683837572722716,0.5528273487091064,0.4405270779132843,0.05678460583488518,4.477642762131161,0.9279058781225055,10.62088888888889,0.008304039616721848,0.8449100188276855,900,916,1.0,1.0177777777777777,0.017777777777777778,0.6550218340611353,0.5546082854270935,0.6326262801415152,0.07514228480714347,10.644824743270874
A0.35_R0.74_V0.30_P0.90,0.35,0.74,0.3,0.9,11,20271920,0.49288888888888893,0.2877777777777778,0.21933333333333332,0.7122222222222223,0.5071111111111111,0.5892405671914023,0.4255555555555556,0.6473954575541379,0.0869606878513363,0.9911334676999951,0.10150037054437235,0.5692355171931384,0.5682062458992004,0.43709513664245603,0.05686405959031658,4.449008077886369,0.9278658822750242,10.655999999999999,0.010453843292416021,0.8517861613993368,900,918,1.0,1.02,0.02,0.6514161220043573,0.5484080910682678,0.6565460740907604,0.08345227560766877,10.093910455703735
A0.35_R0.74_V0.30_P0.90,0.35,0.74,0.3,0.9,12,20272929,0.5037777777777778,0.28577777777777774,0.21044444444444443,0.7142222222222222,0.4962222222222222,0.5906370202343652,0.4351111111111111,0.6484679150038042,0.07905293790070518,0.9902522233278164,0.09920700279603258,0.5708601628583846,0.5727751350402832,0.43788789987564086,0.05688392302917444,4.458617095841302,0.942075011364641,10.723555555555555,0.009915222124979549,0.8487366338826942,900,918,1.0,1.02,0.02,0.6416122004357299,0.5489266514778137,0.6575625505547387,0.07570547180596932,10.223348379135132
A0.35_R0.74_V0.30_P0.90,0.35,0.74,0.3,0.9,13,20273938,0.4937777777777778,0.2886666666666667,0.21755555555555556,0.7113333333333333,0.5062222222222222,0.5862796105833606,0.41999999999999993,0.6418016887713844,0.08407253766964061,0.9928514222492815,0.10068193628682151,0.5692421544176361,0.5663659334182739,0.43917327404022216,0.05766356300434513,4.532976229614682,0.934341928973452,10.672,0.009133351541914173,0.8459999020177195,900,931,1.0,1.0344444444444445,0.034444444444444444,0.6670247046186896,0.5540245175361633,0.6509984081130213,0.08057086766532251,10.176387071609497
A0.35_R0.74_V0.30_P0.90,0.35,0.74,0.3,0.9,14,20274947,0.4953333333333333,0.28,0.22466666666666668,0.7200000000000002,0.5046666666666667,0.5873050169560426,0.424,0.6478290313843916,0.08359104441988674,0.9918880105642814,0.10150735578950451,0.5697705100994503,0.5685209107398986,0.4330494511127472,0.05746244568590938,4.454180761761135,0.9354389261843475,10.628444444444444,0.00968515977213595,0.8535587045651607,900,927,1.0,1.03,0.03,0.6310679611650486,0.544682502746582,0.6568179068995249,0.08033041943671715,10.147015810012817
A0.35_R0.74_V0.30_P0.90,0.35,0.74,0.3,0.9,15,20275956,0.47888888888888886,0.2922222222222222,0.2288888888888889,0.7077777777777777,0.5211111111111112,0.5796708777236425,0.39888888888888885,0.6367785579499853,0.07893730031893557,0.9896158629661587,0.1018697622908747,0.5702069076632765,0.5632695293426514,0.43806899309158326,0.0568268156424581,4.455957292609744,0.9359926846559987,10.74,0.008704944655561453,0.849567568608201,900,917,1.0,1.018888888888889,0.01888888888888889,0.6477644492911668,0.5505538582801819,0.6457967993576531,0.07578064434163911,10.177164793014526
A0.35_R0.74_V0.30_P0.90,0.35,0.74,0.3,0.9,16,20276965,0.5006666666666667,0.2802222222222222,0.21911111111111112,0.7197777777777777,0.4993333333333333,0.5842774704005619,0.41555555555555557,0.6422538141616821,0.0816341320972215,0.991282149412511,0.1014306205679393,0.5697216008133464,0.5680389189720154,0.43590800523757933,0.05688640595903166,4.438682629214393,0.9411652769378027,10.672444444444444,0.009865756839919245,0.8432159711992453,900,917,1.0,1.018888888888889,0.01888888888888889,0.648854961832061,0.54668790102005,0.6513075747923932,0.07845729518182787,10.76837944984436
A0.35_R0.74_V0.30_P0.90,0.35,0.74,0.3,0.9,17,20277974,0.4606666666666667,0.3173333333333333,0.22200000000000003,0.6826666666666666,0.5393333333333333,0.5741330296732611,0.3808888888888889,0.6303384622873549,0.07939124547984946,0.9908796194718046,0.10162325278850236,0.570634470432247,0.559247043132782,0.4360371530056,0.05663563004345128,4.420396637651655,0.9266109739029234,10.612888888888888,0.007954109317145021,0.8563630238739824,900,914,1.0,1.0155555555555555,0.015555555555555555,0.650984682713348,0.5481071472167969,0.6394057831788492,0.07611576232702477,10.20410943031311
A0.35_R0.74_V0.30_P0.90,0.35,0.74,0.3,0.9,18,20278983,0.504,0.27488888888888885,0.22111111111111112,0.7251111111111112,0.496,0.5852853925671638,0.42666666666666664,0.6439592388354751,0.08890065176001016,0.9915457975560444,0.10509364600136774,0.5681166842527697,0.569475326538086,0.44061232447624205,0.05657107386716326,4.461631987094879,0.927939312887111,10.494666666666667,0.00988786736280762,0.847630518306757,900,914,1.0,1.0155555555555555,0.015555555555555555,0.6728665207877462,0.5513353943824768,0.6530622450620515,0.08531958500100156,10.228057146072388
A0.35_R0.74_V0.30_P0.90,0.35,0.74,0.3,0.9,19,20279992,0.4946666666666667,0.28288888888888886,0.22244444444444444,0.7171111111111113,0.5053333333333333,0.5798413789973739,0.39755555555555555,0.6356343765690089,0.08812323135392049,0.9915251144037545,0.10399924721735462,0.5686390850228388,0.5613938355445862,0.43869758367538453,0.05686902545003105,4.465670544518365,0.9340321345918805,10.633777777777777,0.010054201535359129,0.8519003250640621,900,918,1.0,1.02,0.02,0.6514161220043573,0.5502431392669678,0.6448860508589895,0.08454579660055228,10.436443328857422
A0.35_R0.74_V0.70_P0.60,0.35,0.74,0.7,0.6,0,20260821,0.4631111111111111,0.29866666666666664,0.23822222222222222,0.7013333333333333,0.5368888888888889,0.5882861824442946,0.4286666666666667,0.6427238782455857,0.0885018212000191,0.9928610551610321,0.10228951601444855,0.5708730470348143,0.5664087414741517,0.4392988920211792,0.05788206083178151,4.551472777843475,0.9257507540500478,10.987555555555554,0.009434034140345026,0.853571378658057,900,935,1.0,1.038888888888889,0.03888888888888889,0.6577540106951871,0.5542529225349426,0.6519594771876245,0.08473213184462058,10.234182596206665
A0.35_R0.74_V0.70_P0.60,0.35,0.74,0.7,0.6,1,20261830,0.49066666666666675,0.28,0.22933333333333333,0.72,0.5093333333333332,0.6016994370229597,0.4720000000000001,0.6603096205067842,0.0870506143753974,0.9915526366689433,0.10081747143198236,0.5672455620223008,0.5792223715782165,0.4408520233631134,0.05784729981378026,4.564768268585205,0.9302069168415865,10.930222222222222,0.01046840093535591,0.847875775717005,900,935,1.0,1.038888888888889,0.03888888888888889,0.6524064171122995,0.5549401044845581,0.669443213084463,0.08337310347038573,10.22661304473877
A0.35_R0.74_V0.70_P0.60,0.35,0.74,0.7,0.6,2,20262839,0.4771111111111111,0.29933333333333334,0.2235555555555556,0.7006666666666667,0.522888888888889,0.5708554099472081,0.38333333333333336,0.6214095578561238,0.09012745268723349,0.9914324962233758,0.1056021108113001,0.5681414901273106,0.5513364458084107,0.4367943918704987,0.057618870266914965,4.504972059726715,0.9334623670438583,10.90933333333333,0.009043927891432485,0.848764325632604,900,929,1.0,1.0322222222222222,0.03222222222222222,0.6415500538213132,0.5509834885597229,0.6309591994846583,0.08632209998030449,10.652073621749878
A0.35_R0.74_V0.70_P0.60,0.35,0.74,0.7,0.6,3,20263848,0.48222222222222216,0.2897777777777778,0.228,0.7102222222222223,0.5177777777777779,0.58707772603664,0.42733333333333334,0.6433579072282786,0.07913644016300475,0.9910315688675928,0.10053928170099499,0.5710596891616636,0.5676643705368042,0.43737969279289246,0.05760645561762881,4.510061297098796,0.9292271537804834,11.091555555555558,0.009384364525039603,0.8468728102508746,900,929,1.0,1.0322222222222222,0.03222222222222222,0.6372443487621098,0.5510573387145996,0.6524230097675703,0.0758523222434484,10.759813785552979
A0.35_R0.74_V0.70_P0.60,0.35,0.74,0.7,0.6,4,20264857,0.47244444444444444,0.3022222222222222,0.2253333333333333,0.6977777777777777,0.5275555555555556,0.5808487500542132,0.4008888888888889,0.6335287228994682,0.08682244348098436,0.993164951967453,0.10436404388290033,0.5702748078445242,0.5599990653991699,0.43355218768119813,0.05755431409062694,4.466455815527174,0.9209810316108147,10.936444444444444,0.010266957640664027,0.8433292072725179,900,930,1.0,1.0333333333333334,0.03333333333333333,0.6268817204301075,0.5459277629852295,0.6428353153212805,0.08307015568702947,10.252389430999756
A0.35_R0.74_V0.70_P0.60,0.35,0.74,0.7,0.6,5,20265866,0.4886666666666667,0.2806666666666667,0.23066666666666666,0.7193333333333334,0.5113333333333333,0.5826122767552344,0.4062222222222222,0.6363178060538225,0.08626162619306398,0.9920872811823271,0.10218961564873387,0.5696872292737034,0.5621449971199035,0.433230881690979,0.057921787709497206,4.491620864020454,0.9266971398437863,11.125777777777776,0.01006690544939503,0.8489692882904448,900,936,1.0,1.04,0.04,0.6185897435897436,0.5463204383850098,0.6455385475092712,0.08261920212356655,10.332565546035767
A0.35_R0.74_V0.70_P0.60,0.35,0.74,0.7,0.6,6,20266875,0.49555555555555564,0.2717777777777778,0.23266666666666666,0.7282222222222223,0.5044444444444444,0.5850588030852361,0.41133333333333333,0.6427612263563747,0.08687796026736158,0.9931184987351864,0.10431014544353612,0.567901025255368,0.5652177691459656,0.43671493768692016,0.05788702669149598,4.52507650089264,0.9258761264649975,11.017333333333333,0.01010396267882643,0.84982651077291,900,934,1.0,1.0377777777777777,0.03777777777777778,0.6509635974304069,0.550755500793457,0.6519684397539817,0.08334761851797712,10.153130531311035
A0.35_R0.74_V0.70_P0.60,0.35,0.74,0.7,0.6,7,20267884,0.4853333333333334,0.28355555555555556,0.2311111111111111,0.7164444444444444,0.5146666666666666,0.5811726320036464,0.4144444444444445,0.6376540827391259,0.09058399157158753,0.9918081395587134,0.10849933163191292,0.5683966116080605,0.565057680606842,0.4366512036323547,0.057815021725636254,4.518785152011447,0.9324912814354299,11.051555555555556,0.009782976720756406,0.8472957558669358,900,933,1.0,1.0366666666666666,0.03666666666666667,0.6420150053590568,0.5503920912742615,0.6467713900272728,0.08697845990734887,10.410652160644531
A0.35_R0.74_V0.70_P0.60,0.35,0.74,0.7,0.6,8,20268893,0.49288888888888893,0.2786666666666666,0.22844444444444445,0.7213333333333333,0.5071111111111111,0.5858455419734451,0.41666666666666674,0.6399777686163639,0.08757904597593662,0.9902049028665022,0.10287671774946293,0.5694224354191973,0.5653138828277587,0.4362866008281708,0.05756921166977033,4.495843323760563,0.9354366911079499,11.105777777777778,0.009776486323908085,0.8522670537316809,900,931,1.0,1.0344444444444445,0.034444444444444444,0.6197636949516648,0.5488340258598328,0.6492354487078854,0.08387968421704062,10.373056173324585
A0.35_R0.74_V0.70_P0.60,0.35,0.74,0.7,0.6,9,20269902,0.4871111111111111,0.29666666666666663,0.21622222222222223,0.7033333333333333,0.5128888888888887,0.5882815890956795,0.42133333333333334,0.6454428754184789,0.07790415684137555,0.9897300103682296,0.10015857137075317,0.5687776574787261,0.5677385687828064,0.436566663980484,0.057412787088764745,4.4864617110888165,0.9366417841976943,11.066666666666665,0.009228863281962875,0.8573134107761574,900,927,1.0,1.03,0.03,0.6245954692556634,0.5498554706573486,0.6545214927693129,0.07467040991129825,10.896876335144043
A0.35_R0.74_V0.70_P0.60,0.35,0.74,0.7,0.6,10,20270911,0.46555555555555556,0.30111111111111105,0.23333333333333336,0.698888888888889,0.5344444444444444,0.5717038509994399,0.37599999999999995,0.6238768173593884,0.0784063782545379,0.9893082001836355,0.10283654992027765,0.5701904301403836,0.5524352860450744,0.4370056128501892,0.05822967101179391,4.554912784311506,0.9312185217421289,11.199555555555554,0.00805325908401621,0.8449100188276855,900,939,1.0,1.0433333333333332,0.043333333333333335,0.6379126730564431,0.5546082854270935,0.6331878893117042,0.07518141613837948,10.476982355117798
A0.35_R0.74_V0.70_P0.60,0.35,0.74,0.7,0.6,11,20271920,0.4893333333333333,0.27355555555555555,0.23711111111111108,0.7264444444444444,0.5106666666666667,0.587327529221578,0.42022222222222216,0.6482028112736269,0.08642351751302683,0.9912138828863722,0.10251275739697752,0.568730061319781,0.5688597416877746,0.43473575115203855,0.05806579764121664,4.518437481509315,0.9350104107051389,11.116888888888887,0.009977759055508193,0.8517861613993368,900,938,1.0,1.0422222222222222,0.042222222222222223,0.6417910447761194,0.5484080910682678,0.6572243043675146,0.08292722505761829,10.226232051849365
A0.35_R0.74_V0.70_P0.60,0.35,0.74,0.7,0.6,12,20272929,0.4733333333333334,0.2853333333333333,0.2413333333333333,0.7146666666666668,0.5266666666666666,0.5946070295241273,0.44733333333333336,0.6496134872457695,0.07822539825084159,0.9885640978198702,0.09892224788034215,0.5692476762012793,0.5714277529716492,0.4352448809146881,0.05789447548106766,4.510465293566386,0.9370385600544938,10.984888888888888,0.010108683672394569,0.8487366338826942,900,933,1.0,1.0366666666666666,0.03666666666666667,0.62486602357985,0.5489266514778137,0.6587329194314657,0.07485001500613486,10.232576131820679
A0.35_R0.74_V0.70_P0.60,0.35,0.74,0.7,0.6,13,20273938,0.47955555555555557,0.2931111111111111,0.22733333333333333,0.706888888888889,0.5204444444444445,0.5874484916167085,0.4266666666666667,0.64257233614731,0.08345126665800046,0.9928085518312464,0.10262555525831547,0.5670783375469541,0.5661090111732483,0.4389935266971588,0.057832402234636884,4.544411348025005,0.9271383580475492,11.208,0.009532313113993189,0.8459999020177195,900,934,1.0,1.0377777777777777,0.03777777777777778,0.658458244111349,0.5540245175361633,0.6517643909306197,0.07997911459419549,10.839308500289917
A0.35_R0.74_V0.70_P0.60,0.35,0.74,0.7,0.6,14,20274947,0.47622222222222227,0.28577777777777774,0.23799999999999996,0.7142222222222222,0.5237777777777777,0.591156264769297,0.44177777777777777,0.6487337299106143,0.08311622735802107,0.9910457067546821,0.10109677057106704,0.5693193308512329,0.5691647601127624,0.43256631374359134,0.057646182495344506,4.463384329054091,0.9322004603666625,10.86888888888889,0.009100042362437243,0.8535587045651607,900,932,1.0,1.0355555555555556,0.035555555555555556,0.6223175965665236,0.544682502746582,0.6577223943542887,0.07989048790016229,10.336307525634766
A0.35_R0.74_V0.70_P0.60,0.35,0.74,0.7,0.6,15,20275956,0.46355555555555555,0.3022222222222222,0.23422222222222225,0.6977777777777778,0.5364444444444445,0.5838425859251907,0.41244444444444445,0.6376030454435494,0.0780375339860864,0.9899005311330604,0.10063477915603052,0.5689187540097808,0.5638767910003663,0.43638848543167114,0.057735567970204855,4.509799336857266,0.9264223493772366,11.045333333333334,0.00841631512693178,0.849567568608201,900,934,1.0,1.0377777777777777,0.03777777777777778,0.6359743040685225,0.5505538582801819,0.6467078561377859,0.07482721662435599,10.261469602584839
A0.35_R0.74_V0.70_P0.60,0.35,0.74,0.7,0.6,16,20276965,0.49177777777777776,0.27266666666666667,0.23555555555555555,0.7273333333333334,0.5082222222222222,0.5851111617779968,0.4155555555555555,0.6427082330510135,0.08209491354054772,0.9914635556376824,0.10093528476180795,0.5696847416198954,0.5684614562988282,0.4347969031333923,0.05751707014276847,4.476374678982628,0.9390345575519228,11.004444444444443,0.008747817163903885,0.8432159711992453,900,930,1.0,1.0333333333333334,0.03333333333333333,0.6494623655913978,0.54668790102005,0.6516773956177332,0.07890033762575044,10.295876502990723
A0.35_R0.74_V0.70_P0.60,0.35,0.74,0.7,0.6,17,20277974,0.45666666666666667,0.29266666666666663,0.25066666666666665,0.7073333333333334,0.5433333333333333,0.575795890583234,0.39466666666666667,0.6315377966970196,0.07843121980836072,0.9897841814264509,0.10258243468534785,0.5689977936050085,0.5593424606323242,0.4344245946407318,0.05733333333333333,4.45833240085178,0.9254680061722316,10.836888888888888,0.007845731572422123,0.8563630238739824,900,924,1.0,1.0266666666666666,0.02666666666666667,0.6461038961038961,0.5481071472167969,0.6405952793548144,0.07519416039334526,10.242197036743164
A0.35_R0.74_V0.70_P0.60,0.35,0.74,0.7,0.6,18,20278983,0.48266666666666663,0.292,0.22533333333333336,0.7080000000000001,0.5173333333333333,0.5911586595540332,0.44088888888888894,0.6453003383284242,0.08795837042708284,0.9916965167105851,0.10333008328326124,0.5682373243903783,0.5687296199798584,0.43864224553108216,0.05725884543761638,4.495752245903015,0.928838633781691,11.044,0.009742099702676739,0.847630518306757,900,923,1.0,1.0255555555555556,0.025555555555555557,0.6641386782231853,0.5513353943824768,0.6545113594390364,0.08429170461709745,10.226027250289917
A0.35_R0.74_V0.70_P0.60,0.35,0.74,0.7,0.6,19,20279992,0.46422222222222215,0.3042222222222222,0.23155555555555554,0.6957777777777777,0.5357777777777778,0.5800458849242871,0.4071111111111111,0.6364252429284041,0.0877160109282669,0.9922194455814649,0.10453006851718204,0.5721254899216863,0.5619674301147461,0.43801743149757383,0.05711235257603973,4.477825403902266,0.9280921338186284,10.962222222222223,0.009067726318195538,0.8519003250640621,900,922,1.0,1.0244444444444445,0.024444444444444446,0.6507592190889371,0.5502431392669678,0.6456490192066696,0.08412725066453097,10.721154928207397
A0.35_R0.74_V0.70_P0.90,0.35,0.74,0.7,0.9,0,20260821,0.47955555555555557,0.29088888888888886,0.22955555555555557,0.7091111111111111,0.5204444444444445,0.5874373399182607,0.42888888888888893,0.6429439025664638,0.08847587242374187,0.9921302858423657,0.1024270849540713,0.5681920337597146,0.5677059936523438,0.4414578604698181,0.0572042209807573,4.520251085175408,0.9333335292745876,10.627555555555555,0.010490264160672638,0.853571378658057,900,925,1.0,1.0277777777777777,0.027777777777777776,0.6659459459459459,0.5542529225349426,0.6521815968842279,0.08475760274802369,10.2660551071167
A0.35_R0.74_V0.70_P0.90,0.35,0.74,0.7,0.9,1,20261830,0.4784444444444445,0.27755555555555556,0.24400000000000002,0.7224444444444444,0.5215555555555556,0.6009198523734937,0.4611111111111111,0.6606093698259261,0.0862915736790185,0.9907884997988593,0.09851448763087245,0.5693596581049013,0.5793938493728638,0.44205391049385073,0.05739540657976413,4.541488911734687,0.9366667738098693,10.711999999999998,0.010452281840267641,0.847875775717005,900,926,1.0,1.028888888888889,0.028888888888888888,0.6652267818574514,0.5549401044845581,0.6697472324716315,0.08261581929629824,10.216313123703003
A0.35_R0.74_V0.70_P0.90,0.35,0.74,0.7,0.9,2,20262839,0.4766666666666668,0.28733333333333333,0.23600000000000002,0.7126666666666668,0.5233333333333333,0.5725708089156962,0.3904444444444444,0.621471354976932,0.0898317116501358,0.9913875206832149,0.1043033597451845,0.5700497403428392,0.5530364298820496,0.43860404133796693,0.057067659838609563,4.480277450455559,0.9341644328128944,10.808000000000002,0.00885271764132704,0.848764325632604,900,922,1.0,1.0244444444444445,0.024444444444444446,0.6420824295010846,0.5509834885597229,0.6310839542314883,0.08597692763676723,10.351469278335571
A0.35_R0.74_V0.70_P0.90,0.35,0.74,0.7,0.9,3,20263848,0.48444444444444446,0.2833333333333333,0.23222222222222225,0.7166666666666667,0.5155555555555555,0.5886128194300254,0.4215555555555555,0.6437379153666184,0.07847394878465443,0.9918923762089641,0.09737552618385777,0.5685071771829588,0.5686072659492493,0.43956623673439027,0.05687895716945997,4.475316031985813,0.9390634848944596,10.712888888888887,0.009884460218745016,0.8468728102508746,900,918,1.0,1.02,0.02,0.6525054466230937,0.5510573387145996,0.6528656065981795,0.07511025914274216,10.24345874786377
A0.35_R0.74_V0.70_P0.90,0.35,0.74,0.7,0.9,4,20264857,0.4833333333333333,0.2886666666666667,0.22799999999999998,0.7113333333333333,0.5166666666666667,0.5801827077771058,0.4,0.633483005112056,0.08749705615375145,0.9924454184502391,0.10413858154121958,0.5671122990805549,0.5608640956878662,0.4354801487922668,0.0571024208566108,4.45113094192081,0.9324779230020074,10.503111111111112,0.009607224560650229,0.8433292072725179,900,922,1.0,1.0244444444444445,0.024444444444444446,0.6377440347071583,0.5459277629852295,0.6426745444325863,0.08382519594514304,10.164679288864136
A0.35_R0.74_V0.70_P0.90,0.35,0.74,0.7,0.9,5,20265866,0.4695555555555555,0.29,0.24044444444444443,0.71,0.5304444444444445,0.5802529665573403,0.39644444444444443,0.6359775268503429,0.08720545361996812,0.9918089140793234,0.10275584148109118,0.5685043581636499,0.5630996012687683,0.4343044924736023,0.05748479205462446,4.468782722314199,0.9341306411283274,10.871111111111112,0.009590195968342784,0.8489692882904448,900,930,1.0,1.0333333333333334,0.03333333333333333,0.6150537634408603,0.5463204383850098,0.6452647625305248,0.0835685460136153,10.919856071472168
A0.35_R0.74_V0.70_P0.90,0.35,0.74,0.7,0.9,6,20266875,0.476888888888889,0.284,0.2391111111111111,0.716,0.5231111111111111,0.5852753879495584,0.4237777777777778,0.6430060503567253,0.08682998540318838,0.9931756869747213,0.10342046133354152,0.568916680256297,0.5657767391204834,0.43900045156478884,0.05695096213531969,4.475227199395498,0.9363512720527202,10.697777777777778,0.01014976769001342,0.84982651077291,900,918,1.0,1.02,0.02,0.6623093681917211,0.550755500793457,0.6522158725947125,0.08338234580445048,10.286190509796143
A0.35_R0.74_V0.70_P0.90,0.35,0.74,0.7,0.9,7,20267884,0.4868888888888888,0.2742222222222222,0.2388888888888889,0.7257777777777779,0.5131111111111112,0.5831585389816296,0.4084444444444444,0.6379549503957597,0.09043352802779651,0.9921952509197274,0.1062131356906988,0.5676853506771553,0.5658831143379212,0.43969648361206054,0.056523898199875855,4.448712617821164,0.9356466341061639,10.592,0.009199021733237,0.8472957558669358,900,912,1.0,1.0133333333333334,0.013333333333333334,0.6535087719298246,0.5503920912742615,0.6471484099774397,0.08679629443676107,10.358333349227905
A0.35_R0.74_V0.70_P0.90,0.35,0.74,0.7,0.9,8,20268893,0.478,0.2846666666666666,0.23733333333333334,0.7153333333333332,0.522,0.5870116975111449,0.4184444444444444,0.6402101845631121,0.08746856102638267,0.9911840394824724,0.10079218713124849,0.5671253593229522,0.565714111328125,0.4384953534603119,0.05663563004345128,4.4453382035361395,0.9310787421145008,10.676000000000002,0.010470910370244314,0.8522670537316809,900,914,1.0,1.0155555555555555,0.015555555555555555,0.6356673960612691,0.5488340258598328,0.6495211613245927,0.08373749777864115,10.496827840805054
A0.35_R0.74_V0.70_P0.90,0.35,0.74,0.7,0.9,9,20269902,0.4686666666666667,0.29244444444444445,0.23888888888888893,0.7075555555555555,0.5313333333333333,0.5890168598082776,0.4284444444444444,0.6451420396366272,0.07779718649864564,0.9906832103783461,0.09912230396812292,0.5687732881424545,0.5673142838478088,0.43701995253562925,0.05731098696461826,4.483132630560133,0.927955579827339,10.780444444444445,0.009337276755468294,0.8573134107761574,900,926,1.0,1.028888888888889,0.028888888888888888,0.6252699784017278,0.5498554706573486,0.6542312031039751,0.0745523929724472,10.161177635192871
A0.35_R0.74_V0.70_P0.90,0.35,0.74,0.7,0.9,10,20270911,0.4691111111111111,0.30622222222222223,0.22466666666666668,0.6937777777777779,0.5308888888888889,0.5705940916474387,0.3822222222222223,0.6238360152893262,0.07804133283075271,0.9888796576271973,0.10433080699725736,0.5706589519161664,0.5528422474861145,0.44110320568084715,0.05661080074487896,4.46980789370007,0.9352197369956275,10.603555555555555,0.007985974379584987,0.8449100188276855,900,914,1.0,1.0155555555555555,0.015555555555555555,0.6564551422319475,0.5546082854270935,0.633212031399334,0.07488804602509158,10.288478136062622
A0.35_R0.74_V0.70_P0.90,0.35,0.74,0.7,0.9,11,20271920,0.4864444444444444,0.2793333333333333,0.23422222222222222,0.7206666666666667,0.5135555555555557,0.5880423384112191,0.428,0.6484409149005649,0.086630283193523,0.9911505315567622,0.10335350183645535,0.5683719240708592,0.56985506772995,0.4370674395561218,0.057139664804469276,4.470248430675931,0.9318573312265706,10.638666666666666,0.009975518122250858,0.8517861613993368,900,923,1.0,1.0255555555555556,0.025555555555555557,0.6500541711809318,0.5484080910682678,0.6574969211502325,0.0831895457286691,10.82136607170105
A0.35_R0.74_V0.70_P0.90,0.35,0.74,0.7,0.9,12,20272929,0.4775555555555555,0.2893333333333333,0.23311111111111107,0.7106666666666667,0.5224444444444445,0.5920824807064144,0.43577777777777776,0.6495710023772552,0.07873656900575621,0.9887843330183768,0.09858919199878581,0.5708715938816772,0.5727332282066345,0.43786731362342834,0.057008069522036006,4.468126910103693,0.9284850153245027,10.568,0.009601874943698884,0.8487366338826942,900,920,1.0,1.0222222222222221,0.022222222222222223,0.6380434782608696,0.5489266514778137,0.6586019557719757,0.07543123554910935,10.253676891326904
A0.35_R0.74_V0.70_P0.90,0.35,0.74,0.7,0.9,13,20273938,0.48288888888888887,0.2871111111111111,0.23000000000000004,0.7128888888888889,0.5171111111111112,0.5849247561240752,0.4071111111111111,0.6424038370231898,0.08366285949026446,0.9928203335371134,0.100444711093423,0.5683161027623613,0.5669314885139465,0.4419199538230896,0.05670266914959653,4.485332145796882,0.9250304326711057,10.721777777777774,0.009764110914576489,0.8459999020177195,900,915,1.0,1.0166666666666666,0.016666666666666666,0.6808743169398908,0.5540245175361633,0.6516143906857087,0.08011738374183475,10.202639818191528
A0.35_R0.74_V0.70_P0.90,0.35,0.74,0.7,0.9,14,20274947,0.46799999999999997,0.298,0.23399999999999999,0.7020000000000001,0.532,0.5878841629368208,0.41733333333333333,0.6485182244070241,0.08328969255288202,0.992100801603935,0.10075952597153456,0.569306385962486,0.5689530277252197,0.43396888732910155,0.05712476722532589,4.437411356131236,0.9248047925077504,10.635555555555554,0.009463993123531767,0.8535587045651607,900,922,1.0,1.0244444444444445,0.024444444444444446,0.6279826464208242,0.544682502746582,0.6575365155600372,0.07994911424124806,10.19244122505188
A0.35_R0.74_V0.70_P0.90,0.35,0.74,0.7,0.9,15,20275956,0.4677777777777778,0.2897777777777778,0.24244444444444443,0.7102222222222221,0.5322222222222223,0.5844583342463864,0.41977777777777775,0.6377526945972725,0.07781253949808781,0.9901046670315836,0.10153847185409318,0.5697690517402316,0.5641917443275452,0.43876660108566284,0.05683923029174427,4.464070555422041,0.9315038243333593,10.632888888888887,0.008714737909199287,0.849567568608201,900,918,1.0,1.02,0.02,0.6514161220043573,0.5505538582801819,0.6469871759818814,0.07456103073783349,10.274616479873657
A0.35_R0.74_V0.70_P0.90,0.35,0.74,0.7,0.9,16,20276965,0.48800000000000004,0.2833333333333333,0.22866666666666668,0.7166666666666666,0.512,0.5881000933790156,0.4262222222222222,0.6428847972951586,0.08183770638980604,0.9908790718501074,0.10166772750939945,0.5699293362808788,0.5680915260314942,0.4350930285453796,0.057248913718187466,4.458592356628842,0.933559430602554,10.643999999999998,0.009982173725047208,0.8432159711992453,900,924,1.0,1.0266666666666666,0.02666666666666667,0.6439393939393939,0.54668790102005,0.6520049954212318,0.07865742661302422,10.655911684036255
A0.35_R0.74_V0.70_P0.90,0.35,0.74,0.7,0.9,17,20277974,0.46266666666666656,0.31044444444444447,0.2268888888888889,0.6895555555555555,0.5373333333333334,0.5782662478094165,0.3877777777777778,0.6315659861060342,0.0782582123512775,0.9888559641678314,0.10018159248603603,0.5679517869057941,0.5593482065200805,0.43545620441436766,0.0569360645561763,4.437958355903625,0.9254289943288596,10.72711111111111,0.008370720695977867,0.8563630238739824,900,918,1.0,1.02,0.02,0.6416122004357299,0.5481071472167969,0.6407136710209442,0.0749679003217869,10.256435632705688
A0.35_R0.74_V0.70_P0.90,0.35,0.74,0.7,0.9,18,20278983,0.48888888888888893,0.2833333333333333,0.22777777777777777,0.7166666666666666,0.5111111111111111,0.5894001678937524,0.4357777777777778,0.6456255615624271,0.08809297200991552,0.9911131982676775,0.10338267539798278,0.570505997128398,0.5689939737319947,0.4394119942188263,0.05685661080074488,4.471999115837945,0.9385135184964142,10.562222222222221,0.010176441701837048,0.847630518306757,900,917,1.0,1.018888888888889,0.01888888888888889,0.6641221374045801,0.5513353943824768,0.6548126415979617,0.08455432322725831,10.391538858413696
A0.35_R0.74_V0.70_P0.90,0.35,0.74,0.7,0.9,19,20279992,0.46599999999999997,0.29666666666666663,0.2373333333333333,0.7033333333333333,0.534,0.582093994285625,0.4155555555555555,0.6363109707103773,0.08789531480020457,0.9913639568713697,0.10554734412999184,0.5694011815901772,0.5622166466712951,0.4396766400337219,0.05653631284916202,4.44950093793869,0.9305211147009633,10.516444444444444,0.01001359280913223,0.8519003250640621,900,912,1.0,1.0133333333333334,0.013333333333333334,0.6666666666666666,0.5502431392669678,0.6456456553675055,0.08430929224710515,10.238527059555054
A0.35_R0.90_V0.30_P0.60,0.35,0.9,0.3,0.6,0,20260821,0.4346666666666667,0.3431111111111111,0.22222222222222224,0.6568888888888889,0.5653333333333334,0.6112666170260839,0.49755555555555553,0.6629704171732933,0.07887423674009572,0.9850997866119429,0.09367317101593897,0.6693762393904622,0.5726484799385071,0.4374600303173065,0.05722408441961515,4.480855848736233,0.9167265529097365,10.90088888888889,0.0064475513278200395,0.853571378658057,900,925,1.0,1.0277777777777777,0.027777777777777776,0.6475675675675676,0.5542529225349426,0.6731147495073412,0.07499618196679791,10.146098613739014
A0.35_R0.90_V0.30_P0.60,0.35,0.9,0.3,0.6,1,20261830,0.4517777777777778,0.3204444444444444,0.22777777777777777,0.6795555555555556,0.5482222222222223,0.6222305533189393,0.5237777777777777,0.6796750312655417,0.07674434046195137,0.9854726020671236,0.09160372953277272,0.6693997766900709,0.5826566410064697,0.4377453327178955,0.05759900682805712,4.513173962275187,0.9132677235346189,10.996444444444446,0.006945152398572858,0.847875775717005,900,929,1.0,1.0322222222222222,0.03222222222222222,0.6393972012917115,0.5549401044845581,0.6895066759759599,0.07292251577162201,10.109354019165039
A0.35_R0.90_V0.30_P0.60,0.35,0.9,0.3,0.6,2,20262839,0.43266666666666664,0.3373333333333333,0.23,0.6626666666666666,0.5673333333333334,0.5968151695088675,0.45666666666666667,0.6449147954187588,0.07967535540983564,0.9808210737315171,0.09626663874806511,0.6683686549948916,0.5588470458984375,0.4333982241153717,0.0575195530726257,4.462165696144104,0.9085252462532041,11.104444444444447,0.004943356216274204,0.848764325632604,900,931,1.0,1.0344444444444445,0.034444444444444444,0.6154672395273899,0.5509834885597229,0.6553334352661448,0.07573803984919802,10.484329223632812
A0.35_R0.90_V0.30_P0.60,0.35,0.9,0.3,0.6,3,20263848,0.434,0.3408888888888889,0.2251111111111111,0.6591111111111111,0.5660000000000001,0.6089467587980573,0.4882222222222222,0.6638419798354219,0.06986182710697625,0.9845799143105897,0.09158848352680436,0.6699763933519196,0.5729485392570496,0.434189670085907,0.057524518932340174,4.470700709554884,0.9133343831912019,10.890222222222224,0.005460819663009483,0.8468728102508746,900,929,1.0,1.0322222222222222,0.03222222222222222,0.6275565123789021,0.5510573387145996,0.6737447195278911,0.06641456797187661,10.1575345993042
A0.35_R0.90_V0.30_P0.60,0.35,0.9,0.3,0.6,4,20264857,0.4437777777777777,0.3284444444444445,0.22777777777777777,0.6715555555555557,0.5562222222222223,0.6038570670846589,0.47,0.6544130472736785,0.07689239719784892,0.9866466957006073,0.09502412252421898,0.6676002159704632,0.5669653010368347,0.4306501936912537,0.057474860335195534,4.4305006317032705,0.9225417775089102,11.045333333333334,0.006065582747075962,0.8433292072725179,900,927,1.0,1.03,0.03,0.6116504854368932,0.5459277629852295,0.6645235095851447,0.07303309435010319,10.292649745941162
A0.35_R0.90_V0.30_P0.60,0.35,0.9,0.3,0.6,5,20265866,0.4355555555555556,0.33777777777777773,0.22666666666666666,0.6622222222222223,0.5644444444444444,0.6049728483974133,0.47888888888888886,0.6565922557061364,0.07661770064823789,0.9863852959016269,0.09543306933835728,0.6687962059669238,0.567642023563385,0.43107089161872864,0.05719180633147114,4.412936638514201,0.9076320264175637,10.96488888888889,0.00552377451382699,0.8489692882904448,900,924,1.0,1.0266666666666666,0.02666666666666667,0.6093073593073594,0.5463204383850098,0.6666035012915478,0.0728563548689447,10.196865320205688
A0.35_R0.90_V0.30_P0.60,0.35,0.9,0.3,0.6,6,20266875,0.44177777777777777,0.326,0.23222222222222222,0.6739999999999999,0.5582222222222222,0.6084459760428573,0.4862222222222223,0.6625266780286512,0.07827005569166383,0.9881829237947436,0.09433110724427982,0.6687275886747372,0.5724378228187561,0.4346488356590271,0.057442582247051524,4.469082936816745,0.9225415420787755,11.022666666666666,0.006217112038263734,0.84982651077291,900,928,1.0,1.031111111111111,0.03111111111111111,0.634698275862069,0.550755500793457,0.6725737736860016,0.07454959955973006,10.703380584716797
A0.35_R0.90_V0.30_P0.60,0.35,0.9,0.3,0.6,7,20267884,0.4577777777777778,0.3257777777777778,0.2164444444444444,0.6742222222222223,0.5422222222222222,0.6051113607968805,0.4731111111111111,0.6579082888208457,0.08120560154350173,0.986336162237263,0.09567804775295027,0.6675443549969249,0.5710375595092774,0.4334505009651184,0.057914338919925513,4.493373156017728,0.9135762027529155,11.032,0.006396452781403626,0.8472957558669358,900,934,1.0,1.0377777777777777,0.03777777777777778,0.6274089935760171,0.5503920912742615,0.6678924664976928,0.07737459819508041,10.12150502204895
A0.35_R0.90_V0.30_P0.60,0.35,0.9,0.3,0.6,8,20268893,0.4415555555555556,0.3400000000000001,0.21844444444444444,0.66,0.5584444444444444,0.6100215293601252,0.49044444444444446,0.6612193785868163,0.07758424580879052,0.984595944814593,0.09323519420507889,0.6677399640111836,0.5703946661949157,0.43316531777381895,0.057335816263190564,4.445459216064877,0.9179153352358473,10.905333333333333,0.005476046646952584,0.8522670537316809,900,928,1.0,1.031111111111111,0.03111111111111111,0.6045258620689655,0.5488340258598328,0.6712952750899829,0.07370712448248606,10.579437255859375
A0.35_R0.90_V0.30_P0.60,0.35,0.9,0.3,0.6,9,20269902,0.44688888888888895,0.3297777777777777,0.22333333333333336,0.6702222222222222,0.5531111111111112,0.6092342911383795,0.49044444444444446,0.6663847777309914,0.06921576452112245,0.9830930959043801,0.09137531300876695,0.6659741955732573,0.5735946774482727,0.43367265820503237,0.05705772811918064,4.429198339038424,0.9167981191898521,10.946222222222223,0.005743199002519921,0.8573134107761574,900,920,1.0,1.0222222222222221,0.022222222222222223,0.6152173913043478,0.5498554706573486,0.6762536945940716,0.06582575567011428,10.324056625366211
A0.35_R0.90_V0.30_P0.60,0.35,0.9,0.3,0.6,10,20270911,0.424,0.3506666666666667,0.22533333333333336,0.6493333333333333,0.5760000000000001,0.5972739651601868,0.444,0.6469819587448853,0.06916750646174646,0.9814005328472287,0.0932502034114035,0.6693510617384368,0.5604271793365478,0.4359061479568481,0.05745747982619491,4.483119522889455,0.9107267411858112,10.940888888888889,0.004376320032882748,0.8449100188276855,900,928,1.0,1.031111111111111,0.03111111111111111,0.634698275862069,0.5546082854270935,0.657290241767699,0.0658529636843852,10.235299825668335
A0.35_R0.90_V0.30_P0.60,0.35,0.9,0.3,0.6,11,20271920,0.4446666666666667,0.33111111111111113,0.2242222222222222,0.6688888888888889,0.5553333333333333,0.6161882472117349,0.5113333333333333,0.6676620747409171,0.07736965761253406,0.9859422521150668,0.09144425946918712,0.6665470116737957,0.5738486480712891,0.43315319418907167,0.05718684047175668,4.433905439111921,0.9168958542554948,10.640444444444443,0.005715400773312912,0.8517861613993368,900,922,1.0,1.0244444444444445,0.024444444444444446,0.6279826464208242,0.5484080910682678,0.6776282456848567,0.07356285661047579,10.35397744178772
A0.35_R0.90_V0.30_P0.60,0.35,0.9,0.3,0.6,12,20272929,0.449111111111111,0.316,0.2348888888888889,0.6839999999999999,0.550888888888889,0.6151969913320481,0.49711111111111117,0.6691833210946488,0.0696323005844346,0.9811451659971194,0.0899536295993226,0.6688817002934155,0.5775158166885376,0.4329970705509186,0.057410304158907514,4.449599028799269,0.9186499671343868,10.967555555555554,0.00540489187018082,0.8487366338826942,900,926,1.0,1.028888888888889,0.028888888888888888,0.6220302375809935,0.5489266514778137,0.6790601592330651,0.06605140428669509,10.170636177062988
A0.35_R0.90_V0.30_P0.60,0.35,0.9,0.3,0.6,13,20273938,0.44888888888888884,0.32799999999999996,0.22311111111111115,0.6719999999999999,0.5511111111111111,0.6085030235309575,0.48133333333333334,0.6633411692959428,0.07352248064109246,0.9875660242615878,0.09287394623611149,0.6680935079452682,0.5728281331062317,0.4367955768108368,0.057276225946617014,4.478144374529521,0.9226187574690341,11.002222222222223,0.005759159927433905,0.8459999020177195,900,925,1.0,1.0277777777777777,0.027777777777777776,0.6486486486486487,0.5540245175361633,0.6733512558160707,0.06998044467232556,10.24752926826477
A0.35_R0.90_V0.30_P0.60,0.35,0.9,0.3,0.6,14,20274947,0.44666666666666666,0.32866666666666666,0.22466666666666668,0.6713333333333332,0.5533333333333333,0.6129006660243063,0.49733333333333335,0.6692465518802082,0.07364929059671939,0.9848441724678856,0.09145751977153005,0.6673627370910274,0.574375913143158,0.4293572998046875,0.05752948479205463,4.421394224643707,0.9104871845270792,11.044444444444444,0.005884136789806668,0.8535587045651607,900,928,1.0,1.031111111111111,0.03111111111111111,0.6012931034482759,0.544682502746582,0.679054452900505,0.07018038800159454,10.678659915924072
A0.35_R0.90_V0.30_P0.60,0.35,0.9,0.3,0.6,15,20275956,0.45577777777777784,0.3277777777777778,0.21644444444444447,0.6722222222222223,0.5442222222222222,0.605625525961771,0.47200000000000003,0.6584948662328511,0.0695875949612192,0.9836362500366471,0.09331152608005834,0.6672865263340397,0.569825041294098,0.43384867906570435,0.05742271880819368,4.45926086192661,0.9182428401239946,11.022666666666666,0.005652993810852229,0.849567568608201,900,929,1.0,1.0322222222222222,0.03222222222222222,0.6275565123789021,0.5505538582801819,0.6685018705101554,0.06614448094047853,10.166981935501099
A0.35_R0.90_V0.30_P0.60,0.35,0.9,0.3,0.6,16,20276965,0.4608888888888888,0.31866666666666665,0.22044444444444444,0.6813333333333332,0.5391111111111111,0.6077748323612853,0.4833333333333333,0.6620117222081334,0.07344196636321616,0.9853860263814193,0.09360259680033035,0.6658932231107965,0.5745775151252747,0.4328535199165344,0.05679950341402856,4.400852143393623,0.9171620333217781,10.936888888888891,0.005942542666862285,0.8432159711992453,900,916,1.0,1.0177777777777777,0.017777777777777778,0.6255458515283843,0.54668790102005,0.671782720529577,0.07009539054372227,10.21065902709961
A0.35_R0.90_V0.30_P0.60,0.35,0.9,0.3,0.6,17,20277974,0.4217777777777777,0.3386666666666666,0.23955555555555555,0.6613333333333332,0.5782222222222223,0.6026938802083212,0.4677777777777778,0.653572200103566,0.06860955857283,0.9803562585061987,0.09158855159514077,0.668411477912095,0.5661394762992858,0.4322530436515808,0.05682433271260088,4.396619691530863,0.9237975481064165,10.789333333333333,0.004223749595717259,0.8563630238739824,900,918,1.0,1.02,0.02,0.6274509803921569,0.5481071472167969,0.663649574216738,0.06509514418993811,10.387782096862793
A0.35_R0.90_V0.30_P0.60,0.35,0.9,0.3,0.6,18,20278983,0.45577777777777784,0.3313333333333333,0.21288888888888888,0.6686666666666667,0.5442222222222223,0.6105703008554285,0.4944444444444445,0.6648951564341355,0.07880981975812486,0.9832400969537163,0.0948240223514749,0.6693729463271002,0.5751343703269959,0.4364970624446869,0.056873991309745506,4.443654157055749,0.9181400728049287,11.010666666666669,0.006650404870161042,0.847630518306757,900,918,1.0,1.02,0.02,0.6579520697167756,0.5513353943824768,0.6748915146683429,0.0749734264492925,10.312405109405518
A0.35_R0.90_V0.30_P0.60,0.35,0.9,0.3,0.6,19,20279992,0.4193333333333333,0.36466666666666664,0.21600000000000003,0.6353333333333334,0.5806666666666667,0.6054635758746764,0.4753333333333332,0.6573016546396458,0.07896256976673827,0.9850277402484211,0.09406447883720538,0.6678853890294647,0.5674015188217163,0.4353749752044678,0.05677219118559901,4.42433246284061,0.9084177344768217,10.852,0.006373030310193162,0.8519003250640621,900,916,1.0,1.0177777777777777,0.017777777777777778,0.6419213973799127,0.5502431392669678,0.6674468338221861,0.0750679991824521,10.310105800628662
A0.35_R0.90_V0.30_P0.90,0.35,0.9,0.3,0.9,0,20260821,0.4453333333333333,0.3253333333333333,0.22933333333333333,0.6746666666666666,0.5546666666666666,0.6091885071613182,0.48644444444444446,0.6626780244272175,0.07861710713948308,0.9849878729835718,0.09241904903298571,0.6690346170822966,0.5731255960464477,0.4381844425201416,0.05701800124146494,4.472183257102967,0.9249258334696472,10.768444444444444,0.0068251646970187195,0.853571378658057,900,919,1.0,1.021111111111111,0.021111111111111112,0.6550598476605005,0.5542529225349426,0.6727842204981318,0.07461527577570592,10.776122570037842
A0.35_R0.90_V0.30_P0.90,0.35,0.9,0.3,0.9,1,20261830,0.4528888888888889,0.33044444444444454,0.21666666666666667,0.6695555555555555,0.5471111111111111,0.6204731454227198,0.516,0.6797144593282002,0.07648567603436382,0.9857240943264973,0.09069447746240332,0.6687786188782456,0.5845612716674805,0.43903750777244566,0.05712725015518312,4.489453990724352,0.9188531229792186,10.615111111111112,0.007392842508329802,0.847875775717005,900,921,1.0,1.0233333333333334,0.023333333333333334,0.6601520086862106,0.5549401044845581,0.6896712941716807,0.07266255709935887,10.238109111785889
A0.35_R0.90_V0.30_P0.90,0.35,0.9,0.3,0.9,2,20262839,0.4191111111111111,0.3535555555555556,0.2273333333333333,0.6464444444444445,0.5808888888888889,0.5972445655948364,0.4517777777777778,0.6450922601145913,0.07924079139802402,0.9809236875018297,0.09471468548365103,0.6677288011382053,0.5594607782363892,0.43521517753601074,0.05687150837988827,4.430450065983667,0.9134677877240717,10.680444444444442,0.004946131615035842,0.848764325632604,900,917,1.0,1.018888888888889,0.01888888888888889,0.6314067611777535,0.5509834885597229,0.6557342193408192,0.0750101861270398,10.087900161743164
A0.35_R0.90_V0.30_P0.90,0.35,0.9,0.3,0.9,3,20263848,0.44111111111111106,0.33866666666666667,0.2202222222222222,0.6613333333333334,0.5588888888888889,0.6092697716247804,0.4866666666666667,0.6635256611001233,0.07053500822823144,0.9837845672237322,0.0910438838503305,0.6674796175685281,0.5729298090934754,0.43565460681915286,0.056995654872749844,4.444629221174453,0.9128305134168286,10.757333333333332,0.00628460283386157,0.8468728102508746,900,919,1.0,1.021111111111111,0.021111111111111112,0.6332970620239391,0.5510573387145996,0.6734893503539902,0.06703745959038687,10.213144302368164
A0.35_R0.90_V0.30_P0.90,0.35,0.9,0.3,0.9,4,20264857,0.4608888888888889,0.3108888888888889,0.22822222222222222,0.6891111111111111,0.5391111111111111,0.6032956311058232,0.4688888888888889,0.6536369724008765,0.0776819157883836,0.9877300409767754,0.09425891539681809,0.6690916584656672,0.5672487330436706,0.4328506410121918,0.056633147113594046,4.387883455488417,0.9294083725290992,10.587555555555555,0.005189530978693061,0.8433292072725179,900,915,1.0,1.0166666666666666,0.016666666666666666,0.6218579234972678,0.5459277629852295,0.6637268185584274,0.07381961879537746,10.043967247009277
A0.35_R0.90_V0.30_P0.90,0.35,0.9,0.3,0.9,5,20265866,0.45888888888888885,0.34333333333333327,0.19777777777777777,0.6566666666666667,0.5411111111111111,0.6069845964940894,0.4826666666666666,0.6568242239670602,0.07662428663453928,0.9861131252781405,0.09380891077345865,0.6675743878059816,0.5678738594055176,0.43220298051834105,0.05685909373060212,4.3988658589257135,0.9048471615720526,10.642666666666667,0.006648198751385274,0.8489692882904448,900,916,1.0,1.0177777777777777,0.017777777777777778,0.6124454148471615,0.5463204383850098,0.6669421816816434,0.07274665991136087,10.233004808425903
A0.35_R0.90_V0.30_P0.90,0.35,0.9,0.3,0.9,6,20266875,0.44533333333333336,0.33555555555555555,0.21911111111111112,0.6644444444444444,0.5546666666666666,0.609128213124669,0.48488888888888887,0.6631283198657872,0.07819644580022685,0.9880218214947436,0.09455087021839782,0.6698961483906701,0.5725083422660827,0.4361760890483856,0.05672253258845438,4.42862536239624,0.9098270304212674,10.778666666666668,0.007122146360318438,0.84982651077291,900,914,1.0,1.0155555555555555,0.015555555555555555,0.6455142231947484,0.550755500793457,0.6732209508765417,0.0744952632444944,10.488842010498047
A0.35_R0.90_V0.30_P0.90,0.35,0.9,0.3,0.9,7,20267884,0.4437777777777778,0.3411111111111111,0.2151111111111111,0.6588888888888889,0.5562222222222222,0.6054021886925078,0.4708888888888889,0.658003878191979,0.08117387932306502,0.9854060069129856,0.09611365736168972,0.6673026610598904,0.5700050830841065,0.43593455910682677,0.056590937306021105,4.4158752998246085,0.910312396704186,10.62888888888889,0.005736966570855241,0.8472957558669358,900,913,1.0,1.0144444444444445,0.014444444444444444,0.6374589266155531,0.5503920912742615,0.667981230111889,0.07725024520413015,10.715502977371216
A0.35_R0.90_V0.30_P0.90,0.35,0.9,0.3,0.9,8,20268893,0.4355555555555555,0.34555555555555556,0.21888888888888888,0.6544444444444444,0.5644444444444444,0.6103128868667685,0.49711111111111117,0.6611443068811134,0.07795488264545747,0.9849776559215226,0.0942156806435712,0.669395317398624,0.5711927723884582,0.43478121399879455,0.05662073246430789,4.406542717085944,0.918610470590496,10.538222222222224,0.006582823189572735,0.8522670537316809,900,913,1.0,1.0144444444444445,0.014444444444444444,0.619934282584885,0.5488340258598328,0.671283399388552,0.07402460211576001,10.231617212295532
A0.35_R0.90_V0.30_P0.90,0.35,0.9,0.3,0.9,9,20269902,0.4533333333333333,0.318,0.22866666666666668,0.682,0.5466666666666667,0.6141367180973331,0.5144444444444445,0.6662424336498373,0.06882792030785334,0.9843486061318438,0.09182054423988188,0.6691711237146794,0.5755133843421936,0.4349330234527588,0.05685909373060212,4.4266516723102995,0.9210043668122272,10.560444444444444,0.005806019777304487,0.8573134107761574,900,916,1.0,1.0177777777777777,0.017777777777777778,0.6200873362445415,0.5498554706573486,0.6762343316226819,0.0654185558976883,10.139193534851074
A0.35_R0.90_V0.30_P0.90,0.35,0.9,0.3,0.9,10,20270911,0.44822222222222224,0.3328888888888889,0.21888888888888888,0.6671111111111111,0.5517777777777778,0.5961610736227797,0.44644444444444437,0.6469392977561337,0.0694257224262546,0.9799837319410569,0.09417751371090102,0.6696620436720404,0.5599795269966126,0.43756924867630004,0.056692737430167596,4.440379288302528,0.9178739705266189,10.54888888888889,0.004839094102763566,0.8449100188276855,900,915,1.0,1.0166666666666666,0.016666666666666666,0.6480874316939891,0.5546082854270935,0.6571719484014811,0.06613760974887417,10.151965141296387
A0.35_R0.90_V0.30_P0.90,0.35,0.9,0.3,0.9,11,20271920,0.4539999999999999,0.3368888888888889,0.2091111111111111,0.663111111111111,0.546,0.6124645499362835,0.49266666666666664,0.6685306545903051,0.07669002578597257,0.9847008473647334,0.09391834830984472,0.6668227815698131,0.576326801776886,0.4346564078330994,0.05659590316573558,4.403335402011871,0.9223493462291859,10.624888888888888,0.006858056706903977,0.8517861613993368,900,913,1.0,1.0144444444444445,0.014444444444444444,0.6396495071193866,0.5484080910682678,0.6783416508384227,0.07307030938835579,10.466588973999023
A0.35_R0.90_V0.30_P0.90,0.35,0.9,0.3,0.9,12,20272929,0.45044444444444454,0.33422222222222225,0.21533333333333335,0.6657777777777777,0.5495555555555556,0.6152058605307701,0.5053333333333333,0.6696944912865986,0.06956476639800785,0.9820178743480409,0.09249790645070316,0.6706607730722932,0.5765808486938476,0.4331565237045288,0.057507138423339536,4.458739042758941,0.9101024830327131,10.63511111111111,0.006089116015390523,0.8487366338826942,900,930,1.0,1.0333333333333334,0.03333333333333333,0.6161290322580645,0.5489266514778137,0.6794551751199713,0.06615728024236645,10.236752986907959
A0.35_R0.90_V0.30_P0.90,0.35,0.9,0.3,0.9,13,20273938,0.4606666666666666,0.32355555555555554,0.21577777777777776,0.6764444444444444,0.5393333333333333,0.610814878980144,0.49844444444444447,0.6635250925384157,0.0734649316622696,0.9872409860470763,0.09355333444006347,0.6676687766072488,0.5730008196830749,0.4383801591396332,0.056797020484171325,4.4568649953736195,0.9293114754098362,10.673333333333332,0.0059897882155168225,0.8459999020177195,900,915,1.0,1.0166666666666666,0.016666666666666666,0.6579234972677596,0.5540245175361633,0.67351978095232,0.06983265685248163,10.073972940444946
A0.35_R0.90_V0.30_P0.90,0.35,0.9,0.3,0.9,14,20274947,0.45799999999999996,0.31733333333333336,0.22466666666666668,0.6826666666666666,0.5420000000000001,0.6113963746973813,0.4897777777777778,0.6686002798557331,0.07417044219099156,0.9851583982376069,0.09233945073107254,0.6664890205950141,0.5749226760864258,0.4313341867923737,0.05683674736188703,4.388275719006856,0.9105328942658744,10.590666666666666,0.00669912341970811,0.8535587045651607,900,916,1.0,1.0177777777777777,0.017777777777777778,0.6037117903930131,0.544682502746582,0.678513502762366,0.070722568440591,10.275609970092773
A0.35_R0.90_V0.30_P0.90,0.35,0.9,0.3,0.9,15,20275956,0.4491111111111111,0.32866666666666666,0.2222222222222222,0.6713333333333334,0.5508888888888889,0.6072092457750029,0.4804444444444445,0.6587451122916649,0.069666374009343,0.9840244194304281,0.09183132641504109,0.6660217644652,0.5713514089584351,0.4360438537597656,0.05653879577901924,4.412915386252933,0.9214760323928965,10.595999999999998,0.005359483150883541,0.849567568608201,900,912,1.0,1.0133333333333334,0.013333333333333334,0.6348684210526315,0.5505538582801819,0.6686646017688965,0.06630480382968473,10.468643426895142
A0.35_R0.90_V0.30_P0.90,0.35,0.9,0.3,0.9,16,20276965,0.4562222222222222,0.3164444444444444,0.2273333333333333,0.6835555555555556,0.5437777777777778,0.6085881682929227,0.478,0.6624723785332601,0.07342862666331558,0.9851062054451368,0.0935716873093152,0.6693782190860706,0.5752399826049804,0.4326063370704651,0.05695841092489138,4.410638287915124,0.915868501768816,10.576888888888888,0.006333969577228974,0.8432159711992453,900,918,1.0,1.02,0.02,0.6274509803921569,0.54668790102005,0.6722914679304983,0.07010512071890052,10.296040534973145
A0.35_R0.90_V0.30_P0.90,0.35,0.9,0.3,0.9,17,20277974,0.42088888888888887,0.3468888888888889,0.23222222222222222,0.653111111111111,0.5791111111111111,0.6026665245164796,0.4608888888888888,0.6538708103797336,0.06849496139700496,0.9807706233617084,0.09115829705590724,0.6700649578517438,0.5660950398445129,0.43183851838111875,0.05705772811918064,4.410452071772682,0.9047807478644025,10.642666666666663,0.004588669275493771,0.8563630238739824,900,920,1.0,1.0222222222222221,0.022222222222222223,0.6380434782608696,0.5481071472167969,0.6639456598498439,0.06503293788229536,10.680212259292603
A0.35_R0.90_V0.30_P0.90,0.35,0.9,0.3,0.9,18,20278983,0.4506666666666666,0.3164444444444445,0.23288888888888892,0.6835555555555554,0.5493333333333333,0.6072415074545401,0.4815555555555555,0.6651149182911646,0.07845103828815023,0.9819347641591744,0.09574014658745365,0.6671933461887332,0.5750312066078186,0.43618900775909425,0.05692364990689014,4.444433356973861,0.9189058116440795,10.589333333333334,0.005683441029095197,0.847630518306757,900,918,1.0,1.02,0.02,0.6535947712418301,0.5513353943824768,0.6750317074376245,0.07468533696979573,10.538776397705078
A0.35_R0.90_V0.30_P0.90,0.35,0.9,0.3,0.9,19,20279992,0.4484444444444444,0.32355555555555554,0.228,0.6764444444444444,0.5515555555555556,0.6051521327185855,0.48244444444444445,0.6574638818723068,0.07834027702194239,0.9864153488553394,0.0957831257795646,0.6658269962712099,0.5683620500564576,0.4360757958889008,0.056635630043451284,4.420815865410699,0.925430525931477,10.602222222222222,0.006794565542113103,0.8519003250640621,900,913,1.0,1.0144444444444445,0.014444444444444444,0.6495071193866374,0.5502431392669678,0.6676596099625415,0.07461011067140966,10.49545431137085
A0.35_R0.90_V0.70_P0.60,0.35,0.9,0.7,0.6,0,20260821,0.42888888888888893,0.3373333333333333,0.23377777777777775,0.6626666666666668,0.5711111111111111,0.6118700820077844,0.4951111111111112,0.6646751844453814,0.0775724845909954,0.9850612288268553,0.09129521512649315,0.6662719440624061,0.5736638188362122,0.43768967866897585,0.057308504034761024,4.489899991777208,0.9127423280944409,10.86266666666667,0.007450559413867453,0.853571378658057,900,924,1.0,1.0266666666666666,0.02666666666666667,0.6515151515151515,0.5542529225349426,0.6747701625100553,0.07360250252543454,10.769378662109375
A0.35_R0.90_V0.70_P0.60,0.35,0.9,0.7,0.6,1,20261830,0.4548888888888889,0.32355555555555554,0.2215555555555556,0.6764444444444444,0.5451111111111111,0.6209715713020307,0.514888888888889,0.6804879524900603,0.07654924381175836,0.985598848897059,0.09112401119690273,0.6675967844042542,0.5847605323791504,0.4392800557613373,0.05724146492861577,4.500849583201938,0.9225393576087515,11.084444444444443,0.007382841066809917,0.847875775717005,900,926,1.0,1.028888888888889,0.028888888888888888,0.6490280777537797,0.5549401044845581,0.6903214052605215,0.07266781087677665,10.455248832702637
A0.35_R0.90_V0.70_P0.60,0.35,0.9,0.7,0.6,2,20262839,0.43111111111111106,0.3406666666666666,0.2282222222222222,0.6593333333333333,0.5688888888888889,0.5973721527677699,0.4522222222222222,0.6460797490090125,0.07886355200430652,0.98153167338307,0.09570684230523227,0.668225101750465,0.5610601043701172,0.4349441647529602,0.05711980136561143,4.4469873416158885,0.9148439317871674,10.887555555555558,0.005896106379616318,0.848764325632604,900,922,1.0,1.0244444444444445,0.024444444444444446,0.6258134490238612,0.5509834885597229,0.6565521701686687,0.0749065797364894,10.162919521331787
A0.35_R0.90_V0.70_P0.60,0.35,0.9,0.7,0.6,3,20263848,0.4282222222222222,0.3431111111111111,0.22866666666666668,0.6568888888888889,0.5717777777777777,0.6100182801782777,0.4855555555555556,0.6648639620928588,0.0691938538581994,0.9843645804924119,0.08969830480473714,0.6686238430858957,0.5729083752632141,0.433621267080307,0.057936685288640606,4.496897206571367,0.9140346632584933,11.107999999999999,0.00616746868719631,0.8468728102508746,900,935,1.0,1.038888888888889,0.03888888888888889,0.6192513368983957,0.5510573387145996,0.6748281932861798,0.06576111486392877,10.997857093811035
A0.35_R0.90_V0.70_P0.60,0.35,0.9,0.7,0.6,4,20264857,0.4471111111111112,0.3253333333333333,0.22755555555555557,0.6746666666666666,0.552888888888889,0.6068580090851816,0.4782222222222222,0.6551213433100692,0.07645929352447374,0.9871560390777909,0.0920223857051617,0.6659691299228899,0.5680960631370544,0.43264461994171144,0.05686902545003104,4.404020923031701,0.9086174663781896,10.915111111111111,0.0066320998498553075,0.8433292072725179,900,919,1.0,1.021111111111111,0.021111111111111112,0.6213275299238302,0.5459277629852295,0.6653082594334704,0.07254903732308327,10.202294826507568
A0.35_R0.90_V0.70_P0.60,0.35,0.9,0.7,0.6,5,20265866,0.43399999999999994,0.32422222222222224,0.24177777777777776,0.6757777777777777,0.5660000000000001,0.6057009952036131,0.4768888888888889,0.6585570561370229,0.07524392169299572,0.9833618589343773,0.09310051658518397,0.6697098892429636,0.569766640663147,0.4307713532447815,0.057512104283054005,4.4345211595959135,0.9199479824288049,10.927999999999999,0.005669503053060234,0.8489692882904448,900,931,1.0,1.0344444444444445,0.034444444444444444,0.6004296455424275,0.5463204383850098,0.6686792647499152,0.07137797348698594,10.35646367073059
A0.35_R0.90_V0.70_P0.60,0.35,0.9,0.7,0.6,6,20266875,0.4451111111111112,0.3213333333333333,0.23355555555555554,0.6786666666666668,0.5548888888888888,0.6110784954294075,0.4882222222222223,0.6647641163865166,0.0771789275542815,0.9866391400383331,0.09303638974912605,0.6684315466767312,0.5728095531463623,0.434792765378952,0.05743761638733705,4.470169093661838,0.9181246627186723,10.996444444444444,0.006862451275450004,0.84982651077291,900,928,1.0,1.031111111111111,0.03111111111111111,0.6400862068965517,0.550755500793457,0.6748431050557666,0.07335856137169738,10.617040872573853
A0.35_R0.90_V0.70_P0.60,0.35,0.9,0.7,0.6,7,20267884,0.43800000000000006,0.32799999999999996,0.234,0.672,0.5619999999999999,0.6109861745963636,0.49844444444444447,0.6599810027728471,0.0801907782163724,0.9843893168390204,0.09449675928678321,0.6680203989394136,0.5716876459121704,0.43410097002983095,0.0575592799503414,4.472528205712637,0.9223944436186663,10.912,0.006394692730651824,0.8472957558669358,900,929,1.0,1.0322222222222222,0.03222222222222222,0.6189451022604952,0.5503920912742615,0.6700124523589419,0.07630566249676196,10.217732191085815
A0.35_R0.90_V0.70_P0.60,0.35,0.9,0.7,0.6,8,20268893,0.4335555555555555,0.3277777777777778,0.23866666666666667,0.6722222222222222,0.5664444444444444,0.6117129831289462,0.4962222222222222,0.662599128457776,0.07762465916152919,0.9833365282081178,0.09446780451090653,0.6677713158930594,0.5717081570625305,0.4338957369327545,0.05704531346989448,4.430557623598311,0.920391730141458,10.995555555555557,0.006933734533672802,0.8522670537316809,900,919,1.0,1.021111111111111,0.021111111111111112,0.6147986942328618,0.5488340258598328,0.6728345297756281,0.07372482140913217,10.329503297805786
A0.35_R0.90_V0.70_P0.60,0.35,0.9,0.7,0.6,9,20269902,0.43044444444444435,0.3297777777777777,0.23977777777777778,0.6702222222222222,0.5695555555555556,0.6143178413439834,0.5055555555555555,0.6672349382596804,0.06863908937068144,0.982676265117005,0.08985159509684625,0.6665936184423145,0.5741318273544311,0.4335384380817413,0.05739540657976413,4.453990886794196,0.9238158778996953,10.863111111111111,0.005912792369071831,0.8573134107761574,900,927,1.0,1.03,0.03,0.6138079827400216,0.5498554706573486,0.6772033019169665,0.0651760185083643,10.446341753005981
A0.35_R0.90_V0.70_P0.60,0.35,0.9,0.7,0.6,10,20270911,0.4368888888888889,0.32666666666666666,0.23644444444444443,0.6733333333333333,0.5631111111111111,0.6010352311501739,0.47044444444444444,0.6485970580985629,0.068945052644857,0.9798831326180938,0.09335640652646937,0.6677712565892344,0.5617716979980468,0.43653075337409974,0.05725387957790193,4.47373544465171,0.9244077179936151,11.000444444444446,0.0050391034066177695,0.8449100188276855,900,924,1.0,1.0266666666666666,0.02666666666666667,0.6352813852813853,0.5546082854270935,0.6589768827767153,0.06556517671680084,10.379284143447876
A0.35_R0.90_V0.70_P0.60,0.35,0.9,0.7,0.6,11,20271920,0.4308888888888889,0.3271111111111111,0.242,0.6728888888888889,0.5691111111111111,0.6158997788289473,0.512,0.6689228464691037,0.07675468420177987,0.9841488974092227,0.09299717034253221,0.6688510450419436,0.576441695690155,0.43338796973228455,0.0573382991930478,4.448038536389669,0.922312794907612,11.044444444444446,0.0064420092781783,0.8517861613993368,900,927,1.0,1.03,0.03,0.6289104638619202,0.5484080910682678,0.6790426789164213,0.0729272942505772,10.379830121994019
A0.35_R0.90_V0.70_P0.60,0.35,0.9,0.7,0.6,12,20272929,0.4355555555555556,0.31799999999999995,0.24644444444444447,0.682,0.5644444444444444,0.6191900443920548,0.5268888888888889,0.6715351804833761,0.06876838488481077,0.9811632445090831,0.08935526858526291,0.6690531998575328,0.5795099544525146,0.43480299949645995,0.05692613283674737,4.430457376745013,0.9251574147481822,10.681333333333333,0.006874885357621674,0.8487366338826942,900,919,1.0,1.021111111111111,0.021111111111111112,0.6213275299238302,0.5489266514778137,0.6816025038296171,0.06522212906665037,10.285913705825806
A0.35_R0.90_V0.70_P0.60,0.35,0.9,0.7,0.6,13,20273938,0.44199999999999995,0.32422222222222224,0.2337777777777778,0.6757777777777778,0.558,0.6119491126782773,0.4904444444444445,0.6647968968638841,0.07316943110599858,0.9879346314258212,0.09197389921244949,0.6676235192897262,0.5737503457069397,0.4366487097740173,0.057616387337057734,4.503212744024065,0.9213649502448388,10.989777777777778,0.006070708951093339,0.8459999020177195,900,930,1.0,1.0333333333333334,0.03333333333333333,0.6440860215053763,0.5540245175361633,0.674820825288798,0.06953513209396633,10.22038221359253
A0.35_R0.90_V0.70_P0.60,0.35,0.9,0.7,0.6,14,20274947,0.43133333333333335,0.3255555555555556,0.2431111111111111,0.6744444444444444,0.5686666666666667,0.6160166767230908,0.5031111111111111,0.6701780814095479,0.07334406485057744,0.9847799807024765,0.08842782456755556,0.6673875350246985,0.5767511653900147,0.43172061920166016,0.05675977653631285,4.386257967895932,0.9213453384510528,10.88177777777778,0.0066466504595537775,0.8535587045651607,900,915,1.0,1.0166666666666666,0.016666666666666666,0.6196721311475409,0.544682502746582,0.680121670293049,0.06979913058226539,10.543407201766968
A0.35_R0.90_V0.70_P0.60,0.35,0.9,0.7,0.6,15,20275956,0.39399999999999996,0.3577777777777778,0.24822222222222223,0.6422222222222222,0.606,0.6091585327061373,0.4877777777777777,0.660368954766326,0.06892609885580778,0.9827981443532897,0.09219657723123537,0.6678885030857151,0.5704431748390197,0.43486627101898195,0.05700558659217877,4.437303072717455,0.911237879130006,10.954222222222223,0.005942954224869037,0.849567568608201,900,920,1.0,1.0222222222222221,0.022222222222222223,0.6271739130434782,0.5505538582801819,0.6705621602329565,0.06544004379262036,10.209402561187744
A0.35_R0.90_V0.70_P0.60,0.35,0.9,0.7,0.6,16,20276965,0.4448888888888889,0.3206666666666667,0.23444444444444443,0.6793333333333332,0.5551111111111111,0.6100011504947936,0.4795555555555556,0.6639698703325289,0.07237491240496835,0.9852710282618615,0.09261742971848069,0.665244425304645,0.5755665373802185,0.43319266676902773,0.056767225325884546,4.401773960908255,0.9215314266352311,10.785333333333336,0.006172310339284238,0.8432159711992453,900,918,1.0,1.02,0.02,0.6405228758169934,0.54668790102005,0.6737783755710139,0.06906210348346575,10.277242183685303
A0.35_R0.90_V0.70_P0.60,0.35,0.9,0.7,0.6,17,20277974,0.4362222222222222,0.34444444444444444,0.21933333333333332,0.6555555555555556,0.5637777777777778,0.6040924141394158,0.4606666666666666,0.6549497307507346,0.06775516150651385,0.9783261446641036,0.0918154641183948,0.6684980542975151,0.565933141708374,0.43114498496055603,0.057345747982619495,4.425581084728241,0.913578328326912,10.986666666666665,0.00493907308356407,0.8563630238739824,900,926,1.0,1.028888888888889,0.028888888888888888,0.6295896328293736,0.5481071472167969,0.6648877381115668,0.0642960906043939,10.147430419921875
A0.35_R0.90_V0.70_P0.60,0.35,0.9,0.7,0.6,18,20278983,0.4457777777777778,0.3228888888888889,0.23133333333333334,0.6771111111111111,0.5542222222222223,0.6115137127880143,0.48955555555555547,0.666898979704142,0.07795852527652251,0.9829940872960772,0.09451760033815665,0.6665916710327755,0.5763706731796264,0.43730520009994506,0.056496585971446314,4.422405659781562,0.9179453082592489,10.947111111111113,0.00695405179588461,0.847630518306757,900,911,1.0,1.0122222222222221,0.012222222222222223,0.6564215148188803,0.5513353943824768,0.6768719239251705,0.07417534447869789,10.260388135910034
A0.35_R0.90_V0.70_P0.60,0.35,0.9,0.7,0.6,19,20279992,0.4268888888888889,0.344,0.22911111111111113,0.6559999999999999,0.5731111111111111,0.6082590683796414,0.47422222222222216,0.6589526725076076,0.07790591904096746,0.9855247349166021,0.09472714738677691,0.66866771419788,0.5678052377700805,0.4359025251865387,0.056725015518311606,4.425911420610216,0.9090661093509906,10.879111111111113,0.006409144026169542,0.8519003250640621,900,917,1.0,1.018888888888889,0.01888888888888889,0.6401308615049073,0.5502431392669678,0.6691235501097359,0.07414873523799415,10.112285614013672
A0.35_R0.90_V0.70_P0.90,0.35,0.9,0.7,0.9,0,20260821,0.42377777777777775,0.34422222222222226,0.23199999999999998,0.6557777777777778,0.5762222222222223,0.6085354874011282,0.4813333333333334,0.6640774071465566,0.07834197945037112,0.9847515186079805,0.09398017516528043,0.6657941721796994,0.5742060995101929,0.4383984136581421,0.056983240223463696,4.471663807286157,0.9070152505446623,10.594666666666667,0.006856009044292542,0.853571378658057,900,918,1.0,1.02,0.02,0.6535947712418301,0.5542529225349426,0.6741164504717393,0.07439194016218287,10.585087060928345
A0.35_R0.90_V0.70_P0.90,0.35,0.9,0.7,0.9,1,20261830,0.4442222222222222,0.3108888888888889,0.24488888888888888,0.6891111111111111,0.5557777777777778,0.6225475619987673,0.5293333333333333,0.6806415341578831,0.07621842146884909,0.9841984606953063,0.09186010127178428,0.6673207424814442,0.5862771940231323,0.44061323285102844,0.05668777157045314,4.470913971159193,0.9265441987396152,10.530222222222221,0.007196056462886427,0.847875775717005,900,914,1.0,1.0155555555555555,0.015555555555555555,0.6575492341356673,0.5549401044845581,0.6904854598889122,0.07243015850069079,10.143327236175537
A0.35_R0.90_V0.70_P0.90,0.35,0.9,0.7,0.9,2,20262839,0.4308888888888889,0.3386666666666666,0.23044444444444445,0.6613333333333332,0.5691111111111111,0.5972384144190546,0.4453333333333333,0.6463801824253372,0.07898742091919063,0.9813331599589965,0.09675812786033579,0.66820900730668,0.5610377287864685,0.4362955343723297,0.05657852265673495,4.418570419046614,0.9179801144125196,10.602666666666664,0.006090702652514224,0.848764325632604,900,912,1.0,1.0133333333333334,0.013333333333333334,0.6381578947368421,0.5509834885597229,0.6568768758195966,0.07508078085999248,10.232754468917847
A0.35_R0.90_V0.70_P0.90,0.35,0.9,0.7,0.9,3,20263848,0.43422222222222223,0.33688888888888885,0.2288888888888889,0.6631111111111112,0.5657777777777777,0.6137002360185835,0.5008888888888889,0.665220234936895,0.06931301182185523,0.984270855271516,0.08939489094134664,0.6673744861210504,0.5762136197090149,0.4378878700733185,0.05623836126629423,4.4080061739285785,0.9258303039529204,10.428444444444445,0.0062064773268553156,0.8468728102508746,900,908,1.0,1.008888888888889,0.008888888888888889,0.6376651982378855,0.5510573387145996,0.6751317492890664,0.06583905947822521,10.115290641784668
A0.35_R0.90_V0.70_P0.90,0.35,0.9,0.7,0.9,4,20264857,0.44066666666666665,0.3362222222222222,0.2231111111111111,0.6637777777777778,0.5593333333333333,0.607398296661648,0.47533333333333333,0.6554187064242527,0.077075048852709,0.9873355151728848,0.09315587506411081,0.668269930821843,0.5677882146835327,0.4323922753334045,0.057010552451893244,4.412419974591997,0.9240578031276132,10.672888888888888,0.007280799928784034,0.8433292072725179,900,920,1.0,1.0222222222222221,0.022222222222222223,0.6293478260869565,0.5459277629852295,0.6656736957234822,0.07309243361506979,10.112919807434082
A0.35_R0.90_V0.70_P0.90,0.35,0.9,0.7,0.9,5,20265866,0.42466666666666664,0.34711111111111104,0.22822222222222222,0.652888888888889,0.5753333333333334,0.6077540985959888,0.484,0.6582763106326667,0.07563116911297164,0.9839798205970446,0.09323211936413671,0.6681856004453631,0.5690827822685242,0.4318798327445984,0.05706517690875233,4.411487166563671,0.9167626437053508,10.718222222222224,0.006293792927622779,0.8489692882904448,900,920,1.0,1.0222222222222221,0.022222222222222223,0.6206521739130435,0.5463204383850098,0.6684463275351528,0.07173045016649682,10.189676284790039
A0.35_R0.90_V0.70_P0.90,0.35,0.9,0.7,0.9,6,20266875,0.44266666666666665,0.3266666666666667,0.23066666666666666,0.6733333333333333,0.5573333333333333,0.6106220090179799,0.49333333333333335,0.66486570713661,0.07771739606471234,0.986169860331763,0.09312140103294865,0.6703167635158167,0.5737060809135437,0.4363460338115692,0.05681191806331472,4.437327382935418,0.9123282263975545,10.595555555555555,0.007234562282969092,0.84982651077291,900,917,1.0,1.018888888888889,0.01888888888888889,0.6444929116684842,0.550755500793457,0.6749842700857166,0.07396208600421472,10.515330791473389
A0.35_R0.90_V0.70_P0.90,0.35,0.9,0.7,0.9,7,20267884,0.44266666666666665,0.31888888888888894,0.23844444444444446,0.681111111111111,0.5573333333333333,0.6076605051632571,0.4842222222222222,0.6597772498251767,0.08009891343504874,0.9855567542705672,0.09510263273623693,0.6679102580081655,0.572428195476532,0.4361895155906677,0.05678957169459963,4.433961429225074,0.9228703326470665,10.698222222222222,0.006304991687103734,0.8472957558669358,900,917,1.0,1.018888888888889,0.01888888888888889,0.6335877862595419,0.5503920912742615,0.6697673510926736,0.07626589458911903,10.12676453590393
A0.35_R0.90_V0.70_P0.90,0.35,0.9,0.7,0.9,8,20268893,0.4375555555555556,0.33577777777777784,0.22666666666666668,0.6642222222222222,0.5624444444444444,0.6100088227890211,0.49244444444444446,0.6626723694782222,0.07754447919477726,0.9838577058783669,0.09486111208706184,0.6678133545321633,0.5729981923103332,0.4366975176334381,0.05616635630043452,4.390446331130134,0.9234775338581137,10.562222222222221,0.006564001902296387,0.8522670537316809,900,905,1.0,1.0055555555555555,0.005555555555555556,0.6298342541436464,0.5488340258598328,0.6726954035518451,0.07378711814522187,10.125028848648071
A0.35_R0.90_V0.70_P0.90,0.35,0.9,0.7,0.9,9,20269902,0.42199999999999993,0.3464444444444444,0.23155555555555554,0.6535555555555556,0.5780000000000001,0.6152459981720367,0.508,0.6679537159253425,0.06855999546390704,0.9816093100287301,0.09056506965224997,0.6687583094694824,0.5756327033042907,0.4360138213634491,0.056372439478584745,4.399602447350819,0.9236310488146197,10.675999999999998,0.006059744823675475,0.8573134107761574,900,910,1.0,1.011111111111111,0.011111111111111112,0.621978021978022,0.5498554706573486,0.6778919791529164,0.06513661122116643,10.404314279556274
A0.35_R0.90_V0.70_P0.90,0.35,0.9,0.7,0.9,10,20270911,0.4386666666666666,0.32,0.24133333333333332,0.68,0.5613333333333334,0.5989986419738558,0.46555555555555556,0.6481246051652775,0.06881998779766431,0.9791479244447595,0.09310611636033961,0.666838023484957,0.562614598274231,0.4371442449092865,0.057162011173184354,4.472835963302188,0.9199466332417976,10.69911111111111,0.005162102974273378,0.8449100188276855,900,923,1.0,1.0255555555555556,0.025555555555555557,0.6392199349945829,0.5546082854270935,0.6584844653057562,0.06551302004337867,10.197201251983643
A0.35_R0.90_V0.70_P0.90,0.35,0.9,0.7,0.9,11,20271920,0.4415555555555556,0.32466666666666666,0.23377777777777775,0.6753333333333333,0.5584444444444444,0.6129636637266285,0.49666666666666665,0.6694405931737313,0.07668703938612889,0.9836473084054052,0.092640904080125,0.6697635330954426,0.5769602012634277,0.4343800950050354,0.0569360645561763,4.426991094801161,0.9205439257976302,10.644444444444444,0.0069992585670978465,0.8517861613993368,900,918,1.0,1.02,0.02,0.6318082788671024,0.5484080910682678,0.6794361991467408,0.07301475324514395,10.358135461807251
A0.35_R0.90_V0.70_P0.90,0.35,0.9,0.7,0.9,12,20272929,0.4282222222222222,0.3368888888888889,0.23488888888888887,0.663111111111111,0.5717777777777777,0.6122557088716446,0.4882222222222222,0.6706115410759752,0.06836757000110404,0.9809125769606957,0.09070675525640265,0.667711662034162,0.5794620513916016,0.4346082425117493,0.0568814400993172,4.425061749352349,0.9159709133161583,10.712888888888886,0.006412301526595896,0.8487366338826942,900,917,1.0,1.018888888888889,0.01888888888888889,0.6335877862595419,0.5489266514778137,0.6804579997335374,0.06497751603767488,10.56893014907837
A0.35_R0.90_V0.70_P0.90,0.35,0.9,0.7,0.9,13,20273938,0.44644444444444453,0.3151111111111111,0.23844444444444446,0.684888888888889,0.5535555555555555,0.6105231469425764,0.47733333333333333,0.6650039747596769,0.0729709839134843,0.9869349466231826,0.09070109248649608,0.6689429606423128,0.5747086715698242,0.43772682309150696,0.05713469894475482,4.476650511688656,0.9273787352298117,10.766222222222222,0.006070035209737712,0.8459999020177195,900,922,1.0,1.0244444444444445,0.024444444444444446,0.6550976138828634,0.5540245175361633,0.6751408218138368,0.06932320348707788,10.167991876602173
A0.35_R0.90_V0.70_P0.90,0.35,0.9,0.7,0.9,14,20274947,0.42244444444444446,0.33022222222222225,0.2473333333333333,0.6697777777777777,0.5775555555555555,0.6157161240316498,0.5115555555555555,0.6704575262822268,0.07346700343442739,0.984965064486213,0.08949210843238499,0.6684931843369705,0.5758813571929932,0.43196614503860475,0.056558659217877096,4.373180209106869,0.9260763495741219,10.569333333333335,0.006389503315136187,0.8535587045651607,900,913,1.0,1.0144444444444445,0.014444444444444444,0.6111719605695509,0.544682502746582,0.6804813627720796,0.06988135523162287,10.252316951751709
A0.35_R0.90_V0.70_P0.90,0.35,0.9,0.7,0.9,15,20275956,0.426,0.3486666666666667,0.2253333333333333,0.6513333333333332,0.574,0.6093740638202297,0.49111111111111116,0.6609277536770756,0.06888695925122323,0.9794210939207442,0.09155829845362451,0.6678388670652744,0.5710954070091248,0.4351330590248108,0.05702048417132216,4.441166568862068,0.9182726836751339,10.546666666666665,0.006331982248922292,0.849567568608201,900,921,1.0,1.0233333333333334,0.023333333333333334,0.6297502714440825,0.5505538582801819,0.6710214189974947,0.06552952768129727,10.181170225143433
A0.35_R0.90_V0.70_P0.90,0.35,0.9,0.7,0.9,16,20276965,0.43044444444444446,0.3371111111111111,0.23244444444444443,0.6628888888888889,0.5695555555555556,0.6117096721316144,0.4993333333333333,0.6637431561407062,0.07254489524299364,0.9856969686042909,0.0919519730246817,0.6681029615249661,0.5753661203384399,0.43408037185668946,0.056571073867163264,4.395543621646034,0.9245531130737719,10.496000000000002,0.006251595705735852,0.8432159711992453,900,913,1.0,1.0144444444444445,0.014444444444444444,0.6451259583789705,0.54668790102005,0.6736320420941737,0.06924412322905393,10.244307041168213
A0.35_R0.90_V0.70_P0.90,0.35,0.9,0.7,0.9,17,20277974,0.4164444444444444,0.3468888888888888,0.2366666666666667,0.653111111111111,0.5835555555555556,0.6051276765985025,0.4766666666666666,0.6544171815489858,0.06864186089554702,0.9821970749594192,0.09122171359879136,0.6677011290357794,0.5672935771942139,0.4337897777557373,0.05648168839230292,4.385650335735744,0.9190696888708577,10.561777777777777,0.004540095026224269,0.8563630238739824,900,912,1.0,1.0133333333333334,0.013333333333333334,0.6414473684210527,0.5481071472167969,0.6644423621382184,0.06516821780607684,10.638515949249268
A0.35_R0.90_V0.70_P0.90,0.35,0.9,0.7,0.9,18,20278983,0.44266666666666665,0.3222222222222222,0.2351111111111111,0.6777777777777778,0.5573333333333333,0.6123762303447186,0.4991111111111111,0.6668114130907092,0.07841987308017953,0.9816278650926548,0.09445071728751447,0.6661548691801517,0.5749373483657837,0.43614163875579837,0.05693358162631906,4.444725079483456,0.9121195926920589,10.743555555555556,0.0063601963030663474,0.847630518306757,900,919,1.0,1.021111111111111,0.021111111111111112,0.6539717083786725,0.5513353943824768,0.6767945430197185,0.07458657629556242,10.779675006866455
A0.35_R0.90_V0.70_P0.90,0.35,0.9,0.7,0.9,19,20279992,0.4277777777777777,0.32844444444444443,0.24377777777777776,0.6715555555555555,0.5722222222222222,0.6075202685355258,0.47600000000000003,0.6589716452850531,0.07774289789869553,0.9853627271703587,0.09352852677895726,0.6673830758091596,0.5703475189208984,0.4358613419532776,0.056797020484171325,4.431256955888536,0.9197377049180328,10.742666666666667,0.006412687382232352,0.8519003250640621,900,915,1.0,1.0166666666666666,0.016666666666666666,0.6480874316939891,0.5502431392669678,0.6691305691030773,0.07390742850577725,10.207029104232788
A0.60_R0.55_V0.30_P0.60,0.6,0.55,0.3,0.6,0,20260821,0.4662222222222222,0.28733333333333333,0.24644444444444447,0.7126666666666667,0.5337777777777778,0.5629727159655532,0.35866666666666674,0.6267446658491062,0.09861671919405866,0.9953740676427388,0.11485268874057354,0.45211434769374675,0.5589377284049988,0.4399389600753784,0.05845313469894476,4.602992298814986,0.9336854595482343,11.022222222222222,0.014122576972157663,0.9140966130400551,900,947,1.0,1.0522222222222222,0.052222222222222225,0.6568109820485745,0.5542529225349426,0.6353649772411412,0.09507451293737867,10.173908948898315
A0.60_R0.55_V0.30_P0.60,0.6,0.55,0.3,0.6,1,20261830,0.4842222222222222,0.28555555555555556,0.23022222222222222,0.7144444444444444,0.5157777777777778,0.5768959446308863,0.3928888888888889,0.6445035172973761,0.09688226592486864,0.9943058550379307,0.11220478778088655,0.451114111625871,0.57085853099823,0.4411681616306305,0.05857728119180633,4.625628699461618,0.9352725197491616,11.11333333333333,0.014038738928947948,0.9122998879002018,900,947,1.0,1.0522222222222222,0.052222222222222225,0.6610348468848997,0.5549401044845581,0.6529625006468813,0.09341747548695323,10.234748125076294
A0.60_R0.55_V0.30_P0.60,0.6,0.55,0.3,0.6,2,20262839,0.4617777777777778,0.3015555555555556,0.23666666666666664,0.6984444444444445,0.5382222222222223,0.5479591692746097,0.32355555555555554,0.6039865564150415,0.10117659564624602,0.9945767106795909,0.1151817999088723,0.4539827588141245,0.5436328315734863,0.43746124505996703,0.05807076350093109,4.54723027118047,0.926286090922695,11.07288888888889,0.013287087582502289,0.9130499245571237,900,936,1.0,1.04,0.04,0.6399572649572649,0.5509834885597229,0.6128884484410368,0.09756283959001766,10.227931499481201
A0.60_R0.55_V0.30_P0.60,0.6,0.55,0.3,0.6,3,20263848,0.4568888888888889,0.29177777777777775,0.25133333333333335,0.7082222222222221,0.5431111111111111,0.5637880730782356,0.3491111111111111,0.627905357234804,0.08810806027793713,0.9942834990148876,0.10835087338914694,0.45070671510756083,0.5588277459144593,0.436406717300415,0.05878088144009932,4.591672333081563,0.9270925442198594,11.164444444444444,0.012897196953133565,0.911108109647395,900,949,1.0,1.0544444444444445,0.05444444444444444,0.631190727081138,0.5510573387145996,0.636332475543879,0.0850034592654918,10.571851968765259
A0.60_R0.55_V0.30_P0.60,0.6,0.55,0.3,0.6,4,20264857,0.4706666666666667,0.2942222222222222,0.2351111111111111,0.7057777777777777,0.5293333333333332,0.5559603647651251,0.3393333333333333,0.6169099131669765,0.09766227478376358,0.9950431866037462,0.11582329725428236,0.45167671480958804,0.5515905952453614,0.4337017107009888,0.05814276846679082,4.513598289171855,0.9343211192241273,10.937777777777779,0.012834401703397301,0.9096506591426546,900,942,1.0,1.0466666666666666,0.04666666666666667,0.6273885350318471,0.5459277629852295,0.6255154791459707,0.09424567756056645,10.684789419174194
A0.60_R0.55_V0.30_P0.60,0.6,0.55,0.3,0.6,5,20265866,0.46777777777777785,0.28733333333333333,0.24488888888888888,0.7126666666666667,0.5322222222222222,0.557114785456718,0.3468888888888888,0.6198212730420531,0.09693430398636747,0.9960520882744883,0.11418500393225348,0.4513070412172137,0.5548459887504578,0.43445070743560793,0.05802855369335816,4.512502896361881,0.9337946934970985,11.162222222222221,0.012623583778433893,0.9127811078027241,900,941,1.0,1.0455555555555556,0.04555555555555556,0.6248671625929861,0.5463204383850098,0.6284079951945623,0.09359178928166711,11.135772466659546
A0.60_R0.55_V0.30_P0.60,0.6,0.55,0.3,0.6,6,20266875,0.46799999999999997,0.29333333333333333,0.23866666666666667,0.7066666666666666,0.532,0.5641276099796543,0.3648888888888889,0.6270456063330859,0.09560314452107364,0.9950103140560155,0.1150650750326918,0.45216169763569325,0.5585368204116822,0.43853370428085325,0.05790440720049659,4.5452981600761415,0.9253482784013001,10.981333333333334,0.012994584112511713,0.9127951084967072,900,935,1.0,1.038888888888889,0.03888888888888889,0.6577540106951871,0.550755500793457,0.635486790954695,0.09250213741997548,10.418810606002808
A0.60_R0.55_V0.30_P0.60,0.6,0.55,0.3,0.6,7,20267884,0.4617777777777778,0.29288888888888887,0.24533333333333335,0.7071111111111112,0.5382222222222223,0.5580031375768495,0.3508888888888888,0.6217617502733972,0.10095010343064273,0.9952184249416745,0.11629391836167895,0.4507595685181618,0.5564308977127075,0.43721344113349914,0.05820235878336438,4.554854275544485,0.9249532690932136,11.08,0.0128305446028282,0.9117290355236258,900,942,1.0,1.0466666666666666,0.04666666666666667,0.6337579617834395,0.5503920912742615,0.6302181693345454,0.0976416948397536,10.396109342575073
A0.60_R0.55_V0.30_P0.60,0.6,0.55,0.3,0.6,8,20268893,0.4768888888888889,0.2793333333333333,0.24377777777777776,0.7206666666666667,0.5231111111111111,0.5609845595892504,0.34955555555555556,0.6235434572465098,0.09802714149461872,0.9942106183538396,0.11357357379661974,0.44962247977472286,0.5576989245414734,0.43667102336883545,0.058170080695220366,4.546754834598966,0.9256045502416781,10.888444444444444,0.013158544864300736,0.9148628309667842,900,939,1.0,1.0433333333333332,0.043333333333333335,0.6272630457933972,0.5488340258598328,0.6321742236464231,0.09450200196716141,10.645106554031372
A0.60_R0.55_V0.30_P0.60,0.6,0.55,0.3,0.6,9,20269902,0.4548888888888889,0.3073333333333333,0.23777777777777778,0.6926666666666668,0.5451111111111111,0.5652826123242078,0.3593333333333333,0.6288292227300556,0.08682104372873496,0.9946147921267748,0.10958700408995528,0.450008804080578,0.5579634141921997,0.43671221017837525,0.05778026070763501,4.516694371170468,0.9267675930655993,11.031999999999998,0.012331883595265807,0.9179459094821277,900,934,1.0,1.0377777777777777,0.03777777777777778,0.632762312633833,0.5498554706573486,0.637224256370833,0.08394204869769406,10.809423685073853
A0.60_R0.55_V0.30_P0.60,0.6,0.55,0.3,0.6,10,20270911,0.46488888888888896,0.29933333333333334,0.23577777777777778,0.7006666666666668,0.5351111111111111,0.5441743411519515,0.30955555555555553,0.6057300814841234,0.08785358941255503,0.9934947107337037,0.11416210400442775,0.45135625043342964,0.5442647767066956,0.43951550602912903,0.057810055865921785,4.548017358620962,0.9188599942983668,11.099555555555556,0.011381242794046082,0.9107116527985564,900,933,1.0,1.0366666666666666,0.03666666666666667,0.6484458735262594,0.5546082854270935,0.6143453936509802,0.08497122909612376,10.322145462036133
A0.60_R0.55_V0.30_P0.60,0.6,0.55,0.3,0.6,11,20271920,0.45733333333333337,0.3028888888888889,0.2397777777777778,0.6971111111111111,0.5426666666666666,0.5654616157132825,0.36733333333333335,0.6324388149577215,0.09623847672500813,0.9944583079228534,0.11239425198220175,0.4500142235476066,0.561870334148407,0.4361133968830109,0.05804841713221602,4.5314171995057,0.9336694895445171,10.965777777777777,0.0128101913834899,0.9145940983463717,900,938,1.0,1.0422222222222222,0.042222222222222223,0.6385927505330491,0.5484080910682678,0.640736015641471,0.09305603767520965,10.200892925262451
A0.60_R0.55_V0.30_P0.60,0.6,0.55,0.3,0.6,12,20272929,0.46555555555555556,0.29466666666666663,0.23977777777777778,0.7053333333333331,0.5344444444444445,0.567756511503264,0.37022222222222223,0.6333756373988425,0.0879458826049494,0.992361415752685,0.11128172065096413,0.4529890826203467,0.5633520960807801,0.4351502776145935,0.05865921787709498,4.568971905761295,0.9278358223540133,11.13822222222222,0.013024358368822068,0.9129118164526376,900,949,1.0,1.0544444444444445,0.05444444444444444,0.6385669125395153,0.5489266514778137,0.6417910341809497,0.08489214480200258,10.51846170425415
A0.60_R0.55_V0.30_P0.60,0.6,0.55,0.3,0.6,13,20273938,0.47311111111111104,0.28,0.2468888888888889,0.72,0.5268888888888889,0.5641630789375436,0.35511111111111116,0.6254926580251129,0.09418096506308402,0.9951823011038757,0.10979610043841916,0.4499626577299452,0.5578385806083679,0.4400925183296204,0.05795406579764123,4.565361784193251,0.9344452867526847,10.964444444444446,0.012711049514907216,0.9108957041816724,900,937,1.0,1.041111111111111,0.04111111111111111,0.6702241195304163,0.5540245175361633,0.6341025568140704,0.09089709375937294,10.191507816314697
A0.60_R0.55_V0.30_P0.60,0.6,0.55,0.3,0.6,14,20274947,0.46444444444444444,0.30044444444444446,0.2351111111111111,0.6995555555555556,0.5355555555555555,0.5646436768949707,0.35600000000000004,0.6321615316388932,0.09269874461465787,0.9948689949220413,0.11083762984160807,0.4512648853531395,0.5598002243041992,0.43082174062728884,0.05921291123525761,4.566163271056282,0.9215055330626566,11.27111111111111,0.01262317793594092,0.9153292972771047,900,958,1.0,1.0644444444444445,0.06444444444444444,0.6096033402922756,0.544682502746582,0.6405663595537551,0.08961222684899273,10.206697463989258
A0.60_R0.55_V0.30_P0.60,0.6,0.55,0.3,0.6,15,20275956,0.4786666666666666,0.288,0.2333333333333333,0.7120000000000002,0.5213333333333334,0.5602402200747177,0.3475555555555555,0.6210425368888848,0.08777241915288193,0.9937638926851181,0.11035947963111785,0.4528139365960672,0.555847008228302,0.4360861241817474,0.05844568590937306,4.562158601284028,0.9295649951958133,11.129777777777777,0.012155309252676978,0.912616623236513,900,943,1.0,1.0477777777777777,0.04777777777777778,0.6436903499469777,0.5505538582801819,0.6294742071368788,0.08477830425429222,10.62894606590271
A0.60_R0.55_V0.30_P0.60,0.6,0.55,0.3,0.6,16,20276965,0.4593333333333333,0.29288888888888887,0.24777777777777776,0.7071111111111111,0.5406666666666666,0.5628365344837549,0.3595555555555556,0.6268613372188677,0.09071193252490671,0.9948630526740753,0.11206851265986628,0.4517392371473064,0.5594081592559814,0.43412129998207094,0.05830415890751087,4.530603217018975,0.9316491613067396,10.983555555555556,0.013053589939938905,0.9088266606771636,900,941,1.0,1.0455555555555556,0.04555555555555556,0.6344314558979809,0.54668790102005,0.6353873430748502,0.0877748142546464,10.226034164428711
A0.60_R0.55_V0.30_P0.60,0.6,0.55,0.3,0.6,17,20277974,0.4384444444444444,0.3073333333333333,0.2542222222222222,0.6926666666666667,0.5615555555555556,0.5541285767308565,0.33911111111111114,0.6142640376191797,0.0889644513400769,0.9938706441479339,0.11105450464146609,0.45086479150376846,0.550327124595642,0.4342810559272766,0.058021104903786466,4.510221427122752,0.9305016926986036,10.966222222222221,0.011394879239843529,0.9173601563940127,900,938,1.0,1.0422222222222222,0.042222222222222223,0.6449893390191898,0.5481071472167969,0.6226438534956523,0.08596960646068608,10.313550472259521
A0.60_R0.55_V0.30_P0.60,0.6,0.55,0.3,0.6,18,20278983,0.45622222222222214,0.2882222222222222,0.2555555555555556,0.7117777777777777,0.5437777777777778,0.5631470736792203,0.3631111111111111,0.6287271566380038,0.09840625019387611,0.9951341080690083,0.11756916337869985,0.4515416763870149,0.5602454853057861,0.43870212316513063,0.057891992551210435,4.5460041534105935,0.9323795703225616,10.857777777777779,0.012480820193721685,0.9117353998679719,900,937,1.0,1.041111111111111,0.04111111111111111,0.6510138740661686,0.5513353943824768,0.6371378635957842,0.09511076704134735,10.244515180587769
A0.60_R0.55_V0.30_P0.60,0.6,0.55,0.3,0.6,19,20279992,0.4617777777777777,0.302,0.2362222222222222,0.698,0.5382222222222223,0.5584214183138597,0.3433333333333334,0.6199582608593956,0.09692780737488503,0.9943555984621492,0.11377318139385832,0.4519475630594526,0.5537022733688355,0.4381205427646637,0.05787957790192427,4.539082265059154,0.9216649663944421,10.940888888888887,0.01312388563700031,0.9147021966600078,900,935,1.0,1.038888888888889,0.03888888888888889,0.6449197860962567,0.5502431392669678,0.6285287943919994,0.0935423371662778,10.196928977966309
A0.60_R0.55_V0.30_P0.90,0.6,0.55,0.3,0.9,0,20260821,0.4762222222222222,0.2828888888888889,0.24088888888888887,0.717111111111111,0.5237777777777778,0.5647101304058997,0.36644444444444446,0.6268366837868588,0.09874999830291249,0.9951065449933877,0.11371999831669401,0.4507554502140449,0.5590640234947205,0.443458172082901,0.05707014276846679,4.530103558911217,0.941394139603205,10.609333333333332,0.013375708165722951,0.9140966130400551,900,921,1.0,1.0233333333333334,0.023333333333333334,0.6764386536373507,0.5542529225349426,0.6354419397531484,0.09529117822662281,10.595428466796875
A0.60_R0.55_V0.30_P0.90,0.6,0.55,0.3,0.9,1,20261830,0.47577777777777774,0.286,0.23822222222222222,0.7140000000000001,0.5242222222222223,0.5807014213997852,0.41622222222222227,0.6451512387342785,0.09651470393707683,0.993928966484094,0.11283606727084088,0.45260518560159263,0.5727164649963379,0.44474279284477236,0.057099937926753566,4.545528987195757,0.9338995356056655,10.524000000000001,0.01461054413263094,0.9122998879002018,900,923,1.0,1.0255555555555556,0.025555555555555557,0.6803900325027086,0.5549401044845581,0.6536207118162852,0.09315497772743875,10.638473510742188
A0.60_R0.55_V0.30_P0.90,0.6,0.55,0.3,0.9,2,20262839,0.4451111111111111,0.3164444444444444,0.23844444444444446,0.6835555555555556,0.5548888888888889,0.5451835417448435,0.31755555555555554,0.6040935518152071,0.10097695589947783,0.9947912446879681,0.11757602504314928,0.45142393414041665,0.5443449521064758,0.4395666110515595,0.05723649906890131,4.503391061994765,0.9220537584106162,10.74,0.012544780815102612,0.9130499245571237,900,924,1.0,1.0266666666666666,0.02666666666666667,0.6558441558441559,0.5509834885597229,0.6127680362062622,0.09755091161701457,10.499977350234985
A0.60_R0.55_V0.30_P0.90,0.6,0.55,0.3,0.9,3,20263848,0.4697777777777778,0.28733333333333333,0.24288888888888888,0.7126666666666667,0.5302222222222222,0.5654665927484193,0.36111111111111116,0.628498841549086,0.08764307211644101,0.9943885704448683,0.10851178115875314,0.45238134488090276,0.5602858233451843,0.4391215670108795,0.05775046554934824,4.539214594311185,0.935508317206881,10.809333333333331,0.0133629657049702,0.911108109647395,900,934,1.0,1.0377777777777777,0.03777777777777778,0.6541755888650964,0.5510573387145996,0.6370073944731015,0.0845446897509865,10.326464891433716
A0.60_R0.55_V0.30_P0.90,0.6,0.55,0.3,0.9,4,20264857,0.44266666666666665,0.2957777777777778,0.26155555555555554,0.7042222222222222,0.5573333333333333,0.5577671283620864,0.34511111111111115,0.6171206797174792,0.09720141333740556,0.995569123091881,0.1149906361121312,0.4531654229207364,0.5527582716941833,0.43702308177947996,0.05714711359404097,4.470388961474101,0.9325628409088077,10.663111111111112,0.012927442915501228,0.9096506591426546,900,922,1.0,1.0244444444444445,0.024444444444444446,0.6420824295010846,0.5459277629852295,0.625744302430299,0.09375440392994183,10.422482967376709
A0.60_R0.55_V0.30_P0.90,0.6,0.55,0.3,0.9,5,20265866,0.4608888888888889,0.29244444444444445,0.24666666666666667,0.7075555555555556,0.5391111111111111,0.5590219802655614,0.35133333333333333,0.6203669775950065,0.09682136713808234,0.9955345606310386,0.11377248852414354,0.45199467336136223,0.5553771257400513,0.4367238485813141,0.05708504034761017,4.46251982249154,0.9297997350617401,10.64311111111111,0.013023531962966971,0.9127811078027241,900,920,1.0,1.0222222222222221,0.022222222222222223,0.6489130434782608,0.5463204383850098,0.6289538717121839,0.0934165842155299,10.225366353988647
A0.60_R0.55_V0.30_P0.90,0.6,0.55,0.3,0.9,6,20266875,0.4675555555555555,0.2848888888888889,0.24755555555555553,0.715111111111111,0.5324444444444444,0.563502871907399,0.3597777777777778,0.6267190564429737,0.09608117575966137,0.9954374087922173,0.11433113649622877,0.45289591229494436,0.5576677131652832,0.4387756073474884,0.05784729981378026,4.543306333065034,0.9324040170739778,10.791555555555556,0.013440484071176173,0.9127951084967072,900,933,1.0,1.0366666666666666,0.03666666666666667,0.6580921757770632,0.550755500793457,0.6352389872828722,0.09290546412725154,10.925317525863647
A0.60_R0.55_V0.30_P0.90,0.6,0.55,0.3,0.9,7,20267884,0.4768888888888888,0.2813333333333333,0.2417777777777778,0.7186666666666666,0.5231111111111112,0.5624831851070089,0.3686666666666666,0.62250837892212,0.10034346256051661,0.9949310268102363,0.11511029789465153,0.45223702348632794,0.5589502048492432,0.4398730230331421,0.05728119180633147,4.5100737060970735,0.9264043123594098,10.634222222222222,0.012999186998804894,0.9117290355236258,900,925,1.0,1.0277777777777777,0.027777777777777776,0.6551351351351351,0.5503920912742615,0.6310213053331832,0.09702699922197455,10.348095417022705
A0.60_R0.55_V0.30_P0.90,0.6,0.55,0.3,0.9,8,20268893,0.45422222222222225,0.282,0.2637777777777778,0.7179999999999999,0.5457777777777778,0.5613805088947454,0.3546666666666667,0.6234775297585159,0.09785953754847443,0.9932687696421576,0.11424788449321822,0.44939107820438856,0.5589748096466064,0.440328049659729,0.05678460583488516,4.4756178506745234,0.9328453722165188,10.651555555555555,0.013774700226944145,0.9148628309667842,900,917,1.0,1.018888888888889,0.01888888888888889,0.6423118865866958,0.5488340258598328,0.632014419212893,0.09449074751833875,10.278399229049683
A0.60_R0.55_V0.30_P0.90,0.6,0.55,0.3,0.9,9,20269902,0.4662222222222222,0.29444444444444445,0.23933333333333334,0.7055555555555556,0.5337777777777778,0.5655793962351748,0.3631111111111111,0.6292374153561187,0.08662150245013844,0.9935844302429021,0.10794954889894369,0.45121095855733784,0.5603951597213745,0.4386255669593811,0.057335816263190564,4.501600792302026,0.9270335157389142,10.676888888888886,0.0130970370234955,0.9179459094821277,900,925,1.0,1.0277777777777777,0.027777777777777776,0.6356756756756756,0.5498554706573486,0.6377273654792712,0.08355692295163819,10.397717952728271
A0.60_R0.55_V0.30_P0.90,0.6,0.55,0.3,0.9,10,20270911,0.45977777777777773,0.30777777777777776,0.23244444444444443,0.6922222222222222,0.5402222222222224,0.5468199998181398,0.3124444444444444,0.6057057327403536,0.08745565201091977,0.994067942798456,0.11205001472358582,0.4500153068844287,0.5443940758705139,0.4407602870464325,0.05741527001862198,4.529769927342732,0.9326183477975101,10.711555555555556,0.011816433566524776,0.9107116527985564,900,926,1.0,1.028888888888889,0.028888888888888888,0.6673866090712743,0.5546082854270935,0.6142937197489299,0.08447662936293332,10.261968851089478
A0.60_R0.55_V0.30_P0.90,0.6,0.55,0.3,0.9,11,20271920,0.47177777777777785,0.2897777777777778,0.2384444444444444,0.7102222222222221,0.5282222222222221,0.5670936074795686,0.37666666666666665,0.6326423905684061,0.0961191689841561,0.9944971136604479,0.11282735392005534,0.45089840827787186,0.5623607659339904,0.43790424823760987,0.05736064556176288,4.496199433750577,0.9375367263367264,10.613333333333333,0.013602637022222745,0.9145940983463717,900,925,1.0,1.0277777777777777,0.027777777777777776,0.6551351351351351,0.5484080910682678,0.641103551331654,0.09293983499043179,10.2504141330719
A0.60_R0.55_V0.30_P0.90,0.6,0.55,0.3,0.9,12,20272929,0.47444444444444434,0.27555555555555555,0.25,0.7244444444444446,0.5255555555555556,0.5690832948397438,0.38044444444444453,0.6336514606016057,0.08788502039526014,0.9926449116151407,0.1087174380556614,0.45003728526273823,0.564328887462616,0.4393125188350677,0.057065176908752326,4.487360637982686,0.9289050449549666,10.562222222222221,0.013215934794963212,0.9129118164526376,900,922,1.0,1.0244444444444445,0.024444444444444446,0.6431670281995662,0.5489266514778137,0.6420832574573364,0.08478837788155813,10.79263424873352
A0.60_R0.55_V0.30_P0.90,0.6,0.55,0.3,0.9,13,20273938,0.44733333333333336,0.2902222222222222,0.2624444444444444,0.7097777777777778,0.5526666666666666,0.5609458116747587,0.3511111111111111,0.6262520012618188,0.09369255429172718,0.9946334961502103,0.11276260084310184,0.45113018450383907,0.5597794270515442,0.4427922570705414,0.05726381129733085,4.538613604015775,0.9346951540378945,10.695111111111112,0.013099031551097434,0.9108957041816724,900,925,1.0,1.0277777777777777,0.027777777777777776,0.6854054054054054,0.5540245175361633,0.6347171711078374,0.09047863210732099,10.364812135696411
A0.60_R0.55_V0.30_P0.90,0.6,0.55,0.3,0.9,14,20274947,0.4706666666666667,0.27555555555555555,0.25377777777777777,0.7244444444444446,0.5293333333333333,0.5659015611607805,0.3673333333333333,0.6324654721299324,0.0926747318629144,0.9944381378960508,0.11156746590873286,0.4503502757664199,0.5619391345977783,0.4360122275352478,0.05704531346989449,4.452084957016839,0.9291693750284334,10.651999999999997,0.012972168371026282,0.9153292972771047,900,921,1.0,1.0233333333333334,0.023333333333333334,0.6330076004343105,0.544682502746582,0.6408819729932171,0.08958283052243954,10.349390983581543
A0.60_R0.55_V0.30_P0.90,0.6,0.55,0.3,0.9,15,20275956,0.47155555555555556,0.28844444444444445,0.24,0.7115555555555555,0.5284444444444444,0.5598928061405554,0.354,0.6209767717157031,0.08765360189483165,0.9936838197368975,0.11144655990269968,0.4510209836125334,0.5563018274307251,0.43898058056831357,0.057308504034761024,4.503053576734331,0.9306224839486872,10.636444444444443,0.012068560526164089,0.912616623236513,900,926,1.0,1.028888888888889,0.028888888888888888,0.661987041036717,0.5505538582801819,0.6294236538802365,0.08467494395854036,10.498051166534424
A0.60_R0.55_V0.30_P0.90,0.6,0.55,0.3,0.9,16,20276965,0.48244444444444445,0.28844444444444445,0.22911111111111113,0.7115555555555555,0.5175555555555555,0.5636624478913435,0.3593333333333333,0.6276847233720138,0.09027092338043348,0.9944051616591197,0.11017355314431308,0.45003571722537616,0.5609728026390076,0.43777289271354675,0.05684419615145873,4.454313262515598,0.9332551055801285,10.51822222222222,0.013029619818675436,0.9088266606771636,900,918,1.0,1.02,0.02,0.6557734204793029,0.54668790102005,0.6360932985385495,0.0873200764059181,10.272723197937012
A0.60_R0.55_V0.30_P0.90,0.6,0.55,0.3,0.9,17,20277974,0.4491111111111111,0.3048888888888889,0.24600000000000002,0.695111111111111,0.5508888888888889,0.5547908733071681,0.3400000000000001,0.6146098217818657,0.08871700000720698,0.994286975205826,0.11261197250387794,0.4508518347870617,0.5513856434822082,0.43669949650764467,0.057320918684047185,4.480644572734833,0.931297092522724,10.724444444444446,0.0120826704349894,0.9173601563940127,900,927,1.0,1.03,0.03,0.6558791801510249,0.5481071472167969,0.623076549762339,0.08568411137917686,10.186260461807251
A0.60_R0.55_V0.30_P0.90,0.6,0.55,0.3,0.9,18,20278983,0.4697777777777778,0.2766666666666666,0.25355555555555553,0.7233333333333333,0.5302222222222222,0.5676550786191092,0.3831111111111111,0.6293836228512464,0.09770394737117563,0.9947469023307021,0.11501397699897936,0.4527744190589484,0.5623199105262756,0.44064554810523987,0.05722656734947239,4.51371689611011,0.9305382343307452,10.737333333333334,0.012992499419348475,0.9117353998679719,900,924,1.0,1.0266666666666666,0.02666666666666667,0.6699134199134199,0.5513353943824768,0.6378982831066129,0.09439620137247484,10.789143562316895
A0.60_R0.55_V0.30_P0.90,0.6,0.55,0.3,0.9,19,20279992,0.4588888888888889,0.28955555555555557,0.25155555555555553,0.7104444444444445,0.5411111111111111,0.5581469780347695,0.3568888888888889,0.6194526670091078,0.09735413627019965,0.9946907641064879,0.115341064529041,0.450980877154997,0.5532804775238037,0.4389526283740997,0.05751458721291124,4.518952150662741,0.941072617213913,10.759555555555556,0.013592418640714332,0.9147021966600078,900,930,1.0,1.0333333333333334,0.03333333333333333,0.6483870967741936,0.5502431392669678,0.6280620399557523,0.09404251293147992,10.323544263839722
A0.60_R0.55_V0.70_P0.60,0.6,0.55,0.7,0.6,0,20260821,0.45533333333333337,0.29333333333333333,0.25133333333333335,0.7066666666666666,0.5446666666666666,0.5658449750868753,0.3693333333333333,0.6267575034111633,0.0985614972447629,0.9952500854841146,0.11424698932779809,0.4494374813031967,0.5590988159179687,0.44056412220001223,0.05807572936064557,4.579752874904209,0.9348073334242285,11.021777777777777,0.013123037944152672,0.9140966130400551,900,942,1.0,1.0466666666666666,0.04666666666666667,0.6645435244161358,0.5542529225349426,0.6353776630856522,0.0950293545654679,10.229501724243164
A0.60_R0.55_V0.70_P0.60,0.6,0.55,0.7,0.6,1,20261830,0.4628888888888889,0.2802222222222222,0.2568888888888889,0.7197777777777777,0.537111111111111,0.580610372894296,0.4124444444444444,0.6456150937631544,0.09656222903780996,0.993792964098665,0.11114437914405383,0.4526778314457342,0.5717617106437684,0.4420732021331787,0.058023587833643704,4.591265831099616,0.9394542384833349,11.158222222222223,0.014303594529867377,0.9122998879002018,900,941,1.0,1.0455555555555556,0.04555555555555556,0.6631243358129649,0.5549401044845581,0.6541754489612845,0.09302456348322363,10.293294191360474
A0.60_R0.55_V0.70_P0.60,0.6,0.55,0.7,0.6,2,20262839,0.4406666666666667,0.3171111111111111,0.24222222222222223,0.6828888888888888,0.5593333333333333,0.5495051581078892,0.3244444444444444,0.6042866261980095,0.10069768523981619,0.9950539099544398,0.115341492871381,0.45096276528767554,0.5438179254531861,0.4384750294685364,0.0574723774053383,4.510779528035058,0.9220637897740427,10.97288888888889,0.012712927748359672,0.9130499245571237,900,928,1.0,1.031111111111111,0.03111111111111111,0.6454741379310345,0.5509834885597229,0.6130566935851848,0.09716453485314558,10.194103956222534
A0.60_R0.55_V0.70_P0.60,0.6,0.55,0.7,0.6,3,20263848,0.45888888888888885,0.28577777777777774,0.25533333333333336,0.7142222222222222,0.5411111111111111,0.5649929757678106,0.35600000000000004,0.6287699235417993,0.08751736494944481,0.994235186734941,0.10918221554487609,0.45286783046741214,0.5604148507118225,0.4385228860378265,0.05785226567349473,4.5410695124732126,0.9336533671627782,11.010666666666665,0.012848884614129925,0.911108109647395,900,934,1.0,1.0377777777777777,0.03777777777777778,0.6466809421841542,0.5510573387145996,0.6372512362205676,0.08442762245770852,10.379439115524292
A0.60_R0.55_V0.70_P0.60,0.6,0.55,0.7,0.6,4,20264857,0.45977777777777773,0.2977777777777778,0.24244444444444443,0.7022222222222222,0.5402222222222223,0.5594484659025073,0.3553333333333334,0.6177549237007625,0.09662277061640687,0.9956783848784088,0.11372780093068996,0.4513112504033914,0.5522094082832336,0.4344645547866821,0.05799875853507139,4.510469926834107,0.9329573301574314,11.177777777777779,0.013051170191221617,0.9096506591426546,900,938,1.0,1.0422222222222222,0.042222222222222223,0.6300639658848614,0.5459277629852295,0.6264142297321592,0.09309900652736292,10.742567777633667
A0.60_R0.55_V0.70_P0.60,0.6,0.55,0.7,0.6,5,20265866,0.43777777777777777,0.3015555555555556,0.26066666666666666,0.6984444444444445,0.5622222222222222,0.56332127044466,0.3642222222222222,0.6205578718569379,0.09677365156834228,0.9951933857550216,0.11192556036560199,0.45187445883730587,0.554201762676239,0.4334335565567017,0.058463066418373684,4.535709037833744,0.9256532119091223,10.922222222222222,0.012623875834693621,0.9127811078027241,900,946,1.0,1.051111111111111,0.051111111111111114,0.6247357293868921,0.5463204383850098,0.6292048200275537,0.09327937704039813,10.271798133850098
A0.60_R0.55_V0.70_P0.60,0.6,0.55,0.7,0.6,6,20266875,0.45266666666666666,0.29,0.2573333333333333,0.71,0.5473333333333333,0.5646840506308344,0.3646666666666667,0.6267629310751879,0.09555696209454713,0.9948251657758997,0.11528052171718045,0.4512328885817194,0.5574198031425476,0.43736186385154724,0.05824208566108008,4.55955236673355,0.9247232632099669,11.102666666666666,0.012670438026909519,0.9127951084967072,900,940,1.0,1.0444444444444445,0.044444444444444446,0.6542553191489362,0.550755500793457,0.6352605575656463,0.09230212678059435,10.385335683822632
A0.60_R0.55_V0.70_P0.60,0.6,0.55,0.7,0.6,7,20267884,0.44733333333333336,0.3015555555555556,0.2511111111111111,0.6984444444444445,0.5526666666666666,0.5624231044031095,0.3675555555555556,0.6227185579428288,0.1002055672556223,0.9947433795117591,0.11584790120373896,0.4484562205029232,0.5567132186889648,0.4369416272640228,0.058363749224084424,4.564648499435848,0.9259360098018444,11.095111111111109,0.012590616541386181,0.9117290355236258,900,944,1.0,1.048888888888889,0.04888888888888889,0.6366525423728814,0.5503920912742615,0.6311754592003708,0.09682616522758392,10.25826621055603
A0.60_R0.55_V0.70_P0.60,0.6,0.55,0.7,0.6,8,20268893,0.44755555555555554,0.29355555555555557,0.2588888888888889,0.7064444444444444,0.5524444444444445,0.5646468833442001,0.3686666666666667,0.6240383458940584,0.0974040551710389,0.9935769514523217,0.11391526960931753,0.4516460402710573,0.5575262379646301,0.43717254638671876,0.057921787709497206,4.532515586270226,0.9351876054443632,11.015555555555556,0.013413241319666949,0.9148628309667842,900,936,1.0,1.04,0.04,0.6324786324786325,0.5488340258598328,0.6326409620970392,0.09392681872321118,10.267229318618774
A0.60_R0.55_V0.70_P0.60,0.6,0.55,0.7,0.6,9,20269902,0.4275555555555555,0.308,0.2644444444444444,0.6919999999999998,0.5724444444444444,0.5670455357186681,0.3708888888888889,0.6293713976586492,0.08615986823778016,0.9938471687050249,0.10947295639872501,0.4502507692604836,0.5591114282608032,0.4368396639823914,0.05797392923649907,4.533159315639072,0.9327131073996202,10.796444444444443,0.011928472522464165,0.9179459094821277,900,935,1.0,1.038888888888889,0.03888888888888889,0.627807486631016,0.5498554706573486,0.6377843657702409,0.08320261381530414,10.360397815704346
A0.60_R0.55_V0.70_P0.60,0.6,0.55,0.7,0.6,10,20270911,0.44199999999999995,0.30666666666666664,0.25133333333333335,0.6933333333333332,0.558,0.5462120619030832,0.3053333333333333,0.6065970488171831,0.08682278607966683,0.9935487036857127,0.11098971207334561,0.45112015887694007,0.5439831089973449,0.4402950668334961,0.05757666045934204,4.537684153556824,0.9216027126810709,10.956888888888889,0.011215409286322635,0.9107116527985564,900,930,1.0,1.0333333333333334,0.03333333333333333,0.6602150537634408,0.5546082854270935,0.615124774814831,0.08386711742699715,10.485807657241821
A0.60_R0.55_V0.70_P0.60,0.6,0.55,0.7,0.6,11,20271920,0.4617777777777778,0.2891111111111111,0.2491111111111111,0.7108888888888889,0.5382222222222222,0.5703366651577028,0.38,0.6332320262904783,0.09559049743860157,0.9946357119103078,0.11259003183473698,0.4502679505659089,0.5609077310562134,0.4360580587387085,0.058189944134078214,4.541827699290382,0.9284054730359044,11.151111111111112,0.013454898239456038,0.9145940983463717,900,942,1.0,1.0466666666666666,0.04666666666666667,0.638004246284501,0.5484080910682678,0.641754752964298,0.09231825027372653,10.238685607910156
A0.60_R0.55_V0.70_P0.60,0.6,0.55,0.7,0.6,12,20272929,0.4568888888888889,0.2888888888888889,0.2542222222222222,0.711111111111111,0.5431111111111111,0.5713711893579704,0.3851111111111111,0.6344331470459045,0.08715032970936852,0.9918233361241259,0.10955649135400623,0.45046633646150114,0.5638867807388306,0.43673898220062257,0.05824456859093731,4.553135993321736,0.9347213513672824,11.02,0.012791486667052907,0.9129118164526376,900,943,1.0,1.0477777777777777,0.04777777777777778,0.6352067868504772,0.5489266514778137,0.6428453799016455,0.08401053249977242,10.598886013031006
A0.60_R0.55_V0.70_P0.60,0.6,0.55,0.7,0.6,13,20273938,0.45444444444444443,0.29488888888888887,0.25066666666666665,0.7051111111111112,0.5455555555555556,0.565159458343151,0.3615555555555556,0.6264191833394332,0.09363421888269928,0.9952867734770162,0.11157753044077948,0.4511633350954443,0.5580826044082642,0.4397529637813568,0.05814525139664805,4.576824725574918,0.9289788383372128,11.093333333333335,0.01301163984099883,0.9108957041816724,900,940,1.0,1.0444444444444445,0.044444444444444446,0.6659574468085107,0.5540245175361633,0.6349821180576367,0.09030700277560655,10.230994701385498
A0.60_R0.55_V0.70_P0.60,0.6,0.55,0.7,0.6,14,20274947,0.4606666666666667,0.2882222222222222,0.2511111111111111,0.7117777777777777,0.5393333333333333,0.5691018522816029,0.37066666666666664,0.6330275420301968,0.09237744964489801,0.9943415691792218,0.1077106350819324,0.45178476986525545,0.5608522057533264,0.4331370425224304,0.0581800124146493,4.510606099022759,0.9259959856687027,10.962222222222223,0.01338906268920513,0.9153292972771047,900,945,1.0,1.05,0.05,0.6095238095238096,0.544682502746582,0.6415833200567825,0.089082251370181,10.377244472503662
A0.60_R0.55_V0.70_P0.60,0.6,0.55,0.7,0.6,15,20275956,0.43844444444444447,0.3144444444444444,0.24711111111111111,0.6855555555555556,0.5615555555555555,0.561150848178444,0.3531111111111111,0.6217004583637011,0.08725447793837603,0.9937096722601436,0.11126534517203376,0.45293355815437025,0.5550310039520263,0.4371997058391571,0.05786716325263812,4.528550687895882,0.9220333547477587,11.043555555555553,0.012021833371270128,0.912616623236513,900,934,1.0,1.0377777777777777,0.03777777777777778,0.6423982869379015,0.5505538582801819,0.630153515658017,0.08424864966404821,10.975758075714111
A0.60_R0.55_V0.70_P0.60,0.6,0.55,0.7,0.6,16,20276965,0.4548888888888889,0.3048888888888889,0.24022222222222223,0.695111111111111,0.5451111111111111,0.567895253016882,0.36888888888888893,0.6280789331138844,0.0897070392300353,0.994263011716074,0.10904589229372913,0.45267994093880015,0.5593961262702942,0.4352859616279602,0.05770080695220361,4.495767285505931,0.930379336492341,10.881333333333334,0.012322419688170489,0.9088266606771636,900,932,1.0,1.0355555555555556,0.035555555555555556,0.6523605150214592,0.54668790102005,0.6364409146601093,0.08666768453253071,10.493337631225586
A0.60_R0.55_V0.70_P0.60,0.6,0.55,0.7,0.6,17,20277974,0.4415555555555556,0.308,0.25044444444444447,0.6919999999999998,0.5584444444444445,0.5556166547580115,0.33599999999999997,0.6149201083732598,0.0884409644835711,0.9937963004736351,0.11226897199541655,0.448806214683974,0.5513087344169617,0.4363934814929962,0.05722408441961515,4.469914144198099,0.9277047129926234,10.775111111111112,0.011605636062977423,0.9173601563940127,900,925,1.0,1.0277777777777777,0.027777777777777776,0.6432432432432432,0.5481071472167969,0.623402392427745,0.08537211443252812,10.602700233459473
A0.60_R0.55_V0.70_P0.60,0.6,0.55,0.7,0.6,18,20278983,0.4602222222222222,0.2906666666666667,0.24911111111111112,0.7093333333333334,0.5397777777777777,0.5679498421167088,0.38733333333333336,0.6294198992404003,0.09790547781019612,0.9950153794577635,0.11628136786954023,0.45225410007625105,0.5601621460914612,0.437871915102005,0.058090626939788954,4.552942484590742,0.9136998766288248,11.090222222222218,0.01238004019052314,0.9117353998679719,900,940,1.0,1.0444444444444445,0.044444444444444446,0.6531914893617021,0.5513353943824768,0.6379037154329579,0.09458262023050601,10.493760108947754
A0.60_R0.55_V0.70_P0.60,0.6,0.55,0.7,0.6,19,20279992,0.44666666666666666,0.31,0.24333333333333332,0.69,0.5533333333333333,0.5591102630911144,0.34977777777777774,0.619628108465638,0.09745442266385133,0.9946612163658708,0.1140403775376118,0.44999714142217795,0.5527395224571228,0.4377747714519501,0.057800124146492875,4.529161312580109,0.9302836510134529,11.118222222222222,0.013109290821192192,0.9147021966600078,900,934,1.0,1.0377777777777777,0.03777777777777778,0.6498929336188437,0.5502431392669678,0.6281330174180615,0.09415313931547753,10.353967189788818
A0.60_R0.55_V0.70_P0.90,0.6,0.55,0.7,0.9,0,20260821,0.44266666666666665,0.29222222222222227,0.26511111111111113,0.7077777777777778,0.5573333333333332,0.5687694294516645,0.3784444444444444,0.6275086548372837,0.09831606086997496,0.9946174808514633,0.11396370686426942,0.4516242153320374,0.5599927759170532,0.4424738001823425,0.05732340161390441,4.5400181385146245,0.9254049629216122,10.746222222222222,0.013325616186156148,0.9140966130400551,900,928,1.0,1.031111111111111,0.03111111111111111,0.6810344827586207,0.5542529225349426,0.6361105042540574,0.09482245172840398,10.197936773300171
A0.60_R0.55_V0.70_P0.90,0.6,0.55,0.7,0.9,1,20261830,0.462,0.2793333333333333,0.25866666666666666,0.7206666666666668,0.5379999999999999,0.583169607369393,0.41466666666666663,0.6458528923248988,0.09624306160006632,0.9935480922321824,0.10873908890210802,0.45158646425507404,0.5727877998352051,0.44401947140693665,0.05739292364990689,4.561455058309766,0.9302701591995327,10.624444444444443,0.014844688803738914,0.9122998879002018,900,928,1.0,1.031111111111111,0.03111111111111111,0.6670258620689655,0.5549401044845581,0.6545245267273548,0.09265573093459079,10.920236110687256
A0.60_R0.55_V0.70_P0.90,0.6,0.55,0.7,0.9,2,20262839,0.46355555555555555,0.2904444444444444,0.24600000000000002,0.7095555555555556,0.5364444444444445,0.5498935889427387,0.3248888888888889,0.6047760024769551,0.1003827392082074,0.9940635728867666,0.11667382879011164,0.45179767562122336,0.545302438735962,0.4388798952102661,0.057482309124767234,4.515730598979527,0.9434611536425126,10.69688888888889,0.013079826071332037,0.9130499245571237,900,928,1.0,1.031111111111111,0.03111111111111111,0.6508620689655172,0.5509834885597229,0.613540537790587,0.096913764774613,10.332146883010864
A0.60_R0.55_V0.70_P0.90,0.6,0.55,0.7,0.9,3,20263848,0.4664444444444444,0.29844444444444446,0.23511111111111113,0.7015555555555555,0.5335555555555556,0.5667675638913483,0.37000000000000005,0.6291877074171631,0.08716474016277204,0.9942262488142355,0.10897388981499098,0.4521755547648678,0.5601647281646729,0.4403232741355896,0.05703289882060832,4.495194705380333,0.9290376653457411,10.612888888888888,0.012636651708071274,0.911108109647395,900,919,1.0,1.021111111111111,0.021111111111111112,0.6583242655059848,0.5510573387145996,0.6376407527610175,0.08412441839421692,11.106847763061523
A0.60_R0.55_V0.70_P0.90,0.6,0.55,0.7,0.9,4,20264857,0.446,0.3031111111111111,0.25088888888888894,0.696888888888889,0.5539999999999999,0.5593180327336486,0.36333333333333334,0.6178646224203987,0.09700082942238442,0.9951161883053239,0.11797856783341047,0.45310916241322885,0.5530508208274841,0.4372697532176971,0.05699565487274985,4.461026011943817,0.9293416286299028,10.593777777777778,0.012851821904248138,0.9096506591426546,900,921,1.0,1.0233333333333334,0.023333333333333334,0.6427795874049945,0.5459277629852295,0.6264177261016639,0.09360528580213523,10.30025839805603
A0.60_R0.55_V0.70_P0.90,0.6,0.55,0.7,0.9,5,20265866,0.4615555555555555,0.2906666666666667,0.2477777777777778,0.7093333333333334,0.5384444444444445,0.5607863783874492,0.35466666666666663,0.6207905845848057,0.09672820722150441,0.9950473440459361,0.1123649127743734,0.4502814551740809,0.5552455997467041,0.43633365869522095,0.05735319677219119,4.479448146555159,0.9246310470597028,10.714666666666666,0.013428045511490705,0.9127811078027241,900,926,1.0,1.028888888888889,0.028888888888888888,0.6349892008639308,0.5463204383850098,0.6294581883600114,0.09326786642771179,10.419249057769775
A0.60_R0.55_V0.70_P0.90,0.6,0.55,0.7,0.9,6,20266875,0.4457777777777778,0.3044444444444444,0.24977777777777774,0.6955555555555556,0.5542222222222222,0.5686919878789718,0.37133333333333335,0.6276130741237399,0.09525122384292285,0.9949612467378351,0.10959849655210309,0.45181514290835134,0.5580607962608337,0.43912551283836365,0.057509621353196774,4.520428299162123,0.9242718375067386,10.683111111111112,0.013436755449839742,0.9127951084967072,900,927,1.0,1.03,0.03,0.6623516720604099,0.550755500793457,0.6361458064990861,0.09203223007180816,10.147655487060547
A0.60_R0.55_V0.70_P0.90,0.6,0.55,0.7,0.9,7,20267884,0.4635555555555556,0.2911111111111111,0.24533333333333335,0.7088888888888889,0.5364444444444444,0.5635689853257954,0.36822222222222223,0.623390604555217,0.1000156206772551,0.9952288248084828,0.11606769551552559,0.4503774954232908,0.5586119651794433,0.43979166269302367,0.05740037243947859,4.518624924818674,0.9319927811774323,10.771555555555553,0.013058798531088898,0.9117290355236258,900,927,1.0,1.03,0.03,0.6461704422869471,0.5503920912742615,0.6319158027945077,0.09661216102176384,10.665082693099976
A0.60_R0.55_V0.70_P0.90,0.6,0.55,0.7,0.9,8,20268893,0.45333333333333337,0.2991111111111111,0.24755555555555556,0.7008888888888889,0.5466666666666666,0.5627062308400052,0.3637777777777778,0.6243966695928487,0.09753212087576874,0.9938144649446222,0.11443870894161395,0.4513265458919415,0.5578078031539917,0.43783389806747436,0.05771818746120422,4.523445436265734,0.930092474978474,10.789333333333333,0.013638521310501799,0.9148628309667842,900,931,1.0,1.0344444444444445,0.034444444444444444,0.6380236305048335,0.5488340258598328,0.6329709080035856,0.0940475344896734,10.369462966918945
A0.60_R0.55_V0.70_P0.90,0.6,0.55,0.7,0.9,9,20269902,0.44177777777777777,0.30244444444444446,0.25577777777777777,0.6975555555555556,0.5582222222222222,0.5692594907204334,0.3806666666666667,0.6303358190613056,0.08589036359818725,0.9927608012293453,0.10940793118656195,0.4521933872224787,0.5590947604179383,0.4370563268661499,0.057991309745499695,4.5367385238011675,0.92183704812533,10.687999999999999,0.012770291218184316,0.9179459094821277,900,937,1.0,1.041111111111111,0.04111111111111111,0.6350053361792957,0.5498554706573486,0.6387819922774817,0.08300269414419992,10.37123155593872
A0.60_R0.55_V0.70_P0.90,0.6,0.55,0.7,0.9,10,20270911,0.44155555555555553,0.3068888888888889,0.25155555555555553,0.6931111111111111,0.5584444444444445,0.5479014040656236,0.3184444444444445,0.6067371700563714,0.08729474200950349,0.9935800096423896,0.11075278579230802,0.45155900242612795,0.5452116680145264,0.4409961044788361,0.05717939168218498,4.513631211810642,0.9275266674674562,10.606666666666666,0.011202280998011207,0.9107116527985564,900,922,1.0,1.0244444444444445,0.024444444444444446,0.6670281995661606,0.5546082854270935,0.6153802240772784,0.08433307371318066,10.47672700881958
A0.60_R0.55_V0.70_P0.90,0.6,0.55,0.7,0.9,11,20271920,0.44511111111111107,0.3075555555555555,0.24733333333333335,0.6924444444444444,0.5548888888888889,0.570383177152468,0.3777777777777777,0.6335719645365046,0.09550307382080883,0.9938219546849468,0.11185541236859897,0.4527327766932808,0.5630875349044799,0.43912217020988464,0.057005586592178775,4.480768842485216,0.9287837993228802,10.555555555555557,0.013139333916976132,0.9145940983463717,900,919,1.0,1.021111111111111,0.021111111111111112,0.6605005440696409,0.5484080910682678,0.6420125248066507,0.09231370209157097,10.301382541656494
A0.60_R0.55_V0.70_P0.90,0.6,0.55,0.7,0.9,12,20272929,0.4517777777777778,0.2813333333333334,0.26688888888888884,0.7186666666666668,0.5482222222222223,0.5733924735380787,0.3906666666666666,0.6342432448945687,0.08759666170628864,0.9922745167059059,0.10733492297145177,0.45205996131957354,0.5643475842475891,0.4387170958518982,0.05723153320918684,4.494369394461314,0.9308033431968336,10.504000000000001,0.013001409854488806,0.9129118164526376,900,923,1.0,1.0255555555555556,0.025555555555555557,0.6500541711809318,0.5489266514778137,0.6426871670885815,0.08449278782606262,10.613070487976074
A0.60_R0.55_V0.70_P0.90,0.6,0.55,0.7,0.9,13,20273938,0.46488888888888885,0.29577777777777775,0.23933333333333334,0.7042222222222223,0.5351111111111111,0.5668416058000473,0.3748888888888889,0.6264793455782939,0.09378319597120104,0.9945030344719288,0.11210736309786118,0.45174811015631294,0.5585042929649353,0.4420069992542267,0.05733581626319057,4.53624054786894,0.9331897050976531,10.671111111111111,0.01256829058370835,0.9108957041816724,900,927,1.0,1.03,0.03,0.6752966558791802,0.5540245175361633,0.6350690601812121,0.09052589273524259,10.314333438873291
A0.60_R0.55_V0.70_P0.90,0.6,0.55,0.7,0.9,14,20274947,0.4733333333333334,0.2773333333333333,0.24933333333333332,0.7226666666666666,0.5266666666666666,0.5721409835417967,0.3915555555555556,0.6333491554770417,0.09205455821015071,0.9942436263923345,0.1085934721711733,0.45148111180892414,0.5616778397560119,0.43432896733284,0.057745499689633766,4.489292971611023,0.9398401173099273,10.675555555555556,0.013188242308357807,0.9153292972771047,900,933,1.0,1.0366666666666666,0.03666666666666667,0.6270096463022508,0.544682502746582,0.6419149549630307,0.08891119946850234,10.25569772720337
A0.60_R0.55_V0.70_P0.90,0.6,0.55,0.7,0.9,15,20275956,0.45111111111111113,0.2986666666666667,0.25022222222222223,0.7013333333333333,0.5488888888888889,0.5628077755961994,0.35955555555555546,0.6215910131098493,0.08703781307958558,0.9929920575609178,0.11087297273434597,0.4516184691780421,0.5558166742324829,0.4385917866230011,0.05743761638733706,4.509240796354082,0.9330410376781405,10.817777777777778,0.012037731613800014,0.912616623236513,900,927,1.0,1.03,0.03,0.6504854368932039,0.5505538582801819,0.6300268811793659,0.08405623306767729,10.111321449279785
A0.60_R0.55_V0.70_P0.90,0.6,0.55,0.7,0.9,16,20276965,0.45,0.2884444444444444,0.2615555555555556,0.7115555555555556,0.5499999999999999,0.5673085878760182,0.3668888888888889,0.6284086417915397,0.08985089880823292,0.9944327093809582,0.10983081920421693,0.4499136941870931,0.5613334369659424,0.43662283301353455,0.05734078212290503,4.481402459356519,0.9329726712093003,10.707555555555555,0.012635879381732188,0.9088266606771636,900,927,1.0,1.03,0.03,0.656957928802589,0.54668790102005,0.6368747405610571,0.08687801272091322,10.147498846054077
A0.60_R0.55_V0.70_P0.90,0.6,0.55,0.7,0.9,17,20277974,0.4442222222222222,0.2931111111111111,0.26266666666666666,0.706888888888889,0.5557777777777778,0.5573464627739476,0.3457777777777777,0.6152203494974948,0.08851983088621704,0.9939090971544914,0.11163904637542227,0.4495423421311604,0.5518278384208679,0.43590819001197817,0.057519553072625705,4.487996215025584,0.9226930849296974,10.777777777777779,0.01182040594913758,0.9173601563940127,900,930,1.0,1.0333333333333334,0.03333333333333333,0.6505376344086021,0.5481071472167969,0.6236839352509894,0.08545261424529715,10.47569489479065
A0.60_R0.55_V0.70_P0.90,0.6,0.55,0.7,0.9,18,20278983,0.4653333333333334,0.28688888888888886,0.2477777777777778,0.7131111111111111,0.5346666666666666,0.5695817992718648,0.3797777777777778,0.630161862008896,0.09786912589498761,0.9941426290178146,0.11324271404491762,0.4502557848124163,0.5626451206207276,0.4418937957286835,0.056806952203600256,4.493343409644233,0.9325991151919752,10.591111111111111,0.01308040760396565,0.9117353998679719,900,916,1.0,1.0177777777777777,0.017777777777777778,0.6801310043668122,0.5513353943824768,0.6387026144422098,0.09453241656240796,11.00676703453064
A0.60_R0.55_V0.70_P0.90,0.6,0.55,0.7,0.9,19,20279992,0.4484444444444444,0.2884444444444444,0.2631111111111111,0.7115555555555554,0.5515555555555556,0.5614297503209265,0.3535555555555556,0.6202071616574407,0.0970493449155215,0.9945285729292169,0.11373801041691844,0.4513701047183391,0.5542250156402588,0.4414625930786133,0.05636747361887027,4.454252558337317,0.9341032649520458,10.554666666666668,0.013262559852723852,0.9147021966600078,900,909,1.0,1.01,0.01,0.6688668866886689,0.5502431392669678,0.6288634713779798,0.09368269285730557,10.161003828048706
A0.60_R0.74_V0.30_P0.60,0.6,0.74,0.3,0.6,0,20260821,0.40511111111111114,0.3502222222222222,0.2446666666666667,0.6497777777777778,0.5948888888888889,0.5815236882049295,0.40488888888888885,0.6415378037218262,0.0887179330386369,0.9930482005396404,0.10347751131421186,0.5681985011378995,0.5622699141502381,0.4377109503746033,0.05770328988206083,4.5209991849263504,0.9093805818690184,11.049333333333331,0.008752523502059763,0.9140966130400551,900,933,1.0,1.0366666666666666,0.03666666666666667,0.6495176848874598,0.5542529225349426,0.6505211734689632,0.08497691416672648,10.048506021499634
A0.60_R0.74_V0.30_P0.60,0.6,0.74,0.3,0.6,1,20261830,0.4206666666666667,0.3331111111111111,0.24622222222222223,0.6668888888888889,0.5793333333333333,0.5976917241018146,0.4508888888888889,0.6596527702834585,0.08657972390107652,0.9912120051057645,0.0981542738969232,0.569147616837219,0.5759272909164429,0.44038472533226014,0.05709248913718188,4.50047894414266,0.9137149263732354,10.919555555555554,0.010175965053320836,0.9122998879002018,900,921,1.0,1.0233333333333334,0.023333333333333334,0.6558089033659066,0.5549401044845581,0.6686153016276838,0.08295403516066702,10.539063453674316
A0.60_R0.74_V0.30_P0.60,0.6,0.74,0.3,0.6,2,20262839,0.402,0.34733333333333327,0.25066666666666665,0.6526666666666666,0.5980000000000001,0.5675804443722581,0.3688888888888889,0.6211738965705047,0.08981967137076832,0.9906238679237904,0.10657841480198872,0.5682754106763297,0.5493797636032105,0.4350463807582855,0.05721663563004346,4.455572001616161,0.9182843749015746,10.982222222222225,0.008382745907448337,0.9130499245571237,900,923,1.0,1.0255555555555556,0.025555555555555557,0.6316359696641387,0.5509834885597229,0.6305598065338563,0.0861533799999028,10.1930992603302
A0.60_R0.74_V0.30_P0.60,0.6,0.74,0.3,0.6,3,20263848,0.42133333333333334,0.3435555555555556,0.23511111111111113,0.6564444444444445,0.5786666666666667,0.580198895676399,0.3931111111111112,0.6426355344974723,0.07912272268729453,0.9912035890755027,0.10129418654876726,0.5693833930076978,0.5628793954849243,0.43541670322418213,0.05722905027932962,4.460365288946364,0.9173511097748269,10.768000000000002,0.00865268619166536,0.911108109647395,900,924,1.0,1.0266666666666666,0.02666666666666667,0.6396103896103896,0.5510573387145996,0.6515523221662999,0.07588292309431632,10.262763977050781
A0.60_R0.74_V0.30_P0.60,0.6,0.74,0.3,0.6,4,20264857,0.4253333333333334,0.3277777777777778,0.2468888888888889,0.6722222222222223,0.5746666666666667,0.5784335724256113,0.4073333333333333,0.633036682022504,0.08699284056260759,0.9925874869160052,0.10378900849584025,0.5675127444122058,0.5578688263893128,0.43268985152244566,0.05723898199875855,4.433124808099534,0.9162275860462757,10.99911111111111,0.00913829868054606,0.9096506591426546,900,926,1.0,1.028888888888889,0.028888888888888888,0.6198704103671706,0.5459277629852295,0.6422757733834275,0.08337228743088354,10.606674432754517
A0.60_R0.74_V0.30_P0.60,0.6,0.74,0.3,0.6,5,20265866,0.40955555555555556,0.33755555555555555,0.2528888888888889,0.6624444444444444,0.5904444444444444,0.5782220566328008,0.406,0.6357458387178356,0.08625534144891808,0.9917960448950612,0.10589126002126319,0.5683057004113824,0.5589920353889465,0.43171155333518985,0.05740285536933582,4.435821977880266,0.9094639697405006,11.033333333333335,0.008480325418006305,0.9127811078027241,900,926,1.0,1.028888888888889,0.028888888888888888,0.6166306695464363,0.5463204383850098,0.6447739124274552,0.08273512963329632,10.320767164230347
A0.60_R0.74_V0.30_P0.60,0.6,0.74,0.3,0.6,6,20266875,0.4084444444444444,0.34355555555555556,0.248,0.6564444444444445,0.5915555555555556,0.5826665333295155,0.4137777777777778,0.6421191101634038,0.08653086901939297,0.992641663533564,0.10170971918317288,0.5693266579453505,0.5615327095985413,0.43400157809257506,0.057889509621353204,4.497112884044647,0.9133963361195544,10.92088888888889,0.00873605390255964,0.9127951084967072,900,935,1.0,1.038888888888889,0.03888888888888889,0.6331550802139038,0.550755500793457,0.6512145650962684,0.08310411368273485,10.064796686172485
A0.60_R0.74_V0.30_P0.60,0.6,0.74,0.3,0.6,7,20267884,0.4233333333333333,0.3435555555555556,0.2331111111111111,0.6564444444444445,0.5766666666666667,0.580611702547476,0.4002222222222222,0.6372040455357565,0.0903492001791179,0.992315663186315,0.10416736216575564,0.5692065105291002,0.5601757907867432,0.43349608421325686,0.05806828057107387,4.505750560760498,0.9128713076595263,11.001777777777777,0.009659011162269948,0.9117290355236258,900,939,1.0,1.0433333333333332,0.043333333333333335,0.6261980830670927,0.5503920912742615,0.6463473260215785,0.0866027993220877,10.120821475982666
A0.60_R0.74_V0.30_P0.60,0.6,0.74,0.3,0.6,8,20268893,0.4171111111111111,0.35244444444444445,0.23044444444444445,0.6475555555555554,0.5828888888888889,0.5827231942353605,0.4115555555555555,0.6390839122021018,0.08770229192800388,0.9907236925423344,0.10454072068650781,0.5698122915708139,0.5613505840301514,0.433472238779068,0.05772563625077591,4.4789494245317245,0.912517530809956,10.859555555555557,0.008868849817612422,0.9148628309667842,900,932,1.0,1.0355555555555556,0.035555555555555556,0.6137339055793991,0.5488340258598328,0.6482475513377902,0.08404741799332394,10.047020435333252
A0.60_R0.74_V0.30_P0.60,0.6,0.74,0.3,0.6,9,20269902,0.40688888888888886,0.3568888888888889,0.2362222222222222,0.6431111111111112,0.5931111111111111,0.5851168105432102,0.4197777777777778,0.6440619188252397,0.07778667503110503,0.9907385692553297,0.09873928431105859,0.5690151362536838,0.5626891660690307,0.4333450984954834,0.05764369956548729,4.471301567554474,0.9064943900266195,10.915111111111111,0.008366435623788821,0.9179459094821277,900,932,1.0,1.0355555555555556,0.035555555555555556,0.6126609442060086,0.5498554706573486,0.653034609170585,0.07458056528812951,10.33118724822998
A0.60_R0.74_V0.30_P0.60,0.6,0.74,0.3,0.6,10,20270911,0.40444444444444444,0.3446666666666666,0.25088888888888894,0.6553333333333334,0.5955555555555556,0.5673584741727598,0.3655555555555556,0.6235247453325262,0.07807638411817838,0.9882677004644809,0.10286143847011445,0.5674736543472698,0.5502535843849182,0.43648922085762026,0.057534450651769105,4.495156919585334,0.9059655152495776,11.04711111111111,0.0070785918318048155,0.9107116527985564,900,929,1.0,1.0322222222222222,0.03222222222222222,0.6404736275565124,0.5546082854270935,0.6326562182351126,0.0750671841594377,10.620432615280151
A0.60_R0.74_V0.30_P0.60,0.6,0.74,0.3,0.6,11,20271920,0.4246666666666667,0.33333333333333337,0.242,0.6666666666666667,0.5753333333333334,0.5872883234480891,0.4268888888888889,0.6474304002119937,0.08614300101688693,0.9907704999158099,0.10294702005206023,0.5690205914172669,0.5657425427436829,0.43349706768989565,0.05720918684047176,4.439155450873905,0.9194054780145996,10.940444444444445,0.008738039152948145,0.9145940983463717,900,923,1.0,1.0255555555555556,0.025555555555555557,0.6370530877573131,0.5484080910682678,0.6564608429336084,0.0827738525891113,10.01775336265564
A0.60_R0.74_V0.30_P0.60,0.6,0.74,0.3,0.6,12,20272929,0.4206666666666667,0.3471111111111111,0.23222222222222222,0.652888888888889,0.5793333333333333,0.5891785936018601,0.43777777777777777,0.6488356630329066,0.07835857170440443,0.9896257497012728,0.09898480117643399,0.5676825910445727,0.5678549480438232,0.4340653824806213,0.0574252017380509,4.461765215608809,0.9170256821517677,10.967555555555554,0.009544775643282858,0.9129118164526376,900,928,1.0,1.031111111111111,0.03111111111111111,0.6228448275862069,0.5489266514778137,0.6577501184660375,0.07506831060848129,10.186758279800415
A0.60_R0.74_V0.30_P0.60,0.6,0.74,0.3,0.6,13,20273938,0.4157777777777778,0.3435555555555556,0.24066666666666667,0.6564444444444445,0.5842222222222222,0.5838852638510722,0.42111111111111105,0.6418025758854032,0.08297533693434747,0.9923950894973957,0.10252699646496664,0.5678873978030662,0.5621779251098633,0.43610270738601686,0.05804096834264432,4.530712450080448,0.9101405428022198,11.105777777777778,0.009097294375276633,0.9108957041816724,900,937,1.0,1.041111111111111,0.04111111111111111,0.6456776947705443,0.5540245175361633,0.650842763205563,0.07960683477049413,10.156208753585815
A0.60_R0.74_V0.30_P0.60,0.6,0.74,0.3,0.6,14,20274947,0.41422222222222216,0.352,0.23377777777777775,0.648,0.5857777777777778,0.5843502167269073,0.41200000000000003,0.6477207569811289,0.08317762182997356,0.9915723184637356,0.10022324757041343,0.5676205735526612,0.566038248538971,0.43072842955589297,0.057469894475481065,4.430872279432085,0.9110908796309423,10.976444444444445,0.008976788153764584,0.9153292972771047,900,928,1.0,1.031111111111111,0.03111111111111111,0.6077586206896551,0.544682502746582,0.6565789768363054,0.07988113687258713,10.037047147750854
A0.60_R0.74_V0.30_P0.60,0.6,0.74,0.3,0.6,15,20275956,0.39755555555555555,0.35177777777777774,0.25066666666666665,0.6482222222222223,0.6024444444444444,0.5796105047941215,0.39844444444444443,0.6369514194339095,0.07824552026519266,0.9884602965491467,0.1015992139203976,0.5691221790317785,0.5603192710876465,0.43511465907096863,0.057154562383612655,4.451428275214301,0.9178965152482103,10.865333333333336,0.007673357266672388,0.912616623236513,900,923,1.0,1.0255555555555556,0.025555555555555557,0.6338028169014085,0.5505538582801819,0.6458935570652701,0.07509069287480541,10.00663685798645
A0.60_R0.74_V0.30_P0.60,0.6,0.74,0.3,0.6,16,20276965,0.41155555555555556,0.34044444444444444,0.248,0.6595555555555557,0.5884444444444444,0.5815207161571961,0.399111111111111,0.6418465581140365,0.0815861867110813,0.9910597177236476,0.10198900809133551,0.5695352743224024,0.56425528049469,0.4298810386657715,0.05847051520794537,4.499134445243412,0.909639612564762,10.962222222222223,0.008430412276533265,0.9088266606771636,900,944,1.0,1.048888888888889,0.04888888888888889,0.6133474576271186,0.54668790102005,0.6507391228088363,0.07847904189435284,10.857437133789062
A0.60_R0.74_V0.30_P0.60,0.6,0.74,0.3,0.6,17,20277974,0.3933333333333333,0.36577777777777776,0.24088888888888887,0.6342222222222222,0.6066666666666667,0.5764198792535473,0.39888888888888885,0.6309434698886389,0.07821314556287254,0.9899697365968051,0.09881729428207503,0.5684269822932086,0.5552650737762451,0.43212962746620176,0.05713718187461205,4.419566271569994,0.9179144985488722,11.017333333333333,0.007363612626647659,0.9173601563940127,900,922,1.0,1.0244444444444445,0.024444444444444446,0.6377440347071583,0.5481071472167969,0.6399640244134104,0.07494643157579839,10.877958059310913
A0.60_R0.74_V0.30_P0.60,0.6,0.74,0.3,0.6,18,20278983,0.42200000000000004,0.33755555555555555,0.24044444444444443,0.6624444444444444,0.578,0.5867691320669607,0.4271111111111111,0.6448321743149227,0.0877920775313879,0.9909217919524886,0.10355570593912017,0.5692143693441266,0.5650689768791198,0.4354189348220825,0.05747982619491,4.479977002991571,0.9199568034557237,11.076888888888888,0.009040259425219995,0.9117353998679719,900,926,1.0,1.028888888888889,0.028888888888888888,0.6382289416846653,0.5513353943824768,0.6538210210867135,0.08435627427944103,10.337546586990356
A0.60_R0.74_V0.30_P0.60,0.6,0.74,0.3,0.6,19,20279992,0.4044444444444445,0.3406666666666667,0.2548888888888889,0.6593333333333333,0.5955555555555555,0.5801034473259973,0.40511111111111114,0.6355799714099782,0.08766838809792316,0.9921638734162732,0.10572192020922273,0.5701872230129496,0.5578837323188782,0.4357819652557373,0.05694599627560522,4.442047321743435,0.9220882246028181,10.847555555555555,0.008679989317757188,0.9147021966600078,900,918,1.0,1.02,0.02,0.6470588235294118,0.5502431392669678,0.6447237417797802,0.08409725325081485,10.178048133850098
A0.60_R0.74_V0.30_P0.90,0.6,0.74,0.3,0.9,0,20260821,0.41511111111111115,0.3308888888888889,0.254,0.6691111111111111,0.5848888888888889,0.5828061141789315,0.4082222222222222,0.6423661646489589,0.0880908613721774,0.9914524810371043,0.10415104984098918,0.5697428588859144,0.5646828985214234,0.43972002387046816,0.05678957169459963,4.469856792079078,0.9314468851439321,10.634666666666664,0.009030215713805172,0.9140966130400551,900,917,1.0,1.018888888888889,0.01888888888888889,0.6543075245365322,0.5542529225349426,0.6513964516661603,0.08442416327186142,10.312891006469727
A0.60_R0.74_V0.30_P0.90,0.6,0.74,0.3,0.9,1,20261830,0.41377777777777774,0.3331111111111111,0.2531111111111111,0.6668888888888889,0.5862222222222223,0.595809143486959,0.44800000000000006,0.6596202957771041,0.08647138273303152,0.990884675242978,0.09992571093613226,0.5701851314848815,0.5765489220619202,0.44112937211990355,0.0568814400993172,4.4914176208178205,0.9202545252900487,10.592,0.009302065330866827,0.9122998879002018,900,918,1.0,1.02,0.02,0.6514161220043573,0.5549401044845581,0.6685147205614739,0.0828414691206174,10.432399272918701
A0.60_R0.74_V0.30_P0.90,0.6,0.74,0.3,0.9,2,20262839,0.40111111111111114,0.3655555555555555,0.23333333333333336,0.6344444444444445,0.5988888888888888,0.5687123586722006,0.37266666666666665,0.62111040236399,0.08979900401272697,0.9905509500782572,0.10602667535585468,0.5682388013285309,0.5495409488677978,0.43575525283813477,0.056983240223463696,4.444703594525655,0.9013507625272331,10.681777777777777,0.008731559337666362,0.9130499245571237,900,918,1.0,1.02,0.02,0.6318082788671024,0.5509834885597229,0.6304879281437297,0.08600158818966896,10.40373969078064
A0.60_R0.74_V0.30_P0.90,0.6,0.74,0.3,0.9,3,20263848,0.4293333333333333,0.3255555555555556,0.24511111111111109,0.6744444444444444,0.5706666666666667,0.5813111320625792,0.3924444444444445,0.642884750650284,0.07885509000148266,0.9917350594129003,0.10049586373710852,0.5683654486478351,0.5649430656433105,0.4370367383956909,0.05679950341402855,4.443339280287424,0.9206535091397163,10.600444444444445,0.008797248763559903,0.911108109647395,900,917,1.0,1.018888888888889,0.01888888888888889,0.6379498364231189,0.5510573387145996,0.6518736332921696,0.0756078148983459,10.193191766738892
A0.60_R0.74_V0.30_P0.90,0.6,0.74,0.3,0.9,4,20264857,0.4184444444444444,0.3384444444444445,0.24311111111111114,0.6615555555555556,0.5815555555555555,0.5785869504963465,0.39799999999999996,0.6328708290018161,0.0868882344417261,0.9929742487912909,0.10433105231208037,0.567821580197953,0.5572152996063232,0.4331400287151337,0.05688640595903166,4.410481218285031,0.9085942725803585,10.587555555555555,0.00919441695641441,0.9096506591426546,900,917,1.0,1.018888888888889,0.01888888888888889,0.6292257360959651,0.5459277629852295,0.642110679960052,0.0831620658649681,10.093128204345703
A0.60_R0.74_V0.30_P0.90,0.6,0.74,0.3,0.9,5,20265866,0.40422222222222215,0.3584444444444445,0.23733333333333334,0.6415555555555555,0.5957777777777779,0.5790539396127747,0.40488888888888896,0.6359659704752116,0.08646064419890281,0.9922434105019906,0.10380456133559662,0.5697250678996054,0.5602482986450196,0.43347234845161436,0.05673991309745499,4.402502224975162,0.9212739872540019,10.669333333333334,0.008574439568537616,0.9127811078027241,900,915,1.0,1.0166666666666666,0.016666666666666666,0.6131147540983607,0.5463204383850098,0.645135328362657,0.08276480847082901,9.997639179229736
A0.60_R0.74_V0.30_P0.90,0.6,0.74,0.3,0.9,6,20266875,0.4206666666666667,0.3324444444444445,0.2468888888888889,0.6675555555555556,0.5793333333333333,0.5806597758879706,0.40266666666666673,0.6422641602296748,0.08677601682372252,0.9925212876562377,0.10481763847449761,0.5695381090852765,0.5625911164283752,0.43696160078048707,0.05681936685288641,4.44416834476259,0.918981554394254,10.615555555555554,0.009331951241389785,0.9127951084967072,900,916,1.0,1.0177777777777777,0.017777777777777778,0.6495633187772926,0.550755500793457,0.6512643879532286,0.08340059659895371,10.031145334243774
A0.60_R0.74_V0.30_P0.90,0.6,0.74,0.3,0.9,7,20267884,0.40511111111111114,0.3555555555555556,0.23933333333333334,0.6444444444444444,0.5948888888888889,0.5802808412121498,0.4131111111111111,0.6378100167246958,0.0901980238765092,0.992083425718842,0.10710765469249525,0.5702235099160538,0.5629391169548035,0.4369069480895996,0.056707635009310996,4.434872355302175,0.9142719435530066,10.506666666666668,0.008493144178131943,0.9117290355236258,900,914,1.0,1.0155555555555555,0.015555555555555555,0.6433260393873085,0.5503920912742615,0.646802667128584,0.08667318183124162,10.799578428268433
A0.60_R0.74_V0.30_P0.90,0.6,0.74,0.3,0.9,8,20268893,0.40355555555555556,0.33799999999999997,0.2584444444444445,0.662,0.5964444444444443,0.5817722987692497,0.41022222222222227,0.6392420077964577,0.08787211685347422,0.9912063169420253,0.10612677912841585,0.5676073310119388,0.5609936690330506,0.4349726927280426,0.056970825574177535,4.435700168450674,0.9179793434045418,10.574222222222222,0.009104933369664255,0.9148628309667842,900,920,1.0,1.0222222222222221,0.022222222222222223,0.625,0.5488340258598328,0.6483917277640754,0.08424994499205596,10.281654119491577
A0.60_R0.74_V0.30_P0.90,0.6,0.74,0.3,0.9,9,20269902,0.4024444444444445,0.3437777777777778,0.25377777777777777,0.6562222222222222,0.5975555555555555,0.5825756123017366,0.40333333333333327,0.6446112950673243,0.07735656135214954,0.9897222957123739,0.09840673949523927,0.5696547090367347,0.5643783688545227,0.43553012132644653,0.056849162011173196,4.43190623029073,0.9153585428957324,10.653333333333332,0.007937619534061472,0.9179459094821277,900,918,1.0,1.02,0.02,0.6252723311546841,0.5498554706573486,0.6534540057536402,0.07419975154007452,10.111315250396729
A0.60_R0.74_V0.30_P0.90,0.6,0.74,0.3,0.9,10,20270911,0.41444444444444445,0.35111111111111115,0.23444444444444446,0.6488888888888888,0.5855555555555556,0.5700300932530669,0.37355555555555553,0.6233460926355137,0.07787290326176255,0.9885970143475518,0.10226444185180576,0.5693328449692031,0.5503270268440247,0.43771416664123536,0.057181874612042216,4.480205221070184,0.9154560274394534,10.838222222222221,0.007298744312079736,0.9107116527985564,900,922,1.0,1.0244444444444445,0.024444444444444446,0.6453362255965293,0.5546082854270935,0.6325851365534592,0.07474270338201161,9.889044046401978
A0.60_R0.74_V0.30_P0.90,0.6,0.74,0.3,0.9,11,20271920,0.42599999999999993,0.3546666666666667,0.21933333333333338,0.6453333333333333,0.574,0.5862542896901405,0.4315555555555556,0.6477594180106115,0.0859464798570357,0.9910164211376632,0.10412526518976196,0.569869859276578,0.565742084980011,0.43476752042770384,0.05697827436374923,4.434195169395871,0.9129740817333928,10.586666666666666,0.009335699567057648,0.9145940983463717,900,919,1.0,1.021111111111111,0.021111111111111112,0.6376496191512514,0.5484080910682678,0.6567014682630845,0.08254355010068015,9.831857204437256
A0.60_R0.74_V0.30_P0.90,0.6,0.74,0.3,0.9,12,20272929,0.4182222222222222,0.3362222222222222,0.24555555555555553,0.6637777777777778,0.5817777777777777,0.5878614274210875,0.42177777777777775,0.6483637518453262,0.07901550371158804,0.9894433880851152,0.09921553242976504,0.5686629686598947,0.5682173824310303,0.4342383551597595,0.05729360645561763,4.453355571640862,0.9134561213434453,10.704444444444446,0.00911863511813301,0.9129118164526376,900,923,1.0,1.0255555555555556,0.025555555555555557,0.6305525460455038,0.5489266514778137,0.6572190608501036,0.07581023487933103,9.881290674209595
A0.60_R0.74_V0.30_P0.90,0.6,0.74,0.3,0.9,13,20273938,0.4222222222222222,0.332,0.24577777777777776,0.6679999999999999,0.5777777777777778,0.5856814878860539,0.41511111111111104,0.6416903353372622,0.08357745172670582,0.9929940486221134,0.099233816246522,0.5700311913125583,0.5629448223114014,0.43821223139762877,0.05700310366232154,4.471301383336385,0.9187650685954469,10.600444444444445,0.008469563227015278,0.9108957041816724,900,919,1.0,1.021111111111111,0.021111111111111112,0.661588683351469,0.5540245175361633,0.650852587255837,0.08006081567298429,10.612244844436646
A0.60_R0.74_V0.30_P0.90,0.6,0.74,0.3,0.9,14,20274947,0.42666666666666664,0.3222222222222222,0.2511111111111111,0.6777777777777777,0.5733333333333334,0.5862380091021142,0.4191111111111111,0.6479357230134205,0.08315481779327452,0.9917365827648732,0.10070547156125798,0.5680081882256818,0.5658007097244263,0.43091734886169436,0.05732340161390441,4.421492552969191,0.918226518841089,10.626666666666665,0.009068598495393071,0.9153292972771047,900,929,1.0,1.0322222222222222,0.03222222222222222,0.6038751345532831,0.544682502746582,0.6568800511739956,0.07986560160968059,10.098350048065186
A0.60_R0.74_V0.30_P0.90,0.6,0.74,0.3,0.9,15,20275956,0.4097777777777778,0.34266666666666656,0.24755555555555556,0.6573333333333332,0.5902222222222222,0.5791933601554998,0.39399999999999996,0.6368383610928023,0.0784851271158238,0.9901723082242792,0.1024593904466931,0.5694806171042562,0.5606627774238586,0.4363828730583191,0.056729981378026074,4.431302012920379,0.9178469855511818,10.555111111111112,0.008223766466924612,0.912616623236513,900,915,1.0,1.0166666666666666,0.016666666666666666,0.6415300546448087,0.5505538582801819,0.6458940407539325,0.07528818614347843,10.176734924316406
A0.60_R0.74_V0.30_P0.90,0.6,0.74,0.3,0.9,16,20276965,0.42022222222222216,0.3475555555555555,0.23222222222222225,0.6524444444444445,0.5797777777777778,0.5855122194206862,0.41955555555555557,0.642115254789249,0.08177740838557883,0.9915845742367236,0.10123876290384988,0.5677585131377326,0.5647665762901306,0.43361661195755,0.056787088764742394,4.4076515094969,0.9170114909543113,10.685777777777776,0.008927854192707084,0.9088266606771636,900,915,1.0,1.0166666666666666,0.016666666666666666,0.6426229508196721,0.54668790102005,0.6509905950350185,0.07862243875227004,10.211863279342651
A0.60_R0.74_V0.30_P0.90,0.6,0.74,0.3,0.9,17,20277974,0.3928888888888889,0.3651111111111112,0.24199999999999997,0.6348888888888888,0.607111111111111,0.5744125328558956,0.38422222222222224,0.6308825855191353,0.07822802696045113,0.9902164828052358,0.10236028996980054,0.5691484200512238,0.555971896648407,0.4333836328983307,0.0568268156424581,4.408281194845836,0.9065400956605358,10.640444444444443,0.007261646313043029,0.9173601563940127,900,918,1.0,1.02,0.02,0.6328976034858388,0.5481071472167969,0.639870831110686,0.07496376581158115,10.134366512298584
A0.60_R0.74_V0.30_P0.90,0.6,0.74,0.3,0.9,18,20278983,0.39822222222222226,0.3486666666666667,0.2531111111111111,0.6513333333333332,0.6017777777777777,0.5856187816939405,0.4293333333333333,0.6450167398535507,0.08812541700647589,0.990869635400987,0.10528538236167635,0.5692850488495119,0.5665170121192932,0.43771874070167544,0.05657107386716326,4.432414541191525,0.9050654283898549,10.629333333333332,0.008784772941595173,0.9117353998679719,900,912,1.0,1.0133333333333334,0.013333333333333334,0.6535087719298246,0.5513353943824768,0.6540643680291842,0.08459030765865139,10.21663522720337
A0.60_R0.74_V0.30_P0.90,0.6,0.74,0.3,0.9,19,20279992,0.41666666666666674,0.34444444444444444,0.23888888888888885,0.6555555555555556,0.5833333333333335,0.5800366626852348,0.4091111111111111,0.636022972693707,0.0876381637679048,0.9924552892140968,0.10439330385684889,0.5695353604364058,0.5581081223487854,0.435699325799942,0.05713221601489758,4.455695621013642,0.9054273293464102,10.608444444444444,0.008821597321875548,0.9147021966600078,900,922,1.0,1.0244444444444445,0.024444444444444446,0.6290672451193059,0.5502431392669678,0.6451609921818904,0.08410435492017498,10.740935564041138
A0.60_R0.74_V0.70_P0.60,0.6,0.74,0.7,0.6,0,20260821,0.4102222222222222,0.32755555555555554,0.2622222222222222,0.6724444444444444,0.5897777777777778,0.5869054143854335,0.4284444444444444,0.6427707509231244,0.08810972835167771,0.9916491140912116,0.10389571421483446,0.5702088714217477,0.5641685771942139,0.43894285678863526,0.0571893234016139,4.493354809072283,0.9271555448467304,10.842666666666666,0.008842997676816544,0.9140966130400551,900,923,1.0,1.0255555555555556,0.025555555555555557,0.6576381365113759,0.5542529225349426,0.6518831498189327,0.08445717350172033,10.18878173828125
A0.60_R0.74_V0.70_P0.60,0.6,0.74,0.7,0.6,1,20261830,0.40511111111111114,0.3308888888888889,0.264,0.6691111111111111,0.5948888888888889,0.5998073256852908,0.4506666666666666,0.660111721754473,0.08645850732389423,0.9913846918832427,0.09982363129878781,0.5688484758166354,0.5758471775054932,0.43917043566703795,0.0575195530726257,4.521619255277845,0.923811156092685,10.915111111111111,0.009723826219302576,0.9122998879002018,900,929,1.0,1.0322222222222222,0.03222222222222222,0.6480086114101185,0.5549401044845581,0.6690793950515668,0.08288629985806018,11.028340101242065
A0.60_R0.74_V0.70_P0.60,0.6,0.74,0.7,0.6,2,20262839,0.37955555555555553,0.3726666666666667,0.2477777777777778,0.6273333333333333,0.6204444444444445,0.5690640877347827,0.3751111111111111,0.6221555421908965,0.08903925088798871,0.990804242580757,0.10580904656824565,0.5681556484092274,0.5493308424949646,0.43415024638175964,0.05783736809435134,4.494628926330142,0.9113016138682904,10.77688888888889,0.008019021061992348,0.9130499245571237,900,933,1.0,1.0366666666666666,0.03666666666666667,0.62486602357985,0.5509834885597229,0.631510337152565,0.08533010181398626,10.286882162094116
A0.60_R0.74_V0.70_P0.60,0.6,0.74,0.7,0.6,3,20263848,0.42133333333333334,0.33888888888888885,0.23977777777777778,0.661111111111111,0.5786666666666667,0.5851860133441141,0.41822222222222216,0.6439409686676285,0.07808248020172176,0.9895412801541841,0.09973866286595964,0.5698670186088272,0.5628595280647278,0.4344792950153351,0.05769832402234638,4.487230066352421,0.9214227453717423,10.955555555555556,0.008282844182447372,0.911108109647395,900,932,1.0,1.0355555555555556,0.035555555555555556,0.6276824034334764,0.5510573387145996,0.6528694305600398,0.07493948553551655,10.273131608963013
A0.60_R0.74_V0.70_P0.60,0.6,0.74,0.7,0.6,4,20264857,0.4053333333333333,0.3362222222222222,0.2584444444444444,0.6637777777777777,0.5946666666666667,0.5812360411285993,0.4093333333333333,0.633931024303769,0.08642496152185773,0.9927565088101796,0.10233536787445466,0.5698820398726998,0.5584406089782715,0.4325053918361664,0.05704531346989448,4.416263591077592,0.9207764749385775,10.857333333333333,0.008709584550920772,0.9096506591426546,900,921,1.0,1.0233333333333334,0.023333333333333334,0.6199782844733985,0.5459277629852295,0.6431052344364907,0.0827712435193595,10.278879404067993
A0.60_R0.74_V0.70_P0.60,0.6,0.74,0.7,0.6,5,20265866,0.4177777777777778,0.34666666666666673,0.23555555555555555,0.6533333333333333,0.5822222222222222,0.5807498360806063,0.39488888888888884,0.636563334188846,0.08587594930261905,0.9917436600015432,0.1030228554939097,0.5693256537320431,0.5588145685195923,0.430361305475235,0.0580782122905028,4.473906614250606,0.9144986375749656,11.013777777777777,0.008794529552931035,0.9127811078027241,900,938,1.0,1.0422222222222222,0.042222222222222223,0.6066098081023454,0.5463204383850098,0.6456736796397157,0.0823312273846748,10.75342607498169
A0.60_R0.74_V0.70_P0.60,0.6,0.74,0.7,0.6,6,20266875,0.40511111111111114,0.33355555555555555,0.2613333333333333,0.6664444444444445,0.5948888888888889,0.5842953852366989,0.4191111111111111,0.643230886187585,0.08639893437595429,0.992249734259857,0.10305589078256076,0.5683543442423956,0.5623470640182495,0.4348823535442352,0.057688392302917446,4.490648996141221,0.9112483388631389,10.900888888888888,0.008967246367129367,0.9127951084967072,900,930,1.0,1.0333333333333334,0.03333333333333333,0.6419354838709678,0.550755500793457,0.6523926906814405,0.08284884003846038,10.189186573028564
A0.60_R0.74_V0.70_P0.60,0.6,0.74,0.7,0.6,7,20267884,0.4095555555555556,0.3437777777777778,0.24666666666666665,0.6562222222222222,0.5904444444444444,0.5844457529824584,0.42266666666666663,0.6382337737368877,0.08984012184239205,0.9919550741632844,0.10544086733744042,0.5673055485887649,0.5624096751213074,0.436038510799408,0.056938547486033525,4.444041849507226,0.9149247988288529,10.872444444444447,0.008821174929042106,0.9117290355236258,900,919,1.0,1.021111111111111,0.021111111111111112,0.6376496191512514,0.5503920912742615,0.6472963664418324,0.08620841184936556,10.03644847869873
A0.60_R0.74_V0.70_P0.60,0.6,0.74,0.7,0.6,8,20268893,0.4033333333333334,0.3446666666666666,0.252,0.6553333333333333,0.5966666666666667,0.585495585755684,0.42133333333333334,0.6399769063085288,0.08750642128973551,0.9902169757715729,0.10525661830712466,0.5697241662727841,0.5608237385749817,0.43360708236694334,0.05759404096834265,4.470093221452501,0.9115754763445352,10.974666666666668,0.008947214213522615,0.9148628309667842,900,932,1.0,1.0355555555555556,0.035555555555555556,0.6062231759656652,0.5488340258598328,0.6491646154321288,0.08392368806605477,10.143077850341797
A0.60_R0.74_V0.70_P0.60,0.6,0.74,0.7,0.6,9,20269902,0.3862222222222222,0.3582222222222222,0.25555555555555554,0.6417777777777778,0.6137777777777778,0.5868323518841625,0.4131111111111111,0.6456812534070064,0.07699462894558767,0.9889528333857972,0.10003214818482968,0.566650977936034,0.5638989591598511,0.4333771538734436,0.057859714463066425,4.488280140982734,0.9062093971694714,11.071999999999997,0.008790448376368892,0.9179459094821277,900,935,1.0,1.038888888888889,0.03888888888888889,0.6074866310160428,0.5498554706573486,0.6545752152884804,0.07388195812537246,9.892983675003052
A0.60_R0.74_V0.70_P0.60,0.6,0.74,0.7,0.6,10,20270911,0.4008888888888889,0.3493333333333334,0.24977777777777777,0.6506666666666666,0.5991111111111111,0.5697972088288635,0.3762222222222221,0.6246769708217114,0.07759040809498961,0.9896953856076077,0.104051830236365,0.5671136047743889,0.5502914047241211,0.4372039175033569,0.05732836747361888,4.48643536594179,0.9206579122547714,10.994222222222222,0.007490427243503413,0.9107116527985564,900,925,1.0,1.0277777777777777,0.027777777777777776,0.6464864864864864,0.5546082854270935,0.6339369099349864,0.07450834657063021,11.01207971572876
A0.60_R0.74_V0.70_P0.60,0.6,0.74,0.7,0.6,11,20271920,0.406,0.33577777777777784,0.2582222222222222,0.6642222222222222,0.5940000000000001,0.5882760744551285,0.42200000000000004,0.6484548272929063,0.0859743985952057,0.9905546486599548,0.10148622345537577,0.5695993669042462,0.5664024591445923,0.43338567852973936,0.05750217256362508,4.460726689974467,0.9210713274000432,10.908,0.00888658278152256,0.9145940983463717,900,928,1.0,1.031111111111111,0.03111111111111111,0.6206896551724138,0.5484080910682678,0.6574112412572861,0.08255618629928851,10.64905595779419
A0.60_R0.74_V0.70_P0.60,0.6,0.74,0.7,0.6,12,20272929,0.40955555555555556,0.338,0.2524444444444444,0.662,0.5904444444444444,0.5926423130522341,0.44422222222222224,0.6493016001969139,0.07792757279449743,0.9883708791750956,0.09747248090434962,0.5699107968674636,0.5689716219902039,0.4350144410133362,0.0570552451893234,4.4427288349469505,0.9203200872449194,10.960000000000003,0.008480617915202725,0.9129118164526376,900,920,1.0,1.0222222222222221,0.022222222222222223,0.6282608695652174,0.5489266514778137,0.6582837934611498,0.07464205566312443,9.975530862808228
A0.60_R0.74_V0.70_P0.60,0.6,0.74,0.7,0.6,13,20273938,0.408,0.32888888888888884,0.26311111111111113,0.6711111111111111,0.5920000000000001,0.58466437108074,0.4153333333333334,0.6426435721476531,0.08325039534034247,0.9922071062895986,0.10190888281960858,0.5698646513766474,0.5641650581359863,0.4386168694496155,0.05713718187461204,4.485914210531447,0.9246941294000431,10.876000000000001,0.00824919399289298,0.9108957041816724,900,922,1.0,1.0244444444444445,0.024444444444444446,0.6648590021691974,0.5540245175361633,0.6517986639198907,0.07974295995813274,9.937147378921509
A0.60_R0.74_V0.70_P0.60,0.6,0.74,0.7,0.6,14,20274947,0.4053333333333333,0.3364444444444444,0.2582222222222222,0.6635555555555556,0.5946666666666667,0.5871665611649829,0.41733333333333333,0.6485809864074121,0.08286680264438803,0.9920221323489143,0.10064511550910549,0.5699340059319976,0.5650378227233886,0.43082667350769044,0.0573308504034761,4.421199044386546,0.9223083950939273,10.980888888888888,0.008971212095000161,0.9153292972771047,900,926,1.0,1.028888888888889,0.028888888888888888,0.6090712742980562,0.544682502746582,0.6575400131268242,0.07955838077305177,9.853059530258179
A0.60_R0.74_V0.70_P0.60,0.6,0.74,0.7,0.6,15,20275956,0.402,0.34800000000000003,0.25,0.652,0.5980000000000001,0.5828422768802985,0.41088888888888886,0.6381086041040951,0.07758053115584448,0.988932896883702,0.100534703785123,0.5678538516931649,0.5607720947265625,0.43498457431793214,0.057196772191185616,4.453422438780467,0.9198700781860292,10.898222222222223,0.00826234704615667,0.912616623236513,900,924,1.0,1.0266666666666666,0.02666666666666667,0.6352813852813853,0.5505538582801819,0.6471506738851472,0.07442876862998471,9.849831819534302
A0.60_R0.74_V0.70_P0.60,0.6,0.74,0.7,0.6,16,20276965,0.41022222222222227,0.33488888888888885,0.2548888888888889,0.6651111111111112,0.5897777777777777,0.5842913760149703,0.4075555555555555,0.6426776534565461,0.08119918544572556,0.990890373468948,0.09983228701132023,0.5683361360113461,0.564301438331604,0.4321634387969971,0.05753196772191185,4.450317955282,0.9168276249491848,10.884888888888888,0.008685077979858583,0.9088266606771636,900,931,1.0,1.0344444444444445,0.034444444444444444,0.6251342642320086,0.54668790102005,0.6514678100551431,0.07807846669312068,10.718532800674438
A0.60_R0.74_V0.70_P0.60,0.6,0.74,0.7,0.6,17,20277974,0.3933333333333333,0.3537777777777778,0.2528888888888889,0.6462222222222223,0.6066666666666666,0.5758142594182332,0.38955555555555554,0.6319425810793892,0.07749198578230891,0.9899664062342732,0.10030863622426178,0.5698541685617247,0.5574508881568909,0.4340327823162079,0.056650527622594676,4.401167376730177,0.9214614800929973,10.889333333333331,0.008001185197220314,0.9173601563940127,900,916,1.0,1.0177777777777777,0.017777777777777778,0.6430131004366813,0.5481071472167969,0.6410264088925004,0.07424602985039663,10.691401481628418
A0.60_R0.74_V0.70_P0.60,0.6,0.74,0.7,0.6,18,20278983,0.39688888888888885,0.3511111111111111,0.252,0.6488888888888888,0.6031111111111112,0.5893244719090943,0.43222222222222223,0.6458041009219145,0.08743044016924136,0.9914578433046011,0.10236185581326143,0.5700981206344639,0.5660696053504943,0.4354589295387268,0.05755679702048418,4.486331331411997,0.9108730444837373,10.95911111111111,0.008972548527214342,0.9117353998679719,900,928,1.0,1.031111111111111,0.03111111111111111,0.6497844827586207,0.5513353943824768,0.6547955912672406,0.08389039169595192,10.230113744735718
A0.60_R0.74_V0.70_P0.60,0.6,0.74,0.7,0.6,19,20279992,0.4015555555555556,0.3433333333333334,0.25511111111111107,0.6566666666666666,0.5984444444444444,0.5787475060560137,0.3971111111111111,0.6365610297792852,0.08733104356951868,0.9916100191796049,0.10487917970324633,0.566797699306209,0.5580951261520386,0.4350251019001007,0.05727126008690256,4.459593883620368,0.914384846210773,11.045333333333334,0.009364667657533373,0.9147021966600078,900,926,1.0,1.028888888888889,0.028888888888888888,0.6414686825053996,0.5502431392669678,0.6457790165832031,0.08386584932328267,10.51749849319458
A0.60_R0.74_V0.70_P0.90,0.6,0.74,0.7,0.9,0,20260821,0.41155555555555556,0.33822222222222215,0.25022222222222223,0.6617777777777778,0.5884444444444444,0.5868899313393751,0.4255555555555555,0.642924509290903,0.08755388038779933,0.9914956168688351,0.10261060053311306,0.5690402726532169,0.5637555837631225,0.440023752450943,0.05661080074487897,4.458861481507619,0.9150795181208028,10.586666666666668,0.008978357355204393,0.9140966130400551,900,913,1.0,1.0144444444444445,0.014444444444444444,0.660460021905805,0.5542529225349426,0.6520346078619422,0.08387606636422285,10.302925825119019
A0.60_R0.74_V0.70_P0.90,0.6,0.74,0.7,0.9,1,20261830,0.43044444444444446,0.3231111111111111,0.2464444444444444,0.676888888888889,0.5695555555555556,0.5982729350852936,0.4531111111111111,0.6604114280424517,0.08655656446468438,0.991030436019019,0.10044413748095839,0.56873478867096,0.5772635650634765,0.44127524614334107,0.05678708876474241,4.48546566576428,0.9227475124532026,10.595555555555556,0.010662274074614649,0.9122998879002018,900,916,1.0,1.0177777777777777,0.017777777777777778,0.6670305676855895,0.5549401044845581,0.6694916414455433,0.08294610442373584,10.386480808258057
A0.60_R0.74_V0.70_P0.90,0.6,0.74,0.7,0.9,2,20262839,0.38622222222222224,0.35177777777777774,0.262,0.6482222222222223,0.6137777777777778,0.5710014308596613,0.3811111111111111,0.6227224281860113,0.08856832286822815,0.9900448135993138,0.10453066738867572,0.5705707505924535,0.550252525806427,0.4364310836791992,0.05677715704531348,4.435440521611108,0.9200521455926275,10.703111111111111,0.008863228278505018,0.9130499245571237,900,916,1.0,1.0177777777777777,0.017777777777777778,0.6441048034934498,0.5509834885597229,0.6321896686838897,0.08477535644301981,10.841908931732178
A0.60_R0.74_V0.70_P0.90,0.6,0.74,0.7,0.9,3,20263848,0.4097777777777778,0.3397777777777778,0.25044444444444447,0.6602222222222223,0.5902222222222222,0.5861663398361161,0.4168888888888889,0.6438790948507984,0.07830351391613843,0.990867336762379,0.09807904876792721,0.5699941480403702,0.5642954277992248,0.43742791295051575,0.0566530105524519,4.435884001731872,0.9189641261383223,10.613777777777777,0.008948291384805638,0.911108109647395,900,913,1.0,1.0144444444444445,0.014444444444444444,0.6396495071193866,0.5510573387145996,0.652909706834962,0.07500107624444885,10.26935601234436
A0.60_R0.74_V0.70_P0.90,0.6,0.74,0.7,0.9,4,20264857,0.39822222222222214,0.34511111111111115,0.25666666666666665,0.654888888888889,0.6017777777777779,0.5808814669982346,0.41111111111111115,0.6337130481735492,0.08648015164943405,0.9927678394748017,0.1044604644756505,0.5697664516501472,0.5580738830566406,0.4336257481575012,0.05682184978274365,4.410377923859491,0.912824113512706,10.505333333333333,0.008754082704906848,0.9096506591426546,900,918,1.0,1.02,0.02,0.6241830065359477,0.5459277629852295,0.642979581922767,0.0827911014221916,10.543368577957153
A0.60_R0.74_V0.70_P0.90,0.6,0.74,0.7,0.9,5,20265866,0.4171111111111111,0.33866666666666667,0.24422222222222223,0.6613333333333334,0.5828888888888889,0.580691516592477,0.40511111111111114,0.6366397940626807,0.08586473348667976,0.9913148542834659,0.10381844328892126,0.5679424145455666,0.5601685547828674,0.433836954832077,0.056687771570453134,4.402132324695588,0.9242715307151691,10.510666666666665,0.008787932721732172,0.9127811078027241,900,915,1.0,1.0166666666666666,0.016666666666666666,0.6196721311475409,0.5463204383850098,0.6456958812340098,0.08236556672260797,10.325721263885498
A0.60_R0.74_V0.70_P0.90,0.6,0.74,0.7,0.9,6,20266875,0.42133333333333334,0.3424444444444444,0.23622222222222222,0.6575555555555556,0.5786666666666667,0.5846488527563921,0.4144444444444445,0.6432885166898739,0.08608708718812466,0.9926836705467754,0.10276621958373297,0.5689079946413701,0.5639355778694153,0.43832719802856446,0.05641216635630045,4.426086256557041,0.9183997434550057,10.447555555555557,0.00993743617508881,0.9127951084967072,900,910,1.0,1.011111111111111,0.011111111111111112,0.6571428571428571,0.550755500793457,0.6523675703651782,0.08255855803447809,10.118792057037354
A0.60_R0.74_V0.70_P0.90,0.6,0.74,0.7,0.9,7,20267884,0.396,0.34422222222222226,0.2597777777777778,0.6557777777777778,0.604,0.5818518212987872,0.41511111111111115,0.6385319358740604,0.08955834482523245,0.9918820553009162,0.10643638303667427,0.5705306850610153,0.5628093600273132,0.43677411675453187,0.05690378646803228,4.4488641225496925,0.9194520293533595,10.53511111111111,0.008715379324462676,0.9117290355236258,900,917,1.0,1.018888888888889,0.01888888888888889,0.6401308615049073,0.5503920912742615,0.6475976756499401,0.08591334725328581,10.168348550796509
A0.60_R0.74_V0.70_P0.90,0.6,0.74,0.7,0.9,8,20268893,0.40355555555555556,0.3415555555555555,0.2548888888888889,0.6584444444444444,0.5964444444444444,0.5818893225066802,0.40511111111111114,0.639850754988545,0.08733561573415116,0.9902374772013637,0.1023666011842724,0.569267628184829,0.5619110226631164,0.4350465190410614,0.056970825574177535,4.436492024739583,0.919938608182883,10.546222222222223,0.009036729650410597,0.9148628309667842,900,918,1.0,1.02,0.02,0.6176470588235294,0.5488340258598328,0.6489661457687685,0.08378157752592919,10.562036991119385
A0.60_R0.74_V0.70_P0.90,0.6,0.74,0.7,0.9,9,20269902,0.389111111111111,0.34333333333333343,0.26755555555555555,0.6566666666666666,0.6108888888888889,0.5861684709993429,0.41888888888888887,0.6455413453623834,0.07720518381968919,0.9893651916768325,0.09945790435333769,0.5700267107805638,0.5654402804374695,0.43603663325309755,0.056782122905027946,4.431843430995941,0.9196319232804379,10.58088888888889,0.008324308430878056,0.9179459094821277,900,916,1.0,1.0177777777777777,0.017777777777777778,0.62117903930131,0.5498554706573486,0.6545298810398332,0.07394835360624707,9.909396409988403
A0.60_R0.74_V0.70_P0.90,0.6,0.74,0.7,0.9,10,20270911,0.3862222222222222,0.35177777777777774,0.262,0.6482222222222223,0.6137777777777778,0.5703175893864756,0.3784444444444444,0.6244945634275216,0.07771501328226868,0.9885584596321485,0.10296954967734885,0.5668239059684292,0.5515563011169433,0.4374113500118256,0.0574400993171943,4.497327532556323,0.9178294965128658,10.831111111111111,0.007273931944256938,0.9107116527985564,900,926,1.0,1.028888888888889,0.028888888888888888,0.6403887688984882,0.5546082854270935,0.6337354163559358,0.07450320350834572,10.053462028503418
A0.60_R0.74_V0.70_P0.90,0.6,0.74,0.7,0.9,11,20271920,0.40422222222222226,0.3464444444444444,0.24933333333333332,0.6535555555555556,0.5957777777777777,0.5902239139850116,0.43400000000000005,0.6482759039486783,0.08584390366693796,0.9909894518805209,0.10169961540280152,0.5686558172248263,0.565775773525238,0.43461197257041934,0.05708007448789572,4.440540871461233,0.9140463382030173,10.533333333333333,0.00893128841784868,0.9145940983463717,900,921,1.0,1.0233333333333334,0.023333333333333334,0.6308360477741585,0.5484080910682678,0.6572908333570303,0.08240420384629932,9.953633069992065
A0.60_R0.74_V0.70_P0.90,0.6,0.74,0.7,0.9,12,20272929,0.4071111111111111,0.344,0.24888888888888888,0.6559999999999999,0.5928888888888889,0.5912176475014262,0.4317777777777778,0.6497763947496296,0.07785626283105058,0.9884536183342025,0.09848999273235619,0.5708013514474537,0.5691000103950501,0.4358156144618988,0.05686654252017381,4.43614808622996,0.9176953458612087,10.633777777777777,0.008850961568961806,0.9129118164526376,900,919,1.0,1.021111111111111,0.021111111111111112,0.6300326441784548,0.5489266514778137,0.6587677466096475,0.07450705771695332,9.903010606765747
A0.60_R0.74_V0.70_P0.90,0.6,0.74,0.7,0.9,13,20273938,0.39755555555555555,0.3315555555555555,0.2708888888888889,0.6684444444444445,0.6024444444444444,0.5870409908962216,0.42533333333333334,0.6428262618644972,0.08288263234399938,0.9919128805753669,0.1016156225801979,0.5682823329097191,0.564057285785675,0.4399626886844635,0.05653879577901924,4.452603443622589,0.917832586906415,10.473333333333333,0.008261196862940128,0.9108957041816724,900,911,1.0,1.0122222222222221,0.012222222222222223,0.6684961580680571,0.5540245175361633,0.651947857921121,0.07942797022608628,9.913068771362305
A0.60_R0.74_V0.70_P0.90,0.6,0.74,0.7,0.9,14,20274947,0.3904444444444444,0.3597777777777778,0.24977777777777777,0.6402222222222222,0.6095555555555555,0.5871606495044461,0.4088888888888889,0.6486163543130798,0.0828910649083269,0.991094716215728,0.09823772453909868,0.5694689208557233,0.5652254438400268,0.4324713325500488,0.056715083798882675,4.390404946115281,0.9142340610292936,10.723555555555556,0.009080605164910379,0.9153292972771047,900,915,1.0,1.0166666666666666,0.016666666666666666,0.6065573770491803,0.544682502746582,0.6575663349380062,0.07955200281763797,10.335326194763184
A0.60_R0.74_V0.70_P0.90,0.6,0.74,0.7,0.9,15,20275956,0.3993333333333334,0.3553333333333334,0.24533333333333335,0.6446666666666667,0.6006666666666667,0.5801973618379539,0.40044444444444444,0.6378565229695276,0.07793471825054944,0.9888786263955645,0.1020206062166217,0.5696762579804385,0.5603161144256592,0.43584521174430846,0.05687150837988827,4.4368884694311355,0.910891172562895,10.63111111111111,0.008466302799873494,0.912616623236513,900,917,1.0,1.018888888888889,0.01888888888888889,0.6368593238822247,0.5505538582801819,0.646964757368521,0.07470389899641061,9.928176164627075
A0.60_R0.74_V0.70_P0.90,0.6,0.74,0.7,0.9,16,20276965,0.4106666666666667,0.3520000000000001,0.23733333333333334,0.648,0.5893333333333333,0.5867471701161775,0.4231111111111111,0.6431953383871357,0.08093778205604421,0.9908759946828627,0.10076482000952758,0.5686966200499268,0.5655153942108154,0.43364339709281924,0.056873991309745506,4.4146501894527015,0.9219428931233007,10.613333333333333,0.00948244778839355,0.9088266606771636,900,918,1.0,1.02,0.02,0.6405228758169934,0.54668790102005,0.6521844890384445,0.07774313589286685,10.083478927612305
A0.60_R0.74_V0.70_P0.90,0.6,0.74,0.7,0.9,17,20277974,0.39644444444444443,0.34444444444444444,0.2591111111111111,0.6555555555555556,0.6035555555555555,0.5771365493338727,0.3906666666666666,0.6322091429547791,0.07744090229641738,0.989373152966957,0.09993969032122493,0.5685154168144135,0.556454930305481,0.4328346145153046,0.05717939168218498,4.430053623729282,0.9178887720628798,10.637777777777778,0.0077821532435681864,0.9173601563940127,900,922,1.0,1.0244444444444445,0.024444444444444446,0.6366594360086768,0.5481071472167969,0.6413065877491049,0.07414826402804153,10.197206020355225
A0.60_R0.74_V0.70_P0.90,0.6,0.74,0.7,0.9,18,20278983,0.40488888888888885,0.33644444444444443,0.25866666666666666,0.6635555555555556,0.5951111111111111,0.5881626749113125,0.43,0.6460700684027342,0.08696568897076701,0.9900318389301703,0.1021668065149309,0.5658856291018095,0.5665304446220398,0.4385576367378235,0.05636002482929858,4.424360529104868,0.9187193099194226,10.404444444444445,0.00921932623186834,0.9117353998679719,900,908,1.0,1.008888888888889,0.008888888888888889,0.6552863436123348,0.5513353943824768,0.6551746685795555,0.08334718557886944,10.485220670700073
A0.60_R0.74_V0.70_P0.90,0.6,0.74,0.7,0.9,19,20279992,0.3924444444444445,0.35577777777777775,0.25177777777777777,0.6442222222222221,0.6075555555555555,0.5805244552847396,0.4044444444444445,0.6366446455588016,0.08712341136702634,0.9920710360993839,0.10528112209368175,0.5689370675169996,0.55855464220047,0.43600681304931643,0.05704531346989448,4.452114022413889,0.9065505984766049,10.554222222222222,0.009659627320298408,0.9147021966600078,900,919,1.0,1.021111111111111,0.021111111111111112,0.6474428726877041,0.5502431392669678,0.6458776725368294,0.08356567601790399,10.470606803894043
A0.60_R0.90_V0.30_P0.60,0.6,0.9,0.3,0.6,0,20260821,0.3542222222222222,0.39599999999999996,0.24977777777777777,0.6040000000000001,0.6457777777777778,0.6108925976901395,0.49288888888888893,0.6649904076039731,0.07751080640836086,0.9840831925901717,0.09228218874670854,0.6678100395999013,0.570117735862732,0.4358518075942993,0.0569211669770329,4.440784342765808,0.8974531396687982,10.80888888888889,0.0049377098548888795,0.9140966130400551,900,918,1.0,1.02,0.02,0.6383442265795207,0.5542529225349426,0.6749470843188642,0.0736888891549412,10.598937273025513
A0.60_R0.90_V0.30_P0.60,0.6,0.9,0.3,0.6,1,20261830,0.38155555555555554,0.389111111111111,0.22933333333333333,0.6108888888888889,0.6184444444444445,0.6243028537632563,0.532888888888889,0.6820821752244235,0.07501174725499599,0.985562892806077,0.08939126422234998,0.669318976741728,0.5816983127593994,0.43653265595436097,0.0571024208566108,4.4618619500796,0.902643525744,10.922222222222222,0.005839615901211331,0.9122998879002018,900,923,1.0,1.0255555555555556,0.025555555555555557,0.6359696641386782,0.5549401044845581,0.6918938000495104,0.0712156950663776,10.28754186630249
A0.60_R0.90_V0.30_P0.60,0.6,0.9,0.3,0.6,2,20262839,0.35311111111111104,0.41666666666666674,0.23022222222222224,0.5833333333333333,0.646888888888889,0.599253488307152,0.45955555555555555,0.6483278082883536,0.0770222280955966,0.979049745833644,0.09419099738456209,0.6666812190696493,0.5572542524337769,0.4317745006084442,0.05724643078833023,4.424393115467496,0.8833323026568928,10.917777777777776,0.0038257955892470187,0.9130499245571237,900,923,1.0,1.0255555555555556,0.025555555555555557,0.6121343445287107,0.5509834885597229,0.6587407118053525,0.07308546682441719,10.148536205291748
A0.60_R0.90_V0.30_P0.60,0.6,0.9,0.3,0.6,3,20263848,0.36333333333333334,0.39444444444444443,0.24222222222222223,0.6055555555555556,0.6366666666666666,0.6107448459898516,0.49266666666666675,0.6661273518523125,0.0685299047158402,0.9814112451229384,0.09080263015232376,0.6692442477433062,0.5694607090950012,0.43237818717956544,0.057206703910614526,4.427465880182054,0.8940081227979553,10.789333333333332,0.004897332308522456,0.911108109647395,900,923,1.0,1.0255555555555556,0.025555555555555557,0.6143011917659805,0.5510573387145996,0.6760221748032905,0.0651510338688408,10.128107070922852
A0.60_R0.90_V0.30_P0.60,0.6,0.9,0.3,0.6,4,20264857,0.3695555555555556,0.3893333333333333,0.2411111111111111,0.6106666666666667,0.6304444444444445,0.6044927279025728,0.4768888888888889,0.6565908815305995,0.07564431626313123,0.9872008966183508,0.09440805827081583,0.6665734433000915,0.5637471103668212,0.4292364990711212,0.05689137181874613,4.371089573595259,0.8960426897305667,10.879555555555557,0.004471506934184562,0.9096506591426546,900,918,1.0,1.02,0.02,0.6002178649237473,0.5459277629852295,0.6666548523400706,0.07181518711644341,10.186283826828003
A0.60_R0.90_V0.30_P0.60,0.6,0.9,0.3,0.6,5,20265866,0.3562222222222222,0.3922222222222222,0.25155555555555553,0.6077777777777779,0.6437777777777778,0.6069741511723378,0.48244444444444445,0.659840264343333,0.07474634429704714,0.9826958294924016,0.09151554869781402,0.6689515114266726,0.5658346962928772,0.4290406584739685,0.05707014276846679,4.3828483188947045,0.8788399853291315,10.948444444444446,0.003961691111873451,0.9127811078027241,900,920,1.0,1.0222222222222221,0.022222222222222223,0.5967391304347827,0.5463204383850098,0.6699172766913907,0.070954878767298,10.095442533493042
A0.60_R0.90_V0.30_P0.60,0.6,0.9,0.3,0.6,6,20266875,0.3731111111111111,0.39355555555555555,0.2333333333333333,0.6064444444444445,0.6268888888888889,0.6109525775268179,0.49022222222222217,0.6659289805203508,0.07654915304081551,0.985579955242441,0.09422730772052475,0.6690653201470412,0.5699808597564697,0.4333468067646027,0.05693358162631907,4.416123100704617,0.8972624956264678,11.120444444444445,0.005472596987812562,0.9127951084967072,900,921,1.0,1.0233333333333334,0.023333333333333334,0.6308360477741585,0.550755500793457,0.6760069127963115,0.07287315084040458,10.934863328933716
A0.60_R0.90_V0.30_P0.60,0.6,0.9,0.3,0.6,7,20267884,0.36733333333333335,0.37822222222222224,0.2544444444444445,0.6217777777777778,0.6326666666666667,0.6082862753006598,0.4866666666666667,0.661257557962148,0.07896700779384061,0.9836967017839097,0.09382006463143,0.669812287830185,0.5686191892623902,0.43302260756492617,0.0566455617628802,4.390588836563959,0.9015416653020735,10.668888888888889,0.004060897015244553,0.9117290355236258,900,915,1.0,1.0166666666666666,0.016666666666666666,0.6273224043715847,0.5503920912742615,0.6711695279211563,0.07520787692471753,10.542868375778198
A0.60_R0.90_V0.30_P0.60,0.6,0.9,0.3,0.6,8,20268893,0.35644444444444445,0.3953333333333333,0.24822222222222223,0.6046666666666667,0.6435555555555555,0.6130443318516231,0.4937777777777778,0.6639483977782183,0.07649664329133306,0.9833896773546826,0.09293841021872588,0.670084643560217,0.5681403207778931,0.4318781280517578,0.056695220360024834,4.38286801147461,0.9041795988409578,10.645333333333333,0.004827321072195167,0.9148628309667842,900,914,1.0,1.0155555555555555,0.015555555555555555,0.6050328227571116,0.5488340258598328,0.6741106711521659,0.07264039992824167,10.290210962295532
A0.60_R0.90_V0.30_P0.60,0.6,0.9,0.3,0.6,9,20269902,0.3811111111111111,0.37955555555555553,0.2393333333333333,0.6204444444444445,0.6188888888888888,0.610933901085415,0.4906666666666667,0.6681593111191073,0.06809860029512248,0.9817636682287312,0.09041311387678089,0.6674741814338877,0.5703264689445495,0.43056300044059753,0.057489757914338926,4.43070444393158,0.9026072835252309,10.933777777777777,0.005100258571653455,0.9179459094821277,900,929,1.0,1.0322222222222222,0.03222222222222222,0.5974165769644779,0.5498554706573486,0.6780549477660565,0.06471670334156077,10.451621770858765
A0.60_R0.90_V0.30_P0.60,0.6,0.9,0.3,0.6,10,20270911,0.3582222222222222,0.4055555555555555,0.2362222222222222,0.5944444444444444,0.6417777777777778,0.6001849388303492,0.4586666666666666,0.6496246130965972,0.06820895434561483,0.9781055530694586,0.0938287622260382,0.6676360250284528,0.5577612376213074,0.4346686899662018,0.05688392302917444,4.425848983605703,0.9032331090298698,10.808444444444447,0.0031316393738555935,0.9107116527985564,900,918,1.0,1.02,0.02,0.6328976034858388,0.5546082854270935,0.6599349866182099,0.06490455050163857,10.131547927856445
A0.60_R0.90_V0.30_P0.60,0.6,0.9,0.3,0.6,11,20271920,0.36422222222222217,0.3913333333333333,0.24444444444444444,0.6086666666666667,0.6357777777777778,0.613223925673253,0.49266666666666664,0.6706092704926051,0.07540812201803018,0.982421846779351,0.09201316567407641,0.6688016602143795,0.573000078201294,0.431501042842865,0.056797020484171325,4.386927265379164,0.9058360655737704,10.883555555555553,0.005307311981191829,0.9145940983463717,900,915,1.0,1.0166666666666666,0.016666666666666666,0.6196721311475409,0.5484080910682678,0.6805119342565116,0.07175344410770168,10.45913052558899
A0.60_R0.90_V0.30_P0.60,0.6,0.9,0.3,0.6,12,20272929,0.37044444444444447,0.3922222222222223,0.2373333333333333,0.6077777777777778,0.6295555555555555,0.6177360032402909,0.5208888888888888,0.6716824449210883,0.06858719956419052,0.9808685998859855,0.0889621258490147,0.6698035205855613,0.5725160479545593,0.4309597134590149,0.05718684047175668,4.411470895502302,0.8886735107450767,11.009777777777776,0.004973693450005385,0.9129118164526376,900,923,1.0,1.0255555555555556,0.025555555555555557,0.6078006500541712,0.5489266514778137,0.6815754827496343,0.06512535604499292,10.289716482162476
A0.60_R0.90_V0.30_P0.60,0.6,0.9,0.3,0.6,13,20273938,0.37199999999999994,0.3793333333333333,0.24866666666666667,0.6206666666666666,0.628,0.6125102206437156,0.5084444444444444,0.6656023530962604,0.07248421424043847,0.9852380495730365,0.09205339127889577,0.6681600769844941,0.5690113735198975,0.4349549233913422,0.05700062073246432,4.437857109970516,0.9028134232514904,10.920444444444446,0.0037661917762572576,0.9108957041816724,900,919,1.0,1.021111111111111,0.021111111111111112,0.6430903155603918,0.5540245175361633,0.6755804094875525,0.06883839140139303,9.709120035171509
A0.60_R0.90_V0.30_P0.60,0.6,0.9,0.3,0.6,14,20274947,0.36644444444444446,0.38800000000000007,0.24555555555555558,0.612,0.6335555555555555,0.6137281853534344,0.4991111111111111,0.6714874302009884,0.07281844602747319,0.9830237834431109,0.08952500583406257,0.6673980616230628,0.5717411971092224,0.42723708629608154,0.057343265052762264,4.385251209682889,0.8978213925171842,11.004000000000001,0.004792896516075198,0.9153292972771047,900,927,1.0,1.03,0.03,0.5728155339805825,0.544682502746582,0.6813181085042768,0.06919214779369653,9.74373483657837
A0.60_R0.90_V0.30_P0.60,0.6,0.9,0.3,0.6,15,20275956,0.37355555555555553,0.3993333333333333,0.22711111111111112,0.6006666666666667,0.6264444444444445,0.6112449010018591,0.5024444444444445,0.6617875690741932,0.06838143867206524,0.9805449901223545,0.09118357163964064,0.6676343625311557,0.5667705607414245,0.4329234254360199,0.05668032278088145,4.392269083605872,0.9012103941035182,10.797777777777778,0.004529466660342557,0.912616623236513,900,916,1.0,1.0177777777777777,0.017777777777777778,0.6266375545851528,0.5505538582801819,0.671730000498306,0.0649702479616876,9.620508670806885
A0.60_R0.90_V0.30_P0.60,0.6,0.9,0.3,0.6,16,20276965,0.37244444444444447,0.38355555555555554,0.244,0.6164444444444445,0.6275555555555555,0.60890874113684,0.4835555555555556,0.6645737807898305,0.0725071900396898,0.9838494264481936,0.09285992894170116,0.6684197591478919,0.570366997718811,0.4293351912498474,0.057241464928615766,4.398984567854139,0.9015814867232441,10.884888888888888,0.004255940198374584,0.9088266606771636,900,925,1.0,1.0277777777777777,0.027777777777777776,0.6097297297297297,0.54668790102005,0.6743402385104298,0.0691273836762738,9.770874500274658
A0.60_R0.90_V0.30_P0.60,0.6,0.9,0.3,0.6,17,20277974,0.3684444444444444,0.40511111111111114,0.22644444444444445,0.5948888888888889,0.6315555555555555,0.6056355704523142,0.47888888888888886,0.656322987275666,0.06734253976946424,0.9791438147692366,0.09025507243441239,0.6684763091784152,0.5633747553825379,0.4292327499389648,0.057142147734326514,4.390348037295871,0.8963668013600534,10.870222222222223,0.00398182077474997,0.9173601563940127,900,921,1.0,1.0233333333333334,0.023333333333333334,0.6167209554831705,0.5481071472167969,0.6662809655457936,0.06397088674780549,9.74336051940918
A0.60_R0.90_V0.30_P0.60,0.6,0.9,0.3,0.6,18,20278983,0.36333333333333334,0.3884444444444444,0.24822222222222223,0.6115555555555556,0.6366666666666667,0.6128407608874586,0.5017777777777778,0.6678793618477528,0.07779007339171724,0.9811678474034343,0.09425967714285992,0.6668003447278005,0.5710042262077332,0.4327802920341492,0.057263811297330845,4.436035423278809,0.8971567551267554,10.834666666666667,0.00432796890658487,0.9117353998679719,900,925,1.0,1.0277777777777777,0.027777777777777776,0.614054054054054,0.5513353943824768,0.6778318822057876,0.07403350027499056,9.933727979660034
A0.60_R0.90_V0.30_P0.60,0.6,0.9,0.3,0.6,19,20279992,0.3562222222222222,0.4015555555555555,0.24222222222222217,0.5984444444444444,0.6437777777777778,0.6065683838688285,0.47,0.6602601111909369,0.0771234198202785,0.9844854549732116,0.09166106842042353,0.6675898366700903,0.5639099168777466,0.4320380401611328,0.05703538175046556,4.410759422302246,0.8908992800627575,10.84,0.004721211234350353,0.9147021966600078,900,920,1.0,1.0222222222222221,0.022222222222222223,0.6260869565217392,0.5502431392669678,0.6704037195085448,0.07333395629744688,9.686248302459717
A0.60_R0.90_V0.30_P0.90,0.6,0.9,0.3,0.9,0,20260821,0.36111111111111105,0.3844444444444444,0.2544444444444444,0.6155555555555555,0.6388888888888888,0.6104983958231255,0.49177777777777787,0.6652936187408851,0.07730392743576754,0.9846714231138588,0.09263764277560434,0.6680618602785916,0.5707279825210572,0.4373632431030273,0.05636995654872751,4.4130261493259,0.9083835560032502,10.607111111111113,0.0049098105849038134,0.9140966130400551,900,910,1.0,1.011111111111111,0.011111111111111112,0.6505494505494506,0.5542529225349426,0.6753218199079981,0.07333616237317453,10.517816305160522
A0.60_R0.90_V0.30_P0.90,0.6,0.9,0.3,0.9,1,20261830,0.3766666666666667,0.3868888888888889,0.23644444444444443,0.613111111111111,0.6233333333333334,0.624680823784195,0.5355555555555556,0.6823440128967185,0.07528597690060274,0.9844486026527278,0.09056360469041001,0.6702873975007249,0.5830124926567077,0.43810272216796875,0.05662321539416512,4.440398322423299,0.9082660306296958,10.491111111111111,0.006191440183327863,0.9122998879002018,900,913,1.0,1.0144444444444445,0.014444444444444444,0.6462212486308871,0.5549401044845581,0.692167329146968,0.0714843526524227,9.67799162864685
A0.60_R0.90_V0.30_P0.90,0.6,0.9,0.3,0.9,2,20262839,0.3533333333333333,0.41733333333333333,0.2293333333333333,0.5826666666666667,0.6466666666666666,0.6002440334724851,0.46022222222222225,0.6486853047893366,0.07731254528559778,0.9793453663718723,0.09366849618072409,0.6696466027540257,0.5575943255424499,0.43257006764411926,0.056797020484171325,4.397795615779029,0.8881311475409837,10.724888888888888,0.004403420880150572,0.9130499245571237,900,915,1.0,1.0166666666666666,0.016666666666666666,0.6196721311475409,0.5509834885597229,0.6591644321913007,0.07329310469186545,9.646154403686523
A0.60_R0.90_V0.30_P0.90,0.6,0.9,0.3,0.9,3,20263848,0.3824444444444444,0.38666666666666666,0.2308888888888889,0.6133333333333334,0.6175555555555555,0.6096145833733183,0.4784444444444444,0.6655995369641015,0.06906025163071013,0.9818163651419166,0.09009277892612993,0.6678251843757934,0.570456554889679,0.43385902762413026,0.05673246430788331,4.4058826979531185,0.9049841218863918,10.53288888888889,0.004601467454193782,0.911108109647395,900,914,1.0,1.0155555555555555,0.015555555555555555,0.6170678336980306,0.5510573387145996,0.6754629580993726,0.0656312612418446,10.437324523925781
A0.60_R0.90_V0.30_P0.90,0.6,0.9,0.3,0.9,4,20264857,0.37422222222222223,0.39355555555555555,0.23222222222222222,0.6064444444444443,0.6257777777777778,0.6065822369880122,0.47600000000000003,0.6564223441991284,0.07609773780248119,0.9852232458822179,0.0934750082678768,0.6686928651915117,0.564670958518982,0.4301414322853088,0.056605834885164505,4.358344022485945,0.8974896877411379,10.622666666666667,0.005468005078896446,0.9096506591426546,900,913,1.0,1.0144444444444445,0.014444444444444444,0.6056955093099672,0.5459277629852295,0.6666080792847785,0.07223723653315783,10.542750597000122
A0.60_R0.90_V0.30_P0.90,0.6,0.9,0.3,0.9,5,20265866,0.38088888888888894,0.3913333333333333,0.22777777777777777,0.6086666666666667,0.6191111111111112,0.6064966525844676,0.48088888888888887,0.6588537640639514,0.07543172132718381,0.983386300880328,0.0921225110135499,0.6684157286175925,0.564896399974823,0.42970708847045896,0.05678460583488516,4.367681644757589,0.8968499177918376,10.65288888888889,0.004580201899467188,0.9127811078027241,900,917,1.0,1.018888888888889,0.01888888888888889,0.6030534351145038,0.5463204383850098,0.6687363683964774,0.07166952380686276,10.063997030258179
A0.60_R0.90_V0.30_P0.90,0.6,0.9,0.3,0.9,6,20266875,0.3671111111111111,0.3848888888888889,0.24799999999999997,0.6151111111111112,0.632888888888889,0.6110259841143981,0.4937777777777778,0.6661101360905455,0.07730971144063792,0.9857244485035435,0.09416059342117218,0.6684983471508872,0.5691440844535828,0.4332462978363037,0.056896337678460585,4.412306288825141,0.9020699729878474,10.533777777777777,0.0052038703956683195,0.9127951084967072,900,918,1.0,1.02,0.02,0.6383442265795207,0.550755500793457,0.6761984400338429,0.0735668335472961,10.360026121139526
A0.60_R0.90_V0.30_P0.90,0.6,0.9,0.3,0.9,7,20267884,0.37066666666666664,0.37866666666666665,0.25066666666666665,0.6213333333333333,0.6293333333333334,0.606472661304993,0.48088888888888887,0.6609550949479832,0.07933684734848596,0.9844307458348961,0.09527771813104742,0.6673463591150548,0.5674456524848938,0.4329000890254974,0.05667535692116697,4.3916613401307,0.9002819354195618,10.477777777777778,0.0048324425465578955,0.9117290355236258,900,915,1.0,1.0166666666666666,0.016666666666666666,0.6284153005464481,0.5503920912742615,0.6708087582947186,0.07557710546933993,10.147294759750366
A0.60_R0.90_V0.30_P0.90,0.6,0.9,0.3,0.9,8,20268893,0.36777777777777787,0.40444444444444444,0.22777777777777777,0.5955555555555556,0.6322222222222221,0.6102114458428674,0.49022222222222217,0.6633583390078237,0.07670759392117261,0.9832770760947804,0.09404913850931525,0.6674311547752945,0.5682061839103699,0.43249970555305484,0.05663314711359404,4.384290028625065,0.8954267963959753,10.488444444444445,0.005476818352603473,0.9148628309667842,900,915,1.0,1.0166666666666666,0.016666666666666666,0.6087431693989072,0.5488340258598328,0.6735431132864478,0.07271960901662866,10.236062049865723
A0.60_R0.90_V0.30_P0.90,0.6,0.9,0.3,0.9,9,20269902,0.36377777777777776,0.3946666666666666,0.24155555555555555,0.6053333333333334,0.6362222222222222,0.6104480859917425,0.4868888888888889,0.6680095770894577,0.06829672743385104,0.981292245953193,0.09043256378105267,0.6672863703710898,0.5692857551574707,0.4312793576717377,0.05708752327746741,4.4070277659628125,0.8995648683537274,10.786666666666667,0.004773206989214081,0.9179459094821277,900,922,1.0,1.0244444444444445,0.024444444444444446,0.6030368763557483,0.5498554706573486,0.6778802024955087,0.06493717634646079,10.207059860229492
A0.60_R0.90_V0.30_P0.90,0.6,0.9,0.3,0.9,10,20270911,0.3573333333333333,0.4015555555555555,0.24111111111111108,0.5984444444444444,0.6426666666666666,0.5977599700613506,0.458,0.6500390260888865,0.06844484914194743,0.9786934683533866,0.09387903826825653,0.6656204274622275,0.557899386882782,0.43569055676460267,0.05645189323401615,4.402579288323721,0.8987937958631028,10.600444444444445,0.003994266721085706,0.9107116527985564,900,910,1.0,1.011111111111111,0.011111111111111112,0.6450549450549451,0.5546082854270935,0.660285062720038,0.06510308947316701,10.493353605270386
A0.60_R0.90_V0.30_P0.90,0.6,0.9,0.3,0.9,11,20271920,0.38,0.38155555555555554,0.23844444444444446,0.6184444444444445,0.6200000000000001,0.6126134856754232,0.48511111111111105,0.6706904054204956,0.07630402731556024,0.983050491190918,0.09053718392953632,0.6674967428300371,0.573200433254242,0.4327904725074768,0.05653382991930478,4.379618941201104,0.9026781470921479,10.513333333333332,0.005843564023328316,0.9145940983463717,900,912,1.0,1.0133333333333334,0.013333333333333334,0.6239035087719298,0.5484080910682678,0.6806164387454149,0.07257881830408519,10.158092737197876
A0.60_R0.90_V0.30_P0.90,0.6,0.9,0.3,0.9,12,20272929,0.3644444444444444,0.37800000000000006,0.25755555555555554,0.622,0.6355555555555555,0.6147245079749712,0.5077777777777778,0.6719134727154261,0.06879667768669179,0.9805262053528344,0.08909134697230836,0.667157204409824,0.5747964191436767,0.43241939902305604,0.05661080074487896,4.381849896589915,0.9039912280701755,10.62888888888889,0.005207802781639247,0.9129118164526376,900,912,1.0,1.0133333333333334,0.013333333333333334,0.6118421052631579,0.5489266514778137,0.6817211208003765,0.06533638355063731,10.18073320388794
A0.60_R0.90_V0.30_P0.90,0.6,0.9,0.3,0.9,13,20273938,0.3717777777777778,0.3893333333333333,0.2388888888888889,0.6106666666666666,0.6282222222222222,0.6140680621133588,0.508,0.666516708162762,0.07156184144778979,0.9856740269436692,0.09214670264607708,0.6678499980894169,0.5700869607925415,0.4362193715572357,0.056568590937306026,4.417024394724105,0.899132742034094,10.59688888888889,0.005253153140021805,0.9108957041816724,900,912,1.0,1.0133333333333334,0.013333333333333334,0.6447368421052632,0.5540245175361633,0.6765868398876138,0.06789887467620148,10.10383415222168
A0.60_R0.90_V0.30_P0.90,0.6,0.9,0.3,0.9,14,20274947,0.37888888888888883,0.3826666666666667,0.23844444444444446,0.6173333333333333,0.6211111111111112,0.6125099388079561,0.5004444444444445,0.6709564018644992,0.07308621008357902,0.9842731642127674,0.09032195506833857,0.667918875275782,0.5718745970726014,0.42879695296287534,0.056700186219739296,4.351978710651397,0.9044472139602772,10.552,0.005182390928446389,0.9153292972771047,900,914,1.0,1.0155555555555555,0.015555555555555555,0.5940919037199125,0.544682502746582,0.6808383524510778,0.0696100841863998,10.176636934280396
A0.60_R0.90_V0.30_P0.90,0.6,0.9,0.3,0.9,15,20275956,0.3628888888888888,0.3906666666666667,0.24644444444444447,0.6093333333333334,0.6371111111111112,0.6078700649710754,0.4886666666666666,0.6620926803077354,0.06813534729560032,0.9795392734180517,0.0920563919639553,0.6687724969293564,0.5675324606895447,0.43343629002571105,0.056389819987585355,4.374984503004286,0.8956030492917134,10.552444444444445,0.0040497152757963525,0.912616623236513,900,909,1.0,1.01,0.01,0.6325632563256326,0.5505538582801819,0.6721032316251769,0.06472692091998988,10.47871208190918
A0.60_R0.90_V0.30_P0.90,0.6,0.9,0.3,0.9,16,20276965,0.37822222222222224,0.37133333333333335,0.2504444444444444,0.6286666666666667,0.6217777777777778,0.6096834338487799,0.49733333333333335,0.6647590975289597,0.07218822804000685,0.984603449029712,0.0936594062942961,0.6686343504518192,0.5713556480407714,0.43094956755638125,0.056538795779019255,4.361329073058235,0.9084364842064176,10.558666666666666,0.00490385717446295,0.9088266606771636,900,912,1.0,1.0133333333333334,0.013333333333333334,0.6195175438596491,0.54668790102005,0.6744610245036445,0.06886113289057749,9.86630916595459
A0.60_R0.90_V0.30_P0.90,0.6,0.9,0.3,0.9,17,20277974,0.3493333333333333,0.40777777777777774,0.24288888888888888,0.5922222222222223,0.6506666666666666,0.603466918855089,0.46622222222222215,0.6565220092375464,0.06677137760020721,0.9784888842239862,0.09119187327018999,0.6676394032502505,0.5616372895240783,0.4291630852222443,0.05709000620732465,4.385640340963999,0.884876911523258,10.662222222222221,0.003643553516575389,0.9173601563940127,900,920,1.0,1.0222222222222221,0.022222222222222223,0.6184782608695653,0.5481071472167969,0.666662005442277,0.06329224914399956,9.58914303779602
A0.60_R0.90_V0.30_P0.90,0.6,0.9,0.3,0.9,18,20278983,0.3648888888888889,0.39422222222222225,0.24088888888888887,0.6057777777777779,0.6351111111111112,0.614457126770634,0.5046666666666667,0.6682558725139108,0.0772829694632168,0.981212542103413,0.09253939514894689,0.6664876361156249,0.5724001717567444,0.4345790922641754,0.056496585971446314,4.394802183734046,0.8986994786377468,10.45911111111111,0.005329011703849028,0.9117353998679719,900,911,1.0,1.0122222222222221,0.012222222222222223,0.6421514818880352,0.5513353943824768,0.6782519039497107,0.07346019027782225,9.847758293151855
A0.60_R0.90_V0.30_P0.90,0.6,0.9,0.3,0.9,19,20279992,0.3597777777777777,0.39622222222222225,0.244,0.6037777777777777,0.6402222222222222,0.6067421005735912,0.47955555555555557,0.6601931966788319,0.07735824424117163,0.9846868576798866,0.09284423968242198,0.6676429741681192,0.564759018421173,0.4333906054496765,0.056576039726877726,4.3889094989034865,0.8980040066319366,10.563555555555556,0.004440729883986857,0.9147021966600078,900,914,1.0,1.0155555555555555,0.015555555555555555,0.6356673960612691,0.5502431392669678,0.6703141761412511,0.0735188752664313,9.758336305618286
A0.60_R0.90_V0.70_P0.60,0.6,0.9,0.7,0.6,0,20260821,0.35577777777777775,0.37733333333333335,0.2668888888888889,0.6226666666666667,0.6442222222222224,0.6141915368716343,0.5075555555555555,0.6668133819823638,0.07651308447273794,0.982848848716076,0.0936237087482879,0.6684211311894565,0.5708648872375488,0.4359523928165436,0.05686405959031658,4.4373452996148,0.9074854643353949,10.788444444444444,0.004752254445212987,0.9140966130400551,900,918,1.0,1.02,0.02,0.644880174291939,0.5542529225349426,0.6768226072556177,0.07263900961666447,9.71371603012085
A0.60_R0.90_V0.70_P0.60,0.6,0.9,0.7,0.6,1,20261830,0.37488888888888894,0.3811111111111111,0.244,0.6188888888888888,0.6251111111111112,0.6268376430424109,0.5475555555555556,0.6829486538522849,0.07475622603473152,0.9850910781553569,0.08931366114368426,0.6689653757327482,0.5820841383934021,0.43775468111038207,0.056692737430167596,4.4422601016362515,0.8952421645058809,10.912444444444445,0.005578803503554157,0.9122998879002018,900,915,1.0,1.0166666666666666,0.016666666666666666,0.6469945355191257,0.5549401044845581,0.692824596977068,0.0708511938139833,9.976857423782349
A0.60_R0.90_V0.70_P0.60,0.6,0.9,0.7,0.6,2,20262839,0.34977777777777774,0.4031111111111111,0.24711111111111111,0.5968888888888889,0.6502222222222221,0.6016742354298807,0.46266666666666667,0.6495264936163523,0.07767118319519287,0.9789586008326455,0.09440956129238419,0.6683052882144692,0.5582146954536438,0.43211605310440065,0.0572911235257604,4.431352372752296,0.8879625956925764,10.967555555555556,0.005312737216297081,0.9130499245571237,900,924,1.0,1.0266666666666666,0.02666666666666667,0.6190476190476191,0.5509834885597229,0.6601333612395436,0.07357648586957755,9.925354957580566
A0.60_R0.90_V0.70_P0.60,0.6,0.9,0.7,0.6,3,20263848,0.3526666666666667,0.3933333333333333,0.254,0.6066666666666667,0.6473333333333333,0.6134352495229536,0.49488888888888893,0.6674247033339572,0.06812462064428328,0.9811553126998378,0.08858247472011258,0.668433252287155,0.5710789775848388,0.43241188645362855,0.057206703910614526,4.427853903982374,0.9054742682441005,10.92622222222222,0.0052936611991920455,0.911108109647395,900,924,1.0,1.0266666666666666,0.02666666666666667,0.6103896103896104,0.5510573387145996,0.6773042098201599,0.06456934915904133,9.764747858047485
A0.60_R0.90_V0.70_P0.60,0.6,0.9,0.7,0.6,4,20264857,0.3473333333333333,0.3913333333333333,0.2613333333333333,0.6086666666666667,0.6526666666666666,0.608772315294324,0.486,0.6583694797893481,0.07565421901964797,0.9853103928848955,0.09365224900485235,0.669906319753932,0.5645158195495605,0.428470938205719,0.05745003103662323,4.406105652756161,0.8980460414305322,10.977333333333336,0.0049969053838649176,0.9096506591426546,900,929,1.0,1.0322222222222222,0.03222222222222222,0.5952637244348762,0.5459277629852295,0.6685709001569615,0.07173083716507755,10.287730932235718
A0.60_R0.90_V0.70_P0.60,0.6,0.9,0.7,0.6,5,20265866,0.3606666666666667,0.3824444444444445,0.2568888888888889,0.6175555555555555,0.6393333333333333,0.6072738940409326,0.48022222222222216,0.6600395730360771,0.07442889222578755,0.9820433475952821,0.0917707092794748,0.668013400369171,0.5665277147293091,0.43003657579421994,0.05689385474860335,4.379461815039317,0.9055615473937604,10.771111111111113,0.005359192553803996,0.9127811078027241,900,917,1.0,1.018888888888889,0.01888888888888889,0.604143947655398,0.5463204383850098,0.6701601110868315,0.07065069166124949,10.14717149734497
A0.60_R0.90_V0.70_P0.60,0.6,0.9,0.7,0.6,6,20266875,0.34644444444444444,0.3868888888888889,0.26666666666666666,0.613111111111111,0.6535555555555556,0.6108348628836107,0.49866666666666665,0.6667669890381687,0.0763209271752062,0.9858709383861435,0.09177331511302582,0.668608150922462,0.5693601679801941,0.43168041229248044,0.05764121663563005,4.45386818880505,0.9000646503824212,10.940888888888889,0.005449909127695162,0.9127951084967072,900,931,1.0,1.0344444444444445,0.034444444444444444,0.6229860365198711,0.550755500793457,0.6767454099079481,0.07267021931002438,10.322346687316895
A0.60_R0.90_V0.70_P0.60,0.6,0.9,0.7,0.6,7,20267884,0.3595555555555556,0.37422222222222223,0.2662222222222222,0.6257777777777778,0.6404444444444445,0.6107861368247657,0.4982222222222223,0.6620260372166529,0.07903580165895402,0.9843982235855807,0.0942514818518841,0.6669762167125889,0.5693642735481262,0.4328975319862366,0.05700310366232154,4.417052278412712,0.9053068999738545,10.762666666666668,0.004941332457570038,0.9117290355236258,900,919,1.0,1.021111111111111,0.021111111111111112,0.6311207834602829,0.5503920912742615,0.6720294029010286,0.07519227939459472,10.60832667350769
A0.60_R0.90_V0.70_P0.60,0.6,0.9,0.7,0.6,8,20268893,0.36555555555555563,0.3804444444444444,0.254,0.6195555555555555,0.6344444444444444,0.6103255335539916,0.4935555555555555,0.6645253968410814,0.07587930282252317,0.9826567101893475,0.09357810019522368,0.6659681103542602,0.5682641816139221,0.43109957814216615,0.05719925512104283,4.413800343354543,0.9017851865556064,10.93111111111111,0.005251693447564887,0.9148628309667842,900,923,1.0,1.0255555555555556,0.025555555555555557,0.5980498374864572,0.5488340258598328,0.6745332212773242,0.07209272961677882,10.312872409820557
A0.60_R0.90_V0.70_P0.60,0.6,0.9,0.7,0.6,9,20269902,0.35355555555555557,0.39466666666666667,0.2517777777777778,0.6053333333333333,0.6464444444444445,0.615268105978212,0.5022222222222222,0.6695304963501202,0.06788222603783478,0.9818473533490462,0.09186430659128841,0.6664687918258285,0.570288736820221,0.4314499270915985,0.05703041589075109,4.4044139948421055,0.9039575554559872,10.792444444444445,0.005411489996804766,0.9179459094821277,900,919,1.0,1.021111111111111,0.021111111111111112,0.6071817192600653,0.5498554706573486,0.6793555461680784,0.06469091402420468,10.209909677505493
A0.60_R0.90_V0.70_P0.60,0.6,0.9,0.7,0.6,10,20270911,0.3524444444444444,0.38888888888888884,0.25866666666666666,0.6111111111111112,0.6475555555555556,0.6026702955636013,0.4628888888888889,0.6512922210830147,0.06778441831122711,0.9779672492277354,0.09151243073729716,0.6663198038929068,0.5590756726264954,0.43558972477912905,0.056715083798882675,4.422038832982381,0.9011822347417133,10.766222222222222,0.004440685367478059,0.9107116527985564,900,915,1.0,1.0166666666666666,0.016666666666666666,0.6316939890710382,0.5546082854270935,0.6617477135247494,0.06436420114124863,10.23296332359314
A0.60_R0.90_V0.70_P0.60,0.6,0.9,0.7,0.6,11,20271920,0.3446666666666666,0.3977777777777778,0.25755555555555554,0.6022222222222223,0.6553333333333333,0.615311158250369,0.5093333333333334,0.6715632512404615,0.07581595276022203,0.9831390367710356,0.09355371632565285,0.6670414686347484,0.572573516368866,0.4320213294029236,0.056797020484171325,4.3922168638971115,0.9084590163934426,10.659555555555555,0.005409583591790934,0.9145940983463717,900,915,1.0,1.0166666666666666,0.016666666666666666,0.6185792349726776,0.5484080910682678,0.6815804709881204,0.07191451552540062,10.102261543273926
A0.60_R0.90_V0.70_P0.60,0.6,0.9,0.7,0.6,12,20272929,0.37177777777777776,0.3848888888888889,0.24333333333333332,0.6151111111111112,0.6282222222222222,0.6178047216677905,0.508,0.6730393725948529,0.06818058323083075,0.9791582974877526,0.08928356198601797,0.6700100533931984,0.5729031157493591,0.4297139453887939,0.05773556797020484,4.440939780182308,0.898163380802236,10.922666666666666,0.005365524451379861,0.9129118164526376,900,931,1.0,1.0344444444444445,0.034444444444444444,0.602577873254565,0.5489266514778137,0.6828382408800574,0.0648190768674608,10.064818143844604
A0.60_R0.90_V0.70_P0.60,0.6,0.9,0.7,0.6,13,20273938,0.35400000000000004,0.38822222222222225,0.2577777777777778,0.6117777777777778,0.6459999999999999,0.6136146474891193,0.49933333333333335,0.6670957473865119,0.07131140304716764,0.9858529722941866,0.09048429088141134,0.6673072014814513,0.570068359375,0.43437479257583617,0.057462445685909386,4.467861948278215,0.8990605568851788,11.093333333333332,0.004965929985265586,0.9108957041816724,900,926,1.0,1.028888888888889,0.028888888888888888,0.6447084233261339,0.5540245175361633,0.6771453555361956,0.06762796198733567,10.680730104446411
A0.60_R0.90_V0.70_P0.60,0.6,0.9,0.7,0.6,14,20274947,0.36266666666666664,0.36800000000000005,0.2693333333333333,0.632,0.6373333333333334,0.6184661565953915,0.5208888888888888,0.6728206313016976,0.07221434002389802,0.9824103753868552,0.08940783859894541,0.6688113773010163,0.5724782276153565,0.4284562432765961,0.05694599627560522,4.367368360519409,0.8945229487262005,10.922666666666666,0.005501948576584062,0.9153292972771047,900,919,1.0,1.021111111111111,0.021111111111111112,0.5865070729053319,0.544682502746582,0.6828445335542643,0.06872523890160198,10.303876399993896
A0.60_R0.90_V0.70_P0.60,0.6,0.9,0.7,0.6,15,20275956,0.35111111111111115,0.3928888888888889,0.256,0.607111111111111,0.6488888888888888,0.6094436880771404,0.488,0.6631331966001345,0.06826211553037007,0.9803885243809921,0.09166257585682853,0.6661521148795352,0.567660608291626,0.4324950468540192,0.05706517690875233,4.4177225884331595,0.9018325953207296,10.840444444444442,0.004456133974566094,0.912616623236513,900,921,1.0,1.0233333333333334,0.023333333333333334,0.6210640608034745,0.5505538582801819,0.6731038899465409,0.06486710542097307,9.742063283920288
A0.60_R0.90_V0.70_P0.60,0.6,0.9,0.7,0.6,16,20276965,0.35644444444444445,0.3853333333333333,0.25822222222222224,0.6146666666666667,0.6435555555555555,0.6112508509877914,0.4862222222222223,0.6661196997162669,0.07236814723585398,0.9831783723618259,0.09147970182032569,0.6694751532552127,0.5710208535194397,0.42936415910720827,0.05729608938547487,4.403516519705454,0.9037058044457758,11.00488888888889,0.005248900271462154,0.9088266606771636,900,924,1.0,1.0266666666666666,0.02666666666666667,0.6082251082251082,0.54668790102005,0.6759295740179078,0.06900708783864351,10.128212690353394
A0.60_R0.90_V0.70_P0.60,0.6,0.9,0.7,0.6,17,20277974,0.3386666666666666,0.3986666666666666,0.26266666666666666,0.6013333333333333,0.6613333333333334,0.6066416659791174,0.46844444444444444,0.6572350736801712,0.06664757955580866,0.9799465868079962,0.09068611303885465,0.6661811223578796,0.5648078536987304,0.43088998913764953,0.05661824953445065,4.366810184743669,0.8901131151209222,10.726222222222223,0.0037016887321229316,0.9173601563940127,900,915,1.0,1.0166666666666666,0.016666666666666666,0.6207650273224044,0.5481071472167969,0.6673410010130097,0.06307189897418075,10.162441492080688
A0.60_R0.90_V0.70_P0.60,0.6,0.9,0.7,0.6,18,20278983,0.3748888888888889,0.3797777777777778,0.24533333333333332,0.6202222222222222,0.6251111111111112,0.6137577212491762,0.5031111111111111,0.6687631760839003,0.07709568623332873,0.9816858560665493,0.09324750846697709,0.6696017316742774,0.5724205827713013,0.4344404935836792,0.056605834885164505,4.401903995037079,0.8977977097790586,10.797777777777778,0.005329202987311825,0.9117353998679719,900,914,1.0,1.0155555555555555,0.015555555555555555,0.6323851203501094,0.5513353943824768,0.6786395692991265,0.07345314978503326,9.856599807739258
A0.60_R0.90_V0.70_P0.60,0.6,0.9,0.7,0.6,19,20279992,0.3568888888888888,0.3904444444444444,0.25266666666666665,0.6095555555555555,0.6431111111111111,0.6093035619802968,0.48844444444444446,0.6618622823139626,0.0766587267404666,0.9843753486921554,0.09186699637123329,0.668850155540716,0.5655793285369873,0.43291653871536256,0.056896337678460585,4.408990127245585,0.9028598096127013,10.915555555555557,0.00552656552673182,0.9147021966600078,900,917,1.0,1.018888888888889,0.01888888888888889,0.6335877862595419,0.5502431392669678,0.6720420378960098,0.07288757442858507,10.548774003982544
A0.60_R0.90_V0.70_P0.90,0.6,0.9,0.7,0.9,0,20260821,0.368,0.3806666666666667,0.25133333333333335,0.6193333333333333,0.632,0.6136794480843935,0.49999999999999994,0.6666936248826498,0.07671800230733862,0.982459679382416,0.09135443685371683,0.6685535732599207,0.5711852812767029,0.4366437005996704,0.056700186219739296,4.431617485523224,0.901991702637085,10.517333333333333,0.00534650853958975,0.9140966130400551,900,914,1.0,1.0155555555555555,0.015555555555555555,0.6477024070021882,0.5542529225349426,0.6766827673767983,0.07284884756721977,9.954692363739014
A0.60_R0.90_V0.70_P0.90,0.6,0.9,0.7,0.9,1,20261830,0.37,0.3742222222222222,0.25577777777777777,0.6257777777777779,0.63,0.6266693787052185,0.5415555555555556,0.6834445758179715,0.07422843947279838,0.9829547831740733,0.09020800231778071,0.667970627309679,0.5834982872009278,0.43868072390556334,0.05639726877715705,4.428485293388366,0.9012469129275665,10.464888888888888,0.00622910789405583,0.9122998879002018,900,911,1.0,1.0122222222222221,0.012222222222222223,0.6399560922063666,0.5549401044845581,0.6931381471156456,0.07059066966692296,9.77875566482544
A0.60_R0.90_V0.70_P0.90,0.6,0.9,0.7,0.9,2,20262839,0.3471111111111111,0.4046666666666667,0.24822222222222223,0.5953333333333333,0.652888888888889,0.6019099445135397,0.4608888888888889,0.6497412139072513,0.07657410926468994,0.9800415815401409,0.09427152997485777,0.668578402463542,0.5594311666488647,0.4337497580051422,0.05654872749844817,4.390511452727847,0.8911964873765094,10.584888888888889,0.005137778044747463,0.9130499245571237,900,911,1.0,1.0122222222222221,0.012222222222222223,0.6289791437980241,0.5509834885597229,0.6603308335354078,0.07262583369799436,9.8216712474823
A0.60_R0.90_V0.70_P0.90,0.6,0.9,0.7,0.9,3,20263848,0.3575555555555555,0.3775555555555556,0.2648888888888889,0.6224444444444444,0.6424444444444444,0.614270997487636,0.5,0.6676613408871553,0.06770734329339415,0.9805436705388841,0.08972107666820386,0.6681468865006902,0.5717787456512451,0.4345644283294678,0.05644196151458722,4.39043226453993,0.9045392715095685,10.560888888888888,0.0049309321245808195,0.911108109647395,900,910,1.0,1.011111111111111,0.011111111111111112,0.6230769230769231,0.5510573387145996,0.6775557506936644,0.06423111940030846,9.695660591125488
A0.60_R0.90_V0.70_P0.90,0.6,0.9,0.7,0.9,4,20264857,0.36777777777777776,0.38177777777777777,0.25044444444444447,0.6182222222222221,0.6322222222222222,0.6098505356115479,0.4946666666666667,0.6583556799352237,0.0750829948035498,0.9852255275845401,0.09266942413187099,0.6690106993412441,0.564716534614563,0.43058834671974183,0.05666542520173805,4.367448127057817,0.9045717139484304,10.484444444444444,0.005574188585206469,0.9096506591426546,900,914,1.0,1.0155555555555555,0.015555555555555555,0.611597374179431,0.5459277629852295,0.668695713191765,0.07105402008709927,9.694223403930664
A0.60_R0.90_V0.70_P0.90,0.6,0.9,0.7,0.9,5,20265866,0.37799999999999995,0.38066666666666665,0.24133333333333332,0.6193333333333333,0.622,0.6065720150927078,0.48111111111111116,0.6603611186512093,0.07455066912891736,0.982775782147446,0.09257552005026053,0.6694608662391967,0.5668823075294495,0.43043973326683044,0.05674239602731223,4.371918037361569,0.9004067869569897,10.540444444444445,0.005465314071016344,0.9127811078027241,900,915,1.0,1.0166666666666666,0.016666666666666666,0.6021857923497268,0.5463204383850098,0.6704248323220213,0.07080088664291795,10.236438512802124
A0.60_R0.90_V0.70_P0.90,0.6,0.9,0.7,0.9,6,20266875,0.3657777777777778,0.3851111111111111,0.24911111111111112,0.6148888888888888,0.6342222222222221,0.614786723542369,0.5115555555555555,0.667426982034074,0.07642443244835859,0.9843474329605687,0.09165431135264,0.6674212941270165,0.5702816843986511,0.43454089045524597,0.05648665425201739,4.393691159142389,0.8949890109890108,10.506222222222222,0.0059979489340984725,0.9127951084967072,900,910,1.0,1.011111111111111,0.011111111111111112,0.6428571428571429,0.550755500793457,0.6774638188276532,0.07280875093094918,9.96863603591919
A0.60_R0.90_V0.70_P0.90,0.6,0.9,0.7,0.9,7,20267884,0.37355555555555564,0.3813333333333333,0.24511111111111109,0.6186666666666667,0.6264444444444445,0.6087440906728784,0.4793333333333333,0.6621707184925419,0.0788133135006159,0.9835250609634018,0.09431776497561863,0.6672879245443281,0.5699026799201965,0.4348991560935974,0.05636995654872751,4.388178938971626,0.9038377316013587,10.404000000000002,0.005226925605515268,0.9117290355236258,900,909,1.0,1.01,0.01,0.6259625962596259,0.5503920912742615,0.6720466830275998,0.0750812530392817,10.28352665901184
A0.60_R0.90_V0.70_P0.90,0.6,0.9,0.7,0.9,8,20268893,0.36466666666666675,0.39355555555555555,0.2417777777777778,0.6064444444444443,0.6353333333333333,0.6112894099806243,0.48644444444444446,0.6646499487854004,0.07576680870146782,0.9827122643075755,0.09296116935472787,0.666494098391356,0.5689724397659301,0.4324006760120392,0.056657976412166355,4.385255663341946,0.8946949378628355,10.485777777777777,0.005414659652878881,0.9148628309667842,900,914,1.0,1.0155555555555555,0.015555555555555555,0.612691466083151,0.5488340258598328,0.674674730943137,0.07202715172152874,10.463906049728394
A0.60_R0.90_V0.70_P0.90,0.6,0.9,0.7,0.9,9,20269902,0.35644444444444445,0.38822222222222214,0.25533333333333336,0.6117777777777778,0.6435555555555555,0.6136702038597064,0.5017777777777779,0.6698766296977589,0.06761961107161936,0.9804585930980525,0.09042247263593413,0.6670346812717007,0.5725285506248474,0.43313573122024535,0.0566132836747362,4.389297377374437,0.8994338118022328,10.57511111111111,0.005184034330099892,0.9179459094821277,900,913,1.0,1.0144444444444445,0.014444444444444444,0.6188389923329682,0.5498554706573486,0.6796341562862199,0.06435370812465435,10.383422613143921
A0.60_R0.90_V0.70_P0.90,0.6,0.9,0.7,0.9,10,20270911,0.3528888888888889,0.39644444444444443,0.25066666666666665,0.6035555555555555,0.6471111111111111,0.603370615941811,0.4704444444444444,0.65124396224157,0.06802363416802577,0.9782770079043694,0.09113793015129666,0.6668242889993418,0.5590069413185119,0.43552493572235107,0.05691371818746121,4.4369235335985815,0.9004019657798118,10.538666666666666,0.004168628610133397,0.9107116527985564,900,917,1.0,1.018888888888889,0.01888888888888889,0.6357688113413305,0.5546082854270935,0.6615392604013052,0.06458845053110451,10.332289218902588
A0.60_R0.90_V0.70_P0.90,0.6,0.9,0.7,0.9,11,20271920,0.3684444444444444,0.368,0.26355555555555554,0.632,0.6315555555555555,0.6143291969833979,0.49311111111111117,0.671857766985634,0.07518120755439958,0.9829364426018959,0.09233096525444967,0.6700689475426843,0.5736813235282898,0.43323359251022336,0.05638981998758537,4.372893663459354,0.9067300987168846,10.448444444444444,0.005578916272676395,0.9145940983463717,900,910,1.0,1.011111111111111,0.011111111111111112,0.6208791208791209,0.5484080910682678,0.6818136500989705,0.07144676108502312,10.645323038101196
A0.60_R0.90_V0.70_P0.90,0.6,0.9,0.7,0.9,12,20272929,0.3555555555555555,0.3933333333333333,0.2511111111111111,0.6066666666666667,0.6444444444444444,0.6182798097548862,0.5204444444444445,0.6733425127850371,0.06785204957252587,0.9809407110407653,0.0895470761598685,0.6678056731051142,0.5751670408248901,0.4332815003395081,0.05651396648044694,4.382995804415809,0.8988138968092187,10.460000000000003,0.005575633182041439,0.9129118164526376,900,912,1.0,1.0133333333333334,0.013333333333333334,0.618421052631579,0.5489266514778137,0.6833433487612173,0.06432646278554688,10.648659706115723
A0.60_R0.90_V0.70_P0.90,0.6,0.9,0.7,0.9,13,20273938,0.37177777777777776,0.3782222222222223,0.25,0.6217777777777778,0.6282222222222222,0.6121090223785548,0.4902222222222223,0.6670571650437878,0.07193556513488057,0.9851140217417168,0.09054674372694173,0.6669368256190603,0.5714614820480347,0.4365735101699829,0.0568814400993172,4.445039683553907,0.9006017757831216,10.542666666666667,0.005469248412512581,0.9108957041816724,900,918,1.0,1.02,0.02,0.6525054466230937,0.5540245175361633,0.677015903482615,0.06835012146223174,10.378635883331299
A0.60_R0.90_V0.70_P0.90,0.6,0.9,0.7,0.9,14,20274947,0.3486666666666667,0.38666666666666666,0.26466666666666666,0.6133333333333334,0.6513333333333334,0.6178685624970917,0.5122222222222222,0.6725657977464882,0.07266855588129659,0.9832405729972991,0.0905801866422907,0.6685022970976078,0.5721639108657837,0.4289841949939728,0.0567548106765984,4.358071349991692,0.8922031956871888,10.595999999999998,0.004688923079315115,0.9153292972771047,900,916,1.0,1.0177777777777777,0.017777777777777778,0.5884279475982532,0.544682502746582,0.6824731014956353,0.06915879751416298,10.259843587875366
A0.60_R0.90_V0.70_P0.90,0.6,0.9,0.7,0.9,15,20275956,0.3582222222222222,0.38155555555555554,0.26022222222222224,0.6184444444444445,0.6417777777777778,0.6107443060383871,0.49200000000000005,0.6627723935494955,0.06821431302523556,0.9802671289279006,0.090487342136785,0.6661338763550458,0.5689106130599976,0.43379252672195434,0.056600869025450036,4.394944151719412,0.9200637324164171,10.50488888888889,0.004829739684669573,0.912616623236513,900,913,1.0,1.0144444444444445,0.014444444444444444,0.6265060240963856,0.5505538582801819,0.6728391437573588,0.06479612031348614,10.107320308685303
A0.60_R0.90_V0.70_P0.90,0.6,0.9,0.7,0.9,16,20276965,0.37200000000000005,0.3591111111111111,0.2688888888888889,0.6408888888888888,0.628,0.6112359423710416,0.48088888888888887,0.6658781025715241,0.07167272666919203,0.9837094982746772,0.09073166169628756,0.6675835050241017,0.5729538607597351,0.4312802159786224,0.05666542520173806,4.374512530167897,0.9156497761380451,10.656888888888888,0.00502394997484851,0.9088266606771636,900,913,1.0,1.0144444444444445,0.014444444444444444,0.6254107338444688,0.54668790102005,0.6757284206029818,0.06828230770067112,9.873857975006104
A0.60_R0.90_V0.70_P0.90,0.6,0.9,0.7,0.9,17,20277974,0.34333333333333327,0.40444444444444444,0.25222222222222224,0.5955555555555556,0.6566666666666666,0.6054068922815342,0.47444444444444445,0.6577271658163005,0.06664283079093314,0.9792518434071702,0.09095102758309313,0.6675867530321797,0.5637759017944336,0.431163078546524,0.056496585971446314,4.360246221489377,0.8940920619763656,10.512444444444442,0.00427439479645384,0.9173601563940127,900,912,1.0,1.0133333333333334,0.013333333333333334,0.625,0.5481071472167969,0.6677794544251816,0.06322680580254003,9.996441125869751
A0.60_R0.90_V0.70_P0.90,0.6,0.9,0.7,0.9,18,20278983,0.3753333333333334,0.364,0.26066666666666666,0.636,0.6246666666666666,0.6158824178647194,0.5051111111111111,0.6697426538314821,0.07630350220224397,0.9804657036374264,0.0920628080303377,0.6664963877820338,0.5743626737594605,0.43433762192726133,0.05693854748603352,4.426702845679389,0.9091569883146076,10.597333333333333,0.005714394419325582,0.9117353998679719,900,919,1.0,1.021111111111111,0.021111111111111112,0.6398258977149075,0.5513353943824768,0.6796987297764885,0.07252405558322872,9.83836030960083
A0.60_R0.90_V0.70_P0.90,0.6,0.9,0.7,0.9,19,20279992,0.3566666666666667,0.3915555555555556,0.25177777777777777,0.6084444444444445,0.6433333333333333,0.6111620503735524,0.5037777777777778,0.6617481126599146,0.07620796188090867,0.9840570961752235,0.09184442160814346,0.6687413486209285,0.5655936598777771,0.43406381487846374,0.05635257603972689,4.378436199400159,0.8983087003191039,10.462222222222222,0.005496500486185284,0.9147021966600078,900,908,1.0,1.008888888888889,0.008888888888888889,0.6354625550660793,0.5502431392669678,0.6720336529753634,0.07236887883498633,10.395134449005127
A0.85_R0.55_V0.30_P0.60,0.85,0.55,0.3,0.6,0,20260821,0.42733333333333334,0.32422222222222224,0.2484444444444444,0.6757777777777778,0.5726666666666668,0.5620673484468058,0.36577777777777776,0.6257480757824032,0.09908152534826703,0.9955500652179319,0.11478879202938438,0.4507152541168867,0.558560049533844,0.44260883808135987,0.05691620111731844,4.509165369086795,0.9358701038126337,10.753777777777778,0.013884551475114675,0.9511537747355291,900,923,1.0,1.0255555555555556,0.025555555555555557,0.6717226435536294,0.5542529225349426,0.6342773408935224,0.09555580809466413,9.94687032699585
A0.85_R0.55_V0.30_P0.60,0.85,0.55,0.3,0.6,1,20261830,0.44955555555555554,0.2986666666666667,0.25177777777777777,0.7013333333333334,0.5504444444444444,0.5775526870175994,0.4037777777777778,0.6435370826844918,0.09718036613725217,0.9946281253310868,0.11058909333391012,0.4519696876234612,0.5691790747642517,0.44120401501655576,0.05794661700806954,4.5760750797589616,0.917054023728064,10.999555555555558,0.014693031272624201,0.9502614855479706,900,942,1.0,1.0466666666666666,0.04666666666666667,0.6549893842887473,0.5549401044845581,0.6520496812248276,0.09369682139164914,9.777105331420898
A0.85_R0.55_V0.30_P0.60,0.85,0.55,0.3,0.6,2,20262839,0.40577777777777785,0.3257777777777778,0.26844444444444443,0.6742222222222221,0.5942222222222222,0.544733274081465,0.31377777777777777,0.6026202333594434,0.10156354344323126,0.9954906805994345,0.11710979089686926,0.4523541287367071,0.5422839212417603,0.43755911350250243,0.05742271880819366,4.497368843184577,0.9130303632811012,10.972444444444445,0.012261884864344272,0.9508105925593097,900,931,1.0,1.0344444444444445,0.034444444444444444,0.640171858216971,0.5509834885597229,0.6112504302111178,0.09808848822745486,9.795271873474121
A0.85_R0.55_V0.30_P0.60,0.85,0.55,0.3,0.6,3,20263848,0.4302222222222222,0.3217777777777778,0.248,0.6782222222222223,0.5697777777777778,0.5643301263680283,0.35999999999999993,0.6272417181136304,0.08814948879636737,0.9950887656478655,0.10978194371887423,0.4515077227333488,0.5576167750358582,0.4372673761844635,0.057829919304779646,4.52636677646637,0.9242643559776834,10.86711111111111,0.012599994210076388,0.9498887462034626,900,933,1.0,1.0366666666666666,0.03666666666666667,0.6345123258306538,0.5510573387145996,0.6355881289078712,0.08514760059033599,10.188456773757935
A0.85_R0.55_V0.30_P0.60,0.85,0.55,0.3,0.6,4,20264857,0.43200000000000005,0.3168888888888889,0.2511111111111111,0.6831111111111112,0.5680000000000001,0.5554171043228832,0.348,0.6163098608934592,0.09757013134868871,0.9958264749861108,0.11715350242442671,0.4516877163431645,0.5512976884841919,0.43400386333465574,0.05790440720049658,4.498255345556471,0.9223545359972504,10.921777777777777,0.013018104838104762,0.9489656297097325,900,936,1.0,1.04,0.04,0.6282051282051282,0.5459277629852295,0.6248464097939753,0.09424393749204185,10.157644510269165
A0.85_R0.55_V0.30_P0.60,0.85,0.55,0.3,0.6,5,20265866,0.42933333333333334,0.3255555555555556,0.24511111111111114,0.6744444444444444,0.5706666666666667,0.5587386665456389,0.3482222222222222,0.6191436393980749,0.09726487822112372,0.9953184169395329,0.11514606750904711,0.4500217303927809,0.5523310303688049,0.4331520700454712,0.05803600248292986,4.4997190899319115,0.9149893994741661,11.049777777777777,0.012737876923802356,0.9505743367628047,900,936,1.0,1.04,0.04,0.6228632478632479,0.5463204383850098,0.6275428584433546,0.09396654891787826,10.291680812835693
A0.85_R0.55_V0.30_P0.60,0.85,0.55,0.3,0.6,6,20266875,0.42733333333333334,0.31577777777777777,0.2568888888888889,0.6842222222222223,0.5726666666666668,0.5596587979281225,0.3591111111111111,0.62598745047782,0.09561108185942682,0.9953381798263546,0.1155531650678768,0.45145638760606843,0.5556691384315491,0.43622171998023984,0.058333954065797645,4.554805911488002,0.9186939773771391,11.123555555555557,0.012759586422995194,0.9504528787085192,900,944,1.0,1.048888888888889,0.04888888888888889,0.6546610169491526,0.550755500793457,0.634374324665307,0.0924814161295302,10.413551568984985
A0.85_R0.55_V0.30_P0.60,0.85,0.55,0.3,0.6,7,20267884,0.42266666666666663,0.3215555555555556,0.25577777777777777,0.6784444444444445,0.5773333333333334,0.5587698230966544,0.3475555555555556,0.6207743191921956,0.10093399104106364,0.9955726931887594,0.11506255809269895,0.45130632269634213,0.5550339031219482,0.4371957051753998,0.05783736809435133,4.5260365663104585,0.9259754639538608,11.014666666666665,0.013223588007361337,0.950128664086978,900,936,1.0,1.04,0.04,0.6378205128205128,0.5503920912742615,0.6291756087398552,0.09751169669988724,10.281054019927979
A0.85_R0.55_V0.30_P0.60,0.85,0.55,0.3,0.6,8,20268893,0.4137777777777778,0.3306666666666667,0.2555555555555556,0.6693333333333333,0.5862222222222223,0.5583867534956317,0.358,0.6219265434206249,0.09830883455674241,0.9936099900988593,0.11709520870097478,0.4507536817964878,0.554205846786499,0.4352987062931061,0.05813283674736189,4.529542425579495,0.9119276213720788,10.906222222222224,0.012853814635945713,0.95155713098451,900,938,1.0,1.0422222222222222,0.042222222222222223,0.6204690831556503,0.5488340258598328,0.6303287209182917,0.09494927807353415,10.338668823242188
A0.85_R0.55_V0.30_P0.60,0.85,0.55,0.3,0.6,9,20269902,0.43133333333333335,0.3211111111111111,0.24755555555555553,0.678888888888889,0.5686666666666667,0.5631688400065125,0.3528888888888889,0.628496872136605,0.08633376988706026,0.9939929401802376,0.10937364614492892,0.45081564488502385,0.5586365938186646,0.4371405065059662,0.057509621353196774,4.499965884049733,0.916408896777915,10.882666666666667,0.012052913686349732,0.9532887155818267,900,929,1.0,1.0322222222222222,0.03222222222222222,0.6340150699677072,0.5498554706573486,0.6367735400954634,0.0834140481383574,10.806893110275269
A0.85_R0.55_V0.30_P0.60,0.85,0.55,0.3,0.6,10,20270911,0.4215555555555555,0.3271111111111111,0.25133333333333335,0.6728888888888888,0.5784444444444445,0.54462494480143,0.3075555555555556,0.605060098217237,0.08730327562911987,0.9943818506530172,0.11396878741746909,0.4520261970300503,0.5423326849937439,0.43880455613136293,0.057747982619491,4.535761939154731,0.915257227573145,10.92711111111111,0.011303161485424157,0.9495142701136504,900,934,1.0,1.0377777777777777,0.03777777777777778,0.6509635974304069,0.5546082854270935,0.6135582164272507,0.08438221752192598,10.232990980148315
A0.85_R0.55_V0.30_P0.60,0.85,0.55,0.3,0.6,11,20271920,0.41644444444444445,0.3204444444444444,0.2631111111111111,0.6795555555555555,0.5835555555555555,0.5638772907733001,0.3606666666666667,0.6315852200275722,0.09599877168666626,0.994837499590628,0.11195793568503078,0.4522596006067866,0.5601907038688659,0.43457107901573183,0.058304158907510874,4.535240539285872,0.91704400917716,11.130222222222221,0.013266291505571584,0.9516777444707906,900,942,1.0,1.0466666666666666,0.04666666666666667,0.6443736730360934,0.5484080910682678,0.6398705505816249,0.09288539695984754,10.272679328918457
A0.85_R0.55_V0.30_P0.60,0.85,0.55,0.3,0.6,12,20272929,0.4246666666666667,0.32755555555555554,0.2477777777777778,0.6724444444444445,0.5753333333333334,0.5672426037561118,0.36800000000000005,0.6322676837079335,0.08823769169919618,0.9937442826842241,0.10879510184236896,0.4511346012750721,0.5611566734313965,0.4364660561084747,0.057551831160769715,4.496259155114492,0.9212617689526433,10.827111111111112,0.013317804780726914,0.9504462656622558,900,930,1.0,1.0333333333333334,0.03333333333333333,0.6333333333333333,0.5489266514778137,0.6405968565521839,0.08515824761132862,10.283678770065308
A0.85_R0.55_V0.30_P0.60,0.85,0.55,0.3,0.6,13,20273938,0.42155555555555557,0.31199999999999994,0.2664444444444445,0.688,0.5784444444444444,0.5621191547637777,0.36,0.624902244263644,0.09422014783967046,0.9953652887199503,0.11202144403521068,0.4518316324009166,0.5552935719490051,0.4384937608242035,0.05810552451893234,4.560620094511243,0.9161166144621808,11.017333333333333,0.012194665163791911,0.9495222945684128,900,939,1.0,1.0433333333333332,0.043333333333333335,0.6592119275825347,0.5540245175361633,0.6333536234990889,0.09103015672598702,10.262799978256226
A0.85_R0.55_V0.30_P0.60,0.85,0.55,0.3,0.6,14,20274947,0.4257777777777778,0.3211111111111111,0.25311111111111106,0.6788888888888888,0.5742222222222222,0.5636167909335985,0.3548888888888888,0.6315286263467738,0.09267334611876678,0.9946323015246614,0.11060649775841312,0.45081453386960824,0.5592000126838684,0.433156361579895,0.057541899441340784,4.4614413087103095,0.9217747729761208,10.869333333333332,0.01234767387030483,0.9518645324550653,900,929,1.0,1.0322222222222222,0.03222222222222222,0.620021528525296,0.544682502746582,0.6398516761448487,0.08962337893373484,10.663769245147705
A0.85_R0.55_V0.30_P0.60,0.85,0.55,0.3,0.6,15,20275956,0.4222222222222222,0.3168888888888889,0.2608888888888889,0.683111111111111,0.5777777777777778,0.5575094882347703,0.348,0.6198785629615671,0.08777584415664044,0.9942622233079351,0.11160753287982747,0.44988739956467916,0.5532795286178589,0.435594482421875,0.058271880819366864,4.543410549587674,0.9221528819599952,10.984444444444444,0.01140020800082971,0.9505766024793044,900,942,1.0,1.0466666666666666,0.04666666666666667,0.6401273885350318,0.5505538582801819,0.6281495496645892,0.08484768278758037,10.645095825195312
A0.85_R0.55_V0.30_P0.60,0.85,0.55,0.3,0.6,16,20276965,0.4104444444444445,0.33199999999999996,0.25755555555555554,0.6679999999999999,0.5895555555555555,0.561923361245735,0.3491111111111111,0.6267781777282894,0.09039323634634937,0.9941961023930834,0.10940810386773911,0.4527762765436922,0.5589935970306397,0.43491154313087466,0.057519553072625705,4.477818667517768,0.9162546096088322,10.88177777777778,0.012185274037278142,0.9486828151670358,900,927,1.0,1.03,0.03,0.6418554476806904,0.54668790102005,0.6349859797131516,0.08752318008213789,10.074974775314331
A0.85_R0.55_V0.30_P0.60,0.85,0.55,0.3,0.6,17,20277974,0.4093333333333333,0.3406666666666666,0.24999999999999997,0.6593333333333333,0.5906666666666667,0.549368164956971,0.3164444444444444,0.6132330897071422,0.08915415412430243,0.9944829570761339,0.11085331551640172,0.4517481703961769,0.548795735836029,0.4335499918460846,0.05793668528864059,4.496169205188751,0.9242738588811932,10.916888888888892,0.011389434688958837,0.9530087393789727,900,935,1.0,1.038888888888889,0.03888888888888889,0.6320855614973262,0.5481071472167969,0.6215153097761957,0.08614927049382515,9.802128791809082
A0.85_R0.55_V0.30_P0.60,0.85,0.55,0.3,0.6,18,20278983,0.42577777777777776,0.3366666666666667,0.23755555555555558,0.6633333333333334,0.5742222222222222,0.5636633711692045,0.374,0.6277613604863262,0.09836848539302644,0.995718226372439,0.11585329861070531,0.4498122893024968,0.5580069303512574,0.43644416332244873,0.058333954065797645,4.557175615522596,0.9145753596973732,10.999111111111112,0.013279674681604509,0.9497055749321192,900,941,1.0,1.0455555555555556,0.04555555555555556,0.6535600425079703,0.5513353943824768,0.6361331581000713,0.09505258055116017,9.97875714302063
A0.85_R0.55_V0.30_P0.60,0.85,0.55,0.3,0.6,19,20279992,0.4115555555555555,0.3184444444444444,0.27,0.6815555555555555,0.5884444444444444,0.5573795888276141,0.3482222222222222,0.6186333884200025,0.09764363969359095,0.9948505996884365,0.11704536293232089,0.4520237375141902,0.5515109038352967,0.4360749006271362,0.05825450031036624,4.547081346670787,0.9248060485729134,11.036888888888889,0.012268936150486893,0.9518581575118324,900,944,1.0,1.048888888888889,0.04888888888888889,0.6472457627118644,0.5502431392669678,0.6270090548003879,0.09435835198955367,10.024552822113037
A0.85_R0.55_V0.30_P0.90,0.85,0.55,0.3,0.9,0,20260821,0.4128888888888889,0.32933333333333337,0.2577777777777778,0.6706666666666665,0.5871111111111111,0.5617081507063589,0.36177777777777775,0.6259871633692655,0.09917292366477806,0.9955363223270699,0.11632078573777653,0.4526830115330419,0.558756902217865,0.44381820678710937,0.056496585971446314,4.4882371791203814,0.9333811618239786,10.496444444444444,0.012918257875163274,0.9511537747355291,900,911,1.0,1.0122222222222221,0.012222222222222223,0.677277716794731,0.5542529225349426,0.6343949463719563,0.09582425625251001,9.956802129745483
A0.85_R0.55_V0.30_P0.90,0.85,0.55,0.3,0.9,1,20261830,0.44155555555555553,0.3048888888888889,0.25355555555555553,0.695111111111111,0.5584444444444444,0.5771404511056497,0.4002222222222222,0.6435537795489548,0.0972102237181517,0.9945672604976302,0.11036923228961135,0.4506969884022744,0.5691398978233337,0.4429320776462555,0.05729608938547487,4.542559754053752,0.926101387367575,10.649333333333331,0.014653435782728562,0.9502614855479706,900,927,1.0,1.03,0.03,0.6601941747572816,0.5549401044845581,0.6519837967050087,0.0936964720945006,9.882062673568726
A0.85_R0.55_V0.30_P0.90,0.85,0.55,0.3,0.9,2,20262839,0.41400000000000003,0.33444444444444443,0.2515555555555556,0.6655555555555555,0.586,0.5469093377467342,0.33333333333333337,0.6036375303682082,0.10147796029521507,0.9947056274911177,0.11962238696514586,0.45290419761884526,0.5431996941566467,0.4381778335571289,0.05731843575418995,4.495641605377197,0.92427303917612,10.671555555555555,0.012677553463337012,0.9508105925593097,900,925,1.0,1.0277777777777777,0.027777777777777776,0.6475675675675676,0.5509834885597229,0.6123386491175339,0.09802618627943493,9.85796594619751
A0.85_R0.55_V0.30_P0.90,0.85,0.55,0.3,0.9,3,20263848,0.4255555555555556,0.3131111111111111,0.2613333333333333,0.6868888888888889,0.5744444444444444,0.5631027785224753,0.36200000000000004,0.6275002712521711,0.08766959718214075,0.9944044053576715,0.1111078367579005,0.450472300896291,0.5581174540519714,0.43920586466789246,0.05718187461204221,4.495430252446068,0.9264468580596712,10.699555555555554,0.013039370623170808,0.9498887462034626,900,923,1.0,1.0255555555555556,0.025555555555555557,0.6500541711809318,0.5510573387145996,0.6357956689057555,0.08462379622929239,9.788301229476929
A0.85_R0.55_V0.30_P0.90,0.85,0.55,0.3,0.9,4,20264857,0.4277777777777777,0.333111111111111,0.23911111111111108,0.6668888888888889,0.5722222222222223,0.5555270342642288,0.3493333333333333,0.6159919254240239,0.09747409839749867,0.9955591353905409,0.11682435649197474,0.4526782767176845,0.5512641215324402,0.435457124710083,0.05705027932960895,4.446846963723501,0.9254455646393593,10.647555555555554,0.012463362264131085,0.9489656297097325,900,920,1.0,1.0222222222222221,0.022222222222222223,0.6358695652173914,0.5459277629852295,0.6244936014611413,0.09407324385826255,9.896520376205444
A0.85_R0.55_V0.30_P0.90,0.85,0.55,0.3,0.9,5,20265866,0.4326666666666666,0.3202222222222222,0.24711111111111111,0.6797777777777776,0.5673333333333334,0.5561960732380169,0.34622222222222215,0.6190274964457234,0.09718975507838415,0.9955201869676089,0.11615169398529748,0.4517795367256888,0.5529739212989807,0.4354096162319183,0.05718932340161391,4.45719890499115,0.9248531252755275,10.513777777777777,0.01280155668794569,0.9505743367628047,900,922,1.0,1.0244444444444445,0.024444444444444446,0.6323210412147505,0.5463204383850098,0.6274692086571549,0.09396880467200952,9.73712944984436
A0.85_R0.55_V0.30_P0.90,0.85,0.55,0.3,0.9,6,20266875,0.42199999999999993,0.3204444444444444,0.25755555555555554,0.6795555555555556,0.5780000000000001,0.5603669143565846,0.3546666666666667,0.6261411720257217,0.0957167837412984,0.9952205422727761,0.11518293907528296,0.45102841660051524,0.5563359498977661,0.43905595898628236,0.05710738671632527,4.488080412652758,0.920084037043481,10.539111111111113,0.013227605974807249,0.9504528787085192,900,921,1.0,1.0233333333333334,0.023333333333333334,0.6666666666666666,0.550755500793457,0.6345530762169017,0.09249246918893617,9.95533537864685
A0.85_R0.55_V0.30_P0.90,0.85,0.55,0.3,0.9,7,20267884,0.42155555555555557,0.32466666666666666,0.25377777777777777,0.6753333333333333,0.5784444444444444,0.5597639416613057,0.3564444444444445,0.6213248180135973,0.10059511419904496,0.9949910564743267,0.11735785966194288,0.45060432514955123,0.5557875227928162,0.43918341755867,0.05704283054003725,4.484262804667155,0.9239936223126739,10.773333333333333,0.01309891875486348,0.950128664086978,900,922,1.0,1.0244444444444445,0.024444444444444446,0.6453362255965293,0.5503920912742615,0.6297509993550731,0.09717007875658545,10.618213653564453
A0.85_R0.55_V0.30_P0.90,0.85,0.55,0.3,0.9,8,20268893,0.42577777777777776,0.32266666666666666,0.25155555555555553,0.6773333333333332,0.5742222222222222,0.5625285249198346,0.3591111111111111,0.6228131025068623,0.09777217054565046,0.9944631757121022,0.11286139495705992,0.4518368160689523,0.5558742594718933,0.4377084386348724,0.05723153320918684,4.484033626556397,0.9238219882327536,10.64088888888889,0.012761607255608758,0.95155713098451,900,924,1.0,1.0266666666666666,0.02666666666666667,0.6352813852813853,0.5488340258598328,0.6313440896463779,0.09429750456311514,10.371496200561523
A0.85_R0.55_V0.30_P0.90,0.85,0.55,0.3,0.9,9,20269902,0.42822222222222217,0.3168888888888889,0.2548888888888889,0.683111111111111,0.5717777777777778,0.5646172360975185,0.3706666666666667,0.6289925683361384,0.08630159387467053,0.993367383893338,0.11065797400943002,0.45044760822466606,0.5583350372314453,0.4363269674777985,0.057819987585350716,4.515798434416453,0.9281105967367553,10.634666666666668,0.012005946462721444,0.9532887155818267,900,934,1.0,1.0377777777777777,0.03777777777777778,0.6274089935760171,0.5498554706573486,0.6372864323579747,0.08333860488155942,10.29001259803772
A0.85_R0.55_V0.30_P0.90,0.85,0.55,0.3,0.9,10,20270911,0.42022222222222216,0.3462222222222222,0.23355555555555557,0.6537777777777778,0.5797777777777778,0.5468260314386189,0.31933333333333336,0.6051423834701517,0.08764865081995545,0.9942883074720485,0.11311390072577955,0.45009196662430206,0.5430109071731567,0.4409982299804687,0.05695344506517691,4.495798970911238,0.9288511474088247,10.631555555555556,0.01158084389867577,0.9495142701136504,900,918,1.0,1.02,0.02,0.6557734204793029,0.5546082854270935,0.6137360524473741,0.08464675387999088,10.436539888381958
A0.85_R0.55_V0.30_P0.90,0.85,0.55,0.3,0.9,11,20271920,0.4322222222222223,0.33,0.23777777777777778,0.67,0.5677777777777778,0.5662694482733273,0.376,0.6316987712712218,0.09631797622033414,0.9947859207088972,0.11283511666001886,0.45271856695806867,0.5604334807395935,0.43753345012664796,0.0569286157666046,4.458518819702997,0.9289028475448612,10.466222222222223,0.013187516028838416,0.9516777444707906,900,918,1.0,1.02,0.02,0.6503267973856209,0.5484080910682678,0.640139535117003,0.09313792265583731,10.239400863647461
A0.85_R0.55_V0.30_P0.90,0.85,0.55,0.3,0.9,12,20272929,0.4315555555555556,0.32111111111111107,0.24733333333333335,0.6788888888888889,0.5684444444444445,0.5684608890057493,0.3708888888888889,0.6327981506131644,0.0874743280913522,0.9933007692519377,0.10853827624285911,0.45146108642763244,0.5618330121040345,0.436809139251709,0.05758410924891372,4.502378614902496,0.9206200621088698,10.696444444444444,0.01316212514832544,0.9504462656622558,900,929,1.0,1.0322222222222222,0.03222222222222222,0.6340150699677072,0.5489266514778137,0.6411398254276661,0.0843996738003665,10.802606582641602
A0.85_R0.55_V0.30_P0.90,0.85,0.55,0.3,0.9,13,20273938,0.4275555555555556,0.3355555555555555,0.2368888888888889,0.6644444444444444,0.5724444444444444,0.5611396387961359,0.358,0.6249052490049349,0.09425335284732984,0.9945809931907231,0.11281393067498727,0.45032145444926724,0.5560209798812866,0.4418247842788696,0.05678957169459963,4.49121881363127,0.9254916680179277,10.424000000000001,0.012353481013256506,0.9495222945684128,900,917,1.0,1.018888888888889,0.01888888888888889,0.6815703380588877,0.5540245175361633,0.6332219214264514,0.09117442744270043,10.522063732147217
A0.85_R0.55_V0.30_P0.90,0.85,0.55,0.3,0.9,14,20274947,0.4282222222222222,0.3191111111111111,0.25266666666666665,0.6808888888888889,0.5717777777777777,0.5656910341796613,0.3628888888888889,0.6314558707737745,0.09303106465450078,0.9947734052352891,0.11130889514410729,0.45132537001313033,0.5599499678611756,0.4339379894733429,0.057390440720049674,4.457761768288083,0.9217790739604994,10.674666666666665,0.013521112637303294,0.9518645324550653,900,926,1.0,1.028888888888889,0.028888888888888888,0.6295896328293736,0.544682502746582,0.6398882098370048,0.08991411124593185,10.35739016532898
A0.85_R0.55_V0.30_P0.90,0.85,0.55,0.3,0.9,15,20275956,0.41,0.3268888888888889,0.26311111111111113,0.673111111111111,0.5900000000000001,0.555960672949976,0.33555555555555555,0.6203192464577342,0.08740274525160846,0.9938619724925148,0.1118963436866928,0.45185540507401,0.5541653394699096,0.4381629490852356,0.05709000620732464,4.477592726018694,0.9185021419144189,10.739555555555553,0.012212045302258832,0.9505766024793044,900,922,1.0,1.0244444444444445,0.024444444444444446,0.648590021691974,0.5505538582801819,0.6286400188193524,0.08441407281414515,11.53148365020752
A0.85_R0.55_V0.30_P0.90,0.85,0.55,0.3,0.9,16,20276965,0.4335555555555555,0.32466666666666666,0.24177777777777776,0.6753333333333335,0.5664444444444444,0.5620680850200032,0.3544444444444445,0.6266461128505009,0.09075941729782622,0.994233138473973,0.10959815392439286,0.4522195336736807,0.5584470725059509,0.4360361051559448,0.05703538175046555,4.451580115000407,0.9250383542172426,10.602222222222222,0.012948813831766883,0.9486828151670358,900,922,1.0,1.0244444444444445,0.024444444444444446,0.6550976138828634,0.54668790102005,0.6349207284956121,0.08784609949385302,10.500191450119019
A0.85_R0.55_V0.30_P0.90,0.85,0.55,0.3,0.9,17,20277974,0.402,0.3393333333333333,0.25866666666666666,0.6606666666666666,0.5980000000000001,0.5513192828952796,0.3217777777777778,0.6135615118438651,0.0892646060473326,0.994302995682364,0.11166188140403299,0.44990773238809045,0.5495816087722778,0.43621461749076845,0.05705772811918064,4.455152459568448,0.9174541422548232,10.458666666666668,0.011993914021047996,0.9530087393789727,900,921,1.0,1.0233333333333334,0.023333333333333334,0.6416938110749185,0.5481071472167969,0.6218435194996133,0.08624625933914443,10.315676212310791
A0.85_R0.55_V0.30_P0.90,0.85,0.55,0.3,0.9,18,20278983,0.42911111111111105,0.31955555555555554,0.25133333333333335,0.6804444444444445,0.570888888888889,0.5628104362375995,0.35888888888888887,0.6281711391618616,0.09852659047118063,0.9956444259416977,0.11619049199290758,0.4501891683924091,0.5601578783988953,0.4396830904483795,0.05711235257603973,4.4947812685966495,0.92713898947118,10.684888888888889,0.013212442275138667,0.9497055749321192,900,925,1.0,1.0277777777777777,0.027777777777777776,0.6702702702702703,0.5513353943824768,0.6364556980191223,0.09526144785773139,10.800431728363037
A0.85_R0.55_V0.30_P0.90,0.85,0.55,0.3,0.9,19,20279992,0.4244444444444444,0.31888888888888883,0.25666666666666665,0.6811111111111111,0.5755555555555556,0.5586332684580891,0.3453333333333333,0.6191494892760367,0.09730749363128283,0.9946579838528373,0.11358264975028985,0.4528878605333974,0.5524753522872925,0.43897178053855895,0.05702545003103663,4.480804297553169,0.9238461663090454,10.537777777777778,0.013329536853321729,0.9518581575118324,900,919,1.0,1.021111111111111,0.021111111111111112,0.6648531011969532,0.5502431392669678,0.6277532053354622,0.09400091118685405,10.472988367080688
A0.85_R0.55_V0.70_P0.60,0.85,0.55,0.7,0.6,0,20260821,0.4015555555555556,0.3293333333333333,0.26911111111111113,0.6706666666666667,0.5984444444444444,0.56694752351182,0.3755555555555555,0.6267231351010075,0.09833979750820494,0.9951235502168685,0.11216924624744447,0.451013702964717,0.5589402389526367,0.4413360321521759,0.0573308504034761,4.529036674075656,0.9230829898478428,10.831555555555559,0.013592610525883602,0.9511537747355291,900,925,1.0,1.0277777777777777,0.027777777777777776,0.6735135135135135,0.5542529225349426,0.635284624426653,0.09479964844552535,10.165104389190674
A0.85_R0.55_V0.70_P0.60,0.85,0.55,0.7,0.6,1,20261830,0.4177777777777778,0.316,0.26622222222222225,0.6839999999999999,0.5822222222222223,0.5810191025368799,0.4077777777777778,0.644216838276084,0.09637821815877647,0.9936469988234101,0.10871661168691132,0.45183557518389955,0.5692821478843689,0.43991066336631773,0.05823215394165115,4.585356506082746,0.9208155125309874,10.945333333333332,0.01374125557625156,0.9502614855479706,900,940,1.0,1.0444444444444445,0.044444444444444446,0.6553191489361702,0.5549401044845581,0.6526085385681298,0.09299948751404497,10.342590570449829
A0.85_R0.55_V0.70_P0.60,0.85,0.55,0.7,0.6,2,20262839,0.3915555555555555,0.3557777777777778,0.25266666666666665,0.6442222222222221,0.6084444444444445,0.5465867931158177,0.32066666666666666,0.603279435634523,0.10096533802211789,0.9948699914070328,0.11732800380027526,0.45151909410475066,0.5414214897155761,0.4361570107936859,0.057819987585350716,4.514040146456824,0.9077282639102,11.005333333333333,0.012572647905861998,0.9508105925593097,900,934,1.0,1.0377777777777777,0.03777777777777778,0.6338329764453962,0.5509834885597229,0.6120128973893254,0.09750651146358846,10.362034320831299
A0.85_R0.55_V0.70_P0.60,0.85,0.55,0.7,0.6,3,20263848,0.41666666666666663,0.3248888888888889,0.2584444444444445,0.6751111111111111,0.5833333333333334,0.5626757510693386,0.35666666666666663,0.6273836220675517,0.08813152403372838,0.9951250698314097,0.1096076894021202,0.4498601501872812,0.5577957248687744,0.43645198464393614,0.05805586592178771,4.535589759296841,0.9273401892225422,10.985777777777777,0.012328048144027257,0.9498887462034626,900,936,1.0,1.04,0.04,0.6452991452991453,0.5510573387145996,0.6356551335356174,0.08512884870400139,10.260409832000732
A0.85_R0.55_V0.70_P0.60,0.85,0.55,0.7,0.6,4,20264857,0.4175555555555555,0.3297777777777777,0.2526666666666667,0.6702222222222222,0.5824444444444444,0.5585637171112922,0.34666666666666657,0.616668925592935,0.09704593749519617,0.9951336737680705,0.11496842687071557,0.45308188527055826,0.5494617700576783,0.43175450921058656,0.05848292985723154,4.519621084054311,0.9072331142370074,11.115555555555556,0.012788163459793141,0.9489656297097325,900,946,1.0,1.051111111111111,0.051111111111111114,0.6152219873150105,0.5459277629852295,0.6252749894998516,0.09358649877948744,10.432301044464111
A0.85_R0.55_V0.70_P0.60,0.85,0.55,0.7,0.6,5,20265866,0.399111111111111,0.324,0.2768888888888889,0.6759999999999999,0.6008888888888889,0.5599256429034228,0.3559999999999999,0.6197125146778482,0.09656330409101332,0.9953267884181952,0.1136210527959221,0.45205816843748486,0.5536394762992859,0.43462920904159547,0.05732091868404718,4.4594600265291,0.9172230429131837,10.873777777777777,0.012535099668958471,0.9505743367628047,900,925,1.0,1.0277777777777777,0.027777777777777776,0.6237837837837837,0.5463204383850098,0.6281405775440655,0.09325100655214391,9.838004112243652
A0.85_R0.55_V0.70_P0.60,0.85,0.55,0.7,0.6,6,20266875,0.4066666666666666,0.3191111111111111,0.2742222222222222,0.6808888888888888,0.5933333333333334,0.5636562673206575,0.3646666666666667,0.6265911832670759,0.09556555064966378,0.9949941936724163,0.1132412205627287,0.45130873361070295,0.5553612732887268,0.4351710939407349,0.058674115456238365,4.570346734682719,0.9153586388036183,11.146666666666665,0.013019458497256733,0.9504528787085192,900,947,1.0,1.0522222222222222,0.052222222222222225,0.6420274551214361,0.550755500793457,0.6350767465634525,0.09231792560984609,9.850310564041138
A0.85_R0.55_V0.70_P0.60,0.85,0.55,0.7,0.6,7,20267884,0.3971111111111111,0.33288888888888885,0.27,0.6671111111111111,0.6028888888888889,0.5615332050589779,0.36199999999999993,0.6219596751384137,0.09990980331584516,0.995398793608518,0.11639315259706912,0.45051005969650004,0.5553935217857361,0.43786260604858396,0.057611421477343265,4.5152132887310445,0.9231942690013123,10.909777777777778,0.013176507367947697,0.950128664086978,900,934,1.0,1.0377777777777777,0.03777777777777778,0.6349036402569593,0.5503920912742615,0.6303911982848612,0.09646475343490746,9.824110269546509
A0.85_R0.55_V0.70_P0.60,0.85,0.55,0.7,0.6,8,20268893,0.41044444444444445,0.3257777777777778,0.2637777777777778,0.6742222222222221,0.5895555555555556,0.5630707622467809,0.3662222222222223,0.6231934702914728,0.0978337234525927,0.9931143647113236,0.11371924954253973,0.45151878312683214,0.5550154662132263,0.4365281999111176,0.05761142147734327,4.5016286301083035,0.9156570683322665,10.763111111111114,0.01344431673529106,0.95155713098451,900,929,1.0,1.0322222222222222,0.03222222222222222,0.6254036598493004,0.5488340258598328,0.6317312937012248,0.09435156938048261,9.917132139205933
A0.85_R0.55_V0.70_P0.60,0.85,0.55,0.7,0.6,9,20269902,0.3955555555555555,0.3437777777777778,0.26066666666666666,0.6562222222222222,0.6044444444444445,0.5651357404300336,0.3653333333333333,0.6290880908536732,0.08604926243982103,0.994300720326137,0.10926279609315902,0.45218712648540427,0.5578499722480774,0.435919281244278,0.057956548727498454,4.522232011318207,0.9153905912450874,10.937777777777779,0.012408268337005604,0.9532887155818267,900,936,1.0,1.04,0.04,0.6271367521367521,0.5498554706573486,0.6374090403217723,0.08313536441418612,9.716550350189209
A0.85_R0.55_V0.70_P0.60,0.85,0.55,0.7,0.6,10,20270911,0.39977777777777773,0.33666666666666667,0.26355555555555554,0.6633333333333334,0.6002222222222222,0.5484457150008022,0.31977777777777777,0.6054001094408311,0.08738237421542144,0.9946668186564683,0.11223818562633076,0.4497686978991004,0.5423212790489197,0.43828627705574036,0.05801862197392924,4.551599322636922,0.922453404971968,10.931111111111111,0.011118398053700683,0.9495142701136504,900,938,1.0,1.0422222222222222,0.042222222222222223,0.6428571428571429,0.5546082854270935,0.6140104771963801,0.08443640873657743,10.244028091430664
A0.85_R0.55_V0.70_P0.60,0.85,0.55,0.7,0.6,11,20271920,0.4,0.3228888888888889,0.2771111111111111,0.6771111111111111,0.6,0.5681764680859188,0.37511111111111106,0.6320772045493656,0.09583827819475467,0.9942690552104508,0.1124066049955336,0.45086969878276656,0.5595268797874451,0.4358739364147186,0.05755679702048418,4.490515644868215,0.9222723342711052,10.991555555555555,0.012260905166100193,0.9516777444707906,900,932,1.0,1.0355555555555556,0.035555555555555556,0.6373390557939914,0.5484080910682678,0.640440020068217,0.09266309035674891,9.955378770828247
A0.85_R0.55_V0.70_P0.60,0.85,0.55,0.7,0.6,12,20272929,0.39000000000000007,0.3317777777777778,0.2782222222222222,0.6682222222222223,0.6099999999999999,0.56907984295106,0.37711111111111106,0.6331130501520199,0.08749219125525463,0.9927205291760565,0.11078410341711706,0.4516369533851629,0.5617565584182739,0.43631579279899596,0.057616387337057734,4.499739181359609,0.9214455348935463,10.917333333333332,0.013334324154908,0.9504462656622558,900,931,1.0,1.0344444444444445,0.034444444444444444,0.6348012889366272,0.5489266514778137,0.6414561976108814,0.0844673669552416,10.051028728485107
A0.85_R0.55_V0.70_P0.60,0.85,0.55,0.7,0.6,13,20273938,0.3808888888888889,0.35222222222222227,0.2668888888888889,0.6477777777777779,0.6191111111111112,0.5619845177760019,0.35666666666666663,0.6245882389511833,0.09428876717220692,0.9956855484331821,0.11221817091271337,0.4534405064919264,0.554018247127533,0.43734954357147215,0.058507759155803855,4.580219489362505,0.9114843437582971,11.060888888888888,0.012017958390769941,0.9495222945684128,900,945,1.0,1.05,0.05,0.6571428571428571,0.5540245175361633,0.6329629034617298,0.09116228443082419,10.52782130241394
A0.85_R0.55_V0.70_P0.60,0.85,0.55,0.7,0.6,14,20274947,0.3886666666666666,0.3315555555555556,0.27977777777777774,0.6684444444444445,0.6113333333333334,0.5645098492032925,0.35711111111111116,0.6318370554895251,0.09257627111801402,0.9952884481599663,0.11052596140453742,0.4524375647298368,0.5576068019866943,0.431437121629715,0.05834636871508381,4.505842549588945,0.9153103107189918,10.95377777777778,0.01229747828919159,0.9518645324550653,900,942,1.0,1.0466666666666666,0.04666666666666667,0.6093418259023354,0.544682502746582,0.6400523035718996,0.08948893221886167,10.669079065322876
A0.85_R0.55_V0.70_P0.60,0.85,0.55,0.7,0.6,15,20275956,0.41155555555555556,0.3257777777777778,0.26266666666666666,0.6742222222222223,0.5884444444444444,0.561814087147354,0.35488888888888886,0.6211387454966547,0.08722821796859373,0.9939133352977424,0.11016551111766226,0.44988498886673384,0.5533533954620361,0.4364688515663147,0.05780509000620733,4.5160568451881415,0.9249577898577551,11.022666666666666,0.012444365451769525,0.9505766024793044,900,935,1.0,1.038888888888889,0.03888888888888889,0.6406417112299465,0.5505538582801819,0.6295764584681188,0.08416363830263718,10.607430458068848
A0.85_R0.55_V0.70_P0.60,0.85,0.55,0.7,0.6,16,20276965,0.38822222222222225,0.32866666666666666,0.2831111111111111,0.6713333333333332,0.6117777777777778,0.5651946049148949,0.3628888888888888,0.6266567834116128,0.09044146919343005,0.9944127914462051,0.10867292990875889,0.45271130943997734,0.55709388256073,0.4331091928482056,0.05801613904407201,4.497678918308682,0.9062428348919482,10.961333333333334,0.012300215414150727,0.9486828151670358,900,938,1.0,1.0422222222222222,0.042222222222222223,0.6332622601279317,0.54668790102005,0.6350094920803835,0.08746459656289218,10.772225141525269
A0.85_R0.55_V0.70_P0.60,0.85,0.55,0.7,0.6,17,20277974,0.3837777777777778,0.34044444444444444,0.27577777777777773,0.6595555555555555,0.6162222222222222,0.5544147618370269,0.33466666666666667,0.6141102075111129,0.08886520247299881,0.9941486195393524,0.11333193194785146,0.44990286507074556,0.5489382910728454,0.4331583797931671,0.0581651148355059,4.509681595272488,0.9174592060139191,10.912,0.011490907081590316,0.9530087393789727,900,941,1.0,1.0455555555555556,0.04555555555555556,0.6323060573857598,0.5481071472167969,0.6224891286348053,0.08586408596142658,11.19510793685913
A0.85_R0.55_V0.70_P0.60,0.85,0.55,0.7,0.6,18,20278983,0.4062222222222222,0.32733333333333337,0.2664444444444445,0.6726666666666666,0.5937777777777778,0.5649369980470998,0.3675555555555556,0.6288638019160099,0.0976684391370739,0.9953309172220535,0.11462346196915703,0.44989971290584024,0.5584643626213074,0.43591638684272765,0.05847796399751708,4.562902314609952,0.9174172120727079,11.06088888888889,0.012719352861213642,0.9497055749321192,900,945,1.0,1.05,0.05,0.6497354497354497,0.5513353943824768,0.6372553740253052,0.09440598242227405,10.574315071105957
A0.85_R0.55_V0.70_P0.60,0.85,0.55,0.7,0.6,19,20279992,0.3877777777777777,0.3411111111111111,0.2711111111111111,0.6588888888888889,0.6122222222222223,0.558992055281329,0.34888888888888886,0.6191660084682558,0.09667456660306789,0.9946555099590381,0.11338222286535643,0.45106722516078995,0.5510169243812562,0.43717347860336303,0.05761142147734327,4.5081544922192895,0.9260463900893318,11.013777777777777,0.013089507253027079,0.9518581575118324,900,932,1.0,1.0355555555555556,0.035555555555555556,0.6437768240343348,0.5502431392669678,0.6276889237769235,0.09335962776361972,10.45643663406372
A0.85_R0.55_V0.70_P0.90,0.85,0.55,0.7,0.9,0,20260821,0.387111111111111,0.33577777777777773,0.27711111111111114,0.6642222222222222,0.612888888888889,0.5644665728127733,0.3635555555555555,0.6261875982720665,0.09873400471955279,0.9954368312079049,0.11278879306580317,0.45254869123077435,0.5577564454078674,0.4423813545703888,0.05687647423960273,4.503811119132571,0.9272733474594438,10.45288888888889,0.012952107110595624,0.9511537747355291,900,919,1.0,1.021111111111111,0.021111111111111112,0.6702937976060935,0.5542529225349426,0.6346698986964884,0.09520492300930616,10.469007015228271
A0.85_R0.55_V0.70_P0.90,0.85,0.55,0.7,0.9,1,20261830,0.406,0.3193333333333333,0.27466666666666667,0.6806666666666666,0.594,0.5792607261518515,0.41422222222222227,0.6446726506258774,0.0965078596459131,0.9936843851892445,0.11289937406671602,0.4516508476849614,0.5701530480384827,0.4425056755542755,0.05732340161390441,4.540469278176626,0.919826018265455,10.508,0.013787325608568856,0.9502614855479706,900,925,1.0,1.0277777777777777,0.027777777777777776,0.6724324324324324,0.5549401044845581,0.6530552999143011,0.09321905168183053,10.711419105529785
A0.85_R0.55_V0.70_P0.90,0.85,0.55,0.7,0.9,2,20262839,0.3813333333333333,0.3542222222222222,0.2644444444444444,0.6457777777777778,0.6186666666666667,0.5466279134916551,0.3208888888888889,0.6037477469730846,0.10086359648676851,0.9948158071761373,0.11611006428758702,0.4510480997866727,0.543233687877655,0.4375083780288696,0.05730105524518933,4.487464724540711,0.9167600943657283,10.723999999999998,0.012433885946349602,0.9508105925593097,900,924,1.0,1.0266666666666666,0.02666666666666667,0.6471861471861472,0.5509834885597229,0.6123744163608746,0.09736208528018375,10.288026094436646
A0.85_R0.55_V0.70_P0.90,0.85,0.55,0.7,0.9,3,20263848,0.4124444444444444,0.31288888888888894,0.27466666666666667,0.6871111111111109,0.5875555555555556,0.5658238190109569,0.3568888888888889,0.628301115387414,0.08775100550402147,0.9942046859571363,0.1085582083244872,0.45176011970601304,0.5591279149055481,0.43887641191482546,0.0571495965238982,4.489556961536407,0.9276628258585824,10.626666666666667,0.01224970839238009,0.9498887462034626,900,923,1.0,1.0255555555555556,0.025555555555555557,0.6424702058504875,0.5510573387145996,0.6366611586266818,0.08467173387456106,10.332188606262207
A0.85_R0.55_V0.70_P0.90,0.85,0.55,0.7,0.9,4,20264857,0.41155555555555556,0.3104444444444444,0.278,0.6895555555555556,0.5884444444444444,0.5602975957793906,0.35466666666666663,0.6172878953248259,0.09697542807822447,0.9954375764904055,0.11410825125422769,0.45161906991640904,0.5513209295272827,0.43599987745285035,0.05690378646803228,4.44093899763955,0.9220265016121546,10.478222222222223,0.01285975177967157,0.9489656297097325,900,918,1.0,1.02,0.02,0.6405228758169934,0.5459277629852295,0.6259148878119025,0.0935187872177623,10.245319128036499
A0.85_R0.55_V0.70_P0.90,0.85,0.55,0.7,0.9,5,20265866,0.4104444444444444,0.3213333333333333,0.26822222222222225,0.6786666666666668,0.5895555555555556,0.5587261265460322,0.3431111111111111,0.6196863114928851,0.09676672351405607,0.9957280328360564,0.11441020011218779,0.45099600478191726,0.5530228900909424,0.4334169125556946,0.05788702669149598,4.490931636651357,0.9196617988990083,10.72888888888889,0.012837431787478086,0.9505743367628047,900,934,1.0,1.0377777777777777,0.03777777777777778,0.6156316916488223,0.5463204383850098,0.6281895086821117,0.09335753395019952,9.897604942321777
A0.85_R0.55_V0.70_P0.90,0.85,0.55,0.7,0.9,6,20266875,0.3904444444444444,0.326,0.28355555555555556,0.674,0.6095555555555555,0.5641112813519729,0.35644444444444445,0.6269316093361459,0.09528907805125568,0.9949657672979997,0.11182506987701987,0.4512425708679855,0.5564391255378723,0.4386964154243469,0.05728367473618871,4.49825686762068,0.9155654827853661,10.743111111111112,0.012838089899824635,0.9504528787085192,900,925,1.0,1.0277777777777777,0.027777777777777776,0.6605405405405406,0.550755500793457,0.6353234723940129,0.09209321558856409,9.865499496459961
A0.85_R0.55_V0.70_P0.90,0.85,0.55,0.7,0.9,7,20267884,0.3933333333333333,0.3486666666666667,0.258,0.6513333333333332,0.6066666666666667,0.5587650996571154,0.34711111111111115,0.6214373918281307,0.1003310597836905,0.9956306316440888,0.11548174334091116,0.4495367580510796,0.5549564671516418,0.4374350953102112,0.057534450651769084,4.504928351190355,0.9254732743029872,10.778222222222222,0.012580733412568625,0.950128664086978,900,928,1.0,1.031111111111111,0.03111111111111111,0.6400862068965517,0.5503920912742615,0.6297092093637163,0.09707079848504985,10.146072387695312
A0.85_R0.55_V0.70_P0.90,0.85,0.55,0.7,0.9,8,20268893,0.39733333333333326,0.33644444444444443,0.26622222222222225,0.6635555555555556,0.6026666666666667,0.5643345148747949,0.36266666666666664,0.6235026060557112,0.09773386492440529,0.9937842611274796,0.11401643615069405,0.4495037268096103,0.5557920002937317,0.43690395474433896,0.057534450651769084,4.499475421852535,0.9213770337202546,10.654666666666667,0.012965666173790004,0.95155713098451,900,928,1.0,1.031111111111111,0.03111111111111111,0.6303879310344828,0.5488340258598328,0.6319767754732349,0.09435520054110258,9.716394424438477
A0.85_R0.55_V0.70_P0.90,0.85,0.55,0.7,0.9,9,20269902,0.4026666666666667,0.33533333333333337,0.262,0.6646666666666667,0.5973333333333334,0.5658942496069616,0.3595555555555556,0.6291557104290993,0.08656879500898583,0.9940728814705695,0.10823800546067833,0.4518293814545251,0.5583789730072022,0.4376457858085632,0.05718435754189945,4.479715774536133,0.9241893802048409,10.61111111111111,0.011714817388158822,0.9532887155818267,900,923,1.0,1.0255555555555556,0.025555555555555557,0.6348862405200434,0.5498554706573486,0.6373988879270439,0.08364774068010417,9.995706796646118
A0.85_R0.55_V0.70_P0.90,0.85,0.55,0.7,0.9,10,20270911,0.38822222222222225,0.3433333333333334,0.26844444444444443,0.6566666666666667,0.6117777777777778,0.5462604082882878,0.31155555555555553,0.6059212529910492,0.08676081865432113,0.9937554387137846,0.11330679488808151,0.45232918923736315,0.5432762980461121,0.44028361320495607,0.057042830540037254,4.49551841518614,0.9142589903222565,10.601333333333333,0.011208999463231615,0.9495142701136504,900,921,1.0,1.0233333333333334,0.023333333333333334,0.6536373507057546,0.5546082854270935,0.6144218508275109,0.08386092043253912,9.81015157699585
A0.85_R0.55_V0.70_P0.90,0.85,0.55,0.7,0.9,11,20271920,0.42133333333333334,0.32511111111111113,0.2535555555555556,0.6748888888888888,0.5786666666666667,0.5698540282574247,0.3804444444444444,0.6329776427598001,0.09594774778496303,0.9945187849945115,0.11356540127444287,0.4518775938194801,0.5617174530029296,0.4384101176261902,0.056831781502172565,4.459859136104584,0.9189133565446197,10.553777777777777,0.013161270832696699,0.9516777444707906,900,917,1.0,1.018888888888889,0.01888888888888889,0.6553980370774264,0.5484080910682678,0.6413889109448081,0.0926528485826732,9.789924144744873
A0.85_R0.55_V0.70_P0.90,0.85,0.55,0.7,0.9,12,20272929,0.4022222222222222,0.3271111111111111,0.27066666666666667,0.6728888888888889,0.5977777777777777,0.5713124705377349,0.389111111111111,0.6337637743319278,0.08719880632964362,0.9924382540293085,0.10757042726441668,0.4512520752517335,0.5623617720603943,0.437993506193161,0.0571173184357542,4.477952322430081,0.9204975230238323,10.552,0.013020300520934301,0.9504462656622558,900,922,1.0,1.0244444444444445,0.024444444444444446,0.6475054229934925,0.5489266514778137,0.6420964397302323,0.0841022859540439,10.268388032913208
A0.85_R0.55_V0.70_P0.90,0.85,0.55,0.7,0.9,13,20273938,0.39422222222222225,0.3324444444444444,0.2733333333333333,0.6675555555555555,0.6057777777777776,0.5652837466664765,0.3737777777777778,0.6259318783073514,0.09342555752475049,0.9949329980659185,0.11276884031164296,0.4503915449354286,0.5567810440063476,0.4404245328903198,0.05756176288019863,4.537863564385308,0.9289116139450198,10.75288888888889,0.012939538659237425,0.9495222945684128,900,930,1.0,1.0333333333333334,0.03333333333333333,0.6763440860215054,0.5540245175361633,0.6342980455215674,0.09013958559018187,10.895630836486816
A0.85_R0.55_V0.70_P0.90,0.85,0.55,0.7,0.9,14,20274947,0.41288888888888886,0.33488888888888896,0.25222222222222224,0.6651111111111111,0.5871111111111111,0.5683404988574972,0.37800000000000006,0.6324143238835,0.09238979159808881,0.9947760743749544,0.11139968203209774,0.4501821924812404,0.5596964597702027,0.4345191693305969,0.0570701427684668,4.43877199851142,0.9162039238597007,10.644,0.012798250385033981,0.9518645324550653,900,921,1.0,1.0233333333333334,0.023333333333333334,0.6232356134636265,0.544682502746582,0.6407134308701865,0.08941777199927015,10.516311645507812
A0.85_R0.55_V0.70_P0.90,0.85,0.55,0.7,0.9,15,20275956,0.38911111111111113,0.3453333333333333,0.26555555555555554,0.6546666666666667,0.6108888888888889,0.5591455951759757,0.3477777777777778,0.6211522854478242,0.08769697627551785,0.9926891114263896,0.1107634892460716,0.4513341440748604,0.5547554206848144,0.43859591603279113,0.05689137181874613,4.466441493352255,0.9221392141642817,10.583555555555556,0.010843315878604497,0.9505766024793044,900,917,1.0,1.018888888888889,0.01888888888888889,0.653217011995638,0.5505538582801819,0.6294155064266838,0.0848048517186113,10.572867393493652
A0.85_R0.55_V0.70_P0.90,0.85,0.55,0.7,0.9,16,20276965,0.4013333333333333,0.33377777777777773,0.2648888888888889,0.6662222222222222,0.5986666666666667,0.5658826685391967,0.3706666666666667,0.6274967365721765,0.08995482454555034,0.9943143294093936,0.10936042326886629,0.45232353148208304,0.5587255549430847,0.435638839006424,0.057052762259466164,4.4489100068410234,0.9233618998497509,10.531555555555556,0.01255417495915822,0.9486828151670358,900,920,1.0,1.0222222222222221,0.022222222222222223,0.6521739130434783,0.54668790102005,0.6357924807589267,0.08700675444599049,11.0101900100708
A0.85_R0.55_V0.70_P0.90,0.85,0.55,0.7,0.9,17,20277974,0.4126666666666667,0.3151111111111111,0.2722222222222222,0.6848888888888888,0.5873333333333334,0.5548173173673872,0.33577777777777773,0.6145786730368091,0.08862468090262762,0.9939769926399322,0.11136533354999022,0.4519086583033494,0.5499768114089966,0.4361510920524597,0.05689882060831782,4.442084263748592,0.9167431492466191,10.506222222222222,0.011670507806716761,0.9530087393789727,900,920,1.0,1.0222222222222221,0.022222222222222223,0.6521739130434783,0.5481071472167969,0.6230801284733923,0.08552796445038902,10.672625541687012
A0.85_R0.55_V0.70_P0.90,0.85,0.55,0.7,0.9,18,20278983,0.4084444444444444,0.3353333333333333,0.25622222222222224,0.6646666666666667,0.5915555555555556,0.5657350298545336,0.36777777777777787,0.6286413593122314,0.09830865273914782,0.9951201619772172,0.11596185081311733,0.45156492224707423,0.5587250471115113,0.43872625946998595,0.05729112352576041,4.49913819053438,0.9170992944403471,10.600888888888887,0.01279916931986829,0.9497055749321192,900,924,1.0,1.0266666666666666,0.02666666666666667,0.6569264069264069,0.5513353943824768,0.6370430301949414,0.09508961954960693,10.521222829818726
A0.85_R0.55_V0.70_P0.90,0.85,0.55,0.7,0.9,19,20279992,0.38888888888888884,0.34044444444444444,0.27066666666666667,0.6595555555555555,0.6111111111111112,0.5597605654425434,0.35600000000000004,0.6193812716536352,0.0969609656188061,0.9949841441354367,0.11363202201863054,0.45060417520092083,0.5513952851295472,0.43862422823905944,0.05697827436374923,4.473510590341356,0.9186698641033878,10.654222222222222,0.0126227732410578,0.9518581575118324,900,920,1.0,1.0222222222222221,0.022222222222222223,0.6521739130434783,0.5502431392669678,0.6278409030561715,0.09362632158492579,11.046457767486572
A0.85_R0.74_V0.30_P0.60,0.85,0.74,0.3,0.6,0,20260821,0.38599999999999995,0.36955555555555564,0.24444444444444444,0.6304444444444444,0.6140000000000001,0.583527724825619,0.4228888888888889,0.6416993606652595,0.08817850095744895,0.991454498886408,0.10367491050780846,0.5686467422205732,0.5612677264213563,0.43763899087905883,0.05700558659217877,4.4655642330911425,0.9114952813638862,10.805777777777777,0.009316045161072812,0.9511537747355291,900,920,1.0,1.0222222222222221,0.022222222222222223,0.65,0.5542529225349426,0.6508016012620462,0.08452765943482476,10.502090692520142
A0.85_R0.74_V0.30_P0.60,0.85,0.74,0.3,0.6,1,20261830,0.3871111111111111,0.36577777777777776,0.2471111111111111,0.6342222222222222,0.6128888888888889,0.5966258481889394,0.4506666666666666,0.6591738262490067,0.08621950257994243,0.9913058879166128,0.10094477801539256,0.5689356662846241,0.5722190308570861,0.43798834562301636,0.05726132836747362,4.489235643121931,0.9095054715057965,10.832888888888888,0.010324414089704336,0.9502614855479706,900,924,1.0,1.0266666666666666,0.02666666666666667,0.6471861471861472,0.5549401044845581,0.6679902503004901,0.08268712997018723,10.427255392074585
A0.85_R0.74_V0.30_P0.60,0.85,0.74,0.3,0.6,2,20262839,0.3662222222222222,0.3684444444444444,0.2653333333333333,0.6315555555555555,0.6337777777777778,0.5661115173371938,0.36,0.6216628084162332,0.08906143129153055,0.9897595943877272,0.10733162396805809,0.5692568851791621,0.547746057510376,0.43388870000839236,0.05717442582247052,4.440468080308702,0.8971175942638854,10.978222222222222,0.007272631272969269,0.9508105925593097,900,922,1.0,1.0244444444444445,0.024444444444444446,0.6225596529284165,0.5509834885597229,0.6309713258743762,0.08536688277542326,10.235120296478271
A0.85_R0.74_V0.30_P0.60,0.85,0.74,0.3,0.6,3,20263848,0.3662222222222222,0.38022222222222224,0.25355555555555553,0.6197777777777778,0.6337777777777778,0.5837386833642274,0.4091111111111111,0.6429156706980441,0.07854711854925264,0.9898026552626464,0.09913423660597794,0.5675182665890515,0.5611534667015076,0.43309828400611877,0.057710738671632525,4.473874891175164,0.9001055134556813,10.83377777777778,0.008570188226364371,0.9498887462034626,900,932,1.0,1.0355555555555556,0.035555555555555556,0.6158798283261803,0.5510573387145996,0.6517514949499935,0.07524372070713947,10.22225022315979
A0.85_R0.74_V0.30_P0.60,0.85,0.74,0.3,0.6,4,20264857,0.37777777777777777,0.36955555555555564,0.25266666666666665,0.6304444444444444,0.6222222222222222,0.5769130806911557,0.3917777777777778,0.6329203527897005,0.0863616796854278,0.9933101512599453,0.10399413519308887,0.567345682941001,0.5547015309333801,0.42971258640289306,0.05777032898820609,4.4434607372813755,0.9060207966348439,10.829777777777778,0.008654645865871913,0.9489656297097325,900,934,1.0,1.0377777777777777,0.03777777777777778,0.6038543897216274,0.5459277629852295,0.6419512867823778,0.08270791646121523,10.360215187072754
A0.85_R0.74_V0.30_P0.60,0.85,0.74,0.3,0.6,5,20265866,0.36977777777777776,0.3813333333333333,0.24888888888888888,0.6186666666666667,0.6302222222222222,0.579976589496711,0.4015555555555556,0.635258391424165,0.08631873129516904,0.9919079353109632,0.1028479373010812,0.572033406082745,0.555966579914093,0.4304595184326172,0.057107386716325266,4.400214031908247,0.9009951118234641,11.026666666666666,0.00760878945791285,0.9505743367628047,900,922,1.0,1.0244444444444445,0.024444444444444446,0.6019522776572668,0.5463204383850098,0.6443821515239758,0.08267854575656663,10.026097774505615
A0.85_R0.74_V0.30_P0.60,0.85,0.74,0.3,0.6,6,20266875,0.376,0.37888888888888894,0.24511111111111109,0.6211111111111111,0.624,0.5793356724842628,0.3917777777777778,0.6424118391503335,0.08663758223563174,0.991858920486729,0.10402726432128788,0.5694069892868661,0.5604810285568237,0.4349737203121185,0.057075108628181256,4.443846616903941,0.8993323873588163,10.885333333333334,0.008331115181100867,0.9504528787085192,900,922,1.0,1.0244444444444445,0.024444444444444446,0.6366594360086768,0.550755500793457,0.6513335781318057,0.0832302971081933,10.02728819847107
A0.85_R0.74_V0.30_P0.60,0.85,0.74,0.3,0.6,7,20267884,0.3604444444444445,0.38333333333333336,0.25622222222222224,0.6166666666666667,0.6395555555555554,0.5788345267807122,0.40422222222222226,0.6375205201554645,0.0901043738930011,0.991984857570753,0.10621887556653067,0.5693992041716804,0.5581849408149719,0.432830411195755,0.05764121663563005,4.465664810021718,0.8904969681671473,10.805333333333333,0.008485229004478958,0.950128664086978,900,934,1.0,1.0377777777777777,0.03777777777777778,0.6241970021413277,0.5503920912742615,0.6464834276703376,0.08646147387917535,9.931920051574707
A0.85_R0.74_V0.30_P0.60,0.85,0.74,0.3,0.6,8,20268893,0.3671111111111111,0.37111111111111106,0.2617777777777778,0.6288888888888889,0.6328888888888888,0.5830039036668162,0.41,0.639266686362046,0.08759957329900672,0.9908363069855323,0.10421660846073816,0.5709072794454824,0.5592836284637451,0.43289504408836366,0.057174425822470516,4.430273155159421,0.9037595918669733,10.848444444444445,0.008145991395710084,0.95155713098451,900,924,1.0,1.0266666666666666,0.02666666666666667,0.6158008658008658,0.5488340258598328,0.6483391208911766,0.08399989991600965,9.702201128005981
A0.85_R0.74_V0.30_P0.60,0.85,0.74,0.3,0.6,9,20269902,0.3466666666666666,0.38733333333333325,0.26599999999999996,0.6126666666666667,0.6533333333333333,0.5841202220154484,0.41711111111111115,0.644225029555955,0.07724652545657877,0.9896667732880515,0.09868497905191155,0.568484498669588,0.5602593541145324,0.43137633204460146,0.05786219739292366,4.467857080671522,0.8925511684684835,10.984444444444446,0.008698633232335815,0.9532887155818267,900,933,1.0,1.0366666666666666,0.03666666666666667,0.6077170418006431,0.5498554706573486,0.6531865231711282,0.07399291832491817,9.624314546585083
A0.85_R0.74_V0.30_P0.60,0.85,0.74,0.3,0.6,10,20270911,0.3491111111111111,0.39199999999999996,0.2588888888888889,0.6080000000000001,0.6508888888888889,0.5701235518113372,0.36822222222222223,0.6239368363488724,0.0777646055274782,0.9880798387500929,0.10197277642342961,0.5707501983914515,0.5484459900856018,0.43658053159713744,0.05684419615145872,4.442181330362955,0.9016635811378145,10.917333333333334,0.006071260739703177,0.9495142701136504,900,917,1.0,1.018888888888889,0.01888888888888889,0.6357688113413305,0.5546082854270935,0.6331396758701694,0.07459478326212965,9.76023006439209
A0.85_R0.74_V0.30_P0.60,0.85,0.74,0.3,0.6,11,20271920,0.35133333333333333,0.39466666666666667,0.254,0.6053333333333333,0.6486666666666667,0.5853008425461205,0.41466666666666663,0.6474824021672194,0.08571373964699042,0.9908728128421674,0.10433543581037805,0.5700330726075257,0.5620070266723632,0.43118960499763487,0.0576536312849162,4.4497950738800895,0.8923823345463688,10.926222222222222,0.008649135143561559,0.9516777444707906,900,931,1.0,1.0344444444444445,0.034444444444444444,0.6208378088077336,0.5484080910682678,0.6563635292503088,0.08232551348670558,9.853307485580444
A0.85_R0.74_V0.30_P0.60,0.85,0.74,0.3,0.6,12,20272929,0.3768888888888889,0.36800000000000005,0.2551111111111111,0.632,0.6231111111111111,0.5875765262936908,0.4288888888888889,0.6488539200463187,0.07848137532354901,0.9881101815140522,0.10017126142096824,0.5680756294816596,0.5648883438110351,0.4323516952991486,0.05731595282433272,4.435655123869578,0.899191411538509,11.041333333333334,0.00923275244880375,0.9504462656622558,900,926,1.0,1.028888888888889,0.028888888888888888,0.6187904967602592,0.5489266514778137,0.6577199785108027,0.07524425735664564,9.57330060005188
A0.85_R0.74_V0.30_P0.60,0.85,0.74,0.3,0.6,13,20273938,0.36133333333333334,0.3762222222222223,0.2624444444444444,0.6237777777777778,0.6386666666666667,0.5826899703927988,0.4106666666666666,0.6415083874013112,0.08371782397134254,0.9924021060885633,0.10146086550295952,0.5696702065936754,0.560931191444397,0.43786662459373477,0.05668777157045314,4.443042338848113,0.9156827895533769,10.645333333333333,0.0074791917992350805,0.9495222945684128,900,914,1.0,1.0155555555555555,0.015555555555555555,0.6684901531728665,0.5540245175361633,0.6505003284220761,0.08020533235663563,9.62301254272461
A0.85_R0.74_V0.30_P0.60,0.85,0.74,0.3,0.6,14,20274947,0.36088888888888887,0.3837777777777778,0.2553333333333333,0.6162222222222222,0.6391111111111111,0.5838200193506746,0.4126666666666667,0.6482509299662024,0.0823753025074351,0.991803024724363,0.10211576017412621,0.5679875272271708,0.5628194546699524,0.42945091009140013,0.05736809435133458,4.409850763373905,0.907911557579958,10.999555555555558,0.007966011079862296,0.9518645324550653,900,927,1.0,1.03,0.03,0.5965480043149946,0.544682502746582,0.6570167496864764,0.07928275679031094,9.722698211669922
A0.85_R0.74_V0.30_P0.60,0.85,0.74,0.3,0.6,15,20275956,0.3408888888888889,0.406,0.2531111111111111,0.594,0.6591111111111111,0.5784015261173889,0.39133333333333326,0.6370357004315406,0.07773024842083717,0.989016396716873,0.10192884315219264,0.5712877401956804,0.5573802876472473,0.43386960387229917,0.05699068901303539,4.425941865762075,0.893128600519137,10.818222222222222,0.006796091474640511,0.9505766024793044,900,922,1.0,1.0244444444444445,0.024444444444444446,0.6247288503253796,0.5505538582801819,0.6459419583844246,0.07463258032362963,9.68725872039795
A0.85_R0.74_V0.30_P0.60,0.85,0.74,0.3,0.6,16,20276965,0.36177777777777775,0.3933333333333333,0.24488888888888888,0.6066666666666667,0.6382222222222222,0.5807695384817017,0.39977777777777773,0.6418946464309387,0.08162906151045546,0.9906879189650134,0.10257898365570915,0.5673905974957534,0.5620518779754639,0.43103451251983643,0.05709745499689634,4.405344462500678,0.9044173639557498,10.916888888888888,0.008034670083310066,0.9486828151670358,900,921,1.0,1.0233333333333334,0.023333333333333334,0.6199782844733985,0.54668790102005,0.6506102630316635,0.07856311379124592,10.226520776748657
A0.85_R0.74_V0.30_P0.60,0.85,0.74,0.3,0.6,17,20277974,0.3482222222222222,0.4037777777777778,0.248,0.5962222222222222,0.6517777777777778,0.5734615131811451,0.3746666666666666,0.6312260200621633,0.07784584414867929,0.9886737426628757,0.09927786408293425,0.5697207058288929,0.5527744388580322,0.43088014364242555,0.05708504034761019,4.4027707203759086,0.8941368091735136,10.879555555555555,0.006549128296023749,0.9530087393789727,900,921,1.0,1.0233333333333334,0.023333333333333334,0.6145494028230185,0.5481071472167969,0.6400524621373,0.07467039633227235,10.544064998626709
A0.85_R0.74_V0.30_P0.60,0.85,0.74,0.3,0.6,18,20278983,0.3488888888888889,0.3977777777777778,0.2533333333333333,0.6022222222222222,0.6511111111111112,0.5840374826649551,0.41,0.6446559365368658,0.08757484252125154,0.9916951115590028,0.10379586641598106,0.5677247828785495,0.5626987361907959,0.4335354101657867,0.057534450651769105,4.464788723415799,0.8876232309538272,10.93688888888889,0.007771252897494102,0.9497055749321192,900,929,1.0,1.0322222222222222,0.03222222222222222,0.6404736275565124,0.5513353943824768,0.653510819623677,0.08413239691192276,10.262052297592163
A0.85_R0.74_V0.30_P0.60,0.85,0.74,0.3,0.6,19,20279992,0.3697777777777778,0.3784444444444444,0.25177777777777777,0.6215555555555556,0.6302222222222222,0.5772117897669375,0.389111111111111,0.6357302459949729,0.08756849520033748,0.9918845504312883,0.10333037613071613,0.5685878574821848,0.5559009170532226,0.43441543459892273,0.05692613283674737,4.426560635089874,0.8946164726914282,10.900888888888888,0.007890382428232496,0.9518581575118324,900,918,1.0,1.02,0.02,0.6481481481481481,0.5502431392669678,0.6447564806119186,0.08407870473830581,10.181990385055542
A0.85_R0.74_V0.30_P0.90,0.85,0.74,0.3,0.9,0,20260821,0.3846666666666667,0.3622222222222222,0.2531111111111111,0.6377777777777778,0.6153333333333334,0.58295428952686,0.4097777777777778,0.6422177965820484,0.0884036533927138,0.9923198947604642,0.10288688179204751,0.5684882907301019,0.5616074895858765,0.4377979111671448,0.05695096213531967,4.462938525199891,0.9084011637825005,10.685777777777778,0.008993713932169873,0.9511537747355291,900,920,1.0,1.0222222222222221,0.022222222222222223,0.6543478260869565,0.5542529225349426,0.6512402160235917,0.08471376875640901,10.24291467666626
A0.85_R0.74_V0.30_P0.90,0.85,0.74,0.3,0.9,1,20261830,0.3753333333333333,0.3642222222222222,0.2604444444444444,0.6357777777777778,0.6246666666666667,0.5969214241279832,0.4437777777777778,0.6595379134943267,0.08607811954818384,0.9913248242022256,0.10101373713614992,0.5695007254165503,0.5741991662979126,0.43985426783561704,0.05659342023587834,4.455801426940494,0.9076037995647737,10.510222222222222,0.009581976235527008,0.9502614855479706,900,912,1.0,1.0133333333333334,0.013333333333333334,0.6502192982456141,0.5549401044845581,0.6683510539089655,0.0826090764392029,10.215609550476074
A0.85_R0.74_V0.30_P0.90,0.85,0.74,0.3,0.9,2,20262839,0.35155555555555557,0.3868888888888889,0.26155555555555554,0.613111111111111,0.6484444444444444,0.5666320874049723,0.3606666666666667,0.6216683758073447,0.08917004883732602,0.9903126169477423,0.10582501407916546,0.5672504328735308,0.5478869676589966,0.4350423002243042,0.05667783985102422,4.4136028557353555,0.899063193609718,10.755999999999998,0.007257973959838437,0.9508105925593097,900,914,1.0,1.0155555555555555,0.015555555555555555,0.6312910284463895,0.5509834885597229,0.630971481041962,0.08551349904082373,10.549307346343994
A0.85_R0.74_V0.30_P0.90,0.85,0.74,0.3,0.9,3,20263848,0.36133333333333334,0.3746666666666667,0.264,0.6253333333333333,0.6386666666666667,0.5834607250532584,0.4133333333333333,0.6433802271374485,0.07847125851303956,0.9903910652674212,0.09884949612134986,0.5685989320395791,0.5616772651672364,0.4346911072731018,0.05715456238361266,4.447136706087324,0.8934358958108909,10.761777777777779,0.008118042121672513,0.9498887462034626,900,922,1.0,1.0244444444444445,0.024444444444444446,0.6301518438177874,0.5510573387145996,0.6522212973300255,0.07527055379834646,10.399338960647583
A0.85_R0.74_V0.30_P0.90,0.85,0.74,0.3,0.9,4,20264857,0.3742222222222222,0.3668888888888889,0.2588888888888889,0.6331111111111112,0.6257777777777778,0.5772842047999935,0.3971111111111111,0.6333253317657299,0.08633049917871237,0.9924873707400141,0.10560522119753862,0.5699623295306858,0.5555782890319825,0.4303468143939972,0.05727622594661701,4.412085047880809,0.9074904673019002,10.81111111111111,0.00840428684189672,0.9489656297097325,900,923,1.0,1.0255555555555556,0.025555555555555557,0.6132177681473456,0.5459277629852295,0.6424838247090899,0.08275040669071698,10.299696207046509
A0.85_R0.74_V0.30_P0.90,0.85,0.74,0.3,0.9,5,20265866,0.35711111111111116,0.38,0.2628888888888889,0.62,0.642888888888889,0.5791269967618985,0.4068888888888889,0.636170069974165,0.08578769299410957,0.9913888399232712,0.10375964057161123,0.5694785272803723,0.559096655845642,0.4324213600158691,0.056466790813159536,4.370600186241997,0.8997418023832584,10.4,0.007358037858480427,0.9505743367628047,900,913,1.0,1.0144444444444445,0.014444444444444444,0.6111719605695509,0.5463204383850098,0.6452107533566309,0.08225590726005261,10.227800607681274
A0.85_R0.74_V0.30_P0.90,0.85,0.74,0.3,0.9,6,20266875,0.37044444444444447,0.3626666666666666,0.2668888888888889,0.6373333333333334,0.6295555555555555,0.581525135749107,0.4031111111111111,0.6419743550598008,0.08627271071334111,0.9923970121035649,0.10356866392091968,0.5676032753806495,0.5607705116271973,0.43615957140922545,0.0565512104283054,4.415094158702427,0.9077975812197895,10.632,0.008372613408585767,0.9504528787085192,900,912,1.0,1.0133333333333334,0.013333333333333334,0.6469298245614035,0.550755500793457,0.6509984101926998,0.08279964479442925,10.161681652069092
A0.85_R0.74_V0.30_P0.90,0.85,0.74,0.3,0.9,7,20267884,0.3768888888888889,0.37111111111111106,0.252,0.6288888888888888,0.6231111111111111,0.580166221164614,0.4108888888888888,0.6373636566187763,0.08984798901137916,0.9920614389433062,0.10693976802408783,0.5677009138936434,0.5596174502372742,0.4347384250164032,0.057010552451893244,4.43640033949746,0.9152422110544814,10.713777777777777,0.007835327502668542,0.950128664086978,900,920,1.0,1.0222222222222221,0.022222222222222223,0.6304347826086957,0.5503920912742615,0.6463320807601542,0.08628203045468608,10.539733171463013
A0.85_R0.74_V0.30_P0.90,0.85,0.74,0.3,0.9,8,20268893,0.3675555555555556,0.3715555555555556,0.2608888888888889,0.6284444444444444,0.6324444444444445,0.5828367382134086,0.40422222222222226,0.6397971778158901,0.08701836881361516,0.9906320817109255,0.10245548272163701,0.5680919223153622,0.5601451873779297,0.4343287706375122,0.05683178150217257,4.418310234228771,0.8991231045302557,10.520888888888889,0.008894340530890636,0.95155713098451,900,919,1.0,1.021111111111111,0.021111111111111112,0.6082698585418934,0.5488340258598328,0.6488970784847923,0.0834510829827999,10.457312822341919
A0.85_R0.74_V0.30_P0.90,0.85,0.74,0.3,0.9,9,20269902,0.374,0.3768888888888889,0.2491111111111111,0.6231111111111112,0.626,0.5847159235936035,0.4073333333333333,0.6449215371493942,0.07734355075153014,0.9897259595915584,0.09962711219522781,0.5671190619908162,0.5630255651473999,0.4358947741985321,0.05634264432029796,4.396122355884976,0.9014192113226059,10.494222222222222,0.008717882868408265,0.9532887155818267,900,908,1.0,1.008888888888889,0.008888888888888889,0.6277533039647577,0.5498554706573486,0.6537833447988167,0.07417382865695221,9.78911542892456
A0.85_R0.74_V0.30_P0.90,0.85,0.74,0.3,0.9,10,20270911,0.3655555555555556,0.38777777777777783,0.24666666666666667,0.6122222222222222,0.6344444444444445,0.5688228612312379,0.3646666666666667,0.6245671584155438,0.07752566024865545,0.9880354021617026,0.10169289282474474,0.5705558678712013,0.5484490442276001,0.437072696685791,0.056662942271880824,4.433069002946218,0.8948344094079669,10.583555555555556,0.007040042016466885,0.9495142701136504,900,913,1.0,1.0144444444444445,0.014444444444444444,0.6363636363636364,0.5546082854270935,0.6337341481469623,0.0743582803777656,9.783173084259033
A0.85_R0.74_V0.30_P0.90,0.85,0.74,0.3,0.9,11,20271920,0.3648888888888889,0.3906666666666667,0.24444444444444444,0.6093333333333334,0.6351111111111111,0.5866256385087079,0.41155555555555556,0.6473994631739771,0.08596304700203994,0.9914892276061608,0.10191699649736119,0.5686259589744648,0.5635393261909485,0.43425094842910766,0.05647672253258846,4.389962199105157,0.8958056833704745,10.555111111111112,0.009212401167032242,0.9516777444707906,900,911,1.0,1.0122222222222221,0.012222222222222223,0.6289791437980241,0.5484080910682678,0.6562774673894651,0.08251840083302642,9.609145641326904
A0.85_R0.74_V0.30_P0.90,0.85,0.74,0.3,0.9,12,20272929,0.36800000000000005,0.3755555555555556,0.2564444444444445,0.6244444444444445,0.632,0.5901252915029871,0.4284444444444444,0.6489863306984102,0.07843056231048585,0.9883630167072239,0.09958376654289026,0.5709738950947627,0.5661018419265748,0.4342258548736572,0.056816883923029186,4.416146688673232,0.9010639191219445,10.447555555555557,0.007989251637545157,0.9504462656622558,900,916,1.0,1.0177777777777777,0.017777777777777778,0.6244541484716157,0.5489266514778137,0.6577754264537857,0.07515450372700383,9.627124547958374
A0.85_R0.74_V0.30_P0.90,0.85,0.74,0.3,0.9,13,20273938,0.3564444444444444,0.39355555555555555,0.25,0.6064444444444445,0.6435555555555555,0.5826357289128735,0.40488888888888885,0.6419660736781614,0.08311222206649242,0.9924327219345446,0.10061734346641167,0.569410635585954,0.560543327331543,0.4367958950996399,0.057243947858473004,4.475623351891835,0.8997689573182517,10.679555555555556,0.007975031090548064,0.9495222945684128,900,924,1.0,1.0266666666666666,0.02666666666666667,0.6504329004329005,0.5540245175361633,0.6509801142372825,0.07969178609875449,9.607781648635864
A0.85_R0.74_V0.30_P0.90,0.85,0.74,0.3,0.9,14,20274947,0.3637777777777778,0.37800000000000006,0.25822222222222224,0.622,0.6362222222222222,0.5841034240995354,0.4115555555555555,0.6477428934744204,0.08309877889173521,0.9914360114099066,0.10163908284781692,0.5693066553801316,0.5628470754623414,0.43038938760757445,0.05698572315332093,4.39011113776101,0.9013138618563247,10.54088888888889,0.008484352662766205,0.9518645324550653,900,920,1.0,1.0222222222222221,0.022222222222222223,0.5956521739130435,0.544682502746582,0.6566017610589773,0.07983798791060925,10.178479671478271
A0.85_R0.74_V0.30_P0.90,0.85,0.74,0.3,0.9,15,20275956,0.358,0.3877777777777778,0.25422222222222224,0.6122222222222222,0.642,0.5821294362152885,0.40888888888888886,0.6374987426548488,0.07803633607018026,0.9892354590985059,0.10216144856670412,0.5696354647469761,0.5580550050735473,0.4344637942314148,0.05685661080074489,4.421678950839572,0.9117425728398597,10.580888888888888,0.007295562517090688,0.9505766024793044,900,916,1.0,1.0177777777777777,0.017777777777777778,0.6277292576419214,0.5505538582801819,0.6464590917656001,0.07481024614304266,9.64545464515686
A0.85_R0.74_V0.30_P0.90,0.85,0.74,0.3,0.9,16,20276965,0.36644444444444446,0.3744444444444444,0.25911111111111107,0.6255555555555555,0.6335555555555555,0.5803481153492162,0.4053333333333333,0.6416868871020917,0.08153238071626698,0.991109320078866,0.1042502842473774,0.5685390097274001,0.5616175508499146,0.4315006732940674,0.056896337678460585,4.394532448662652,0.906359099492705,10.550666666666668,0.007720666963088532,0.9486828151670358,900,919,1.0,1.021111111111111,0.021111111111111112,0.6267682263329706,0.54668790102005,0.6504489007785638,0.07854407197191882,10.243496417999268
A0.85_R0.74_V0.30_P0.90,0.85,0.74,0.3,0.9,17,20277974,0.35866666666666674,0.3842222222222222,0.2571111111111111,0.6157777777777779,0.6413333333333334,0.5757293453713457,0.38977777777777783,0.6313175787406826,0.0774368954884745,0.9893176108392404,0.09892597206016038,0.5690128746976854,0.5552968430519104,0.43291411399841306,0.05657107386716326,4.38376159509023,0.9078311860881623,10.447555555555557,0.006851094932416935,0.9530087393789727,900,912,1.0,1.0133333333333334,0.013333333333333334,0.6304824561403509,0.5481071472167969,0.6402670095891005,0.07420609084864149,9.92641019821167
A0.85_R0.74_V0.30_P0.90,0.85,0.74,0.3,0.9,18,20278983,0.37355555555555553,0.3782222222222222,0.24822222222222223,0.6217777777777779,0.6264444444444445,0.5861938222950455,0.4204444444444444,0.6450584255563382,0.08739042491215851,0.9912011251712513,0.10197875206714294,0.5683303329173245,0.5637548542022706,0.43621713042259214,0.056725015518311606,4.429181822458903,0.9041010928961748,10.581333333333331,0.008257704574348096,0.9497055749321192,900,915,1.0,1.0166666666666666,0.016666666666666666,0.6382513661202186,0.5513353943824768,0.6540960050093366,0.08382542878521004,10.13340139389038
A0.85_R0.74_V0.30_P0.90,0.85,0.74,0.3,0.9,19,20279992,0.3506666666666666,0.4022222222222222,0.24711111111111111,0.5977777777777777,0.6493333333333333,0.5748925104945486,0.38533333333333336,0.6358678768011727,0.08733704733835232,0.9910070640031898,0.10597126890241786,0.5695791923588474,0.5554196238517761,0.43484300255775454,0.056657976412166355,4.4100356414582995,0.8960460322544036,10.630666666666666,0.008103656596353401,0.9518581575118324,900,914,1.0,1.0155555555555555,0.015555555555555555,0.6367614879649891,0.5502431392669678,0.6449130959213859,0.08378312819808431,10.292348146438599
A0.85_R0.74_V0.70_P0.60,0.85,0.74,0.7,0.6,0,20260821,0.3468888888888889,0.3808888888888889,0.2722222222222222,0.6191111111111112,0.653111111111111,0.5847551424403806,0.42488888888888887,0.6428225736844326,0.08772737897330757,0.991071635185351,0.1028424327655226,0.5692732444618839,0.5611017751693725,0.4374710857868195,0.05716201117318437,4.4761510095066495,0.9050497890632709,10.738222222222223,0.00889950355722665,0.9511537747355291,900,923,1.0,1.0255555555555556,0.025555555555555557,0.6489707475622969,0.5542529225349426,0.6518502816280903,0.08404865810808615,10.673616647720337
A0.85_R0.74_V0.70_P0.60,0.85,0.74,0.7,0.6,1,20261830,0.37288888888888894,0.36111111111111116,0.266,0.6388888888888888,0.6271111111111111,0.5978794320910287,0.452,0.6599391727052633,0.08617029028626426,0.9912537393197072,0.10061436857125812,0.5687406292320689,0.5724436593055725,0.43817150592803955,0.05733581626319057,4.4969506091541716,0.8991795707540422,10.934222222222223,0.00964785317027107,0.9502614855479706,900,926,1.0,1.028888888888889,0.028888888888888888,0.6468682505399568,0.5549401044845581,0.6688560306491868,0.0826300768080348,10.35873007774353
A0.85_R0.74_V0.70_P0.60,0.85,0.74,0.7,0.6,2,20262839,0.3468888888888889,0.3902222222222222,0.2628888888888889,0.6097777777777778,0.6531111111111112,0.5712511260380385,0.38044444444444436,0.6230387510843594,0.08807224232634335,0.9890554436133532,0.10498652863508105,0.5683978339393417,0.5484063458442688,0.43285321950912475,0.05761887026691496,4.464254205226898,0.8964572888472818,10.960444444444445,0.0073879868654128655,0.9508105925593097,900,931,1.0,1.0344444444444445,0.034444444444444444,0.6251342642320086,0.5509834885597229,0.6323696060308797,0.0843064986179507,10.265561580657959
A0.85_R0.74_V0.70_P0.60,0.85,0.74,0.7,0.6,3,20263848,0.3515555555555555,0.3746666666666667,0.2737777777777778,0.6253333333333333,0.6484444444444444,0.5877037579864051,0.4293333333333333,0.6439413742583031,0.07805744765469512,0.9907236375639857,0.09772061438891573,0.5676135969504024,0.5617746782302856,0.4333754587173462,0.057755431409062696,4.480209592501322,0.8952568098906071,10.940888888888889,0.00831534587486788,0.9498887462034626,900,933,1.0,1.0366666666666666,0.03666666666666667,0.6184351554126474,0.5510573387145996,0.652852998217047,0.07488546075719338,10.406221866607666
A0.85_R0.74_V0.70_P0.60,0.85,0.74,0.7,0.6,4,20264857,0.35133333333333333,0.3893333333333333,0.2593333333333333,0.6106666666666667,0.6486666666666666,0.5799108353181054,0.39955555555555555,0.6339740449053735,0.08592652506509316,0.9928464378523273,0.10275909708919695,0.5682763336863055,0.5548538184165954,0.4311160945892334,0.05692364990689014,4.392744009653727,0.906133035641078,10.72,0.008570282632122677,0.9489656297097325,900,918,1.0,1.02,0.02,0.616557734204793,0.5459277629852295,0.6431305889423106,0.08226371893494777,10.379554510116577
A0.85_R0.74_V0.70_P0.60,0.85,0.74,0.7,0.6,5,20265866,0.37288888888888894,0.36488888888888893,0.26222222222222225,0.6351111111111111,0.6271111111111111,0.5793762627618692,0.4006666666666666,0.6364261386896414,0.08533860008267873,0.9920028105628959,0.10262274085580284,0.568564316294949,0.557598283290863,0.43052121758461,0.05738050900062074,4.421835377004411,0.9125349076628269,10.818222222222223,0.00922491077068296,0.9505743367628047,900,927,1.0,1.03,0.03,0.6019417475728155,0.5463204383850098,0.6455330697424019,0.08180275438116902,10.316153526306152
A0.85_R0.74_V0.70_P0.60,0.85,0.74,0.7,0.6,6,20266875,0.34733333333333327,0.38266666666666665,0.27,0.6173333333333333,0.6526666666666666,0.5840138170347048,0.41533333333333333,0.6430522349667782,0.08594840870263704,0.9917172873026283,0.10184390686535634,0.5678599838014157,0.5596423625946045,0.433817971944809,0.05743761638733705,4.460108182112376,0.9014665566254149,11.108444444444444,0.00899208891079505,0.9504528787085192,900,928,1.0,1.031111111111111,0.03111111111111111,0.6314655172413793,0.550755500793457,0.652024684119961,0.08246080222544316,10.629446506500244
A0.85_R0.74_V0.70_P0.60,0.85,0.74,0.7,0.6,7,20267884,0.3573333333333333,0.3755555555555556,0.2671111111111111,0.6244444444444445,0.6426666666666666,0.5829687165893535,0.4171111111111111,0.638941489428147,0.08922210233370413,0.9909942941051952,0.10480413168972649,0.5690000835600495,0.5596098208427429,0.43380441427230837,0.05725884543761639,4.446098771572113,0.8958467175725784,10.943555555555555,0.008220742040475815,0.950128664086978,900,926,1.0,1.028888888888889,0.028888888888888888,0.6285097192224622,0.5503920912742615,0.6479122079362866,0.08574985082161701,10.213726997375488
A0.85_R0.74_V0.70_P0.60,0.85,0.74,0.7,0.6,8,20268893,0.33888888888888885,0.3871111111111111,0.274,0.6128888888888889,0.6611111111111111,0.583424905072932,0.4051111111111112,0.6398672993064701,0.08749713445724906,0.9895162435287154,0.10485814739608135,0.5687082274223286,0.5584458351135254,0.4311898100376129,0.057983860955927995,4.475323077360789,0.8959022637848132,10.91288888888889,0.008181782961951843,0.95155713098451,900,936,1.0,1.04,0.04,0.5993589743589743,0.5488340258598328,0.6488477928929687,0.0839406233645077,10.510373592376709
A0.85_R0.74_V0.70_P0.60,0.85,0.74,0.7,0.6,9,20269902,0.3513333333333334,0.3931111111111112,0.2555555555555556,0.6068888888888888,0.6486666666666666,0.5856271858050105,0.4131111111111111,0.6455691232692835,0.07724200850890388,0.9887354036155596,0.09963055341356795,0.5687787016651026,0.5616197395324707,0.43347843050956725,0.057174425822470516,4.436281119929419,0.8857445276095247,10.903111111111109,0.008071285372189808,0.9532887155818267,900,923,1.0,1.0255555555555556,0.025555555555555557,0.6023835319609967,0.5498554706573486,0.654433486557369,0.07421840054580131,10.43904185295105
A0.85_R0.74_V0.70_P0.60,0.85,0.74,0.7,0.6,10,20270911,0.33666666666666667,0.4015555555555556,0.26177777777777783,0.5984444444444444,0.6633333333333334,0.569576749970303,0.37,0.6250731998311285,0.07700129950244444,0.9883842035018708,0.10239479312180823,0.5683120417357695,0.5486186647415161,0.43519891738891603,0.05749472377405339,4.478855327129364,0.8901372550390144,11.053333333333333,0.0067621512558240756,0.9495142701136504,900,927,1.0,1.03,0.03,0.6429341963322546,0.5546082854270935,0.6342824224070809,0.07381886828283979,10.143197059631348
A0.85_R0.74_V0.70_P0.60,0.85,0.74,0.7,0.6,11,20271920,0.35422222222222216,0.37355555555555564,0.2722222222222222,0.6264444444444444,0.6457777777777777,0.587571731585542,0.41955555555555557,0.6485323232893654,0.08525601373578606,0.9900412987983089,0.10203981627407355,0.5665224055340556,0.5628488183021545,0.431952166557312,0.057452513966480455,4.442059346940782,0.9030791049359373,10.928888888888888,0.008622006898925888,0.9516777444707906,900,929,1.0,1.0322222222222222,0.03222222222222222,0.6167922497308934,0.5484080910682678,0.6574038893430769,0.08186735039411563,10.071868181228638
A0.85_R0.74_V0.70_P0.60,0.85,0.74,0.7,0.6,12,20272929,0.358,0.3737777777777778,0.2682222222222222,0.6262222222222222,0.642,0.5919341863929083,0.4337777777777777,0.6493944552785041,0.07797528966230179,0.9881319609064516,0.09755063635816857,0.5671077449271249,0.5649783802032471,0.43258917689323423,0.05731595282433272,4.438094167338478,0.904227264385711,10.839555555555556,0.0082642810369611,0.9504462656622558,900,925,1.0,1.0277777777777777,0.027777777777777776,0.6118918918918919,0.5489266514778137,0.6581764076575582,0.0747598471312707,10.543553113937378
A0.85_R0.74_V0.70_P0.60,0.85,0.74,0.7,0.6,13,20273938,0.35222222222222227,0.3831111111111111,0.26466666666666666,0.6168888888888889,0.6477777777777779,0.5851017735490048,0.41955555555555557,0.6431043286990312,0.08248949492148172,0.9921415111393221,0.10141473984367128,0.5700359601654985,0.5603666472434997,0.4358165228366852,0.057487274984481695,4.484564014063942,0.8928933078120687,10.912444444444445,0.0077148603788912565,0.9495222945684128,900,930,1.0,1.0333333333333334,0.03333333333333333,0.6451612903225806,0.5540245175361633,0.6520664137675826,0.07912551841466264,9.684835433959961
A0.85_R0.74_V0.70_P0.60,0.85,0.74,0.7,0.6,14,20274947,0.36244444444444446,0.3771111111111112,0.2604444444444444,0.6228888888888888,0.6375555555555557,0.5866140976422539,0.4173333333333334,0.6488633585128748,0.0820868847193676,0.9910271212775896,0.10051803400115414,0.568706731770641,0.5636400270462036,0.42975288510322573,0.05730353817504655,4.408029436482324,0.9059259528472162,11.015555555555556,0.008914229509063756,0.9518645324550653,900,925,1.0,1.0277777777777777,0.027777777777777776,0.6054054054054054,0.544682502746582,0.6577282786960545,0.07878151696673119,9.805797338485718
A0.85_R0.74_V0.70_P0.60,0.85,0.74,0.7,0.6,15,20275956,0.3566666666666667,0.38066666666666665,0.26266666666666666,0.6193333333333334,0.6433333333333333,0.5842070202180037,0.41422222222222227,0.638373827473401,0.07750044062475736,0.9888210327579607,0.10162938077454033,0.5679932188450347,0.5587583065032959,0.43479064106941223,0.056804469273743025,4.420895430935754,0.9013317625280968,10.90088888888889,0.007818790923711617,0.9505766024793044,900,916,1.0,1.0177777777777777,0.017777777777777778,0.6342794759825328,0.5505538582801819,0.6474019821598107,0.07436172058888135,9.847132921218872
A0.85_R0.74_V0.70_P0.60,0.85,0.74,0.7,0.6,16,20276965,0.3491111111111111,0.38666666666666666,0.2642222222222222,0.6133333333333334,0.6508888888888889,0.5830926984740866,0.4137777777777778,0.6427487533338895,0.08077311661550751,0.9912281919526109,0.10188919278176403,0.5691309970508448,0.5616343784332275,0.4298398816585541,0.05773805090006208,4.442397446738349,0.9032490626923086,11.02888888888889,0.007994941901004604,0.9486828151670358,900,932,1.0,1.0355555555555556,0.035555555555555556,0.6158798283261803,0.54668790102005,0.6515509490499405,0.0776028381681848,9.587817907333374
A0.85_R0.74_V0.70_P0.60,0.85,0.74,0.7,0.6,17,20277974,0.34333333333333327,0.38955555555555554,0.26711111111111113,0.6104444444444446,0.6566666666666666,0.5775752602673861,0.38800000000000007,0.6324899685019726,0.07681415325749387,0.9877027887510663,0.10037383569189483,0.5692276028877068,0.5552073383331299,0.43201918959617613,0.056906269397889515,4.400596753279369,0.9003813731232684,10.94177777777778,0.007270503933607276,0.9530087393789727,900,918,1.0,1.02,0.02,0.6263616557734205,0.5481071472167969,0.6415261640133182,0.07360112865512325,10.000102519989014
A0.85_R0.74_V0.70_P0.60,0.85,0.74,0.7,0.6,18,20278983,0.36888888888888893,0.36266666666666664,0.26844444444444443,0.6373333333333333,0.6311111111111111,0.5897184553412278,0.43511111111111106,0.6458528205865105,0.08710490373541077,0.9910674786018508,0.10319971957048818,0.5714626068574095,0.5623866939544677,0.4336155128479004,0.057688392302917446,4.477574732674492,0.9035041701040865,11.01377777777778,0.008209279174212884,0.9497055749321192,900,930,1.0,1.0333333333333334,0.03333333333333333,0.6333333333333333,0.5513353943824768,0.6548251937936017,0.08347551512037366,10.009211778640747
A0.85_R0.74_V0.70_P0.60,0.85,0.74,0.7,0.6,19,20279992,0.3657777777777778,0.3642222222222222,0.26999999999999996,0.6357777777777778,0.6342222222222221,0.5790460586780349,0.40444444444444444,0.6367657023772038,0.08693940966153882,0.9917800133545369,0.10486760942402651,0.5683199557013681,0.5573817801475525,0.43478979587554933,0.056931098696461825,4.430657414224412,0.9062258980099661,10.975999999999997,0.008365117261798853,0.9518581575118324,900,920,1.0,1.0222222222222221,0.022222222222222223,0.6423913043478261,0.5502431392669678,0.6458155014867248,0.08346350419735038,9.89015007019043
A0.85_R0.74_V0.70_P0.90,0.85,0.74,0.7,0.9,0,20260821,0.360888888888889,0.37200000000000005,0.2671111111111111,0.628,0.6391111111111111,0.5845930724249038,0.41644444444444445,0.642464752601269,0.08803637763340155,0.9919662558252963,0.10215868244455308,0.5697568464250812,0.560926399230957,0.4382099449634552,0.056727498448168844,4.449623179382748,0.898108900355148,10.520888888888889,0.00878322486921385,0.9511537747355291,900,916,1.0,1.0177777777777777,0.017777777777777778,0.6539301310043668,0.5542529225349426,0.6515333934896173,0.08435505541561139,10.351697444915771
A0.85_R0.74_V0.70_P0.90,0.85,0.74,0.7,0.9,1,20261830,0.3695555555555556,0.3502222222222222,0.2802222222222222,0.6497777777777778,0.6304444444444445,0.5984683628040607,0.46022222222222225,0.6608801895020419,0.08566531500478781,0.9902424343683809,0.10011412211842337,0.5695048756539165,0.5758340954780579,0.4399768996238709,0.05680943513345748,4.47399644947052,0.9066753444310588,10.504000000000001,0.009158734931214593,0.9502614855479706,900,918,1.0,1.02,0.02,0.6546840958605664,0.5549401044845581,0.6697068522943285,0.08213140119715767,10.370881080627441
A0.85_R0.74_V0.70_P0.90,0.85,0.74,0.7,0.9,2,20262839,0.3562222222222222,0.3935555555555556,0.25022222222222223,0.6064444444444443,0.6437777777777778,0.5700527572565492,0.37222222222222223,0.6231844870159623,0.0883347281614802,0.9896477937842124,0.1053998357899766,0.570449500666991,0.5495743083953858,0.43476579546928407,0.05679950341402856,4.420282544400957,0.905314682051781,10.62888888888889,0.0075852750849088445,0.9508105925593097,900,916,1.0,1.0177777777777777,0.017777777777777778,0.6244541484716157,0.5509834885597229,0.6324273532615057,0.08473273169742956,10.25199842453003
A0.85_R0.74_V0.70_P0.90,0.85,0.74,0.7,0.9,3,20263848,0.35266666666666674,0.37933333333333336,0.268,0.6206666666666666,0.6473333333333333,0.585407722323286,0.41377777777777774,0.6441171612314688,0.07796433087332655,0.9897535159571426,0.09880607489576836,0.5694427347129993,0.561896026134491,0.43561264634132385,0.056737430167597774,4.4240511170493235,0.8948394739023464,10.54088888888889,0.007879433008617338,0.9498887462034626,900,916,1.0,1.0177777777777777,0.017777777777777778,0.6266375545851528,0.5510573387145996,0.6530578584884533,0.07470521348455073,10.207861185073853
A0.85_R0.74_V0.70_P0.90,0.85,0.74,0.7,0.9,4,20264857,0.36466666666666664,0.3793333333333333,0.256,0.6206666666666667,0.6353333333333334,0.5783621007756894,0.3931111111111111,0.633878061607011,0.08617409703582694,0.9921706357593032,0.1061793311938802,0.5669773322857077,0.5558661937713623,0.43170604467391965,0.05698075729360646,4.4031344994968835,0.9108833279118876,10.552444444444443,0.008599991985214186,0.9489656297097325,900,920,1.0,1.0222222222222221,0.022222222222222223,0.6119565217391304,0.5459277629852295,0.6429260827451436,0.08262062665933034,10.744878053665161
A0.85_R0.74_V0.70_P0.90,0.85,0.74,0.7,0.9,5,20265866,0.3595555555555556,0.37644444444444447,0.264,0.6235555555555555,0.6404444444444444,0.5816948602968589,0.41244444444444445,0.6370960643750622,0.0857184305801199,0.9914069248273133,0.10260104541134706,0.5683885653840115,0.5582372450828552,0.4315235352516174,0.0569286157666046,4.397230409993066,0.8964068890276538,10.604888888888889,0.00812723709540148,0.9505743367628047,900,919,1.0,1.021111111111111,0.021111111111111112,0.6082698585418934,0.5463204383850098,0.6461762055421277,0.08214462842097991,10.214646100997925
A0.85_R0.74_V0.70_P0.90,0.85,0.74,0.7,0.9,6,20266875,0.36644444444444446,0.36933333333333335,0.26422222222222225,0.6306666666666666,0.6335555555555555,0.5840400433786458,0.4115555555555555,0.6430789581631573,0.08602988440455243,0.9920687393246911,0.10350911601243029,0.5704007395979519,0.5618393158912659,0.43559827089309694,0.05691123525760398,4.4374240156279665,0.9030975328450088,10.627555555555555,0.008793703481456989,0.9504528787085192,900,918,1.0,1.02,0.02,0.6416122004357299,0.550755500793457,0.6520783293165195,0.08253386230531179,10.395256519317627
A0.85_R0.74_V0.70_P0.90,0.85,0.74,0.7,0.9,7,20267884,0.3597777777777778,0.37866666666666665,0.2615555555555556,0.6213333333333333,0.6402222222222222,0.5832242954103131,0.406,0.6384581817260845,0.08932295305160523,0.9915042550256851,0.1040746604245582,0.5689730624882018,0.5594294953346253,0.43555374145507814,0.05648665425201739,4.403932290765974,0.9095384615384616,10.463111111111111,0.008182129921319897,0.950128664086978,900,910,1.0,1.011111111111111,0.011111111111111112,0.6307692307692307,0.5503920912742615,0.6474676242599324,0.08572215060893362,10.244173288345337
A0.85_R0.74_V0.70_P0.90,0.85,0.74,0.7,0.9,8,20268893,0.36666666666666664,0.36888888888888893,0.2644444444444444,0.6311111111111111,0.6333333333333333,0.5842463624666876,0.4117777777777778,0.6403073152928281,0.08711924416581207,0.9900596271616199,0.10373506328338734,0.568595846355223,0.5594230508804321,0.43343445897102356,0.05709993792675357,4.429983120070563,0.9032000823958377,10.590666666666666,0.008959618044460622,0.95155713098451,900,922,1.0,1.0244444444444445,0.024444444444444446,0.6149674620390455,0.5488340258598328,0.6493730392817166,0.08360537958022896,10.151120662689209
A0.85_R0.74_V0.70_P0.90,0.85,0.74,0.7,0.9,9,20269902,0.35733333333333334,0.3737777777777777,0.2688888888888889,0.6262222222222222,0.6426666666666666,0.585186838529602,0.42,0.6451956394135165,0.07676145193554812,0.9898395263988163,0.0991735409032955,0.568380815239236,0.5622845840454102,0.43379550099372866,0.056975791433892004,4.424102044317458,0.9056945747377889,10.636,0.007580734172291422,0.9532887155818267,900,919,1.0,1.021111111111111,0.021111111111111112,0.6137105549510338,0.5498554706573486,0.6539760777356853,0.07362951261886175,10.415634155273438
A0.85_R0.74_V0.70_P0.90,0.85,0.74,0.7,0.9,10,20270911,0.33399999999999996,0.4044444444444445,0.26155555555555554,0.5955555555555555,0.6659999999999999,0.5717017610564641,0.3753333333333333,0.6251783389359695,0.07723412136541728,0.9881319142267874,0.10047572206571707,0.5691178811779769,0.5497234082221985,0.43762862801551816,0.05654624456859095,4.429508130179511,0.9027927725903231,10.523555555555554,0.006725286360281882,0.9495142701136504,900,913,1.0,1.0144444444444445,0.014444444444444444,0.6473165388828039,0.5546082854270935,0.6344035413999161,0.07407635882384622,10.678212642669678
A0.85_R0.74_V0.70_P0.90,0.85,0.74,0.7,0.9,11,20271920,0.3568888888888889,0.37222222222222223,0.2708888888888889,0.6277777777777778,0.6431111111111111,0.5886468805056141,0.43133333333333335,0.6486455969062415,0.08570514282627638,0.9897528286750696,0.10344999060622434,0.5690778838857931,0.5650137591362,0.4334911572933197,0.05700062073246431,4.422879671096802,0.9103471792172043,10.63733333333333,0.008691745057657674,0.9516777444707906,900,920,1.0,1.0222222222222221,0.022222222222222223,0.6315217391304347,0.5484080910682678,0.6576052422875723,0.08238057743442684,10.228511095046997
A0.85_R0.74_V0.70_P0.90,0.85,0.74,0.7,0.9,12,20272929,0.3575555555555555,0.37711111111111106,0.2653333333333333,0.6228888888888889,0.6424444444444444,0.5900520630648433,0.43222222222222223,0.6493668597191302,0.07806590255656784,0.9884849357005896,0.10019509291359582,0.5697841147608463,0.5657208299636841,0.4339581894874573,0.056943513345747994,4.4231879776848695,0.9057424511810533,10.576888888888888,0.00873642041365111,0.9504462656622558,900,919,1.0,1.021111111111111,0.021111111111111112,0.6256800870511425,0.5489266514778137,0.6582463534855164,0.07486281403833805,10.087890386581421
A0.85_R0.74_V0.70_P0.90,0.85,0.74,0.7,0.9,13,20273938,0.33022222222222225,0.3937777777777778,0.276,0.6062222222222222,0.6697777777777777,0.5850958614670732,0.41422222222222227,0.6432807274664287,0.08213871127406065,0.9916650935695381,0.09968442608912512,0.5701763878793793,0.561819052696228,0.43802290201187133,0.05674487895716947,4.449063133239746,0.9051773165752806,10.523555555555555,0.007994321540130299,0.9495222945684128,900,916,1.0,1.0177777777777777,0.017777777777777778,0.6626637554585153,0.5540245175361633,0.6522629149435324,0.07872515245716638,9.709141254425049
A0.85_R0.74_V0.70_P0.90,0.85,0.74,0.7,0.9,14,20274947,0.3493333333333333,0.3922222222222222,0.2584444444444445,0.6077777777777779,0.6506666666666666,0.5874885845235864,0.41977777777777775,0.6487577212228149,0.082211795205621,0.9906665495325688,0.09984868582994086,0.5687965259950084,0.5641823577880859,0.4317655313014984,0.056499068901303545,4.366515816688538,0.8969030455677146,10.524888888888889,0.008405263197828554,0.9518645324550653,900,912,1.0,1.0133333333333334,0.013333333333333334,0.6019736842105263,0.544682502746582,0.6575927513775228,0.07894315662673912,9.782532215118408
A0.85_R0.74_V0.70_P0.90,0.85,0.74,0.7,0.9,15,20275956,0.3591111111111111,0.3751111111111111,0.2657777777777778,0.6248888888888888,0.6408888888888888,0.583875841777221,0.4128888888888889,0.6388610504104877,0.07751356525353376,0.9890189172141359,0.09880081500285258,0.5708307188262546,0.5601001644134521,0.4354829287528992,0.05654872749844817,4.408054956542121,0.9110428100987924,10.54088888888889,0.008492398552078378,0.9505766024793044,900,911,1.0,1.0122222222222221,0.012222222222222223,0.6410537870472008,0.5505538582801819,0.6480020018075286,0.07428078802876459,9.825894594192505
A0.85_R0.74_V0.70_P0.90,0.85,0.74,0.7,0.9,16,20276965,0.3597777777777778,0.37177777777777776,0.26844444444444443,0.6282222222222222,0.6402222222222222,0.5853738619726818,0.41577777777777775,0.642947958384356,0.08080935843443939,0.9904819460024078,0.10146549163336946,0.5703809846324355,0.5632615256309509,0.4325342786312103,0.05662073246430789,4.383769640180799,0.9046215964335812,10.551555555555556,0.007643590169981716,0.9486828151670358,900,913,1.0,1.0144444444444445,0.014444444444444444,0.6254107338444688,0.54668790102005,0.6517264344532007,0.07764085838298063,9.955016851425171
A0.85_R0.74_V0.70_P0.90,0.85,0.74,0.7,0.9,17,20277974,0.34644444444444455,0.3813333333333333,0.2722222222222222,0.6186666666666667,0.6535555555555556,0.5766887863207248,0.3951111111111111,0.632630244205648,0.07673516608293274,0.9881709859035126,0.09895144412136807,0.5683195947367896,0.5554993057250976,0.43277677178382873,0.056571073867163264,4.382354496320088,0.907916218847155,10.567555555555558,0.007401273266706628,0.9530087393789727,900,913,1.0,1.0144444444444445,0.014444444444444444,0.6308871851040526,0.5481071472167969,0.6416561214551775,0.07354953096592953,9.65980577468872
A0.85_R0.74_V0.70_P0.90,0.85,0.74,0.7,0.9,18,20278983,0.35088888888888886,0.3795555555555555,0.26955555555555555,0.6204444444444445,0.6491111111111111,0.5886586732065177,0.42400000000000004,0.6459251094011436,0.08698951810837242,0.9907575266926207,0.10213668369980212,0.5690612570785193,0.5635744738578796,0.4361000156402588,0.05683674736188703,4.436754709773593,0.9021477210739484,10.664444444444444,0.008694666216147399,0.9497055749321192,900,916,1.0,1.0177777777777777,0.017777777777777778,0.6495633187772926,0.5513353943824768,0.6550622170661314,0.08334490901706104,9.75312876701355
A0.85_R0.74_V0.70_P0.90,0.85,0.74,0.7,0.9,19,20279992,0.3575555555555555,0.3802222222222222,0.2622222222222222,0.6197777777777778,0.6424444444444444,0.5807501341095861,0.3977777777777778,0.6369966540480532,0.08672942573235494,0.9911629568918319,0.10568224735330956,0.5707892499538496,0.5559540796279907,0.4342955243587494,0.0569211669770329,4.424988891283672,0.8979716466739369,10.589333333333332,0.009129373680197889,0.9518581575118324,900,917,1.0,1.018888888888889,0.01888888888888889,0.6412213740458015,0.5502431392669678,0.6461139386967991,0.08317638518992121,9.72286581993103
A0.85_R0.90_V0.30_P0.60,0.85,0.9,0.3,0.6,0,20260821,0.30933333333333335,0.4342222222222222,0.2564444444444445,0.5657777777777778,0.6906666666666668,0.6063607926084427,0.4651111111111112,0.6661283947056578,0.07688814529549774,0.9841832996707841,0.09254662174137174,0.6666399416720963,0.5656092882156372,0.4333794093132019,0.05712228429546865,4.431194654252795,0.877248543431606,10.798222222222224,0.0046315955552460215,0.9511537747355291,900,923,1.0,1.0255555555555556,0.025555555555555557,0.6273022751895991,0.5542529225349426,0.6760918302612468,0.07298665452616326,9.399878740310669
A0.85_R0.90_V0.30_P0.60,0.85,0.9,0.3,0.6,1,20261830,0.316,0.4324444444444444,0.2515555555555556,0.5675555555555556,0.684,0.6227064938539449,0.5253333333333333,0.6833982113072996,0.07395954995179382,0.9826829104279041,0.08772018170520295,0.666312355141549,0.5775822448730469,0.4348251748085022,0.05692613283674737,4.4307068191634285,0.8827594162224528,10.746666666666664,0.005173875866201239,0.9502614855479706,900,919,1.0,1.021111111111111,0.021111111111111112,0.6278563656147987,0.5549401044845581,0.6931019813037439,0.07022470572925732,9.611993312835693
A0.85_R0.90_V0.30_P0.60,0.85,0.9,0.3,0.6,2,20262839,0.306,0.4293333333333333,0.26466666666666666,0.5706666666666667,0.6940000000000001,0.598747323519632,0.4491111111111112,0.6503289636263719,0.07667546630243549,0.9767567294947281,0.09518901093173344,0.6676457148457787,0.5548938846588135,0.43081082701683043,0.05686902545003105,4.385405141353607,0.8842493020348438,10.786222222222223,0.002465432782458861,0.9508105925593097,900,918,1.0,1.02,0.02,0.6078431372549019,0.5509834885597229,0.660589420417083,0.07280043479237785,10.38956356048584
A0.85_R0.90_V0.30_P0.60,0.85,0.9,0.3,0.6,3,20263848,0.31666666666666665,0.43,0.2533333333333333,0.57,0.6833333333333332,0.6101387015008158,0.4891111111111111,0.6674712654776128,0.06797180855210522,0.9796874614467522,0.09073948880610043,0.667433181114378,0.566799590587616,0.4307242619991303,0.05716449410304159,4.407314703888363,0.8763801697898991,10.849777777777776,0.003401524389402983,0.9498887462034626,900,922,1.0,1.0244444444444445,0.024444444444444446,0.6095444685466378,0.5510573387145996,0.6772187897183254,0.06455552383434537,10.135459899902344
A0.85_R0.90_V0.30_P0.60,0.85,0.9,0.3,0.6,4,20264857,0.3202222222222222,0.4328888888888888,0.2468888888888889,0.5671111111111111,0.6797777777777777,0.6049700486457553,0.47,0.6577149190229551,0.07517401390527653,0.9855337384744047,0.0922459988423137,0.6680130137007626,0.5611062908172607,0.4284640145301819,0.05663811297330851,4.343769811895159,0.8880872386092742,10.793333333333335,0.003762423549630701,0.9489656297097325,900,915,1.0,1.0166666666666666,0.016666666666666666,0.6010928961748634,0.5459277629852295,0.6679126348037452,0.07119248222312846,10.253949880599976
A0.85_R0.90_V0.30_P0.60,0.85,0.9,0.3,0.6,5,20265866,0.30244444444444446,0.44733333333333336,0.25022222222222223,0.5526666666666666,0.6975555555555556,0.6080163703183848,0.4842222222222222,0.6609942176977057,0.0745862759326844,0.9824878038633167,0.0936701030082071,0.6689672755623497,0.5615680289268493,0.42669379711151123,0.05719428926132837,4.3683015139367845,0.8715333263460774,10.841777777777777,0.0028825807949848085,0.9505743367628047,900,923,1.0,1.0255555555555556,0.025555555555555557,0.5882990249187432,0.5463204383850098,0.671129723684007,0.07071114076996343,10.154146909713745
A0.85_R0.90_V0.30_P0.60,0.85,0.9,0.3,0.6,6,20266875,0.326,0.41577777777777775,0.25822222222222224,0.5842222222222222,0.6739999999999999,0.6105467021751995,0.4966666666666667,0.6663918657486679,0.07649056766043963,0.9855552006227309,0.09356890506099554,0.6667980944463882,0.5653739809989929,0.4320641791820526,0.05685164494103043,4.396757650534313,0.8820226682358506,10.945333333333332,0.003787834572711574,0.9504528787085192,900,918,1.0,1.02,0.02,0.6209150326797386,0.550755500793457,0.6763635921661523,0.07274345162216145,10.08262586593628
A0.85_R0.90_V0.30_P0.60,0.85,0.9,0.3,0.6,7,20267884,0.3237777777777778,0.42911111111111105,0.24711111111111111,0.570888888888889,0.6762222222222222,0.6087091210145977,0.48977777777777776,0.6626880240884644,0.07879171342861939,0.9828551065264972,0.09499991304258167,0.6670975775712428,0.565923068523407,0.4310627102851868,0.05685661080074488,4.387008420573341,0.8766277521108747,10.679555555555556,0.0042770143340785565,0.950128664086978,900,917,1.0,1.018888888888889,0.01888888888888889,0.6117775354416576,0.5503920912742615,0.6725710856414336,0.07507763588645355,10.547010898590088
A0.85_R0.90_V0.30_P0.60,0.85,0.9,0.3,0.6,8,20268893,0.316,0.44133333333333336,0.2426666666666667,0.5586666666666666,0.684,0.6123821828562458,0.5115555555555555,0.6648660745584121,0.07590531975152306,0.9822980752802754,0.09331618977777172,0.6670324480006944,0.5653333258628845,0.4302675437927246,0.05685412787088765,4.378705816109975,0.8841397107421602,10.729777777777779,0.004770340782103738,0.95155713098451,900,918,1.0,1.02,0.02,0.5980392156862745,0.5488340258598328,0.6750474750050375,0.07200652223534454,11.115353345870972
A0.85_R0.90_V0.30_P0.60,0.85,0.9,0.3,0.6,9,20269902,0.322,0.4177777777777778,0.2602222222222222,0.5822222222222222,0.6779999999999999,0.6144874667188782,0.506,0.6700912450328897,0.06712414036836056,0.9786454795815942,0.08946536518856568,0.666921301636024,0.5669416975975037,0.42800377011299134,0.05795406579764123,4.439855776839786,0.8831076944500938,10.97111111111111,0.003608005458323934,0.9532887155818267,900,937,1.0,1.041111111111111,0.04111111111111111,0.5795090715048026,0.5498554706573486,0.6799125597454103,0.06392869181908778,10.243199110031128
A0.85_R0.90_V0.30_P0.60,0.85,0.9,0.3,0.6,10,20270911,0.31666666666666665,0.44111111111111106,0.24222222222222223,0.5588888888888889,0.6833333333333332,0.6000926951559107,0.45822222222222225,0.6517611169988078,0.06725147595796074,0.9761967420029838,0.09275975496555716,0.668353591714304,0.5564949345588684,0.43358979940414427,0.056638112973308515,4.395793883005777,0.8725170416676602,10.887111111111112,0.002948845239128287,0.9495142701136504,900,914,1.0,1.0155555555555555,0.015555555555555555,0.6258205689277899,0.5546082854270935,0.6620099984596004,0.06395508236295333,10.21956491470337
A0.85_R0.90_V0.30_P0.60,0.85,0.9,0.3,0.6,11,20271920,0.3208888888888889,0.4342222222222222,0.2448888888888889,0.5657777777777778,0.679111111111111,0.6150600728628061,0.5051111111111112,0.6718996989150015,0.07506463230868582,0.9816944534583684,0.09091282293821386,0.6685432531986097,0.5684024810791015,0.4300698006153107,0.05667039106145252,4.362624057610829,0.8772346323091408,10.711111111111109,0.004244630725221975,0.9516777444707906,900,913,1.0,1.0144444444444445,0.014444444444444444,0.6111719605695509,0.5484080910682678,0.6817909506745392,0.07131771543157917,9.949880599975586
A0.85_R0.90_V0.30_P0.60,0.85,0.9,0.3,0.6,12,20272929,0.32466666666666666,0.41533333333333333,0.26,0.5846666666666667,0.6753333333333331,0.6178845050610365,0.5117777777777778,0.6728041338747937,0.06829263703898424,0.9791631438551596,0.08904169404022998,0.6676316082331083,0.571260929107666,0.4297931170463562,0.05700558659217877,4.385578753789266,0.890848068050295,10.80177777777778,0.0036662152693395767,0.9504462656622558,900,920,1.0,1.0222222222222221,0.022222222222222223,0.6,0.5489266514778137,0.6826877320112824,0.06478563421997463,10.114485025405884
A0.85_R0.90_V0.30_P0.60,0.85,0.9,0.3,0.6,13,20273938,0.3124444444444444,0.4315555555555556,0.256,0.5684444444444444,0.6875555555555555,0.6152097994103091,0.5044444444444445,0.6685598686383696,0.07060636994217248,0.9843522725002569,0.08963156803314058,0.6698314448754124,0.5668774724006653,0.4332166516780853,0.056975791433892004,4.418184366544088,0.8819418813062798,10.76,0.0037190674582211836,0.9495222945684128,900,919,1.0,1.021111111111111,0.021111111111111112,0.6311207834602829,0.5540245175361633,0.6785991258863387,0.06694521456916003,10.336608648300171
A0.85_R0.90_V0.30_P0.60,0.85,0.9,0.3,0.6,14,20274947,0.32977777777777784,0.42177777777777775,0.24844444444444444,0.5782222222222222,0.6702222222222222,0.6137892045174598,0.49355555555555564,0.672048409721475,0.07223957461536885,0.9838146171699649,0.09047038008546487,0.6650362141957005,0.5698328924179077,0.4270633900165558,0.05679950341402856,4.3419551440344915,0.8956073790359702,10.824000000000002,0.0039581865974290505,0.9518645324550653,900,916,1.0,1.0177777777777777,0.017777777777777778,0.5829694323144105,0.544682502746582,0.6818509306817324,0.06877859747181292,10.150968074798584
A0.85_R0.90_V0.30_P0.60,0.85,0.9,0.3,0.6,15,20275956,0.3224444444444444,0.43244444444444446,0.24511111111111109,0.5675555555555555,0.6775555555555555,0.6106826831553174,0.4791111111111111,0.6629213790753987,0.0682329276696575,0.9785728307805889,0.090249403524994,0.6671215482806998,0.5636588191986084,0.4311072325706482,0.056806952203600256,4.383641295274098,0.8801452702588952,10.908444444444445,0.003493218672390509,0.9505766024793044,900,916,1.0,1.0177777777777777,0.017777777777777778,0.6135371179039302,0.5505538582801819,0.6729246289246753,0.06479019902557481,10.382224082946777
A0.85_R0.90_V0.30_P0.60,0.85,0.9,0.3,0.6,16,20276965,0.308,0.43977777777777777,0.25222222222222224,0.5602222222222222,0.6919999999999998,0.6100491989091953,0.48111111111111104,0.6663870482121422,0.07135215813680623,0.9819998541816313,0.09175769520332597,0.6692700626426966,0.5680271410942077,0.4278639757633209,0.05695344506517691,4.361901345941756,0.8833399987697484,10.826222222222222,0.004136843264876606,0.9486828151670358,900,918,1.0,1.02,0.02,0.6023965141612201,0.54668790102005,0.6761406064804321,0.06792277788693313,9.632706880569458
A0.85_R0.90_V0.30_P0.60,0.85,0.9,0.3,0.6,17,20277974,0.3168888888888889,0.4331111111111111,0.25,0.5668888888888889,0.683111111111111,0.6064813013244191,0.4737777777777778,0.6580150277277755,0.06563597873197274,0.9777117627822948,0.09126035103813403,0.6689582020695388,0.5610536551475525,0.42835603952407836,0.05688392302917444,4.361591851870219,0.881886586695747,10.723999999999998,0.002756776387706706,0.9530087393789727,900,917,1.0,1.018888888888889,0.01888888888888889,0.6095965103598692,0.5481071472167969,0.668145480405262,0.06219428507277236,9.704012632369995
A0.85_R0.90_V0.30_P0.60,0.85,0.9,0.3,0.6,18,20278983,0.32466666666666666,0.42155555555555557,0.25377777777777777,0.5784444444444444,0.6753333333333333,0.6124406415196617,0.4979999999999999,0.6696507090910008,0.0766658813200831,0.9803850446792043,0.09341738614340096,0.6690256706396207,0.5678614544868469,0.43105936408042905,0.057308504034761024,4.421792323960199,0.8724378221981255,10.757333333333333,0.0040052462894129255,0.9497055749321192,900,928,1.0,1.031111111111111,0.03111111111111111,0.6077586206896551,0.5513353943824768,0.6795417119721473,0.07291949423587685,9.447009086608887
A0.85_R0.90_V0.30_P0.60,0.85,0.9,0.3,0.6,19,20279992,0.31577777777777777,0.43222222222222223,0.252,0.5677777777777778,0.6842222222222222,0.6095545760427914,0.4851111111111112,0.6616716413304803,0.07669558161056572,0.9840400284036969,0.092267431017394,0.6674513653891817,0.5624837374687195,0.43050791025161744,0.05703289882060832,4.394953896946377,0.8919398946191213,10.969333333333331,0.004572329911124936,0.9518581575118324,900,920,1.0,1.0222222222222221,0.022222222222222223,0.6217391304347826,0.5502431392669678,0.6718788809353325,0.07293986234432825,9.577783346176147
A0.85_R0.90_V0.30_P0.90,0.85,0.9,0.3,0.9,0,20260821,0.2955555555555555,0.44177777777777777,0.26266666666666666,0.5582222222222222,0.7044444444444444,0.6120071698395896,0.49755555555555553,0.6666245072516283,0.07715018009997764,0.9816392637814282,0.09255508811175271,0.669396158586234,0.5664150547981263,0.4343110060691833,0.056767225325884546,4.413152937624189,0.8809871459147922,10.50488888888889,0.003997515873806932,0.9511537747355291,900,915,1.0,1.0166666666666666,0.016666666666666666,0.6360655737704918,0.5542529225349426,0.6767187007093971,0.07314239106346676,9.700902462005615
A0.85_R0.90_V0.30_P0.90,0.85,0.9,0.3,0.9,1,20261830,0.3422222222222222,0.3931111111111111,0.26466666666666666,0.6068888888888889,0.6577777777777779,0.6230488084146354,0.5253333333333333,0.6833705598031223,0.07392957625172605,0.9823593931475806,0.09165670604243832,0.6685325560437747,0.5793702530860901,0.43596137046813965,0.05658100558659219,4.415361544397142,0.8998086249308881,10.480444444444444,0.005254955848691468,0.9502614855479706,900,913,1.0,1.0144444444444445,0.014444444444444444,0.6440306681270537,0.5549401044845581,0.6930438895677626,0.07031714926789712,9.516449928283691
A0.85_R0.90_V0.30_P0.90,0.85,0.9,0.3,0.9,2,20262839,0.31066666666666665,0.4302222222222222,0.25911111111111107,0.5697777777777778,0.6893333333333334,0.5993119204356538,0.4544444444444445,0.6500659317447357,0.07619598845689157,0.9772351832232801,0.09436199764757931,0.668306349362656,0.5560369038581848,0.43172072887420654,0.05652638112973309,4.3682225214640305,0.8745894500669473,10.53911111111111,0.0035495117773390104,0.9508105925593097,900,911,1.0,1.0122222222222221,0.012222222222222223,0.6092206366630076,0.5509834885597229,0.6605864823532154,0.0722703847500119,9.853764057159424
A0.85_R0.90_V0.30_P0.90,0.85,0.9,0.3,0.9,3,20263848,0.3173333333333333,0.4235555555555555,0.25911111111111107,0.5764444444444444,0.6826666666666666,0.6115473087249794,0.4906666666666667,0.6676774926795578,0.06787889067246652,0.981537628583129,0.09013883452659732,0.6670177116568142,0.5677320218086243,0.4326982665061951,0.056362507759155814,4.36544472667906,0.8866079295154186,10.650666666666666,0.003537173544532923,0.9498887462034626,900,908,1.0,1.008888888888889,0.008888888888888889,0.6178414096916299,0.5510573387145996,0.6775012988760629,0.06442542010864338,10.204891443252563
A0.85_R0.90_V0.30_P0.90,0.85,0.9,0.3,0.9,4,20264857,0.332,0.4353333333333334,0.2326666666666667,0.5646666666666667,0.6680000000000001,0.6060200283357342,0.47511111111111115,0.6580808382566796,0.07497785135202492,0.9848615584365177,0.09455547989419834,0.6663130555418413,0.5603588914871216,0.42809885621070864,0.05681191806331472,4.353429421477847,0.8750909098875774,10.507555555555557,0.004449877936368516,0.9489656297097325,900,916,1.0,1.0177777777777777,0.017777777777777778,0.6080786026200873,0.5459277629852295,0.6679875572511396,0.07124059973064334,9.999645471572876
A0.85_R0.90_V0.30_P0.90,0.85,0.9,0.3,0.9,5,20265866,0.31066666666666665,0.4517777777777778,0.23755555555555558,0.5482222222222223,0.6893333333333332,0.6078935018985833,0.4895555555555556,0.6610716536722023,0.07439569101512958,0.981219405053729,0.09327491374452145,0.6675944328534255,0.5627615666389465,0.42927940368652345,0.05630043451272502,4.326182497448391,0.8844542447629548,10.668444444444445,0.003336518483509297,0.9505743367628047,900,907,1.0,1.0077777777777779,0.0077777777777777776,0.5920617420066152,0.5463204383850098,0.6710457596448901,0.0705879219322858,10.197876214981079
A0.85_R0.90_V0.30_P0.90,0.85,0.9,0.3,0.9,6,20266875,0.32422222222222224,0.4228888888888889,0.2528888888888889,0.5771111111111111,0.6757777777777778,0.6103356574729851,0.4864444444444444,0.6668574667543353,0.07628619807214047,0.9858246769472224,0.09175277566064398,0.6677415166431608,0.5661146306991577,0.4325569212436676,0.056692737430167596,4.3895162863201564,0.8909330224474838,10.51688888888889,0.004614482064331141,0.9504528787085192,900,915,1.0,1.0166666666666666,0.016666666666666666,0.6295081967213115,0.550755500793457,0.6768132505751586,0.07266439808951763,10.509055376052856
A0.85_R0.90_V0.30_P0.90,0.85,0.9,0.3,0.9,7,20267884,0.3015555555555556,0.44888888888888884,0.24955555555555556,0.5511111111111111,0.6984444444444443,0.6054830396008434,0.4644444444444445,0.6622483654172864,0.0791543611307886,0.9835292429993894,0.09586032058883612,0.6679065379804328,0.5645826387405396,0.4320548832416534,0.05648913718187462,4.368743013964759,0.8927527532840375,10.583111111111112,0.0032292443361874113,0.950128664086978,900,911,1.0,1.0122222222222221,0.012222222222222223,0.6158068057080132,0.5503920912742615,0.6722179990728709,0.07526951722244091,10.132173776626587
A0.85_R0.90_V0.30_P0.90,0.85,0.9,0.3,0.9,8,20268893,0.3222222222222222,0.42911111111111105,0.24866666666666667,0.570888888888889,0.6777777777777776,0.6110514682749141,0.4944444444444444,0.6652738247430099,0.07613120973269306,0.9816598989889035,0.09294832927837796,0.6664937946462591,0.5666457629203796,0.4301708328723908,0.05674487895716946,4.369374826484256,0.885141586253901,10.45911111111111,0.004027427479606483,0.95155713098451,900,915,1.0,1.0166666666666666,0.016666666666666666,0.5989071038251366,0.5488340258598328,0.675352723478717,0.0723312479382523,10.033575057983398
A0.85_R0.90_V0.30_P0.90,0.85,0.9,0.3,0.9,9,20269902,0.31177777777777776,0.43355555555555564,0.2546666666666667,0.5664444444444444,0.6882222222222221,0.6148956767410544,0.49955555555555553,0.669921981487936,0.06714924281206748,0.9817144074145802,0.08913264639573112,0.6688658499758787,0.5684679055213928,0.43154735922813414,0.05653382991930478,4.36702052783966,0.8912988912779763,10.498666666666669,0.004036234298020417,0.9532887155818267,900,913,1.0,1.0144444444444445,0.014444444444444444,0.6013143483023001,0.5498554706573486,0.6797901630413147,0.06380610438341394,10.231559991836548
A0.85_R0.90_V0.30_P0.90,0.85,0.9,0.3,0.9,10,20270911,0.30644444444444446,0.43733333333333335,0.2562222222222222,0.5626666666666668,0.6935555555555556,0.6021184566948573,0.45955555555555555,0.6522217981313088,0.06744814206283972,0.9753588035691406,0.0915730023399062,0.6686375056598288,0.5566618585586548,0.4338456988334656,0.056561142147734327,4.392355332533518,0.8739288187008691,10.504000000000001,0.0016567505269800436,0.9495142701136504,900,914,1.0,1.0155555555555555,0.015555555555555555,0.6301969365426696,0.5546082854270935,0.66246190609157,0.06409385615672569,10.060060977935791
A0.85_R0.90_V0.30_P0.90,0.85,0.9,0.3,0.9,11,20271920,0.3233333333333333,0.41666666666666674,0.25999999999999995,0.5833333333333333,0.6766666666666665,0.614227361973721,0.5017777777777779,0.6720033450728118,0.07547476680638893,0.9812207541168668,0.09118732624693678,0.6692360896204509,0.5689130520820618,0.43067577481269836,0.05652141527001863,4.357222452057733,0.8880210135211877,10.485777777777777,0.004668257720518015,0.9516777444707906,900,912,1.0,1.0133333333333334,0.013333333333333334,0.6085526315789473,0.5484080910682678,0.6819620633814818,0.07177193115867464,10.650591373443604
A0.85_R0.90_V0.30_P0.90,0.85,0.9,0.3,0.9,12,20272929,0.32888888888888895,0.42977777777777776,0.24133333333333337,0.5702222222222223,0.671111111111111,0.6191688965340991,0.5204444444444445,0.6737390228860183,0.06763202483745762,0.9797663825828639,0.08818786178144977,0.6681907896606525,0.5722371578216553,0.4304386830329895,0.05685164494103043,4.380284895684984,0.8775876310110675,10.697777777777778,0.004716728560386147,0.9504462656622558,900,917,1.0,1.018888888888889,0.01888888888888889,0.5986913849509269,0.5489266514778137,0.6836446327239571,0.06417394262512666,9.959020853042603
A0.85_R0.90_V0.30_P0.90,0.85,0.9,0.3,0.9,13,20273938,0.3133333333333333,0.4415555555555556,0.24511111111111114,0.5584444444444444,0.6866666666666665,0.6133757042592244,0.4915555555555555,0.6680578706180215,0.0710267048830298,0.9838730169730779,0.09111889597148619,0.6680594150116879,0.567899980545044,0.435367636680603,0.05621104903786469,4.38054671075609,0.8868786359811202,10.469777777777779,0.0038185741830205288,0.9495222945684128,900,906,1.0,1.0066666666666666,0.006666666666666667,0.6412803532008831,0.5540245175361633,0.6781836033844479,0.0674053713769136,10.01810097694397
A0.85_R0.90_V0.30_P0.90,0.85,0.9,0.3,0.9,14,20274947,0.32955555555555555,0.428,0.24244444444444443,0.5720000000000001,0.6704444444444444,0.615633264108905,0.5037777777777778,0.672726536395104,0.07222752805762873,0.9834947358695949,0.08997243815559258,0.6676011167564648,0.5691651678085328,0.42708548069000246,0.056806952203600256,4.342781420548757,0.8736819624406423,10.673333333333336,0.004374763162126368,0.9518645324550653,900,916,1.0,1.0177777777777777,0.017777777777777778,0.584061135371179,0.544682502746582,0.6826306212846789,0.06873418866260983,9.792980432510376
A0.85_R0.90_V0.30_P0.90,0.85,0.9,0.3,0.9,15,20275956,0.3213333333333333,0.44755555555555554,0.23111111111111116,0.5524444444444445,0.6786666666666666,0.609268873897423,0.478,0.6638258814296449,0.06763991105994736,0.9781628881182846,0.09107469563698586,0.6681711731054791,0.5644972538948059,0.4313965427875519,0.05672253258845438,4.380096339384714,0.8775205696467989,10.52977777777778,0.003971126039512398,0.9505766024793044,900,914,1.0,1.0155555555555555,0.015555555555555555,0.6170678336980306,0.5505538582801819,0.673671530940104,0.0643906404470369,10.104382514953613
A0.85_R0.90_V0.30_P0.90,0.85,0.9,0.3,0.9,16,20276965,0.32422222222222224,0.41999999999999993,0.25577777777777777,0.5800000000000001,0.6757777777777777,0.6130834525739669,0.4966666666666667,0.6666555054423786,0.07117099717128966,0.9841602679173473,0.09104700945969314,0.6674670270063803,0.5702228307723999,0.4297841513156891,0.05632774674115457,4.333331714895037,0.8861775018037592,10.433333333333332,0.0037487105474617193,0.9486828151670358,900,908,1.0,1.008888888888889,0.008888888888888889,0.6123348017621145,0.54668790102005,0.6764053176988665,0.06783117612931,9.884493350982666
A0.85_R0.90_V0.30_P0.90,0.85,0.9,0.3,0.9,17,20277974,0.3071111111111111,0.43133333333333324,0.26155555555555554,0.5686666666666668,0.6928888888888888,0.6061221826219207,0.47355555555555556,0.657873667451572,0.06619998370073868,0.9779041772078803,0.09105672578182561,0.6676367457462831,0.5611026620864868,0.4290716862678528,0.05659590316573557,4.34676156674491,0.8866348794387388,10.585333333333333,0.0027122604027032563,0.9530087393789727,900,912,1.0,1.0133333333333334,0.013333333333333334,0.6085526315789473,0.5481071472167969,0.6679302045926043,0.06275053433701183,9.803723096847534
A0.85_R0.90_V0.30_P0.90,0.85,0.9,0.3,0.9,18,20278983,0.3257777777777778,0.4202222222222223,0.254,0.5797777777777777,0.6742222222222222,0.6147404958833651,0.5057777777777778,0.6692091717700228,0.07669636372257875,0.9818160735146586,0.09194864096934846,0.6663163219932055,0.5695174980163574,0.4332706081867218,0.05628801986343886,4.365425459649828,0.8877810310292038,10.40088888888889,0.0038911664373336543,0.9497055749321192,900,907,1.0,1.0077777777777779,0.0077777777777777776,0.6185226019845645,0.5513353943824768,0.6792165804230562,0.07291644042660717,9.537204504013062
A0.85_R0.90_V0.30_P0.90,0.85,0.9,0.3,0.9,19,20279992,0.31066666666666665,0.4402222222222221,0.2491111111111111,0.5597777777777779,0.6893333333333332,0.6077737491422239,0.4897777777777778,0.6621854277565749,0.07657584645378292,0.9846727878844983,0.09525427287409906,0.6660352502180971,0.5630605554580689,0.4320551943778992,0.05641216635630045,4.362756028917101,0.8716114274253586,10.492,0.004629399277763132,0.9518581575118324,900,910,1.0,1.011111111111111,0.011111111111111112,0.6318681318681318,0.5502431392669678,0.6723091257410511,0.07291836268325835,9.510772466659546
A0.85_R0.90_V0.70_P0.60,0.85,0.9,0.7,0.6,0,20260821,0.29688888888888887,0.428,0.2751111111111111,0.5720000000000001,0.7031111111111111,0.6149915079215096,0.504,0.6685713270173492,0.07566351374905853,0.9820571098680364,0.0896603916073167,0.6686996675516005,0.5691352152824402,0.43532407641410825,0.05671756672873991,4.419428574826982,0.8893044378289808,10.748444444444445,0.004338595083293531,0.9511537747355291,900,919,1.0,1.021111111111111,0.021111111111111112,0.6365614798694232,0.5542529225349426,0.6786660955534854,0.07172648560854378,9.723309755325317
A0.85_R0.90_V0.70_P0.60,0.85,0.9,0.7,0.6,1,20261830,0.3055555555555555,0.4235555555555555,0.2708888888888889,0.5764444444444444,0.6944444444444444,0.6256206600262355,0.5386666666666667,0.6849372953798509,0.07308719071231203,0.982294866636643,0.08813362512122314,0.6688691822944446,0.5794973850250245,0.434907021522522,0.05721663563004346,4.454172705491384,0.8849183522527712,10.837777777777779,0.004683717447963974,0.9502614855479706,900,923,1.0,1.0255555555555556,0.025555555555555557,0.6305525460455038,0.5549401044845581,0.6945766655481881,0.06938508949693678,9.518568515777588
A0.85_R0.90_V0.70_P0.60,0.85,0.9,0.7,0.6,2,20262839,0.29133333333333333,0.4351111111111111,0.27355555555555555,0.5648888888888889,0.7086666666666668,0.6031867579557255,0.47422222222222216,0.6514390318474743,0.07616942585187353,0.9750778016831064,0.09340187484334246,0.66998078844289,0.5563976502418518,0.43246904730796815,0.05634016139044073,4.361351924684312,0.8839656955636103,10.786222222222223,0.0031819285483700045,0.9508105925593097,900,910,1.0,1.011111111111111,0.011111111111111112,0.6175824175824176,0.5509834885597229,0.661994505161538,0.07222255551368262,9.483571290969849
A0.85_R0.90_V0.70_P0.60,0.85,0.9,0.7,0.6,3,20263848,0.3248888888888889,0.4191111111111111,0.256,0.5808888888888889,0.6751111111111111,0.6146908838221798,0.5062222222222222,0.6689829353393997,0.06719073562554395,0.9792283638438367,0.08921924655018998,0.6670633048620251,0.5689454579353332,0.4319247591495514,0.05681688392302917,4.392714078426361,0.8888687594272423,11.041777777777776,0.003999048146413588,0.9498887462034626,900,917,1.0,1.018888888888889,0.01888888888888889,0.608505997818975,0.5510573387145996,0.6787362696487544,0.06384093711919991,9.64135193824768
A0.85_R0.90_V0.70_P0.60,0.85,0.9,0.7,0.6,4,20264857,0.30977777777777776,0.43066666666666664,0.25955555555555554,0.5693333333333332,0.6902222222222223,0.610412738886385,0.4893333333333333,0.6597903660755757,0.07436283456507509,0.984067957152814,0.09257331796670179,0.6688977397451956,0.5612267398834229,0.42701211214065554,0.05723401613904408,4.374641372256809,0.8761434575306979,10.779555555555557,0.004360692609615503,0.9489656297097325,900,924,1.0,1.0266666666666666,0.02666666666666667,0.5930735930735931,0.5459277629852295,0.66994429249054,0.070572303627364,10.584272861480713
A0.85_R0.90_V0.70_P0.60,0.85,0.9,0.7,0.6,5,20265866,0.30133333333333334,0.4302222222222222,0.26844444444444443,0.5697777777777778,0.6986666666666665,0.6104796000898137,0.4851111111111111,0.6623789056584406,0.07360596943240116,0.9817743906436683,0.09121121962655636,0.6692315562484862,0.564066333770752,0.427857803106308,0.056916201117318446,4.35896402115292,0.8725718583191283,10.770222222222223,0.003602075676355388,0.9505743367628047,900,918,1.0,1.02,0.02,0.5871459694989106,0.5463204383850098,0.6724444095410198,0.06985039449105712,10.112137794494629
A0.85_R0.90_V0.70_P0.60,0.85,0.9,0.7,0.6,6,20266875,0.3175555555555556,0.42,0.2624444444444444,0.58,0.6824444444444444,0.6156507072103797,0.5057777777777778,0.6683639322466352,0.07561233126624964,0.9849825845283524,0.09238195094726817,0.6664340207817875,0.5677429962158204,0.43111992835998536,0.0573308504034761,4.424187381373511,0.8813722952222497,10.919111111111112,0.005240333293191592,0.9504528787085192,900,926,1.0,1.028888888888889,0.028888888888888888,0.6285097192224622,0.550755500793457,0.6783492955443339,0.07184888969264991,10.118059635162354
A0.85_R0.90_V0.70_P0.60,0.85,0.9,0.7,0.6,7,20267884,0.2931111111111111,0.43066666666666664,0.27622222222222226,0.5693333333333334,0.7068888888888888,0.6130581414208003,0.5004444444444445,0.6634504288157211,0.07827028714943025,0.9831720503777974,0.09401404757159237,0.6684928976748803,0.5670724797248841,0.4323507010936737,0.05675481067659839,4.3922540946536595,0.8728212954673115,10.937777777777779,0.004301972759941233,0.950128664086978,900,915,1.0,1.0166666666666666,0.016666666666666666,0.6174863387978142,0.5503920912742615,0.673489064405567,0.07440700173374126,10.214618921279907
A0.85_R0.90_V0.70_P0.60,0.85,0.9,0.7,0.6,8,20268893,0.31000000000000005,0.4344444444444445,0.25555555555555554,0.5655555555555555,0.6899999999999998,0.6137675182705772,0.4942222222222222,0.6661303857915682,0.07519977457890652,0.982611281101522,0.09258888738272818,0.6662858614386394,0.5671135568618775,0.4302096378803253,0.056983240223463696,4.3881382970280125,0.87359477124183,10.742222222222221,0.004824826729058006,0.95155713098451,900,918,1.0,1.02,0.02,0.5969498910675382,0.5488340258598328,0.6762435202845739,0.0713870152199163,10.176907777786255
A0.85_R0.90_V0.70_P0.60,0.85,0.9,0.7,0.6,9,20269902,0.2951111111111111,0.41666666666666663,0.2882222222222222,0.5833333333333334,0.7048888888888889,0.6127634637767456,0.49133333333333334,0.6707212089661436,0.06726079188429977,0.9782282305531464,0.09071139381253093,0.6663683673235468,0.5684252834320068,0.43083630681037904,0.056816883923029186,4.381678653611076,0.8929344023671463,10.66088888888889,0.0039060454692282005,0.9532887155818267,900,916,1.0,1.0177777777777777,0.017777777777777778,0.5993449781659389,0.5498554706573486,0.6805724635663071,0.06394486953077805,10.136522769927979
A0.85_R0.90_V0.70_P0.60,0.85,0.9,0.7,0.6,10,20270911,0.29066666666666663,0.43999999999999995,0.2693333333333333,0.56,0.7093333333333334,0.6051247328575431,0.4726666666666667,0.6539634823210905,0.06684929906235774,0.9756667149879796,0.090955018729629,0.6681984100430803,0.5578904247283936,0.43430014729499816,0.05657355679702048,4.39796919711431,0.8764110942305523,10.761777777777777,0.002999742565861131,0.9495142701136504,900,912,1.0,1.0133333333333334,0.013333333333333334,0.6326754385964912,0.5546082854270935,0.6644031914204876,0.06342973019696752,10.575850009918213
A0.85_R0.90_V0.70_P0.60,0.85,0.9,0.7,0.6,11,20271920,0.3055555555555555,0.4371111111111112,0.2573333333333333,0.5628888888888889,0.6944444444444443,0.6171072298198442,0.5068888888888889,0.6735620587233082,0.07438226002172994,0.9800726188594246,0.09043200190663069,0.6672156057945406,0.5696112513542175,0.4299381768703461,0.0568019863438858,4.3713594964875115,0.8795788107917305,10.728,0.00503256415703524,0.9516777444707906,900,916,1.0,1.0177777777777777,0.017777777777777778,0.6058951965065502,0.5484080910682678,0.6834401065117204,0.07069345067728539,10.289048671722412
A0.85_R0.90_V0.70_P0.60,0.85,0.9,0.7,0.6,12,20272929,0.2995555555555556,0.4384444444444444,0.262,0.5615555555555556,0.7004444444444444,0.6181846486970529,0.5044444444444445,0.6747553640509537,0.06727652867378983,0.9790396895669338,0.08827617746332972,0.6703248398966831,0.5718322134017945,0.4297210741043091,0.05720918684047176,4.400511019070944,0.8831663216206094,10.907555555555554,0.004274924144797853,0.9504462656622558,900,922,1.0,1.0244444444444445,0.024444444444444446,0.6030368763557483,0.5489266514778137,0.684634092314759,0.06381039174935266,10.260425090789795
A0.85_R0.90_V0.70_P0.60,0.85,0.9,0.7,0.6,13,20273938,0.3044444444444444,0.42533333333333323,0.2702222222222222,0.5746666666666667,0.6955555555555556,0.617009561874305,0.5111111111111111,0.669256997290605,0.07052033563933269,0.9839147256271795,0.08989370519574255,0.6688702240633475,0.5686183905601502,0.4341553890705109,0.05689633767846059,4.421594722165001,0.8707323717513273,10.758222222222221,0.004535241600292995,0.9495222945684128,900,918,1.0,1.02,0.02,0.6383442265795207,0.5540245175361633,0.6794356113405111,0.06678326356612407,10.299940347671509
A0.85_R0.90_V0.70_P0.60,0.85,0.9,0.7,0.6,14,20274947,0.3124444444444444,0.41488888888888886,0.27266666666666667,0.5851111111111111,0.6875555555555555,0.6171519609410039,0.5186666666666666,0.6742156411340169,0.07143853265628147,0.9821870943232218,0.08883696833474992,0.6700493739124078,0.5701988196372986,0.4279436147212982,0.05656114214773433,4.332669033898247,0.896709168005719,10.853777777777777,0.004730655627597322,0.9518645324550653,900,912,1.0,1.0133333333333334,0.013333333333333334,0.5899122807017544,0.544682502746582,0.6840842519807422,0.06787592544754895,10.132272005081177
A0.85_R0.90_V0.70_P0.60,0.85,0.9,0.7,0.6,15,20275956,0.312,0.43733333333333335,0.2506666666666667,0.5626666666666666,0.688,0.6107315744981665,0.48533333333333334,0.6647425211219544,0.06792819121394365,0.9776800724248712,0.09095209469187111,0.666877187147412,0.5649546766281128,0.4312956774234772,0.05695592799503414,4.397070071114434,0.8851724645283315,10.792,0.004729587053465637,0.9505766024793044,900,919,1.0,1.021111111111111,0.021111111111111112,0.6126224156692056,0.5505538582801819,0.6747041602313234,0.06454763373768269,10.177592992782593
A0.85_R0.90_V0.70_P0.60,0.85,0.9,0.7,0.6,16,20276965,0.30777777777777776,0.41888888888888887,0.2733333333333333,0.5811111111111111,0.6922222222222222,0.6144949827726867,0.498,0.6682101065754634,0.07087356099025331,0.9819410193563906,0.089848685645043,0.6701702348297747,0.5693093538284302,0.42871318221092225,0.056829298572315334,4.3610356832080415,0.8875851767007898,10.718666666666667,0.004561782601703872,0.9486828151670358,900,916,1.0,1.0177777777777777,0.017777777777777778,0.6091703056768559,0.54668790102005,0.6780748267825812,0.06741024782941785,10.052809000015259
A0.85_R0.90_V0.70_P0.60,0.85,0.9,0.7,0.6,17,20277974,0.2962222222222222,0.43977777777777777,0.264,0.5602222222222223,0.7037777777777778,0.6083558902083677,0.4844444444444445,0.6588850941604502,0.06621922973325942,0.9775124764438716,0.09001122856897116,0.668123028104043,0.5617963337898254,0.4292624008655548,0.05674487895716947,4.360102657318116,0.8812875193089554,10.782222222222222,0.003573292936577799,0.9530087393789727,900,916,1.0,1.0177777777777777,0.017777777777777778,0.611353711790393,0.5481071472167969,0.6691107897081832,0.06271484307635555,9.915661334991455
A0.85_R0.90_V0.70_P0.60,0.85,0.9,0.7,0.6,18,20278983,0.31555555555555553,0.4215555555555555,0.2628888888888889,0.5784444444444445,0.6844444444444444,0.6162755594886916,0.5146666666666666,0.6715515937890179,0.07529008915530276,0.9783744939545713,0.09091942256063827,0.6664290698799717,0.570862820148468,0.43229788422584536,0.05695096213531969,4.406915206326379,0.8662396799262538,10.709777777777777,0.0054224681633311764,0.9497055749321192,900,918,1.0,1.02,0.02,0.6198257080610022,0.5513353943824768,0.6814668336338546,0.0716712080801567,9.638164043426514
A0.85_R0.90_V0.70_P0.60,0.85,0.9,0.7,0.6,19,20279992,0.296,0.43111111111111106,0.2728888888888889,0.5688888888888889,0.704,0.6119313312969286,0.4906666666666667,0.663214468883606,0.07617671271671006,0.9834826560356968,0.09093580724121895,0.6703658807571611,0.5638306045532226,0.43176684617996214,0.05668528864059591,4.3809554028511055,0.8829606347103152,10.898666666666667,0.004218979028120987,0.9518581575118324,900,914,1.0,1.0155555555555555,0.015555555555555555,0.6291028446389497,0.5502431392669678,0.6734278958260635,0.0723666198935502,9.597787618637085
A0.85_R0.90_V0.70_P0.90,0.85,0.9,0.7,0.9,0,20260821,0.3144444444444444,0.4217777777777777,0.2637777777777777,0.5782222222222222,0.6855555555555555,0.6150398340109312,0.5102222222222222,0.6683138975968618,0.07570773640922013,0.9824031918763967,0.09075984769208603,0.6682182257675029,0.5689250040054321,0.4361004722118378,0.05630043451272502,4.394923595693376,0.8901433296582139,10.418666666666665,0.005056449974612218,0.9511537747355291,900,907,1.0,1.0077777777777779,0.0077777777777777776,0.6405733186328556,0.5542529225349426,0.6784802667039485,0.07172390714186161,9.479668378829956
A0.85_R0.90_V0.70_P0.90,0.85,0.9,0.7,0.9,1,20261830,0.3315555555555556,0.39555555555555555,0.2728888888888889,0.6044444444444445,0.6684444444444444,0.6264566684558515,0.5344444444444445,0.6846648903837843,0.07360744550626797,0.9833928437984214,0.08974106300537851,0.665455576558077,0.5798681807518006,0.43709155201911926,0.05635009310986965,4.408684629281362,0.8883373705443686,10.459555555555557,0.005811695520266245,0.9502614855479706,900,911,1.0,1.0122222222222221,0.012222222222222223,0.6355653128430296,0.5549401044845581,0.6944919721650449,0.06983496065848915,9.665074348449707
A0.85_R0.90_V0.70_P0.90,0.85,0.9,0.7,0.9,2,20262839,0.31177777777777776,0.43044444444444446,0.2577777777777778,0.5695555555555556,0.6882222222222222,0.6045561207828724,0.4711111111111111,0.6515192919016468,0.07555673017345924,0.9773979640491062,0.09223643370602744,0.6678147331515311,0.5570952248573303,0.4320772206783295,0.05662321539416512,4.3792925268809,0.8791430526015849,10.65911111111111,0.0036295197638533273,0.9508105925593097,900,913,1.0,1.0144444444444445,0.014444444444444444,0.6078860898138007,0.5509834885597229,0.6620448663237861,0.07168537240150741,9.794613599777222
A0.85_R0.90_V0.70_P0.90,0.85,0.9,0.7,0.9,3,20263848,0.3175555555555556,0.40888888888888886,0.27355555555555555,0.5911111111111111,0.6824444444444445,0.6147944885309142,0.5035555555555555,0.6687100250680694,0.06753652766777372,0.9800740505392942,0.08865669568584753,0.6667293612907609,0.5687984681129455,0.43351282596588137,0.05630043451272502,4.368845979796515,0.8885115766262405,10.725333333333332,0.004878788218804086,0.9498887462034626,900,907,1.0,1.0077777777777779,0.0077777777777777776,0.6262403528114664,0.5510573387145996,0.6785793809785589,0.06413495238269529,9.69827651977539
A0.85_R0.90_V0.70_P0.90,0.85,0.9,0.7,0.9,4,20264857,0.3217777777777778,0.4246666666666667,0.2535555555555556,0.5753333333333334,0.6782222222222223,0.6090004635298868,0.4855555555555556,0.6594854365922711,0.07433840122811981,0.9852550540745697,0.09216059719425793,0.667515820386065,0.5627568817138672,0.4296475100517273,0.056350093109869645,4.333657252947489,0.8833319522350784,10.578666666666665,0.004703621940382653,0.9489656297097325,900,909,1.0,1.01,0.01,0.605060506050605,0.5459277629852295,0.6696991475395941,0.07036723560235947,9.5130615234375
A0.85_R0.90_V0.70_P0.90,0.85,0.9,0.7,0.9,5,20265866,0.2955555555555555,0.4255555555555555,0.27888888888888885,0.5744444444444445,0.7044444444444444,0.6120400647674378,0.5000000000000001,0.6623016020177941,0.07385856246881735,0.9816210946456452,0.09121053636898954,0.6696501779937672,0.565683217048645,0.42929672718048095,0.05654872749844817,4.345436900456747,0.8815806805708014,10.478666666666667,0.003796587562190307,0.9505743367628047,900,911,1.0,1.0122222222222221,0.012222222222222223,0.5960482985729967,0.5463204383850098,0.6724596864078943,0.06997086280026976,9.549097537994385
A0.85_R0.90_V0.70_P0.90,0.85,0.9,0.7,0.9,6,20266875,0.304,0.4288888888888889,0.2671111111111111,0.5711111111111111,0.696,0.6105090580876179,0.49044444444444446,0.6679372481176741,0.0762820641878425,0.9855909124893342,0.09221999309014862,0.6680533181847291,0.5678284358978272,0.43290562033653257,0.05661080074487896,4.386776980506049,0.8753070175438595,10.675999999999998,0.004856157602414692,0.9504528787085192,900,912,1.0,1.0133333333333334,0.013333333333333334,0.6293859649122807,0.550755500793457,0.677891188695473,0.07268761844064131,9.589059114456177
A0.85_R0.90_V0.70_P0.90,0.85,0.9,0.7,0.9,7,20267884,0.3044444444444444,0.4331111111111111,0.2624444444444444,0.5668888888888889,0.6955555555555555,0.6124844293427261,0.49911111111111106,0.6637659801720974,0.0784548646409179,0.9832224243927845,0.09471996741825257,0.6682249486628963,0.5668173623085022,0.43364798665046694,0.05609186840471756,4.353994849999745,0.8778695400778134,10.428000000000003,0.005218513882063513,0.950128664086978,900,904,1.0,1.0044444444444445,0.0044444444444444444,0.6261061946902655,0.5503920912742615,0.6739253325139261,0.07448006539015695,10.039104700088501
A0.85_R0.90_V0.70_P0.90,0.85,0.9,0.7,0.9,8,20268893,0.30666666666666664,0.41955555555555557,0.2737777777777778,0.5804444444444444,0.6933333333333332,0.6121851051327598,0.49955555555555553,0.6668091446522564,0.07525517248372413,0.9805240687297194,0.0917156225662389,0.6679205156697854,0.5691257786750793,0.4317808473110199,0.056424581005586595,4.360986508422427,0.8892849284928492,10.594222222222221,0.0044376788978610394,0.95155713098451,900,909,1.0,1.01,0.01,0.6116611661166117,0.5488340258598328,0.6769492572302799,0.07136612197557235,10.679495096206665
A0.85_R0.90_V0.70_P0.90,0.85,0.9,0.7,0.9,9,20269902,0.31577777777777777,0.4251111111111111,0.2591111111111111,0.5748888888888889,0.6842222222222222,0.6115787436426932,0.4882222222222222,0.6712248903047375,0.06683977919338145,0.9794474418444931,0.0888441624775184,0.6675708715761138,0.5698420715332031,0.4322100019454956,0.056362507759155814,4.360518666320377,0.8866519823788547,10.462222222222222,0.004037881353390701,0.9532887155818267,900,908,1.0,1.008888888888889,0.008888888888888889,0.6079295154185022,0.5498554706573486,0.6809388321022888,0.06362155773871869,10.240642309188843
A0.85_R0.90_V0.70_P0.90,0.85,0.9,0.7,0.9,10,20270911,0.3088888888888889,0.42044444444444445,0.27066666666666667,0.5795555555555556,0.6911111111111111,0.6048780662362672,0.46688888888888885,0.6532963346170232,0.06693333390464243,0.97706764539674,0.09213108868087153,0.667921367767601,0.5565761518478394,0.4338185513019562,0.056727498448168844,4.405020034578111,0.8805468196401669,10.610666666666667,0.0032138905340740316,0.9495142701136504,900,915,1.0,1.0166666666666666,0.016666666666666666,0.6360655737704918,0.5546082854270935,0.6636908507968673,0.06359689992588868,10.15796947479248
A0.85_R0.90_V0.70_P0.90,0.85,0.9,0.7,0.9,11,20271920,0.3231111111111111,0.4231111111111111,0.25377777777777777,0.576888888888889,0.676888888888889,0.6168238127383996,0.5186666666666667,0.673119438958671,0.07484572473174862,0.9807603917891747,0.09070100445699879,0.6668938581150528,0.5707934832572937,0.4314261865615845,0.05640720049658598,4.356010397328271,0.885905577863052,10.548444444444444,0.00538335179772531,0.9516777444707906,900,911,1.0,1.0122222222222221,0.012222222222222223,0.6223929747530187,0.5484080910682678,0.6830945970471266,0.0710921922836627,10.184590816497803
A0.85_R0.90_V0.70_P0.90,0.85,0.9,0.7,0.9,12,20272929,0.30977777777777776,0.4295555555555556,0.26066666666666666,0.5704444444444444,0.6902222222222223,0.6189146240938297,0.5237777777777777,0.6747831875473199,0.06736172954329273,0.9787737450935897,0.08842398327223933,0.6691844650579404,0.5734434056282044,0.4323347628116608,0.056302917442582257,4.357070914533403,0.9040078205482159,10.467111111111112,0.005092408625848815,0.9504462656622558,900,910,1.0,1.011111111111111,0.011111111111111112,0.610989010989011,0.5489266514778137,0.6845822807657315,0.06406359766371805,10.217084169387817
A0.85_R0.90_V0.70_P0.90,0.85,0.9,0.7,0.9,13,20273938,0.3164444444444444,0.4197777777777778,0.2637777777777778,0.5802222222222222,0.6835555555555556,0.6148935681478883,0.5006666666666666,0.6690336447746738,0.07060902779642132,0.9856035594716661,0.0900529960649303,0.6682983830274649,0.5688019180297852,0.434985466003418,0.05658348851644941,4.4056117534107635,0.8923185120726866,10.550666666666666,0.004128983434163516,0.9495222945684128,900,915,1.0,1.0166666666666666,0.016666666666666666,0.6415300546448087,0.5540245175361633,0.6790037124407633,0.0670041706432043,10.262795448303223
A0.85_R0.90_V0.70_P0.90,0.85,0.9,0.7,0.9,14,20274947,0.32266666666666666,0.40911111111111104,0.2682222222222222,0.5908888888888889,0.6773333333333333,0.6161658598061069,0.5022222222222222,0.6733828074120127,0.0719774961876689,0.9837812880350103,0.09163301707634322,0.6696362457422438,0.57127521276474,0.42900505423545837,0.056280571073867164,4.3218701735602485,0.891207459275539,10.390222222222224,0.004869684846721661,0.9518645324550653,900,907,1.0,1.0077777777777779,0.0077777777777777776,0.5887541345093715,0.544682502746582,0.6833162605422876,0.0685744372324728,10.552589654922485
A0.85_R0.90_V0.70_P0.90,0.85,0.9,0.7,0.9,15,20275956,0.29355555555555557,0.4373333333333333,0.26911111111111113,0.5626666666666668,0.7064444444444444,0.6116109453566945,0.4888888888888889,0.66480334806843,0.06756396403134195,0.9781193297256273,0.09073778873377009,0.6692655968723648,0.5651905465126038,0.4313997161388397,0.05686654252017381,4.391162641048432,0.8879870415545121,10.624,0.004106870673520737,0.9505766024793044,900,918,1.0,1.02,0.02,0.6111111111111112,0.5505538582801819,0.6748391581315772,0.06415553245729977,10.956881761550903
A0.85_R0.90_V0.70_P0.90,0.85,0.9,0.7,0.9,16,20276965,0.3188888888888889,0.4228888888888889,0.25822222222222224,0.5771111111111111,0.681111111111111,0.6102168396102104,0.48977777777777787,0.666997119589866,0.07150892159655142,0.9825953931780111,0.0916463380867125,0.6659333437656682,0.569149374961853,0.4296306896209717,0.05648665425201739,4.344043627685971,0.8807912087912088,10.463111111111111,0.0045309022871574825,0.9486828151670358,900,910,1.0,1.011111111111111,0.011111111111111112,0.6087912087912087,0.54668790102005,0.6768136753552814,0.06812889119227239,10.363940715789795
A0.85_R0.90_V0.70_P0.90,0.85,0.9,0.7,0.9,17,20277974,0.3011111111111111,0.4295555555555556,0.26933333333333337,0.5704444444444445,0.6988888888888889,0.6079419857722634,0.4795555555555556,0.6594319628758529,0.06538510773635053,0.9753222799581909,0.08962711800530819,0.6672767658631724,0.56228276014328,0.42976168155670164,0.05650403476101801,4.346684441725413,0.8744562309260444,10.484888888888888,0.0029621193035654025,0.9530087393789727,900,911,1.0,1.0122222222222221,0.012222222222222223,0.6158068057080132,0.5481071472167969,0.6695668197034235,0.06195239782366335,10.099830389022827
A0.85_R0.90_V0.70_P0.90,0.85,0.9,0.7,0.9,18,20278983,0.3315555555555555,0.4026666666666667,0.2657777777777778,0.5973333333333334,0.6684444444444445,0.6151869710056147,0.5046666666666667,0.670956342590651,0.07567727270967961,0.9800824504968867,0.09090375706298834,0.6671248402396458,0.570696439743042,0.43351131677627563,0.05640968342644321,4.377273887634278,0.8891241928181782,10.438222222222223,0.004966962898603748,0.9497055749321192,900,910,1.0,1.011111111111111,0.011111111111111112,0.6351648351648351,0.5513353943824768,0.6809196815425175,0.07195271434391781,10.005192041397095
A0.85_R0.90_V0.70_P0.90,0.85,0.9,0.7,0.9,19,20279992,0.2957777777777778,0.45333333333333337,0.2508888888888889,0.5466666666666666,0.7042222222222223,0.6141253640640426,0.5062222222222222,0.6635567973793468,0.07586021665787335,0.9832103399146304,0.09098428525358353,0.667241029425737,0.5638801741600037,0.4322025299072266,0.05650403476101801,4.371371669345432,0.862856081350044,10.564888888888891,0.0047390776959811125,0.9518581575118324,900,911,1.0,1.0122222222222221,0.012222222222222223,0.6256860592755215,0.5502431392669678,0.6737776870311991,0.07203573118915041,10.464351177215576
