factor,level,multiplier,replication,seed,final_peer_share,final_ai_share,final_hybrid_share,final_human_interaction_rate,final_ai_use_rate,final_mean_quality,final_success_rate,final_mean_knowledge,final_knowledge_gini,final_knowledge_rank_corr_with_initial,final_performance_gini,final_mean_ai_trust,final_mean_peer_trust,final_mean_tie_strength,final_network_density,final_mean_weighted_degree,final_recent_active_tie_fraction,final_mean_unique_peer_partners,final_mean_peer_marginal,final_mean_ai_availability_probability,initial_edge_count,final_edge_count,edge_retention_ratio,edge_count_ratio,new_edge_ratio,strong_tie_fraction,initial_mean_tie,final_mean_skill,final_skill_gini,runtime_seconds
reference,reference,1.0,0,20260821,0.4031111111111111,0.33911111111111114,0.2577777777777778,0.6608888888888889,0.5968888888888889,0.590052791448501,0.43511111111111106,0.6475507832101444,0.08560842004728211,0.990286242830839,0.099667152638121,0.5922422649177828,0.5650177025794982,0.4377553820610046,0.05721415270018622,4.4831345582008355,0.9175869686393789,10.799111111111115,0.007952262303099924,0.9140966130400551,900,923,1.0,1.0255555555555556,0.025555555555555557,0.6446370530877573,0.5542529225349426,0.6568116185649298,0.08179134015953804,10.421965837478638
reference,reference,1.0,1,20261830,0.40111111111111114,0.33866666666666667,0.26022222222222224,0.6613333333333334,0.5988888888888888,0.6017265519570408,0.4615555555555556,0.6643636111266854,0.08391365086547857,0.9901216300844712,0.098723908914975,0.5956068854600735,0.5777353763580322,0.4399692118167877,0.056901303538175046,4.481211267789205,0.9170920935459753,10.670222222222222,0.008367037963824951,0.9122998879002018,900,917,1.0,1.018888888888889,0.01888888888888889,0.6543075245365322,0.5549401044845581,0.6734220883042219,0.08026579136505796,10.088360786437988
reference,reference,1.0,2,20262839,0.38822222222222225,0.36711111111111117,0.24466666666666664,0.6328888888888888,0.6117777777777778,0.5779516908516535,0.40577777777777774,0.6274740330242885,0.08603265779216575,0.9880631463595536,0.10322733969808869,0.5935928752552905,0.5515279698371888,0.43490747213363645,0.05699068901303539,4.436625652313232,0.9065031375867963,10.715555555555554,0.0073610008486962334,0.9130499245571237,900,919,1.0,1.021111111111111,0.021111111111111112,0.6322089227421109,0.5509834885597229,0.6372049747907388,0.08229381803021596,10.19560694694519
reference,reference,1.0,3,20263848,0.39266666666666666,0.3482222222222222,0.2591111111111111,0.6517777777777778,0.6073333333333334,0.5919614957503352,0.43355555555555564,0.6478924431799509,0.07627198979703943,0.9897981138169049,0.0964539702952369,0.5907524251983564,0.565546944141388,0.436116578578949,0.05691371818746121,4.442951319906447,0.9122668374660108,10.774666666666667,0.007979497738651104,0.911108109647395,900,917,1.0,1.018888888888889,0.01888888888888889,0.6335877862595419,0.5510573387145996,0.6570252036376907,0.07288447955234911,9.85875654220581
reference,reference,1.0,4,20264857,0.4124444444444444,0.3362222222222222,0.25133333333333335,0.6637777777777778,0.5875555555555555,0.5847854684667422,0.4222222222222222,0.6383450115366773,0.08398524532500193,0.9910768599010322,0.10211746679555095,0.5938357315915157,0.5593356776237488,0.43277130007743836,0.05673743016759777,4.395221610916986,0.9170277050376057,10.533777777777777,0.008110475904801854,0.9096506591426546,900,915,1.0,1.0166666666666666,0.016666666666666666,0.6196721311475409,0.5459277629852295,0.6477499314180479,0.08028635120188565,9.688508987426758
reference,reference,1.0,5,20265866,0.402,0.34800000000000003,0.25000000000000006,0.652,0.598,0.5887577101884875,0.43200000000000005,0.6412208080050328,0.08349366020195487,0.9907907429853721,0.09973233835953625,0.5937594672391416,0.5614563369750977,0.43172777771949766,0.057134698944754814,4.415297722445594,0.9194311724241352,10.679111111111112,0.007664458609483232,0.9127811078027241,900,923,1.0,1.0255555555555556,0.025555555555555557,0.6056338028169014,0.5463204383850098,0.6505830927352233,0.07975651082580515,9.645528554916382
reference,reference,1.0,6,20266875,0.40577777777777785,0.3535555555555556,0.24066666666666667,0.6464444444444445,0.5942222222222222,0.5903691222063255,0.42599999999999993,0.6477295796886509,0.08407957491992317,0.9913608404786306,0.10147788822369136,0.5926831777666695,0.5634037494659424,0.4350979745388031,0.05721663563004346,4.456072562164731,0.9098600913030644,10.745777777777779,0.007894845955489845,0.9127951084967072,900,924,1.0,1.0266666666666666,0.02666666666666667,0.6461038961038961,0.550755500793457,0.6568726796850923,0.08058482942627165,9.647327184677124
reference,reference,1.0,7,20267884,0.39466666666666667,0.354,0.2513333333333333,0.6460000000000001,0.6053333333333333,0.5854341200577082,0.41333333333333333,0.6424129521416282,0.08769820369566887,0.9909421590232074,0.10411738253878378,0.5927111604031936,0.5636220788955688,0.4353031063079834,0.05708007448789572,4.447612426227994,0.9132628566021669,10.571111111111113,0.008027111312749368,0.9117290355236258,900,920,1.0,1.0222222222222221,0.022222222222222223,0.6282608695652174,0.5503920912742615,0.6516933080633115,0.08400152518118431,9.722290277481079
reference,reference,1.0,8,20268893,0.4015555555555556,0.3528888888888889,0.24555555555555558,0.6471111111111112,0.5984444444444444,0.590246944750966,0.4302222222222222,0.6451434518406259,0.08519297814554086,0.9893099513454052,0.10199013698674683,0.5914733869920431,0.5638336157798767,0.4346213114261627,0.057030415890751085,4.436748127725389,0.9070479479281146,10.565333333333333,0.008492289288164357,0.9148628309667842,900,920,1.0,1.0222222222222221,0.022222222222222223,0.6173913043478261,0.5488340258598328,0.654486250038732,0.08152405142943575,9.669286489486694
reference,reference,1.0,9,20269902,0.396,0.3615555555555555,0.24244444444444443,0.6384444444444445,0.604,0.5909404517872875,0.4295555555555556,0.6500515210864344,0.07483282466100494,0.988959649472148,0.09845698972877542,0.5942224855538426,0.5647254657745361,0.43375377655029296,0.05726381129733085,4.446005133575863,0.8987185885772685,10.82088888888889,0.007710003551677368,0.9179459094821277,900,924,1.0,1.0266666666666666,0.02666666666666667,0.6125541125541125,0.5498554706573486,0.6591687197992617,0.07155094177351873,10.30454397201538
reference,reference,1.0,10,20270911,0.39844444444444443,0.354,0.24755555555555556,0.6459999999999999,0.6015555555555556,0.5772908579346262,0.3893333333333333,0.6295604237555638,0.07551120245021506,0.9877530304539386,0.10068700545207879,0.5926922532382132,0.5521100115776062,0.43682883739471434,0.05703041589075109,4.459324511686961,0.9141891939946091,10.722666666666667,0.006180379768356401,0.9107116527985564,900,919,1.0,1.021111111111111,0.021111111111111112,0.6376496191512514,0.5546082854270935,0.63909715232397,0.07224222454614337,10.043341159820557
reference,reference,1.0,11,20271920,0.39644444444444443,0.356888888888889,0.24666666666666665,0.6431111111111111,0.6035555555555555,0.5953711741046966,0.4477777777777778,0.6527907258197234,0.08355730208977849,0.9888404165951296,0.09886454163344612,0.596822081489749,0.567782371044159,0.4342624831199646,0.05680446927374302,4.41553220240275,0.9097715866523033,10.59911111111111,0.008147592924558977,0.9145940983463717,900,916,1.0,1.0177777777777777,0.017777777777777778,0.6331877729257642,0.5484080910682678,0.6620022749455688,0.08002342646075711,10.38245439529419
reference,reference,1.0,12,20272929,0.38666666666666666,0.3586666666666667,0.2546666666666667,0.6413333333333334,0.6133333333333334,0.5975267620964417,0.4506666666666667,0.6543496138517407,0.07610342197365645,0.9875329484280865,0.09685832605780675,0.5945706511121451,0.5688910865783692,0.434173629283905,0.05698075729360646,4.428265066199833,0.9134936482136159,10.740444444444444,0.008619966314958798,0.9129118164526376,900,920,1.0,1.0222222222222221,0.022222222222222223,0.6184782608695653,0.5489266514778137,0.6634736658194235,0.07277699548310435,10.376408338546753
reference,reference,1.0,13,20273938,0.39644444444444443,0.35533333333333333,0.24822222222222223,0.6446666666666667,0.6035555555555555,0.5920796384876761,0.43422222222222223,0.6477041549398865,0.08029262968212851,0.9909334528970172,0.0975017875121321,0.5941850175591544,0.5645863437652587,0.43821608304977416,0.05682433271260088,4.457259447892508,0.9098645043752799,10.673333333333332,0.007954671008521298,0.9108957041816724,900,918,1.0,1.02,0.02,0.6568627450980392,0.5540245175361633,0.6571121058142303,0.07672579716989825,10.227654933929443
reference,reference,1.0,14,20274947,0.38955555555555565,0.3471111111111111,0.2633333333333333,0.652888888888889,0.6104444444444445,0.5929237373154955,0.4408888888888889,0.6537561406402302,0.08002694506456122,0.9900665733306266,0.09801740591013947,0.5929299253962348,0.5679287719726562,0.4309702730178833,0.05692364990689014,4.391282226032681,0.928419548936723,10.693777777777777,0.007965793249626289,0.9153292972771047,900,918,1.0,1.02,0.02,0.6100217864923747,0.544682502746582,0.6629601577231417,0.07668756537470234,10.799293041229248
reference,reference,1.0,15,20275956,0.3862222222222222,0.3575555555555555,0.2562222222222222,0.6424444444444444,0.6137777777777778,0.5889453468981781,0.4228888888888889,0.6429904561229107,0.07573485216229542,0.9874842732672157,0.09777673914324649,0.5942933042435408,0.5615235185623169,0.4350480103492737,0.05691123525760398,4.431847222010294,0.9069849133989704,10.595111111111112,0.00751991628990433,0.912616623236513,900,918,1.0,1.02,0.02,0.6339869281045751,0.5505538582801819,0.6522588351858112,0.07240958748388904,10.553917169570923
reference,reference,1.0,16,20276965,0.39488888888888896,0.3604444444444445,0.24466666666666664,0.6395555555555555,0.6051111111111112,0.5904561045611526,0.4268888888888889,0.6475608978191013,0.07922555854341388,0.9895476004651478,0.10000656391822872,0.5935208363996834,0.5669514942169189,0.4335120701789856,0.05668777157045314,4.398877010292477,0.9141081533214617,10.712444444444444,0.007347224091644179,0.9088266606771636,900,914,1.0,1.0155555555555555,0.015555555555555555,0.6345733041575492,0.54668790102005,0.6566102832397306,0.07597898946834203,10.563673973083496
reference,reference,1.0,17,20277974,0.3804444444444444,0.3708888888888889,0.24866666666666665,0.6291111111111111,0.6195555555555555,0.5819658503942968,0.3986666666666667,0.6367373508469626,0.07528936299055199,0.9869869182513384,0.09702738978319479,0.5943810874570832,0.5576737976074219,0.43257171511650083,0.05677219118559901,4.39585739909278,0.904966201617199,10.581333333333335,0.0063729820581346465,0.9173601563940127,900,915,1.0,1.0166666666666666,0.016666666666666666,0.6306010928961748,0.5481071472167969,0.6460343255508707,0.07193341428895783,10.40379023551941
reference,reference,1.0,18,20278983,0.3962222222222222,0.36244444444444446,0.24133333333333332,0.6375555555555555,0.6037777777777777,0.5923297754101146,0.43822222222222224,0.6509326350215362,0.08501906129252766,0.9889454652975118,0.10245520195583864,0.5948489376267868,0.5666837453842163,0.4357547378540039,0.05707014276846681,4.451388856357998,0.9089263160975107,10.811555555555556,0.008058548292019968,0.9117353998679719,900,921,1.0,1.0233333333333334,0.023333333333333334,0.6438653637350705,0.5513353943824768,0.6601772793146773,0.08148475021102941,10.166452169418335
reference,reference,1.0,19,20279992,0.39044444444444437,0.348,0.26155555555555554,0.652,0.6095555555555556,0.5843122705832022,0.4137777777777778,0.641854698410269,0.08443539929254971,0.9901716270593566,0.10193031070044205,0.5918545168340168,0.5593271923065185,0.43428953886032107,0.057420235878336445,4.4635857567257355,0.9161121860465903,10.719111111111113,0.00826846510147823,0.9147021966600078,900,929,1.0,1.0322222222222222,0.03222222222222222,0.6372443487621098,0.5502431392669678,0.6511477650194338,0.08086659616716285,10.445027351379395
expected_quality_weight,-20%,0.8,0,20260821,0.4040000000000001,0.3482222222222222,0.24777777777777776,0.6517777777777778,0.596,0.592120986749909,0.44422222222222224,0.6471614650222961,0.08568557203581298,0.9900653666747058,0.09902463774633134,0.5923574362072748,0.5639263415336608,0.4382425367832184,0.05699068901303538,4.470601269616021,0.9144730067935523,10.736888888888886,0.00837371673713311,0.9140966130400551,900,920,1.0,1.0222222222222221,0.022222222222222223,0.657608695652174,0.5542529225349426,0.656371698096601,0.08198564510126394,10.618359327316284
expected_quality_weight,-20%,0.8,1,20261830,0.41377777777777774,0.34355555555555556,0.2426666666666667,0.6564444444444445,0.5862222222222223,0.6052388690668209,0.48088888888888887,0.6643234734921887,0.08371844120419869,0.9897732304243396,0.0974752870423142,0.5951893853868976,0.5772977542877197,0.4395973002910614,0.05711235257603973,4.494003271155887,0.920050908870865,10.612888888888888,0.009522259433234294,0.9122998879002018,900,921,1.0,1.0233333333333334,0.023333333333333334,0.6503800217155266,0.5549401044845581,0.6735776884419964,0.0799665667547178,10.110326766967773
expected_quality_weight,-20%,0.8,2,20262839,0.38799999999999996,0.3582222222222222,0.25377777777777777,0.6417777777777778,0.612,0.5792986923350357,0.4111111111111111,0.627947831550336,0.08634191672825313,0.9880881746330288,0.10297159503451649,0.5935247409364485,0.5525772476196289,0.4355839192867279,0.056998137802607075,4.444027375963,0.9116111229564209,10.773333333333335,0.007741209662610806,0.9130499245571237,900,920,1.0,1.0222222222222221,0.022222222222222223,0.6293478260869565,0.5509834885597229,0.6378044392897823,0.08243322482203297,11.220770835876465
expected_quality_weight,-20%,0.8,3,20263848,0.4091111111111111,0.33533333333333337,0.25555555555555554,0.6646666666666667,0.5908888888888888,0.5917963310253309,0.4242222222222222,0.6481820498976737,0.07574022511232542,0.9897088140088189,0.09662131469070687,0.5931391906883604,0.5663486433029175,0.4358774745464325,0.05712725015518312,4.45714336596595,0.9212036982091188,10.691999999999998,0.007828535237881325,0.911108109647395,900,921,1.0,1.0233333333333334,0.023333333333333334,0.6297502714440825,0.5510573387145996,0.6574090737859097,0.07242458424285325,10.120044469833374
expected_quality_weight,-20%,0.8,4,20264857,0.39577777777777784,0.3522222222222222,0.252,0.6477777777777777,0.6042222222222223,0.586075971259542,0.41577777777777775,0.6385066430374287,0.08367819597954344,0.9912336972123296,0.10114226741509745,0.5939972361810445,0.5583499789237976,0.43097424507141113,0.057355679702048426,4.4246193535063005,0.9085678588889856,10.741777777777779,0.007902402179763499,0.9096506591426546,900,925,1.0,1.0277777777777777,0.027777777777777776,0.614054054054054,0.5459277629852295,0.647947350836113,0.07998854864016525,10.179539203643799
expected_quality_weight,-20%,0.8,5,20265866,0.4053333333333333,0.3524444444444444,0.24222222222222226,0.6475555555555556,0.5946666666666667,0.587590139037135,0.4231111111111111,0.6412401650259301,0.08303760527109486,0.9901271640614291,0.09742100309908747,0.594227618672662,0.5606444025039673,0.43199149012565613,0.05698572315332093,4.406476131492191,0.9079786088801763,10.684444444444443,0.007145226056080165,0.9127811078027241,900,919,1.0,1.021111111111111,0.021111111111111112,0.602829162132753,0.5463204383850098,0.650519828937181,0.07940973966637688,10.168534278869629
expected_quality_weight,-20%,0.8,6,20266875,0.3968888888888889,0.35644444444444445,0.24666666666666667,0.6435555555555555,0.603111111111111,0.5895863032280412,0.4368888888888889,0.6479957225880207,0.08370827662700261,0.9914866965284602,0.1008489336119702,0.593005877458184,0.5641155242919922,0.43568350791931154,0.05696337678460584,4.442401198705038,0.9183121051643728,10.671555555555555,0.009007721362984061,0.9127951084967072,900,918,1.0,1.02,0.02,0.6416122004357299,0.550755500793457,0.6572533387524169,0.08020982551367872,10.681780338287354
expected_quality_weight,-20%,0.8,7,20267884,0.3922222222222222,0.34222222222222215,0.26555555555555554,0.6577777777777779,0.6077777777777778,0.5882106572245803,0.43177777777777776,0.6426767344048101,0.08754476231229354,0.99106253904074,0.10402509812329018,0.593150514354616,0.5648092699050903,0.4362472915649414,0.05671508379888269,4.428760944525401,0.9086742673898298,10.545777777777777,0.008026244453636387,0.9117290355236258,900,914,1.0,1.0155555555555555,0.015555555555555555,0.6367614879649891,0.5503920912742615,0.6519650891492894,0.08384027081242595,10.129635095596313
expected_quality_weight,-20%,0.8,8,20268893,0.3944444444444445,0.3542222222222222,0.25133333333333335,0.6457777777777777,0.6055555555555555,0.5897338783303719,0.42822222222222217,0.6448095492062378,0.08484118396673151,0.989747705185083,0.10076203626384446,0.5932810397460369,0.5635882639884948,0.4348695921897888,0.05685909373060212,4.4259522901641,0.9185961718604765,10.614666666666666,0.008184895223797258,0.9148628309667842,900,918,1.0,1.02,0.02,0.6154684095860566,0.5488340258598328,0.6541429753947736,0.08117780359915949,9.875086545944214
expected_quality_weight,-20%,0.8,9,20269902,0.38599999999999995,0.3513333333333334,0.26266666666666666,0.6486666666666667,0.6140000000000001,0.592279793179447,0.4391111111111111,0.6498783359664918,0.07515474461855232,0.9889966800239381,0.0984549926794627,0.5928405719707016,0.5655856537818909,0.43480567455291746,0.056772191185599015,4.418509875721401,0.912916102676203,10.556888888888889,0.007574975201453279,0.9179459094821277,900,917,1.0,1.018888888888889,0.01888888888888889,0.6205016357688113,0.5498554706573486,0.6590234838330351,0.07195353543823724,9.637538433074951
expected_quality_weight,-20%,0.8,10,20270911,0.3862222222222222,0.3615555555555556,0.25222222222222224,0.6384444444444444,0.6137777777777778,0.5774485181866843,0.39666666666666667,0.6293693392272892,0.07550122860595498,0.9872476611565537,0.10013538811600331,0.5917759921501689,0.5526755309104919,0.43678259968757627,0.05726381129733085,4.477070785310533,0.9166214935945828,10.77111111111111,0.006913057529284203,0.9107116527985564,900,924,1.0,1.0266666666666666,0.02666666666666667,0.645021645021645,0.5546082854270935,0.6389871625131124,0.07210750554394862,9.72109341621399
expected_quality_weight,-20%,0.8,11,20271920,0.39866666666666667,0.3473333333333333,0.254,0.6526666666666666,0.6013333333333333,0.594525434870781,0.4462222222222222,0.6531082518749549,0.08343975156412849,0.9898996559098895,0.09947388382035786,0.5959504257501604,0.5683455038070678,0.43374178528785706,0.05711235257603973,4.434183378961351,0.9100514091488457,10.731111111111112,0.008644475664127066,0.9145940983463717,900,921,1.0,1.0233333333333334,0.023333333333333334,0.6297502714440825,0.5484080910682678,0.6623913243883491,0.07985467138802727,9.906425476074219
expected_quality_weight,-20%,0.8,12,20272929,0.3995555555555555,0.3408888888888889,0.25955555555555554,0.6591111111111111,0.6004444444444446,0.5953894236182111,0.4424444444444445,0.6535202843408918,0.0761380723156645,0.9879032738147848,0.09487762031786381,0.5934542889609113,0.5703327870368957,0.43489067792892455,0.05680943513345749,4.422339323043823,0.912368959839645,10.616888888888889,0.007625320223791737,0.9129118164526376,900,916,1.0,1.0177777777777777,0.017777777777777778,0.6222707423580786,0.5489266514778137,0.6627344679410689,0.07272827702216533,10.090633153915405
expected_quality_weight,-20%,0.8,13,20273938,0.4037777777777778,0.32911111111111113,0.2671111111111111,0.6708888888888888,0.5962222222222221,0.5884929911420884,0.4242222222222222,0.6478135721334841,0.08034719105364285,0.9911316752092048,0.09836163314381188,0.5929743530284924,0.5662976503372192,0.43906229972839356,0.056648044692737425,4.452049947632684,0.9180751696072662,10.717777777777776,0.008139536329738415,0.9108957041816724,900,914,1.0,1.0155555555555555,0.015555555555555555,0.6673960612691466,0.5540245175361633,0.6571398158798146,0.07677774693271933,9.598564147949219
expected_quality_weight,-20%,0.8,14,20274947,0.3924444444444445,0.35222222222222216,0.25533333333333336,0.6477777777777777,0.6075555555555555,0.5925221236213206,0.43777777777777777,0.6531906887471837,0.0806381128426597,0.9902259818264086,0.09890049812181888,0.5931803515361804,0.566945161819458,0.4307228195667267,0.05707759155803848,4.400517922507392,0.9038710322648907,10.747555555555556,0.007996053874113845,0.9153292972771047,900,923,1.0,1.0255555555555556,0.025555555555555557,0.5991332611050921,0.544682502746582,0.6623600956835812,0.0772945465323005,9.627423763275146
expected_quality_weight,-20%,0.8,15,20275956,0.392,0.35466666666666663,0.2533333333333333,0.6453333333333333,0.608,0.5904758810896664,0.44177777777777777,0.6430135815079229,0.07579347684663758,0.9865468270891641,0.09746325271862473,0.5942700016208631,0.5636794137954712,0.4360869300365448,0.05662073246430789,4.419776203897264,0.9220746142464595,10.60711111111111,0.007547296466269681,0.912616623236513,900,913,1.0,1.0144444444444445,0.014444444444444444,0.6396495071193866,0.5505538582801819,0.6522799292842872,0.07250740325561633,9.74000883102417
expected_quality_weight,-20%,0.8,16,20276965,0.3926666666666667,0.3593333333333334,0.248,0.6406666666666666,0.6073333333333333,0.5894780377740975,0.41999999999999993,0.6467506156360102,0.07941322012155232,0.9898573004305782,0.09872139242556542,0.5926612993263598,0.5661029434204101,0.4339901089668274,0.056362507759155814,4.378477968586816,0.9142290748898679,10.770666666666669,0.0071887505905894955,0.9088266606771636,900,908,1.0,1.008888888888889,0.008888888888888889,0.6354625550660793,0.54668790102005,0.6557991830915936,0.07622796116610808,9.723573684692383
expected_quality_weight,-20%,0.8,17,20277974,0.36933333333333335,0.37222222222222223,0.2584444444444445,0.6277777777777778,0.6306666666666666,0.5805378023690374,0.39755555555555555,0.6367037345744455,0.07523180321294527,0.9872964821698845,0.09782033063978228,0.5945819867432556,0.558029100894928,0.4330780065059662,0.0566132836747362,4.388712473869324,0.9127671451355662,10.699999999999998,0.006527135964989649,0.9173601563940127,900,913,1.0,1.0144444444444445,0.014444444444444444,0.6330777656078861,0.5481071472167969,0.6458416021328499,0.07205319237192787,10.029651403427124
expected_quality_weight,-20%,0.8,18,20278983,0.3937777777777778,0.3484444444444445,0.2577777777777778,0.6515555555555557,0.6062222222222222,0.5929739870704096,0.4477777777777778,0.6501510099119429,0.08535217060649075,0.9900232559816071,0.10217105786830516,0.592546104336615,0.5668457889556885,0.43591538548469544,0.05702793296089387,4.449733962217967,0.900592999641287,10.668444444444445,0.008335546910031228,0.9117353998679719,900,921,1.0,1.0233333333333334,0.023333333333333334,0.6492942453854506,0.5513353943824768,0.6593650675432041,0.08170913609961317,11.090326070785522
expected_quality_weight,-20%,0.8,19,20279992,0.39799999999999996,0.3491111111111111,0.2528888888888889,0.6508888888888889,0.602,0.5864607920677369,0.4168888888888889,0.6413562889288458,0.08497414116489085,0.9913375070037052,0.10193814019584846,0.5952481616655347,0.5599765038490295,0.43611507177352904,0.05663563004345128,4.421206443998549,0.906921819700567,10.636444444444443,0.008485735556927542,0.9147021966600078,900,914,1.0,1.0155555555555555,0.015555555555555555,0.6444201312910285,0.5502431392669678,0.650880804045575,0.08131984606282638,10.264251232147217
expected_quality_weight,+20%,1.2,0,20260821,0.39755555555555555,0.37199999999999994,0.23044444444444445,0.628,0.6024444444444444,0.5929336537433495,0.4386666666666666,0.6474798494437997,0.0855499657860225,0.9904224743489479,0.0992421769426291,0.5915475275219837,0.5640301179885864,0.4377158284187317,0.0570552451893234,4.470287694189284,0.8993380947214838,10.59822222222222,0.008251991587435541,0.9140966130400551,900,920,1.0,1.0222222222222221,0.022222222222222223,0.6510869565217391,0.5542529225349426,0.6568131574632564,0.08175989974528775,10.175333976745605
expected_quality_weight,+20%,1.2,1,20261830,0.4277777777777778,0.32822222222222225,0.244,0.6717777777777776,0.5722222222222222,0.6046500935861158,0.47266666666666673,0.6648026271451868,0.08327086655607062,0.9891675801253622,0.09897930876063064,0.5934354897886488,0.5762057423591613,0.43861610054969785,0.057134698944754814,4.485720376650492,0.9239442012914936,10.655999999999999,0.009151581868845187,0.9122998879002018,900,923,1.0,1.0255555555555556,0.025555555555555557,0.6457204767063922,0.5549401044845581,0.673816058672828,0.07967714322943609,10.431542873382568
expected_quality_weight,+20%,1.2,2,20262839,0.3744444444444444,0.3668888888888889,0.25866666666666666,0.6331111111111111,0.6255555555555555,0.5759966276075679,0.3904444444444444,0.62850582705782,0.08623159938935865,0.9878770400197392,0.10329458083163161,0.5944292896768535,0.5522497415542602,0.4346249234676361,0.057129733085040345,4.444472878932952,0.9090279175911601,10.770222222222223,0.007218648305306999,0.9130499245571237,900,922,1.0,1.0244444444444445,0.024444444444444446,0.6258134490238612,0.5509834885597229,0.637967280708781,0.08244848514490188,10.386660814285278
expected_quality_weight,+20%,1.2,3,20263848,0.4022222222222222,0.3475555555555555,0.25022222222222223,0.6524444444444444,0.5977777777777777,0.5899330732470532,0.43066666666666664,0.648298458125362,0.07607474664609694,0.9892223817445851,0.09757684079364523,0.5919881575127266,0.5647376704216004,0.43470283269882204,0.05739540657976413,4.465975529935625,0.9147285605529163,10.863111111111111,0.007983435037363007,0.911108109647395,900,927,1.0,1.03,0.03,0.6299892125134844,0.5510573387145996,0.6574155491890937,0.072762040047186,10.239134311676025
expected_quality_weight,+20%,1.2,4,20264857,0.40577777777777785,0.3426666666666667,0.25155555555555553,0.6573333333333333,0.5942222222222222,0.5859689709526945,0.4202222222222223,0.6385924886118435,0.08397570469007759,0.99169988168209,0.10084961023523363,0.5936765402496996,0.5591391062736512,0.43128689169883727,0.05733333333333334,4.426038227452173,0.9122894858577658,10.781333333333334,0.008237745762302991,0.9096506591426546,900,927,1.0,1.03,0.03,0.6148867313915858,0.5459277629852295,0.6480772494340866,0.0802269215582796,10.734409809112549
expected_quality_weight,+20%,1.2,5,20265866,0.4151111111111112,0.35444444444444445,0.23044444444444445,0.6455555555555555,0.5848888888888889,0.5855174690169003,0.41955555555555546,0.6414511996892455,0.08314932090804952,0.99017361374658,0.10078153902790798,0.5942191645496102,0.5619751119613647,0.43256377458572387,0.05680943513345748,4.398646914376153,0.9169212145608268,10.626666666666667,0.008449119794525383,0.9127811078027241,900,917,1.0,1.018888888888889,0.01888888888888889,0.6128680479825518,0.5463204383850098,0.6507660072951816,0.07953823613757671,10.313022375106812
expected_quality_weight,+20%,1.2,6,20266875,0.40733333333333327,0.3528888888888889,0.23977777777777776,0.6471111111111111,0.5926666666666667,0.5900355093521409,0.43133333333333335,0.6482482921991619,0.08376289861970905,0.9912068829152467,0.10159210436165438,0.5938254144714437,0.5646015739440918,0.43572258234024047,0.05696337678460584,4.4427996608946065,0.9124320330337394,10.621777777777776,0.00896725269820964,0.9127951084967072,900,918,1.0,1.02,0.02,0.6416122004357299,0.550755500793457,0.6574836362852206,0.08027634690930441,10.20375943183899
expected_quality_weight,+20%,1.2,7,20267884,0.4177777777777777,0.33711111111111114,0.24511111111111114,0.6628888888888887,0.5822222222222223,0.5875396317213615,0.41800000000000004,0.6431281143956636,0.0875048713717132,0.9903938620294865,0.10199049721394646,0.5929584595369611,0.5642108249664307,0.4357767677307129,0.05686157666045935,4.4353787497414485,0.916681599872241,10.627555555555555,0.00814958580002366,0.9117290355236258,900,918,1.0,1.02,0.02,0.6383442265795207,0.5503920912742615,0.6523289048223744,0.08384025593019473,10.230144500732422
expected_quality_weight,+20%,1.2,8,20268893,0.4011111111111111,0.37111111111111117,0.22777777777777777,0.6288888888888888,0.5988888888888889,0.5911844450286635,0.4428888888888889,0.6451633009717742,0.08458993113429727,0.9894078308236189,0.10039923623311556,0.5932276363820246,0.5631330299377442,0.4342719721794128,0.056754810676598384,4.411795739226871,0.9059410505673732,10.532444444444444,0.00805998538422008,0.9148628309667842,900,915,1.0,1.0166666666666666,0.016666666666666666,0.6131147540983607,0.5488340258598328,0.6545846411569795,0.08072199622971787,10.02069616317749
expected_quality_weight,+20%,1.2,9,20269902,0.41244444444444445,0.34577777777777774,0.2417777777777778,0.6542222222222223,0.5875555555555555,0.5904980900347386,0.4275555555555556,0.6501747472779574,0.07500894354871739,0.9871337076806267,0.09682590640814706,0.5925239554942613,0.5657948422431945,0.4345537996292114,0.056941030415890756,4.429062427626715,0.9170267149383682,10.738222222222221,0.008173736283397624,0.9179459094821277,900,922,1.0,1.0244444444444445,0.024444444444444446,0.6171366594360087,0.5498554706573486,0.6592903096769966,0.07183406842116913,10.255655527114868
expected_quality_weight,+20%,1.2,10,20270911,0.39288888888888884,0.36200000000000004,0.24511111111111109,0.638,0.6071111111111112,0.5775945798975557,0.3999999999999999,0.6299723736673967,0.0752859571380901,0.987223398185644,0.0997740626194628,0.5929382280089113,0.55266521692276,0.4378945255279541,0.056595903165735574,4.436144924640656,0.9070370423864271,10.700444444444445,0.006173660119119395,0.9107116527985564,900,912,1.0,1.0133333333333334,0.013333333333333334,0.6469298245614035,0.5546082854270935,0.639505389888024,0.072035924415782,10.477466106414795
expected_quality_weight,+20%,1.2,11,20271920,0.4071111111111111,0.3475555555555556,0.24533333333333335,0.6524444444444444,0.5928888888888889,0.5928995362365943,0.43799999999999994,0.6528983633574919,0.08339397904172842,0.9892977540015977,0.10028457276290731,0.5932073124339453,0.5674849390983582,0.434104186296463,0.05685909373060212,4.418215987470415,0.9121834061135372,10.713333333333335,0.0077594571632306165,0.9145940983463717,900,916,1.0,1.0177777777777777,0.017777777777777778,0.6364628820960698,0.5484080910682678,0.6619735674461552,0.07998664688029189,9.882028341293335
expected_quality_weight,+20%,1.2,12,20272929,0.3884444444444444,0.364,0.24755555555555553,0.6359999999999999,0.6115555555555556,0.5957256700681257,0.44800000000000006,0.6546412963620881,0.07556468223874829,0.9870006413853359,0.09702180844114959,0.5965878019433475,0.5691644859313965,0.43364968299865725,0.05718435754189945,4.438757081402673,0.9132076629916395,10.764888888888889,0.007695699146012405,0.9129118164526376,900,924,1.0,1.0266666666666666,0.02666666666666667,0.6255411255411255,0.5489266514778137,0.6636887554167052,0.07228401776987958,9.708385944366455
expected_quality_weight,+20%,1.2,13,20273938,0.4008888888888889,0.3675555555555556,0.23155555555555554,0.6324444444444444,0.5991111111111111,0.5918126144097274,0.44066666666666665,0.6480481379953303,0.07994890395380341,0.9914436325068847,0.09946015256499699,0.5931773221810953,0.5655891489982605,0.43754371523857116,0.05711235257603973,4.472998360580868,0.90414167063465,10.774666666666667,0.007646714350668489,0.9108957041816724,900,922,1.0,1.0244444444444445,0.024444444444444446,0.6496746203904555,0.5540245175361633,0.6573185424089478,0.0764750092033406,9.721593856811523
expected_quality_weight,+20%,1.2,14,20274947,0.40888888888888886,0.34866666666666674,0.24244444444444443,0.6513333333333334,0.5911111111111111,0.5925945508435617,0.4355555555555556,0.6533926577911182,0.08058307962285621,0.9902155434170905,0.09969409431037533,0.5922972195902984,0.5671160268783569,0.4310453796386719,0.056886405959031654,4.389152480708228,0.9154967587652348,10.743111111111112,0.007533375721141584,0.9153292972771047,900,917,1.0,1.018888888888889,0.01888888888888889,0.6019629225736096,0.544682502746582,0.6624430751291911,0.07720879432039629,9.656211853027344
expected_quality_weight,+20%,1.2,15,20275956,0.4024444444444445,0.35111111111111115,0.24644444444444447,0.6488888888888888,0.5975555555555555,0.589677849690037,0.43177777777777776,0.6435255937011842,0.07516419636426586,0.9876103923828672,0.09974523901485295,0.5921551229914668,0.5628731632232666,0.4359584534168243,0.056424581005586595,4.403180323282878,0.9123432343234323,10.533777777777777,0.00703142241698919,0.912616623236513,900,909,1.0,1.01,0.01,0.6314631463146315,0.5505538582801819,0.6528003119289819,0.07190314250787733,9.569087743759155
expected_quality_weight,+20%,1.2,16,20276965,0.40355555555555556,0.342,0.2544444444444445,0.6579999999999999,0.5964444444444444,0.5915596053261902,0.4386666666666666,0.6474846003501802,0.07908345875261896,0.9895323009497919,0.09860915680089238,0.5938305923958211,0.5658008360862732,0.43258085966110227,0.05697827436374923,4.411872121704949,0.9101022689020587,10.699999999999998,0.007247053140348359,0.9088266606771636,900,920,1.0,1.0222222222222221,0.022222222222222223,0.6358695652173914,0.54668790102005,0.6565679399593122,0.07593595525036179,10.09225058555603
expected_quality_weight,+20%,1.2,17,20277974,0.3911111111111111,0.37044444444444447,0.2384444444444444,0.6295555555555555,0.6088888888888889,0.58204465205552,0.40044444444444444,0.6372412360087337,0.07491969088951052,0.9870515687844932,0.09690190428574466,0.5947276057826274,0.558225269317627,0.4325326335430145,0.056767225325884546,4.395073769887289,0.909983639400759,10.779555555555554,0.006392690369212461,0.9173601563940127,900,916,1.0,1.0177777777777777,0.017777777777777778,0.6299126637554585,0.5481071472167969,0.6464510871384959,0.07165962744672139,9.81406307220459
expected_quality_weight,+20%,1.2,18,20278983,0.4084444444444445,0.34866666666666674,0.2428888888888889,0.6513333333333334,0.5915555555555555,0.5942212065039729,0.4462222222222222,0.6501428547247174,0.08524365229728179,0.9896051571873185,0.10133308085467313,0.5935320767765973,0.5672540736198425,0.4360595154762268,0.05700310366232155,4.449314721160465,0.9179783351798091,10.674666666666665,0.008575057913873143,0.9117353998679719,900,919,1.0,1.021111111111111,0.021111111111111112,0.6474428726877041,0.5513353943824768,0.6593683201307828,0.08156224353329722,9.73975658416748
expected_quality_weight,+20%,1.2,19,20279992,0.39555555555555555,0.3526666666666667,0.25177777777777777,0.6473333333333333,0.6044444444444445,0.5853996937737159,0.41600000000000004,0.6418814355424004,0.08491502993086698,0.9912522355226052,0.10197561405742399,0.5926776022527812,0.5599685883522034,0.4360987234115601,0.056638112973308515,4.421231595834096,0.9062283147856364,10.521333333333335,0.007495313471850139,0.9147021966600078,900,914,1.0,1.0155555555555555,0.015555555555555555,0.6356673960612691,0.5502431392669678,0.6512157483679744,0.08136267558571308,9.668934345245361
local_social_learning_weight,-20%,0.8,0,20260821,0.40466666666666673,0.32977777777777784,0.26555555555555554,0.6702222222222223,0.5953333333333333,0.5904297947155963,0.4284444444444444,0.6470865878970529,0.08551688254847445,0.9905777398109632,0.10206266993636312,0.593282123999868,0.565369291305542,0.4389295709133148,0.056715083798882675,4.455986260202196,0.9167749981032702,10.748888888888889,0.007789884016199769,0.9140966130400551,900,915,1.0,1.0166666666666666,0.016666666666666666,0.6601092896174864,0.5542529225349426,0.6563222911841803,0.08189186522266478,9.807069063186646
local_social_learning_weight,-20%,0.8,1,20261830,0.4091111111111111,0.33888888888888885,0.252,0.661111111111111,0.5908888888888889,0.6041423982494506,0.4762222222222222,0.6643422484386343,0.08386734183946316,0.9901708154268709,0.09825107921654018,0.5936126397398668,0.5776345992088318,0.43979833245277405,0.056938547486033525,4.482282424820794,0.9156056431897387,10.656888888888888,0.008755178889621134,0.9122998879002018,900,920,1.0,1.0222222222222221,0.022222222222222223,0.6445652173913043,0.5549401044845581,0.6735375758633354,0.08020008469391793,10.34739637374878
local_social_learning_weight,-20%,0.8,2,20262839,0.3924444444444444,0.3562222222222223,0.25133333333333335,0.6437777777777778,0.6075555555555556,0.5775766263693312,0.3962222222222222,0.6282888293058927,0.08580719005629803,0.9884701825401094,0.10297660479675709,0.5936976245827462,0.5513415169715882,0.43446105599403384,0.057320918684047185,4.457619432767232,0.9088530354572516,10.844000000000001,0.007881469875823676,0.9130499245571237,900,927,1.0,1.03,0.03,0.6213592233009708,0.5509834885597229,0.6379204170904405,0.08209489272895643,11.041914939880371
local_social_learning_weight,-20%,0.8,3,20263848,0.40444444444444444,0.3471111111111111,0.2484444444444444,0.652888888888889,0.5955555555555556,0.5908154835891982,0.43044444444444446,0.6483033823349329,0.07604362696922778,0.989588353399069,0.09728496991846704,0.5925551070677195,0.5667237567901612,0.4368274784088135,0.056581005586592195,4.42414048549864,0.9265368483767342,10.685333333333332,0.007693687749864866,0.911108109647395,900,913,1.0,1.0144444444444445,0.014444444444444444,0.6374589266155531,0.5510573387145996,0.6574101880510099,0.07276253061653692,10.31559705734253
local_social_learning_weight,-20%,0.8,4,20264857,0.40422222222222226,0.3482222222222222,0.24755555555555553,0.6517777777777778,0.5957777777777777,0.5845877336589393,0.41488888888888886,0.6383621229354384,0.08394322917723475,0.9918913924929035,0.1027007397152884,0.592357794196649,0.5588818311691284,0.43194049239158633,0.05706765983860955,4.412217498514387,0.9061040142923328,10.636,0.008039951408438219,0.9096506591426546,900,923,1.0,1.0255555555555556,0.025555555555555557,0.6153846153846154,0.5459277629852295,0.6476645893395326,0.0802745178244797,10.38214111328125
local_social_learning_weight,-20%,0.8,5,20265866,0.3973333333333333,0.36266666666666664,0.24,0.6373333333333333,0.6026666666666667,0.5873678147220354,0.42133333333333334,0.6413207999265338,0.08323778793948382,0.9890928758120183,0.10098805553461294,0.5927151885433287,0.5602721619606018,0.432356538772583,0.056672873991309755,4.386016819794972,0.9097480832420592,10.66711111111111,0.008173256239486885,0.9127811078027241,900,913,1.0,1.0144444444444445,0.014444444444444444,0.6089813800657174,0.5463204383850098,0.6506021665530245,0.07954144341547509,10.166566848754883
local_social_learning_weight,-20%,0.8,6,20266875,0.4124444444444444,0.3431111111111111,0.24444444444444444,0.6568888888888889,0.5875555555555556,0.5918926322113571,0.43822222222222224,0.6480724742800926,0.0839150030493355,0.9913838518068055,0.100314391467709,0.5929197195870011,0.5644487929344177,0.4356223750114441,0.05712725015518313,4.454504947238498,0.9072505056211249,10.647555555555554,0.008456538746244772,0.9127951084967072,900,922,1.0,1.0244444444444445,0.024444444444444446,0.6420824295010846,0.550755500793457,0.6573723234780742,0.0804186768312194,10.22699236869812
local_social_learning_weight,-20%,0.8,7,20267884,0.3804444444444444,0.36088888888888887,0.25866666666666666,0.6391111111111111,0.6195555555555555,0.5851936152809363,0.41422222222222227,0.6429833956289657,0.08711093121586458,0.9913126158322249,0.10203428913480536,0.5944433638268262,0.5638897323608398,0.43674267530441285,0.056446927374301674,4.412754478560554,0.9141223024590404,10.714666666666666,0.007577653572156593,0.9117290355236258,900,912,1.0,1.0133333333333334,0.013333333333333334,0.6392543859649122,0.5503920912742615,0.6522144862017061,0.08347115491618151,10.36307168006897
local_social_learning_weight,-20%,0.8,8,20268893,0.39911111111111114,0.35644444444444445,0.24444444444444444,0.6435555555555555,0.6008888888888889,0.5932564450435529,0.4493333333333333,0.6446954371841105,0.08533106199580107,0.9904432977762179,0.09913974259513189,0.5920274909285623,0.5631762337684632,0.4342282211780548,0.05694599627560522,4.426153751479255,0.9137015082917668,10.691999999999998,0.008826021363983713,0.9148628309667842,900,921,1.0,1.0233333333333334,0.023333333333333334,0.6102062975027145,0.5488340258598328,0.6541301023386169,0.08154893934351892,10.602336883544922
local_social_learning_weight,-20%,0.8,9,20269902,0.3962222222222222,0.3511111111111111,0.25266666666666665,0.6488888888888888,0.6037777777777777,0.5945790435237363,0.44222222222222224,0.6502772992143736,0.07508466500045646,0.9875471787650796,0.09677226972028256,0.5927653964959252,0.5658583498001098,0.43409235835075377,0.05713718187461204,4.439613843811883,0.9031781585881609,10.663555555555554,0.007848606879002646,0.9179459094821277,900,922,1.0,1.0244444444444445,0.024444444444444446,0.6160520607375272,0.5498554706573486,0.6594430407402719,0.07193519288944672,10.35586929321289
local_social_learning_weight,-20%,0.8,10,20270911,0.3835555555555555,0.3662222222222223,0.25022222222222223,0.6337777777777778,0.6164444444444446,0.5763833057526029,0.3899999999999999,0.6297508522485611,0.07510049760351035,0.986961875406453,0.10104501009743291,0.592307691638185,0.5521096467971802,0.43590467095375063,0.05741278708876475,4.479683133867052,0.9054666322146991,10.839111111111112,0.006144393641253235,0.9107116527985564,900,926,1.0,1.028888888888889,0.028888888888888888,0.6371490280777538,0.5546082854270935,0.6391685769750851,0.07187086158540001,10.339805603027344
local_social_learning_weight,-20%,0.8,11,20271920,0.40511111111111114,0.3557777777777778,0.2391111111111111,0.6442222222222221,0.5948888888888889,0.5958053302032057,0.4464444444444445,0.6534754515916983,0.0833212059616719,0.9885379792683657,0.0993521714772825,0.5967259131511446,0.5676143455505371,0.433395357131958,0.057162011173184354,4.434423793262906,0.9070851432957405,10.773777777777779,0.00927365004348984,0.9145940983463717,900,923,1.0,1.0255555555555556,0.025555555555555557,0.6251354279523293,0.5484080910682678,0.662764208964493,0.07968073125440589,10.375598430633545
local_social_learning_weight,-20%,0.8,12,20272929,0.3908888888888889,0.3515555555555555,0.25755555555555554,0.6484444444444445,0.6091111111111112,0.5989148120820568,0.4566666666666667,0.6541443941229212,0.0762574865240008,0.98769315782202,0.09536477443287303,0.5931299970093508,0.5687531423568726,0.43341428995132447,0.05748479205462446,4.459663141303592,0.9041066947736409,10.726222222222223,0.00799617504528491,0.9129118164526376,900,928,1.0,1.031111111111111,0.03111111111111111,0.6163793103448276,0.5489266514778137,0.6633345804114564,0.07294638352228211,10.244835138320923
local_social_learning_weight,-20%,0.8,13,20273938,0.41,0.36733333333333335,0.22266666666666665,0.6326666666666667,0.59,0.5904357448738355,0.434,0.6479070541845107,0.08026535990479293,0.9900267074869922,0.10018172815208708,0.5934409036275625,0.5657343840599061,0.43946114778518675,0.056476722532588466,4.442645611233182,0.9055227456811614,10.445777777777778,0.008236807043867079,0.9108957041816724,900,910,1.0,1.011111111111111,0.011111111111111112,0.6692307692307692,0.5540245175361633,0.6571438646319341,0.0768772950905634,10.288031101226807
local_social_learning_weight,-20%,0.8,14,20274947,0.3902222222222222,0.36333333333333334,0.24644444444444447,0.6366666666666666,0.6097777777777779,0.5936521477221267,0.4406666666666667,0.6530788366218344,0.08082580954292609,0.9911467587403796,0.0983133906763987,0.5927618817499166,0.566590871810913,0.4312112963199615,0.0567324643078833,4.378969680627186,0.9108469858785994,10.73422222222222,0.008081716475768483,0.9153292972771047,900,915,1.0,1.0166666666666666,0.016666666666666666,0.6153005464480874,0.544682502746582,0.6622086735846383,0.07746199167247347,10.14648962020874
local_social_learning_weight,-20%,0.8,15,20275956,0.3848888888888889,0.3646666666666667,0.2504444444444444,0.6353333333333333,0.6151111111111112,0.5870629557787047,0.4191111111111111,0.6429417105834496,0.0754432978370411,0.9880454526037364,0.09804924483799703,0.5951244013204137,0.5625205564498902,0.4358520007133484,0.05658597144630664,4.414626987722184,0.9095254640716715,10.601333333333333,0.007253139133377248,0.912616623236513,900,914,1.0,1.0155555555555555,0.015555555555555555,0.6367614879649891,0.5505538582801819,0.652205896628932,0.07212034114126498,9.83097243309021
local_social_learning_weight,-20%,0.8,16,20276965,0.39288888888888884,0.3411111111111111,0.26599999999999996,0.6588888888888889,0.6071111111111112,0.5891113573250206,0.4206666666666667,0.6476985905875421,0.07893294290570316,0.989615332019166,0.09897552487297219,0.5948069128560879,0.5663019275665283,0.4323881232738495,0.056973308504034766,4.40954847823249,0.9147535661171117,10.581777777777777,0.007424545910600366,0.9088266606771636,900,919,1.0,1.021111111111111,0.021111111111111112,0.6398258977149075,0.54668790102005,0.656757614745895,0.07576797858705575,9.789716958999634
local_social_learning_weight,-20%,0.8,17,20277974,0.3826666666666667,0.3655555555555556,0.25177777777777777,0.6344444444444445,0.6173333333333333,0.5839513056552159,0.4044444444444445,0.6372862673793166,0.07496383249051862,0.9874130847211637,0.09682351911421273,0.5936401391806201,0.557964277267456,0.4319678747653961,0.05712476722532589,4.416945128970676,0.9032803529632271,10.685777777777778,0.007060170684331034,0.9173601563940127,900,922,1.0,1.0244444444444445,0.024444444444444446,0.6301518438177874,0.5481071472167969,0.646515049518463,0.07163457448908583,9.917375087738037
local_social_learning_weight,-20%,0.8,18,20278983,0.40888888888888886,0.3437777777777778,0.24733333333333335,0.6562222222222222,0.5911111111111111,0.5918655308412245,0.43288888888888893,0.6502102783578259,0.08497421669898593,0.9896339525044681,0.10104352674924386,0.5942858988632599,0.5668477559089661,0.4369843900203705,0.0566927374301676,4.43447670009401,0.9177502764925669,10.602666666666666,0.008420769727063578,0.9117353998679719,900,914,1.0,1.0155555555555555,0.015555555555555555,0.6542669584245077,0.5513353943824768,0.659453995670382,0.08131708286826123,9.827019929885864
local_social_learning_weight,-20%,0.8,19,20279992,0.4082222222222222,0.34444444444444444,0.2473333333333333,0.6555555555555556,0.5917777777777777,0.5851744522876541,0.41044444444444445,0.6415519478901877,0.08542689763414155,0.990245101756139,0.1020543987474431,0.5919460902450752,0.5605556416511536,0.4362306785583496,0.05674239602731223,4.430693883472019,0.9207575802503162,10.633777777777775,0.008290373943036323,0.9147021966600078,900,916,1.0,1.0177777777777777,0.017777777777777778,0.6517467248908297,0.5502431392669678,0.650926631941046,0.08184937261564196,10.085819005966187
local_social_learning_weight,+20%,1.2,0,20260821,0.3973333333333333,0.3695555555555556,0.2331111111111111,0.6304444444444444,0.6026666666666667,0.5890454389985438,0.4264444444444444,0.6470421961037565,0.0856480112629877,0.9906710134227298,0.10256774878731101,0.5941200085390438,0.5655259704589843,0.43696614027023317,0.05745996275605214,4.494310900794135,0.9188092050111717,10.758666666666668,0.008162496688777075,0.9140966130400551,900,927,1.0,1.03,0.03,0.6472491909385113,0.5542529225349426,0.6563093045304748,0.0819635304134767,10.654448986053467
local_social_learning_weight,+20%,1.2,1,20261830,0.4046666666666667,0.3473333333333333,0.24799999999999997,0.6526666666666666,0.5953333333333333,0.6059720247412996,0.47400000000000003,0.6648409762550892,0.08376586506597118,0.9901420858784056,0.09671090828027246,0.5951138940873758,0.5776359462738037,0.4401538276672363,0.05682184978274364,4.476824620087942,0.9182897193112265,10.56088888888889,0.009407259235419591,0.9122998879002018,900,917,1.0,1.018888888888889,0.01888888888888889,0.6608505997818975,0.5549401044845581,0.6740709008359901,0.08002682804119687,11.265482425689697
local_social_learning_weight,+20%,1.2,2,20262839,0.38044444444444453,0.3666666666666667,0.2528888888888889,0.6333333333333333,0.6195555555555555,0.5740419499280638,0.37888888888888883,0.6275636832697231,0.08632237712523999,0.987919277840269,0.103600223882006,0.592630563190714,0.5513255095481873,0.43517555475234987,0.05685909373060212,4.4291200994385616,0.9131441048034934,10.600888888888887,0.007401075905714047,0.9130499245571237,900,916,1.0,1.0177777777777777,0.017777777777777778,0.6375545851528385,0.5509834885597229,0.6371797570609988,0.08244466943156104,10.520656824111938
local_social_learning_weight,+20%,1.2,3,20263848,0.38977777777777783,0.36800000000000005,0.24222222222222226,0.632,0.6102222222222222,0.5887705276800053,0.4184444444444444,0.6481685566161092,0.07602222982687855,0.9885365635320633,0.09771899218333202,0.593986483608592,0.5647420454025268,0.4354117166996002,0.05706021104903788,4.447177818086412,0.9155831312881165,10.69288888888889,0.007678986386876716,0.911108109647395,900,921,1.0,1.0233333333333334,0.023333333333333334,0.6297502714440825,0.5510573387145996,0.6572334288292535,0.07272728642982784,10.327703475952148
local_social_learning_weight,+20%,1.2,4,20264857,0.3973333333333333,0.3557777777777778,0.2468888888888889,0.6442222222222221,0.6026666666666667,0.5843707184257719,0.40911111111111104,0.6384893192741263,0.08393364123209604,0.9911221205116398,0.10045284886216872,0.5941328068700857,0.5589977812767029,0.4314190435409546,0.05723153320918684,4.419535494857364,0.9150657151077545,10.681777777777777,0.008566307083724077,0.9096506591426546,900,924,1.0,1.0266666666666666,0.02666666666666667,0.6168831168831169,0.5459277629852295,0.6479289240119235,0.08021375491049532,10.471455574035645
local_social_learning_weight,+20%,1.2,5,20265866,0.39333333333333337,0.3475555555555555,0.2591111111111111,0.6524444444444444,0.6066666666666667,0.5867561729749602,0.4237777777777778,0.6406117971817206,0.08379638792133924,0.9897911491373587,0.10084258875605365,0.5928897539307926,0.5612495994567871,0.43255555152893066,0.056774674115456246,4.3958950704998445,0.9056254738075594,10.696000000000002,0.0071273049353546515,0.9127811078027241,900,915,1.0,1.0166666666666666,0.016666666666666666,0.6185792349726776,0.5463204383850098,0.6499070903216302,0.08013789472887756,10.891337156295776
local_social_learning_weight,+20%,1.2,6,20266875,0.4026666666666667,0.35,0.2473333333333333,0.65,0.5973333333333333,0.5899574543388114,0.42999999999999994,0.647735116644993,0.08409978311241037,0.9920906801149653,0.10087603589147562,0.5927533849232566,0.5655211734771729,0.4369961678981781,0.05658845437616388,4.426406541188558,0.924526678055026,10.574222222222222,0.008714085855275978,0.9127951084967072,900,913,1.0,1.0144444444444445,0.014444444444444444,0.6429353778751369,0.550755500793457,0.6569988492628199,0.0806142199052744,10.378894567489624
local_social_learning_weight,+20%,1.2,7,20267884,0.414,0.35155555555555557,0.23444444444444443,0.6484444444444445,0.5860000000000001,0.5894066045661421,0.4344444444444444,0.6427177795578602,0.0875194249141619,0.9902110035174213,0.10280727134981514,0.5939899329309476,0.5639628171920776,0.43635998010635374,0.05668777157045314,4.427765527195401,0.9152905552632498,10.58222222222222,0.008337125183837404,0.9117290355236258,900,915,1.0,1.0166666666666666,0.016666666666666666,0.6371584699453552,0.5503920912742615,0.6520412786216885,0.083773709463411,10.262362241744995
local_social_learning_weight,+20%,1.2,8,20268893,0.3995555555555555,0.354,0.24644444444444447,0.6460000000000001,0.6004444444444446,0.5915106473328163,0.4364444444444444,0.6451901403115745,0.0848248626093558,0.9899539333653877,0.10086612525713265,0.5947429585154916,0.5634514379501343,0.43393631219863893,0.05698820608317815,4.42652204879125,0.9001837657410059,10.772888888888888,0.008718098628336429,0.9148628309667842,900,919,1.0,1.021111111111111,0.021111111111111112,0.6147986942328618,0.5488340258598328,0.6546009265102031,0.08103924484451741,10.187681913375854
local_social_learning_weight,+20%,1.2,9,20269902,0.38911111111111113,0.35511111111111116,0.25577777777777777,0.6448888888888888,0.6108888888888889,0.5914997648536291,0.4286666666666667,0.6501948456199925,0.07515434142482857,0.988181881645486,0.09674422598799211,0.5935540739706845,0.5665709829330444,0.43502195477485656,0.05681936685288641,4.424391015476651,0.9106742354756189,10.50088888888889,0.007557959476874099,0.9179459094821277,900,917,1.0,1.018888888888889,0.01888888888888889,0.6215921483097055,0.5498554706573486,0.6593392035675298,0.07187913757414188,10.232942581176758
local_social_learning_weight,+20%,1.2,10,20270911,0.39799999999999996,0.3637777777777778,0.23822222222222222,0.6362222222222222,0.602,0.5782043557633094,0.3964444444444444,0.6298585127376647,0.07534807909646803,0.9868302505156855,0.09752735896791737,0.5937318748846361,0.551875672340393,0.4374843227863312,0.05683178150217257,4.450409959051345,0.9077265342589531,10.659555555555555,0.006395844288129414,0.9107116527985564,900,918,1.0,1.02,0.02,0.6535947712418301,0.5546082854270935,0.6393299435761213,0.07208598314843706,9.995758533477783
local_social_learning_weight,+20%,1.2,11,20271920,0.3877777777777778,0.34800000000000003,0.2642222222222222,0.652,0.6122222222222223,0.5934128162294496,0.43888888888888894,0.6527608192107985,0.08378967160262281,0.9893253085625058,0.10015059356383435,0.5961527061775623,0.5678003025054932,0.4339695465564728,0.05687895716945997,4.4183361776669825,0.919375591335201,10.667555555555555,0.007543592128932302,0.9145940983463717,900,919,1.0,1.021111111111111,0.021111111111111112,0.6245919477693145,0.5484080910682678,0.661936230938695,0.08029140828635506,10.577510356903076
local_social_learning_weight,+20%,1.2,12,20272929,0.4022222222222222,0.3482222222222222,0.24955555555555556,0.6517777777777778,0.5977777777777777,0.5934559378634191,0.43644444444444447,0.6538120267960599,0.07598887829894325,0.9882522981854707,0.09622674104275393,0.592678663577733,0.569208312034607,0.43460230231285096,0.05685412787088765,4.422873061974843,0.9131811599548765,10.673777777777778,0.00788803109820509,0.9129118164526376,900,917,1.0,1.018888888888889,0.01888888888888889,0.6226826608505998,0.5489266514778137,0.6627487717050625,0.07271882235057414,9.78907823562622
local_social_learning_weight,+20%,1.2,13,20273938,0.38933333333333336,0.3655555555555556,0.24511111111111114,0.6344444444444445,0.6106666666666666,0.5918562335089056,0.43800000000000006,0.6480589418278874,0.079918125062094,0.9904997794846788,0.09928310592992888,0.5923681523667722,0.5653242111206055,0.43784467816352846,0.056983240223463696,4.4660157021416556,0.9094553376906318,10.631555555555556,0.008410938736051914,0.9108957041816724,900,918,1.0,1.02,0.02,0.6535947712418301,0.5540245175361633,0.6574085985363014,0.0765187754021337,9.759568929672241
local_social_learning_weight,+20%,1.2,14,20274947,0.4102222222222222,0.3428888888888889,0.2468888888888889,0.6571111111111111,0.5897777777777778,0.5946626397079771,0.4384444444444444,0.6536435682759258,0.08025945042291532,0.9908579090021761,0.09799639208159498,0.5934201630006671,0.5679398560523987,0.43123168230056763,0.056948479205462456,4.3958517750634085,0.9114477596395034,10.713333333333335,0.008313336520275976,0.9153292972771047,900,918,1.0,1.02,0.02,0.6100217864923747,0.544682502746582,0.662795311747376,0.07696195874725142,9.724305391311646
local_social_learning_weight,+20%,1.2,15,20275956,0.3857777777777778,0.36933333333333335,0.2448888888888889,0.6306666666666666,0.6142222222222222,0.5883510139325048,0.42022222222222216,0.6429806133988049,0.07546436100503684,0.9879678954510228,0.09791976118837147,0.5920590665309698,0.561455020904541,0.4343075227737427,0.057027932960893854,4.4333909423086375,0.9119627993864696,10.712888888888891,0.006643925484282077,0.912616623236513,900,919,1.0,1.021111111111111,0.021111111111111112,0.6300326441784548,0.5505538582801819,0.6521342343663115,0.07224316429141764,9.645575284957886
local_social_learning_weight,+20%,1.2,16,20276965,0.402,0.3688888888888889,0.22911111111111113,0.6311111111111112,0.598,0.58955468100444,0.4295555555555556,0.6475210486757907,0.07890364747842733,0.9900171655641274,0.09904393613620513,0.5943220746869434,0.5663781261444092,0.4324228346347809,0.057030415890751085,4.414327248785231,0.9101851389055093,10.750222222222222,0.007875233172540397,0.9088266606771636,900,920,1.0,1.0222222222222221,0.022222222222222223,0.6293478260869565,0.54668790102005,0.6565229934075575,0.07574900913130267,9.64447283744812
local_social_learning_weight,+20%,1.2,17,20277974,0.38866666666666666,0.3593333333333334,0.252,0.6406666666666666,0.6113333333333333,0.5831068474273514,0.4084444444444445,0.6375029071779819,0.07489215245975385,0.9870751805157398,0.09864920884945258,0.594293127689601,0.5585729956626893,0.43292407870292665,0.05674239602731223,4.397117390314738,0.902677214540592,10.706666666666663,0.006092528968515122,0.9173601563940127,900,915,1.0,1.0166666666666666,0.016666666666666666,0.6382513661202186,0.5481071472167969,0.6467392014428206,0.07164866686503091,10.275716781616211
local_social_learning_weight,+20%,1.2,18,20278983,0.37977777777777777,0.37755555555555553,0.24266666666666667,0.6224444444444444,0.6202222222222222,0.5942061311751123,0.4522222222222223,0.650248231848959,0.08512879005631274,0.9889558395597124,0.10154292369884285,0.5931430455208109,0.56619304895401,0.4360867536067963,0.056943513345747994,4.444935434182485,0.9077384718965003,10.644444444444444,0.007631932627008264,0.9117353998679719,900,918,1.0,1.02,0.02,0.6339869281045751,0.5513353943824768,0.6594355984533323,0.08154609875315533,9.80236268043518
local_social_learning_weight,+20%,1.2,19,20279992,0.4046666666666667,0.35533333333333333,0.24,0.6446666666666667,0.5953333333333333,0.5864437738642906,0.41822222222222216,0.6418186762403306,0.08514909910442124,0.9901575229602255,0.10113725445524835,0.5943359709837724,0.5600836968421936,0.4361722242832184,0.05667535692116698,4.424874388800728,0.904710294277736,10.660444444444444,0.008784260737553728,0.9147021966600078,900,914,1.0,1.0155555555555555,0.015555555555555555,0.6466083150984683,0.5502431392669678,0.6512463536731519,0.08151454217158483,9.663333654403687
choice_temperature,-20%,0.8,0,20260821,0.3937777777777778,0.3695555555555556,0.23666666666666664,0.6304444444444445,0.6062222222222222,0.5878327634571864,0.42666666666666664,0.648089752157568,0.08498012695504563,0.9894399921856679,0.10174098967071622,0.5939761440154604,0.5644343662261962,0.4391138303279877,0.05661576660459342,4.450040627691481,0.9028188408970205,10.46,0.008150915442312577,0.9140966130400551,900,913,1.0,1.0144444444444445,0.014444444444444444,0.651697699890471,0.5542529225349426,0.657292291805426,0.08128781692648746,9.934502363204956
choice_temperature,-20%,0.8,1,20261830,0.41355555555555557,0.3571111111111111,0.22933333333333333,0.6428888888888887,0.5864444444444444,0.6051115494909061,0.47244444444444456,0.6654733302203162,0.08357165530833281,0.988882724432471,0.09776549855525875,0.5935663867400017,0.5781878519058228,0.4405146813392639,0.056568590937306026,4.460532174693213,0.9050135767519788,10.54088888888889,0.009635325245862561,0.9122998879002018,900,912,1.0,1.0133333333333334,0.013333333333333334,0.6557017543859649,0.5549401044845581,0.6746202932540525,0.07985909540926772,9.948391675949097
choice_temperature,-20%,0.8,2,20262839,0.37755555555555553,0.38800000000000007,0.23444444444444443,0.612,0.6224444444444445,0.577535932048032,0.39644444444444443,0.628620251114696,0.08555559125676858,0.9881594436916105,0.1017152193139225,0.5957916295620408,0.5505072736740112,0.43478929400444033,0.05692613283674737,4.4303430710368685,0.8961506756634803,10.559555555555555,0.007719188303409542,0.9130499245571237,900,918,1.0,1.02,0.02,0.6220043572984749,0.5509834885597229,0.6383146471572072,0.08184362594997308,9.706991910934448
choice_temperature,-20%,0.8,3,20263848,0.40399999999999997,0.36466666666666664,0.23133333333333334,0.6353333333333334,0.596,0.5895074897582744,0.43222222222222223,0.648640105542213,0.07576897470235566,0.9894787429429047,0.09782844952190685,0.5936119729061486,0.565131688117981,0.4360642111301422,0.05674239602731223,4.429032496982151,0.9081949822790495,10.6,0.008305836104622042,0.911108109647395,900,915,1.0,1.0166666666666666,0.016666666666666666,0.6338797814207651,0.5510573387145996,0.6577039031643321,0.0725268314638281,10.446110725402832
choice_temperature,-20%,0.8,4,20264857,0.4022222222222222,0.3742222222222222,0.22355555555555554,0.6257777777777779,0.5977777777777777,0.585066623553013,0.4146666666666667,0.6392394308612492,0.08339748733499831,0.9911830427362547,0.09952292368964442,0.5951050063523244,0.5586683273315429,0.43261829257011414,0.056571073867163264,4.380750463114845,0.8940445795202066,10.393777777777778,0.009144581830953298,0.9096506591426546,900,913,1.0,1.0144444444444445,0.014444444444444444,0.615553121577218,0.5459277629852295,0.6487011746514367,0.07962990217608912,10.218086957931519
choice_temperature,-20%,0.8,5,20265866,0.40333333333333343,0.3542222222222222,0.24244444444444443,0.6457777777777778,0.5966666666666667,0.5899286122713744,0.42466666666666664,0.642304460108985,0.08251204926590933,0.9893651601489227,0.09780031285207363,0.5936828186469731,0.5613622307777405,0.43274221181869504,0.05650403476101801,4.37682785680559,0.9054781309644965,10.511111111111111,0.007997371063317856,0.9127811078027241,900,912,1.0,1.0133333333333334,0.013333333333333334,0.6096491228070176,0.5463204383850098,0.6516160973865567,0.0788319198334353,10.337586641311646
choice_temperature,-20%,0.8,6,20266875,0.4162222222222222,0.3628888888888889,0.22088888888888888,0.6371111111111111,0.5837777777777778,0.590952957367189,0.4308888888888889,0.6484019572735967,0.08403741321765913,0.9908333439478674,0.1013903937029636,0.593867282020478,0.563485152721405,0.43569321036338804,0.05702296710117939,4.447129550668929,0.9072949720856152,10.48711111111111,0.00879583774114256,0.9127951084967072,900,920,1.0,1.0222222222222221,0.022222222222222223,0.6510869565217391,0.550755500793457,0.6576152628174763,0.08055276838666425,10.331259965896606
choice_temperature,-20%,0.8,7,20267884,0.41044444444444445,0.3593333333333333,0.23022222222222222,0.6406666666666666,0.5895555555555556,0.5896108159218448,0.4315555555555555,0.6434476078021899,0.08797276154009033,0.9902741124793234,0.10267056888791094,0.5932080197747179,0.5636156392097473,0.43583077907562257,0.056767225325884546,4.4285971265369,0.908106467697385,10.633333333333333,0.008416940333684477,0.9117290355236258,900,915,1.0,1.0166666666666666,0.016666666666666666,0.6404371584699453,0.5503920912742615,0.6527861562371264,0.08430317018117428,10.300762414932251
choice_temperature,-20%,0.8,8,20268893,0.3893333333333333,0.3802222222222222,0.23044444444444445,0.6197777777777778,0.6106666666666667,0.5915618224314801,0.43666666666666665,0.6457011976425381,0.08438315835556687,0.9893064472574136,0.10147348113290992,0.5934013144762804,0.561986391544342,0.43330989718437196,0.05713221601489759,4.431292155901591,0.8961777368644667,10.574666666666667,0.008774428634043242,0.9148628309667842,900,921,1.0,1.0233333333333334,0.023333333333333334,0.6112920738327905,0.5488340258598328,0.6551376588763866,0.08062027706255104,10.12119197845459
choice_temperature,-20%,0.8,9,20269902,0.3931111111111112,0.3631111111111111,0.2437777777777778,0.636888888888889,0.6068888888888888,0.5938916689365541,0.4373333333333333,0.6507835537085208,0.0748876014448752,0.9893232660932678,0.09555427151890575,0.5919428568047553,0.5652885508537292,0.4343541252613068,0.05688640595903166,4.422791093243493,0.9098748637879471,10.662666666666667,0.007470123938447799,0.9179459094821277,900,919,1.0,1.021111111111111,0.021111111111111112,0.6137105549510338,0.5498554706573486,0.6598564522391915,0.07176347520684279,10.535483121871948
choice_temperature,-20%,0.8,10,20270911,0.3791111111111112,0.3955555555555555,0.22533333333333336,0.6044444444444445,0.6208888888888889,0.5791828523095283,0.39555555555555555,0.6308457114753435,0.07458704350714367,0.984760180570031,0.09800062356627923,0.5940895073206088,0.5523994517326355,0.4380307579040527,0.05642954686530107,4.424450997458564,0.9010481910174848,10.476444444444446,0.006472923663240378,0.9107116527985564,900,910,1.0,1.011111111111111,0.011111111111111112,0.6516483516483517,0.5546082854270935,0.6404258133532001,0.0713511154301738,10.181606769561768
choice_temperature,-20%,0.8,11,20271920,0.4077777777777778,0.3637777777777778,0.22844444444444442,0.6362222222222222,0.5922222222222222,0.5953977942597498,0.44400000000000006,0.6535487833468232,0.08327600000121532,0.9878857763721294,0.09783735728600834,0.5950256073638424,0.566554741859436,0.4345191562175751,0.05642706393544383,4.388832782321506,0.906010565891754,10.523555555555555,0.008447164355995958,0.9145940983463717,900,910,1.0,1.011111111111111,0.011111111111111112,0.6230769230769231,0.5484080910682678,0.6627941632483965,0.07967975491904156,10.095810413360596
choice_temperature,-20%,0.8,12,20272929,0.39844444444444443,0.37222222222222223,0.22933333333333336,0.6277777777777778,0.6015555555555556,0.5951490999098976,0.43955555555555564,0.6544344969886273,0.07562970138515612,0.9876110226386929,0.09636415911329883,0.594410990843331,0.5681226682662964,0.4341566693782806,0.056839230291744265,4.417126176887088,0.9032436263903191,10.540444444444445,0.0087693509388168,0.9129118164526376,900,918,1.0,1.02,0.02,0.6252723311546841,0.5489266514778137,0.663595265059204,0.07227848489890154,10.235395431518555
choice_temperature,-20%,0.8,13,20273938,0.4062222222222222,0.3628888888888889,0.23088888888888892,0.6371111111111111,0.5937777777777778,0.5922160697256136,0.4404444444444444,0.6483684495499182,0.08012265986283104,0.9904976889184063,0.10066702519945142,0.5939292381538555,0.5644539546966553,0.43816644191741944,0.056692737430167596,4.446486232280731,0.8986955392359303,10.476888888888888,0.008179076479075125,0.9108957041816724,900,915,1.0,1.0166666666666666,0.016666666666666666,0.659016393442623,0.5540245175361633,0.657697656337259,0.07662840195746701,10.171180486679077
choice_temperature,-20%,0.8,14,20274947,0.40266666666666673,0.3666666666666667,0.23066666666666666,0.6333333333333333,0.5973333333333333,0.5933661646548923,0.43844444444444447,0.6541599822854791,0.07980345644154799,0.9898825792550892,0.09650020327205866,0.5935426602100882,0.5669854950904846,0.43147597193717957,0.05674984481688392,4.382979145685832,0.8989295340693468,10.496888888888888,0.00827295240562217,0.9153292972771047,900,916,1.0,1.0177777777777777,0.017777777777777778,0.6048034934497817,0.544682502746582,0.6632108069039587,0.07654410386420718,10.105417728424072
choice_temperature,-20%,0.8,15,20275956,0.38911111111111113,0.37222222222222223,0.23866666666666667,0.6277777777777778,0.6108888888888889,0.5905800479055457,0.4288888888888889,0.6437638614797366,0.07527383769829844,0.9871755940504106,0.0971176416413121,0.5954110789372377,0.5612663626670837,0.4355869734287262,0.056424581005586595,4.399428422874874,0.903102310231023,10.431999999999999,0.007346522322133282,0.912616623236513,900,909,1.0,1.01,0.01,0.6314631463146315,0.5505538582801819,0.6530120297925387,0.07199054558568396,10.477955341339111
choice_temperature,-20%,0.8,16,20276965,0.3991111111111112,0.35955555555555563,0.24133333333333332,0.6404444444444444,0.6008888888888889,0.5910794800500465,0.43733333333333335,0.6475421462882488,0.07954916831544602,0.9890013401621713,0.0997770818256879,0.5938447362344426,0.5656501603126526,0.433346871137619,0.05662073246430789,4.391970830228593,0.8984414316281191,10.489777777777778,0.008255730231983229,0.9088266606771636,900,913,1.0,1.0144444444444445,0.014444444444444444,0.628696604600219,0.54668790102005,0.6566035841641104,0.07635185500943309,10.227506875991821
choice_temperature,-20%,0.8,17,20277974,0.37711111111111106,0.38155555555555554,0.24133333333333332,0.6184444444444445,0.6228888888888888,0.5849880419246584,0.40800000000000003,0.6377280223022705,0.07492718901646421,0.987306389025171,0.0972496655233419,0.5955857744773585,0.5578184962272644,0.43275908470153807,0.056729981378026074,4.394475130558014,0.9007300861607115,10.513333333333332,0.007276532963295596,0.9173601563940127,900,915,1.0,1.0166666666666666,0.016666666666666666,0.6349726775956284,0.5481071472167969,0.647146547427823,0.07148400831707935,10.019810914993286
choice_temperature,-20%,0.8,18,20278983,0.40955555555555556,0.35555555555555557,0.23488888888888887,0.6444444444444444,0.5904444444444445,0.5942708605579989,0.44066666666666665,0.6510144175389584,0.08482754509919253,0.9892234966789029,0.10046454938475248,0.5944306832903744,0.56714848279953,0.4371566557884216,0.056399751707014285,4.413311187744141,0.9050814331178967,10.524888888888889,0.009141957319488848,0.9117353998679719,900,910,1.0,1.011111111111111,0.011111111111111112,0.6461538461538462,0.5513353943824768,0.6603199072587397,0.08111091134697834,10.11035943031311
choice_temperature,-20%,0.8,19,20279992,0.38822222222222225,0.3877777777777778,0.22400000000000003,0.6122222222222222,0.6117777777777778,0.5854627964377229,0.4184444444444445,0.641969618445557,0.08442952117275743,0.9906529680111003,0.10061488155086808,0.5937316691093993,0.5575508141517639,0.4353871607780457,0.05660583488516449,4.411498143725925,0.8881415617372174,10.391111111111114,0.008471559050695392,0.9147021966600078,900,913,1.0,1.0144444444444445,0.014444444444444444,0.6385542168674698,0.5502431392669678,0.651489318797132,0.08076740441023622,9.606707096099854
choice_temperature,+20%,1.2,0,20260821,0.39644444444444443,0.33755555555555555,0.266,0.6624444444444444,0.6035555555555555,0.5898905261947448,0.43422222222222223,0.646952638566286,0.08577937069255376,0.990754790904004,0.10092756045375538,0.5933485525246245,0.5659822082519531,0.4380889070034027,0.05726132836747363,4.490214093473222,0.9217644142005826,10.705777777777778,0.008184426544423806,0.9140966130400551,900,926,1.0,1.028888888888889,0.028888888888888888,0.6436285097192225,0.5542529225349426,0.6562528740123733,0.08208654819269912,9.751769304275513
choice_temperature,+20%,1.2,1,20261830,0.39733333333333326,0.3426666666666667,0.25999999999999995,0.6573333333333333,0.6026666666666667,0.6034759081749956,0.4637777777777778,0.6642466445793431,0.08370684990342799,0.9893510140483724,0.09689020213969672,0.593807740386422,0.5774207592010498,0.4387206554412842,0.05744754810676598,4.511325241883596,0.9183235238034377,10.900888888888892,0.009028770031063376,0.9122998879002018,900,928,1.0,1.031111111111111,0.03111111111111111,0.6422413793103449,0.5549401044845581,0.6732797434662294,0.08000442844859457,10.007108449935913
choice_temperature,+20%,1.2,2,20262839,0.3864444444444445,0.35288888888888886,0.26066666666666666,0.6471111111111111,0.6135555555555555,0.5746505462435773,0.3902222222222222,0.627387692996076,0.08662933656029459,0.9895827379436458,0.10434231579084301,0.5923262968175481,0.5531223249435425,0.4355419969558716,0.05684667908131595,4.431845230579376,0.9223869692872146,10.77688888888889,0.006927533674712415,0.9130499245571237,900,917,1.0,1.018888888888889,0.01888888888888889,0.6368593238822247,0.5509834885597229,0.6369812783489804,0.08285006036022535,9.7371084690094
choice_temperature,+20%,1.2,3,20263848,0.39555555555555555,0.342,0.2624444444444444,0.6579999999999999,0.6044444444444445,0.5915133911292761,0.44155555555555553,0.6480154640887147,0.07637624004926932,0.9893941409941465,0.09624911457437807,0.5949085904922073,0.566629011631012,0.4358264493942261,0.05713221601489758,4.456972696728177,0.9229812711072738,10.726666666666667,0.00709235468093062,0.911108109647395,900,922,1.0,1.0244444444444445,0.024444444444444446,0.6258134490238612,0.5510573387145996,0.6572154031193876,0.07297200550117089,9.714862823486328
choice_temperature,+20%,1.2,4,20264857,0.4035555555555556,0.3257777777777778,0.2706666666666667,0.6742222222222222,0.5964444444444443,0.5851426176567509,0.4137777777777778,0.6378666014030004,0.08453208127771783,0.9914232912796834,0.10238361364021305,0.5915002444110852,0.5590930771827698,0.43100797772407534,0.057440099317194286,4.431434816413455,0.9224109566041041,10.880444444444445,0.007295909116353607,0.9096506591426546,900,928,1.0,1.031111111111111,0.03111111111111111,0.6120689655172413,0.5459277629852295,0.6470888349897133,0.08091839024556524,9.667129278182983
choice_temperature,+20%,1.2,5,20265866,0.3804444444444444,0.3477777777777778,0.2717777777777778,0.6522222222222223,0.6195555555555555,0.5874618121820951,0.43333333333333335,0.6410513074023974,0.08295936552669982,0.9892493011923247,0.09933152826838249,0.5944838157936229,0.5608134937286376,0.4309072971343994,0.05758162631905649,4.441313037978278,0.9081531928489607,11.016888888888886,0.007258600375558052,0.9127811078027241,900,930,1.0,1.0333333333333334,0.03333333333333333,0.5989247311827957,0.5463204383850098,0.6503468738933454,0.07928996211976735,9.680315732955933
choice_temperature,+20%,1.2,6,20266875,0.40355555555555545,0.33333333333333337,0.2631111111111111,0.6666666666666667,0.5964444444444444,0.5916557034053741,0.4393333333333333,0.6471477676150019,0.08433113319104933,0.991967690944272,0.10100606138884657,0.5931869834806911,0.5651367735862732,0.43609400272369386,0.057042830540037254,4.4527253180079995,0.9239000917233462,10.814666666666668,0.008499760845624265,0.9127951084967072,900,921,1.0,1.0233333333333334,0.023333333333333334,0.6471226927252985,0.550755500793457,0.6564071069368254,0.08071006372841993,9.86404037475586
choice_temperature,+20%,1.2,7,20267884,0.40199999999999997,0.33266666666666667,0.26533333333333337,0.6673333333333333,0.598,0.5860024361734425,0.4253333333333334,0.6421832846799574,0.08797269109026036,0.9907433476097879,0.10342899690581529,0.5940767678798278,0.5643428254127503,0.4351654887199402,0.05716945996275605,4.453107611444262,0.9257368410624514,10.788444444444446,0.0074052477876212185,0.9117290355236258,900,923,1.0,1.0255555555555556,0.025555555555555557,0.6294691224268689,0.5503920912742615,0.6513386146162435,0.08434289127655603,10.12550663948059
choice_temperature,+20%,1.2,8,20268893,0.39422222222222225,0.34377777777777774,0.262,0.6562222222222222,0.6057777777777777,0.5878445800752236,0.4331111111111111,0.6441818528171268,0.08567414161602287,0.9903520703682257,0.10224255741595874,0.5927429515901561,0.56387948513031,0.4338147628307343,0.05722408441961515,4.44355492983924,0.9180777139932975,10.79911111111111,0.007689931924606872,0.9148628309667842,900,924,1.0,1.0266666666666666,0.02666666666666667,0.6179653679653679,0.5488340258598328,0.6535303194057362,0.08196374135939721,9.874279022216797
choice_temperature,+20%,1.2,9,20269902,0.40022222222222226,0.3373333333333333,0.2624444444444444,0.6626666666666666,0.5997777777777777,0.5883804531800958,0.42266666666666663,0.6491623557686584,0.07555060600296226,0.9892133575118858,0.0985497885600692,0.5939409583313495,0.5659463667869568,0.43294856309890745,0.05760397268777157,4.464180744171142,0.91125,10.818666666666667,0.006961233779795307,0.9179459094821277,900,928,1.0,1.031111111111111,0.03111111111111111,0.6206896551724138,0.5498554706573486,0.6582511444249329,0.07236778866328031,10.311209201812744
choice_temperature,+20%,1.2,10,20270911,0.4015555555555556,0.35533333333333333,0.24311111111111114,0.6446666666666667,0.5984444444444444,0.5782015153620407,0.4086666666666667,0.6297339675329451,0.07539627285958034,0.9867685550408312,0.10208265695735054,0.5929201020839918,0.5531202936172486,0.43712127208709717,0.057142147734326514,4.471037765926784,0.9191339048286251,10.812444444444445,0.006461840408151385,0.9107116527985564,900,921,1.0,1.0233333333333334,0.023333333333333334,0.6460369163952225,0.5546082854270935,0.6391502569206274,0.07215642676867629,10.343751907348633
choice_temperature,+20%,1.2,11,20271920,0.3922222222222222,0.35111111111111115,0.25666666666666665,0.6488888888888888,0.6077777777777778,0.5927817216966923,0.4468888888888889,0.6528099280991527,0.0835170128335842,0.9890182381507353,0.10210213503903792,0.5943537815976905,0.5676715970039368,0.4332726979255676,0.05735319677219119,4.448006128735013,0.9229809263633665,10.708000000000002,0.007609276823066581,0.9145940983463717,900,926,1.0,1.028888888888889,0.028888888888888888,0.6241900647948164,0.5484080910682678,0.6619121626102596,0.08007172337390145,10.30280065536499
choice_temperature,+20%,1.2,12,20272929,0.39444444444444443,0.33533333333333337,0.2702222222222222,0.6646666666666667,0.6055555555555556,0.5958527631683844,0.4375555555555556,0.6536011581345502,0.07582347561579629,0.9870644584525471,0.09628012395066708,0.593972494025217,0.5710532093048095,0.4342330408096313,0.05712973308504035,4.44054110982683,0.9134666477836001,10.85688888888889,0.008101562296743076,0.9129118164526376,900,921,1.0,1.0233333333333334,0.023333333333333334,0.6286644951140065,0.5489266514778137,0.6627008441625971,0.07254153504630945,10.346253871917725
choice_temperature,+20%,1.2,13,20273938,0.38866666666666666,0.35733333333333334,0.254,0.6426666666666666,0.6113333333333333,0.5888121063826908,0.42444444444444435,0.6472923047332831,0.08026917467698244,0.9913403364286393,0.09885126387760762,0.5967444959449322,0.5652003836631775,0.43717904806137087,0.05749968963376786,4.499524250772264,0.9143397979348437,10.842222222222224,0.007559585396124323,0.9108957041816724,900,930,1.0,1.0333333333333334,0.03333333333333333,0.6505376344086021,0.5540245175361633,0.6565700609116047,0.0766737225330123,10.769673585891724
choice_temperature,+20%,1.2,14,20274947,0.4024444444444445,0.3382222222222222,0.2593333333333333,0.6617777777777778,0.5975555555555555,0.5925557897211973,0.43244444444444446,0.6527774515709516,0.08038603353850192,0.9897306061589493,0.09867031572572849,0.5920974748138024,0.5678865051269532,0.43119054913520816,0.057094972067039104,4.406639263470968,0.9200189510522869,10.822666666666668,0.007949708691938595,0.9153292972771047,900,923,1.0,1.0255555555555556,0.025555555555555557,0.6153846153846154,0.544682502746582,0.661983300360072,0.07701951536436957,10.563004493713379
choice_temperature,+20%,1.2,15,20275956,0.40111111111111114,0.3491111111111112,0.24977777777777777,0.6508888888888889,0.5988888888888888,0.5899721338576861,0.4411111111111111,0.6425496705324529,0.07582751304307997,0.9873787324245267,0.09776052208358735,0.5948097917965554,0.5627996253967286,0.4355191302299499,0.056903786468032284,4.43601940759023,0.9170026238042419,10.857333333333331,0.0066994454117983646,0.912616623236513,900,918,1.0,1.02,0.02,0.6372549019607843,0.5505538582801819,0.6518284735605286,0.07259897460017828,10.31616497039795
choice_temperature,+20%,1.2,16,20276965,0.39444444444444443,0.3377777777777778,0.2677777777777778,0.6622222222222222,0.6055555555555556,0.5904175036417958,0.43222222222222223,0.6468498713696643,0.0791245918964903,0.9903464119498844,0.09902268848112955,0.5944046380325468,0.5671387147903443,0.43203282356262207,0.057201738050900064,4.423571519374847,0.925515509938918,10.942666666666666,0.0070911819503735275,0.9088266606771636,900,923,1.0,1.0255555555555556,0.025555555555555557,0.6338028169014085,0.54668790102005,0.6559018407711548,0.0759444606204045,10.354470252990723
choice_temperature,+20%,1.2,17,20277974,0.3862222222222222,0.36266666666666675,0.2511111111111111,0.6373333333333333,0.6137777777777778,0.5823108426398979,0.4037777777777778,0.6366432605631833,0.07554682306325539,0.9874671152120755,0.09789572319928194,0.5935199598264442,0.5592017459869385,0.43244237303733823,0.05700558659217878,4.412567600780063,0.9047887771433953,10.835111111111111,0.006897399651238137,0.9173601563940127,900,921,1.0,1.0233333333333334,0.023333333333333334,0.6373507057546145,0.5481071472167969,0.6458781534569968,0.072196361943762,10.302766799926758
choice_temperature,+20%,1.2,18,20278983,0.3877777777777778,0.34488888888888886,0.26733333333333337,0.6551111111111111,0.6122222222222222,0.5938863697501269,0.44511111111111107,0.6496929977448354,0.08551198133015513,0.9901408529545607,0.0993219094266971,0.5936110340579878,0.5672209453582764,0.436005699634552,0.05703289882060832,4.451086659431458,0.9251150570461425,10.997777777777777,0.006977748030945588,0.9117353998679719,900,920,1.0,1.0222222222222221,0.022222222222222223,0.6554347826086957,0.5513353943824768,0.6588527941062307,0.0819308413023565,10.620784282684326
choice_temperature,+20%,1.2,19,20279992,0.4031111111111111,0.33466666666666667,0.2622222222222222,0.6653333333333333,0.5968888888888889,0.5844594944972195,0.4066666666666666,0.640972248850337,0.08497517252076957,0.9907107127990712,0.10082936759589473,0.5928314012828759,0.5602017450332641,0.4343022429943085,0.05734823091247673,4.458246899869708,0.9187332854938489,10.824888888888887,0.007075512010015177,0.9147021966600078,900,924,1.0,1.0266666666666666,0.02666666666666667,0.6439393939393939,0.5502431392669678,0.6502631233616668,0.08142584302352485,10.319807052612305
mode_value_learning_rate,-20%,0.8,0,20260821,0.40355555555555556,0.35044444444444445,0.24600000000000002,0.6495555555555554,0.5964444444444444,0.5921350566462593,0.4417777777777778,0.6477917191906354,0.08504382393494554,0.990179858628168,0.10069931703685853,0.5959273751908494,0.5659577322006225,0.4385382473468781,0.05679950341402855,4.458598999023438,0.9107268036465864,10.636,0.008210915359523976,0.9140966130400551,900,917,1.0,1.018888888888889,0.01888888888888889,0.6499454743729552,0.5542529225349426,0.6570561512297917,0.08130151217227555,11.168386936187744
mode_value_learning_rate,-20%,0.8,1,20261830,0.41222222222222216,0.33488888888888885,0.2528888888888889,0.6651111111111111,0.5877777777777778,0.6043126164067707,0.46888888888888886,0.6649493108831634,0.08369724757066697,0.9889506078215448,0.09674435879887859,0.5945189151242969,0.5781607413291932,0.43991184115409854,0.05699068901303538,4.48761056640413,0.9110726110790989,10.708,0.008914034034801043,0.9122998879002018,900,921,1.0,1.0233333333333334,0.023333333333333334,0.6558089033659066,0.5549401044845581,0.6741049400554672,0.08004480964913663,10.412029504776001
mode_value_learning_rate,-20%,0.8,2,20262839,0.3864444444444445,0.3428888888888889,0.27066666666666667,0.6571111111111111,0.6135555555555555,0.5778414407957283,0.4031111111111111,0.6279674214156716,0.08613267600489519,0.9874669845933493,0.10232078982175029,0.5932660386112115,0.5520963215827942,0.43486701011657714,0.05711980136561143,4.446230812178717,0.9243179919204516,10.869333333333334,0.007312122141881271,0.9130499245571237,900,921,1.0,1.0233333333333334,0.023333333333333334,0.6243213897937026,0.5509834885597229,0.637641024471276,0.08230514156779223,10.324656963348389
mode_value_learning_rate,-20%,0.8,3,20263848,0.41200000000000003,0.33844444444444444,0.24955555555555556,0.6615555555555557,0.588,0.5912117758830268,0.4346666666666667,0.6480164006401012,0.07651241537266276,0.9897039168768588,0.09684865594533337,0.593046328916007,0.5652835083007812,0.435384476184845,0.05695592799503415,4.438760958989461,0.9236230451379192,10.743111111111114,0.008038976122361858,0.911108109647395,900,918,1.0,1.02,0.02,0.6328976034858388,0.5510573387145996,0.6571985354191677,0.07319667217789161,10.265106678009033
mode_value_learning_rate,-20%,0.8,4,20264857,0.39199999999999996,0.350888888888889,0.25711111111111107,0.6491111111111111,0.6080000000000001,0.586870258557004,0.4268888888888888,0.6387700764870643,0.08413534732531247,0.9912061102004902,0.10071806746326165,0.593833105227772,0.5599909591674804,0.4316194140911102,0.05714711359404097,4.415032809681363,0.9113592938272493,10.70088888888889,0.008142748751110113,0.9096506591426546,900,925,1.0,1.0277777777777777,0.027777777777777776,0.6162162162162163,0.5459277629852295,0.6481830035164139,0.08040329389369005,10.301892280578613
mode_value_learning_rate,-20%,0.8,5,20265866,0.3897777777777777,0.3686666666666666,0.24155555555555555,0.6313333333333334,0.6102222222222222,0.5862577392178105,0.41511111111111115,0.6412091260801078,0.08322767829665179,0.9901984037537837,0.10077771045751063,0.5950657185862677,0.5610728335380554,0.4328191125392914,0.056496585971446314,4.37700501871109,0.916148452070331,10.692444444444442,0.007569290681199941,0.9127811078027241,900,911,1.0,1.0122222222222221,0.012222222222222223,0.6169045005488474,0.5463204383850098,0.6504597461726083,0.07962604904702864,9.688658475875854
mode_value_learning_rate,-20%,0.8,6,20266875,0.40044444444444444,0.34955555555555556,0.25,0.6504444444444444,0.5995555555555555,0.5887075416946376,0.43288888888888893,0.6477106863801478,0.08416315285664767,0.9911895523453975,0.10322713413605683,0.5953577906689606,0.5641109561920166,0.4363094699382782,0.05681688392302917,4.437293830871583,0.9106758560220789,10.617777777777778,0.008459270823454896,0.9127951084967072,900,917,1.0,1.018888888888889,0.01888888888888889,0.653217011995638,0.550755500793457,0.6569709494660841,0.08066873376624217,9.626274585723877
mode_value_learning_rate,-20%,0.8,7,20267884,0.3928888888888889,0.3624444444444444,0.2446666666666667,0.6375555555555555,0.607111111111111,0.5909387357712825,0.4397777777777778,0.6431645290856494,0.08715354540586073,0.9900874332126635,0.10156797164457501,0.5926781004983147,0.5640616321563721,0.4358692443370819,0.05698324022346369,4.445743873013391,0.9141146627629682,10.773777777777777,0.008122563632294936,0.9117290355236258,900,920,1.0,1.0222222222222221,0.022222222222222223,0.6347826086956522,0.5503920912742615,0.6523523869456509,0.08352595841337074,9.701420545578003
mode_value_learning_rate,-20%,0.8,8,20268893,0.3786666666666666,0.36822222222222223,0.2531111111111111,0.6317777777777778,0.6213333333333334,0.5899904805457215,0.4337777777777777,0.6449495406325079,0.08474736192849522,0.988993310362575,0.10150923156027067,0.5945538298982131,0.5632562828063965,0.43377724051475525,0.05708255741775295,4.432193653636508,0.9111747339121468,10.68711111111111,0.00816566915469065,0.9148628309667842,900,922,1.0,1.0244444444444445,0.024444444444444446,0.6117136659436009,0.5488340258598328,0.6543755512071949,0.0810001371510003,9.859170198440552
mode_value_learning_rate,-20%,0.8,9,20269902,0.3884444444444444,0.3608888888888888,0.25066666666666665,0.6391111111111112,0.6115555555555556,0.5905111238245945,0.4302222222222223,0.6492277005430005,0.07558601699301938,0.9889702674054425,0.09682788848850446,0.5942217444756362,0.5653775715827942,0.43431947112083436,0.05686405959031658,4.420745103836059,0.9158151469996011,10.719555555555555,0.00732750031507873,0.9179459094821277,900,918,1.0,1.02,0.02,0.6230936819172114,0.5498554706573486,0.6583881260268346,0.07237173129766683,9.682924747467041
mode_value_learning_rate,-20%,0.8,10,20270911,0.3808888888888889,0.3811111111111111,0.23800000000000002,0.6188888888888888,0.6191111111111112,0.576808510951835,0.39,0.629804597675874,0.0751153914503607,0.9864064484884995,0.0991038689007393,0.5937713081817312,0.5516885757446289,0.4375112247467041,0.056873991309745506,4.454040336132049,0.9059183877557824,10.657777777777778,0.00633038213333321,0.9107116527985564,900,917,1.0,1.018888888888889,0.01888888888888889,0.6466739367502726,0.5546082854270935,0.6392495262861455,0.07190626390218857,9.965218305587769
mode_value_learning_rate,-20%,0.8,11,20271920,0.41533333333333333,0.33866666666666667,0.24599999999999997,0.6613333333333332,0.5846666666666667,0.5950015557860364,0.44133333333333336,0.6533749666681242,0.08359594189186405,0.9884935904826719,0.0998675623859272,0.5948583825670786,0.5681335401535034,0.4340460252761841,0.05702296710117939,4.430313640647464,0.9157473323477516,10.819555555555555,0.009181229041217305,0.9145940983463717,900,920,1.0,1.0222222222222221,0.022222222222222223,0.6358695652173914,0.5484080910682678,0.6626118941925461,0.08010124158158405,9.633763313293457
mode_value_learning_rate,-20%,0.8,12,20272929,0.39444444444444443,0.35177777777777774,0.25377777777777777,0.6482222222222223,0.6055555555555556,0.593810717947925,0.43822222222222224,0.6541156163296828,0.07597486818826109,0.9874469666289394,0.09803155137595873,0.5943130192777438,0.5686259984970092,0.4334401714801788,0.05733581626319057,4.44836324151357,0.9033886916625348,10.758222222222221,0.007801635759388691,0.9129118164526376,900,926,1.0,1.028888888888889,0.028888888888888888,0.6144708423326134,0.5489266514778137,0.6631410326287082,0.07269629004774258,10.091531753540039
mode_value_learning_rate,-20%,0.8,13,20273938,0.4311111111111112,0.3402222222222222,0.22866666666666668,0.6597777777777778,0.5688888888888888,0.5916338865211919,0.43644444444444447,0.6476085235730861,0.08047803634928295,0.9918779382433385,0.09964747116299687,0.593189482567948,0.5655291247367858,0.4391687059402466,0.05648168839230292,4.440085829204984,0.9130910673484931,10.588,0.007844379451142738,0.9108957041816724,900,910,1.0,1.011111111111111,0.011111111111111112,0.6593406593406593,0.5540245175361633,0.6569010077806873,0.07689119583640336,10.338949203491211
mode_value_learning_rate,-20%,0.8,14,20274947,0.4037777777777778,0.3522222222222222,0.244,0.6477777777777779,0.5962222222222223,0.5931878276037768,0.43644444444444447,0.6530862373042381,0.08041833989469473,0.9903719099290074,0.0979227014210641,0.5922985043707952,0.5664483165740967,0.4308926856517792,0.05699068901303539,4.395593250486586,0.9183490276294496,10.712444444444444,0.008193940420377374,0.9153292972771047,900,920,1.0,1.0222222222222221,0.022222222222222223,0.6086956521739131,0.544682502746582,0.6621982722565366,0.07707010366337763,10.329177141189575
mode_value_learning_rate,-20%,0.8,15,20275956,0.3733333333333333,0.36888888888888893,0.2577777777777778,0.6311111111111111,0.6266666666666666,0.5864747272537127,0.42088888888888887,0.6425691430143112,0.07566080456963613,0.9882378391667518,0.09937152836686963,0.5925353806846925,0.5610903930664063,0.43462066650390624,0.056963376784605835,4.4315584581693015,0.9056721290326375,10.697333333333331,0.006809603414155846,0.912616623236513,900,919,1.0,1.021111111111111,0.021111111111111112,0.6256800870511425,0.5505538582801819,0.6517468638596826,0.07234263216223025,10.270913362503052
mode_value_learning_rate,-20%,0.8,16,20276965,0.3915555555555555,0.3531111111111111,0.2553333333333333,0.6468888888888888,0.6084444444444445,0.5904554586283873,0.4277777777777778,0.6477674337595802,0.07832718377028945,0.9892796259364484,0.09922147657907604,0.5927901084478905,0.5656684684753418,0.43182687640190126,0.05722408441961515,4.423208181328244,0.9122189494803057,10.791999999999998,0.007334535370265453,0.9088266606771636,900,923,1.0,1.0255555555555556,0.025555555555555557,0.6294691224268689,0.54668790102005,0.6567940808475273,0.07516734301487626,11.098174095153809
mode_value_learning_rate,-20%,0.8,17,20277974,0.38799999999999996,0.36044444444444446,0.2515555555555556,0.6395555555555555,0.612,0.5827097919880277,0.4128888888888889,0.6371782054041063,0.07533595262521887,0.9869644806251721,0.09868931865252652,0.5934910118117874,0.5578662991523743,0.43273364424705507,0.056734947237740536,4.394588989363777,0.9165381802108539,10.609333333333332,0.006585152342824873,0.9173601563940127,900,916,1.0,1.0177777777777777,0.017777777777777778,0.6342794759825328,0.5481071472167969,0.646478791921316,0.07204619490242914,10.405626773834229
mode_value_learning_rate,-20%,0.8,18,20278983,0.3857777777777778,0.3653333333333333,0.24888888888888888,0.6346666666666667,0.6142222222222222,0.5932653701305969,0.45111111111111113,0.6500290827251989,0.08509099188876107,0.9894991142308741,0.10113209479347912,0.5944002447683334,0.5665505933761597,0.4369220006465912,0.056600869025450036,4.42668597957823,0.9098523407861037,10.504888888888889,0.007606751651941358,0.9117353998679719,900,912,1.0,1.0133333333333334,0.013333333333333334,0.6425438596491229,0.5513353943824768,0.6593169246502822,0.08145042443017125,10.471880435943604
mode_value_learning_rate,-20%,0.8,19,20279992,0.39199999999999996,0.3637777777777778,0.2442222222222222,0.6362222222222222,0.6080000000000001,0.5875957036943181,0.4168888888888889,0.641470807243214,0.08483327966070484,0.9903858633923687,0.09905290695378119,0.5936512595825647,0.5595871639251709,0.4340428686141968,0.057385474860335205,4.458408879545,0.9098231002808856,10.76577777777778,0.008434789263788494,0.9147021966600078,900,927,1.0,1.03,0.03,0.6364617044228694,0.5502431392669678,0.6508985453918626,0.08116338713969085,10.566712141036987
mode_value_learning_rate,+20%,1.2,0,20260821,0.4100000000000001,0.3468888888888889,0.2431111111111111,0.653111111111111,0.59,0.591044582601013,0.43199999999999994,0.6473801989576964,0.0850223169447338,0.9898255534261027,0.0995683045829821,0.5935302003533195,0.5656233048439026,0.43905673146247864,0.056729981378026074,4.4584673312505085,0.9130773821364632,10.741333333333335,0.008793120202859628,0.9140966130400551,900,914,1.0,1.0155555555555555,0.015555555555555555,0.6608315098468271,0.5542529225349426,0.6567153396472761,0.08125037161375182,10.10109567642212
mode_value_learning_rate,+20%,1.2,1,20261830,0.42022222222222216,0.33488888888888885,0.2448888888888889,0.6651111111111112,0.5797777777777777,0.6042779816167754,0.47222222222222215,0.6652356242831278,0.08337624987545832,0.9899588750771217,0.09626750334769514,0.5948132571226483,0.5781145453453064,0.4388915479183197,0.05728615766604594,4.50043298625946,0.9255347761786049,10.593777777777778,0.008861069870935247,0.9122998879002018,900,924,1.0,1.0266666666666666,0.02666666666666667,0.6525974025974026,0.5549401044845581,0.6742947772781109,0.07978303492209138,10.585204362869263
mode_value_learning_rate,+20%,1.2,2,20262839,0.39088888888888884,0.3684444444444444,0.24066666666666667,0.6315555555555555,0.6091111111111112,0.5766804659901373,0.39399999999999996,0.6280792908452942,0.08619777701042601,0.9884231222298182,0.10241668906466456,0.5933361485059657,0.5520960783958435,0.4362332010269165,0.05652638112973309,4.413822405232323,0.9150850997784182,10.657333333333334,0.007665778676794018,0.9130499245571237,900,914,1.0,1.0155555555555555,0.015555555555555555,0.6345733041575492,0.5509834885597229,0.6377793519390209,0.0823478147660286,10.780823469161987
mode_value_learning_rate,+20%,1.2,3,20263848,0.4082222222222222,0.3484444444444444,0.24333333333333335,0.6515555555555556,0.5917777777777777,0.5907719720197171,0.4348888888888888,0.648224887658003,0.07584502421586894,0.9884465090063788,0.09634165684234912,0.5952224869008057,0.5660599040985107,0.43498973369598387,0.057176908752327754,4.451887471940783,0.9170593709388722,10.808000000000002,0.0076131550150051516,0.911108109647395,900,924,1.0,1.0266666666666666,0.02666666666666667,0.6287878787878788,0.5510573387145996,0.6572825133749858,0.072583704419098,10.317377805709839
mode_value_learning_rate,+20%,1.2,4,20264857,0.3997777777777778,0.34488888888888886,0.25533333333333336,0.6551111111111112,0.6002222222222222,0.5858692853564813,0.42222222222222217,0.6382409931169187,0.08396233382146229,0.9918488359538585,0.10054341574796624,0.5941823760651792,0.5598909640312195,0.43332212686538696,0.05651396648044694,4.383410526646507,0.9171787809756223,10.634222222222222,0.007859879484633401,0.9096506591426546,900,913,1.0,1.0144444444444445,0.014444444444444444,0.6308871851040526,0.5459277629852295,0.6477597949711813,0.08014732799430835,10.223751783370972
mode_value_learning_rate,+20%,1.2,5,20265866,0.3937777777777777,0.35155555555555557,0.25466666666666665,0.6484444444444445,0.6062222222222222,0.5870192631742517,0.4344444444444444,0.6412156919731108,0.08355517095196592,0.9903423852056079,0.10165334312870165,0.5940060843629322,0.5619087815284729,0.43269662737846376,0.05671260086902546,4.392491105238596,0.9176956859104773,10.525777777777778,0.007437390963436352,0.9127811078027241,900,916,1.0,1.0177777777777777,0.017777777777777778,0.6146288209606987,0.5463204383850098,0.6504358685611129,0.08001623695433757,9.82005524635315
mode_value_learning_rate,+20%,1.2,6,20266875,0.4086666666666667,0.34444444444444444,0.2468888888888889,0.6555555555555556,0.5913333333333334,0.5883020166369701,0.4242222222222222,0.6478736917683184,0.08404930425490609,0.9905432212830863,0.09946584667230894,0.5930445592322768,0.564001669883728,0.4349152147769928,0.05739044072004965,4.467805649969312,0.9059034816724957,10.839111111111112,0.008733254200935663,0.9127951084967072,900,925,1.0,1.0277777777777777,0.027777777777777776,0.6454054054054054,0.550755500793457,0.6571368113441631,0.08060873670496038,9.722491979598999
mode_value_learning_rate,+20%,1.2,7,20267884,0.40355555555555556,0.35044444444444445,0.24599999999999997,0.6495555555555554,0.5964444444444444,0.5883401757260962,0.4244444444444445,0.6429674054764329,0.08731585160204094,0.9907343868217501,0.10454790403903662,0.5938001599923666,0.5637904047966004,0.43509479880332946,0.05712725015518312,4.449161269717746,0.9061645659255063,10.656888888888888,0.007650324876582967,0.9117290355236258,900,921,1.0,1.0233333333333334,0.023333333333333334,0.6243213897937026,0.5503920912742615,0.6521221840868735,0.0837209786307016,9.720241069793701
mode_value_learning_rate,+20%,1.2,8,20268893,0.3931111111111111,0.3593333333333333,0.24755555555555556,0.6406666666666666,0.6068888888888888,0.590502301115086,0.4317777777777777,0.6451827287991321,0.08505504628621004,0.9896454758235629,0.10110578202638265,0.5944099452601628,0.5629847049713135,0.4336203336715698,0.05718932340161391,4.438856689347161,0.9117759485514384,10.732888888888887,0.008736712519342452,0.9148628309667842,900,924,1.0,1.0266666666666666,0.02666666666666667,0.6179653679653679,0.5488340258598328,0.654629692214066,0.08131499983496471,9.991167783737183
mode_value_learning_rate,+20%,1.2,9,20269902,0.40622222222222226,0.3524444444444444,0.24133333333333332,0.6475555555555556,0.5937777777777777,0.5917603191011942,0.436,0.650048984988167,0.07519676961851748,0.9886298210598473,0.09766918619478102,0.5955001323925768,0.5665011191368103,0.4346846389770508,0.05704779639975171,4.438740631951226,0.9180397746093065,10.788000000000002,0.007873861431435059,0.9179459094821277,900,921,1.0,1.0233333333333334,0.023333333333333334,0.6232356134636265,0.5498554706573486,0.6591691284431211,0.07200802270166351,9.737900495529175
mode_value_learning_rate,+20%,1.2,10,20270911,0.3908888888888889,0.35488888888888886,0.25422222222222224,0.6451111111111111,0.6091111111111112,0.5795395839968178,0.408,0.630127952366786,0.07523894007942468,0.9868603042464076,0.09943847992762248,0.5944793978754401,0.5529179835319519,0.43706390023231506,0.05699565487274985,4.458918702019585,0.9122123174260932,10.827111111111112,0.0063728357838252715,0.9107116527985564,900,921,1.0,1.0233333333333334,0.023333333333333334,0.6427795874049945,0.5546082854270935,0.6395901797221636,0.07200490766303536,9.80083966255188
mode_value_learning_rate,+20%,1.2,11,20271920,0.4111111111111111,0.3424444444444444,0.24644444444444447,0.6575555555555554,0.5888888888888889,0.5931439500104447,0.4386666666666666,0.652702445686248,0.08397106450854061,0.9893788971464746,0.1005600842253335,0.5943228621197378,0.5682233214378357,0.43364359736442565,0.057067659838609563,4.429675675286187,0.9126306426288587,10.668,0.00841650425999245,0.9145940983463717,900,920,1.0,1.0222222222222221,0.022222222222222223,0.6304347826086957,0.5484080910682678,0.6619384837169797,0.080526592793565,9.874277830123901
mode_value_learning_rate,+20%,1.2,12,20272929,0.406,0.35733333333333334,0.2366666666666667,0.6426666666666666,0.594,0.5968228150715644,0.4504444444444444,0.6539846549475912,0.07574234649608325,0.9875836996426076,0.09750592209617598,0.594450522525821,0.5698344349861145,0.43467832922935484,0.05695344506517691,4.431281577163272,0.9163719682185523,10.690222222222221,0.008143280348573376,0.9129118164526376,900,920,1.0,1.0222222222222221,0.022222222222222223,0.625,0.5489266514778137,0.6631355144544062,0.07236622731407905,9.717186212539673
mode_value_learning_rate,+20%,1.2,13,20273938,0.38733333333333325,0.35333333333333333,0.25933333333333336,0.6466666666666666,0.6126666666666667,0.5904077766392526,0.42955555555555563,0.6477649907768622,0.08041343350275472,0.9919499641092137,0.09837661441036204,0.5935654105107118,0.5661380887031555,0.4392377829551697,0.05656610800744879,4.447398463249206,0.9286728358301818,10.607555555555555,0.00816471478506312,0.9108957041816724,900,912,1.0,1.0133333333333334,0.013333333333333334,0.6699561403508771,0.5540245175361633,0.6571167717281513,0.07692350814214288,10.145989894866943
mode_value_learning_rate,+20%,1.2,14,20274947,0.4086666666666666,0.33,0.26133333333333336,0.67,0.5913333333333334,0.5945526329878871,0.43644444444444447,0.6535206934358271,0.08025624961502623,0.9903504200215592,0.09704213570349021,0.5928455260909739,0.5676960754394531,0.43109997272491457,0.05695344506517691,4.3948706269794044,0.9282037628728547,10.577777777777778,0.008487177752950359,0.9153292972771047,900,920,1.0,1.0222222222222221,0.022222222222222223,0.6108695652173913,0.544682502746582,0.6627380315619151,0.07683895247303174,10.866779327392578
mode_value_learning_rate,+20%,1.2,15,20275956,0.39622222222222225,0.364,0.23977777777777778,0.636,0.6037777777777777,0.587140894684812,0.42288888888888887,0.6423530517891887,0.07599025908292584,0.98769322341369,0.0980431601507373,0.5935259710450694,0.5616980719566346,0.4361583030223846,0.05653134698944755,4.413496294975281,0.9050419782039748,10.689333333333332,0.007816990494621073,0.912616623236513,900,912,1.0,1.0133333333333334,0.013333333333333334,0.6403508771929824,0.5505538582801819,0.6515970560990523,0.07274151062221756,10.283360719680786
mode_value_learning_rate,+20%,1.2,16,20276965,0.396,0.3595555555555556,0.24444444444444444,0.6404444444444444,0.604,0.5878185257514561,0.41333333333333333,0.6476170273195727,0.07911569673982673,0.9903895522907468,0.10003063636778627,0.5943642127980979,0.567210521697998,0.43272350311279295,0.05681440099317195,4.40057641585668,0.9087341662125806,10.631555555555556,0.007820162759091915,0.9088266606771636,900,918,1.0,1.02,0.02,0.6285403050108932,0.54668790102005,0.6565722581879325,0.07599156590290645,10.347836256027222
mode_value_learning_rate,+20%,1.2,17,20277974,0.3917777777777778,0.3517777777777777,0.2564444444444445,0.6482222222222223,0.6082222222222222,0.5820453485476519,0.3977777777777778,0.6373289403829642,0.07464519470400131,0.9876042173703284,0.09825922270850704,0.592414507790431,0.5585317158699036,0.43263952612876894,0.05678957169459963,4.397875626193152,0.9154442777560128,10.637777777777776,0.006235519534403696,0.9173601563940127,900,916,1.0,1.0177777777777777,0.017777777777777778,0.6375545851528385,0.5481071472167969,0.6464889293721569,0.07140019601621694,10.38317584991455
mode_value_learning_rate,+20%,1.2,18,20278983,0.3897777777777777,0.35644444444444445,0.2537777777777778,0.6435555555555555,0.6102222222222222,0.5903344260722008,0.4286666666666667,0.6501374109974895,0.08545000871559616,0.9892622036395994,0.10301869612705578,0.592586225672755,0.5674449396133423,0.43597582936286927,0.05702296710117939,4.45000514237086,0.9158781941112961,10.595555555555555,0.007574206890852851,0.9117353998679719,900,920,1.0,1.0222222222222221,0.022222222222222223,0.6478260869565218,0.5513353943824768,0.6592191529247658,0.08183440581639356,10.4111807346344
mode_value_learning_rate,+20%,1.2,19,20279992,0.3906666666666667,0.3577777777777778,0.2515555555555556,0.6422222222222222,0.6093333333333334,0.5873631596794409,0.4255555555555555,0.6416113430887823,0.08493090655972038,0.9906240498047546,0.09976197117965455,0.5945500349371193,0.5603268766403198,0.43570019483566286,0.05679205462445687,4.429174475140042,0.9061821808220507,10.690222222222221,0.008197365648237157,0.9147021966600078,900,916,1.0,1.0177777777777777,0.017777777777777778,0.6430131004366813,0.5502431392669678,0.6510039564963813,0.08129210046361512,10.575017213821411
trust_learning_rate,-20%,0.8,0,20260821,0.38733333333333325,0.36400000000000005,0.24866666666666667,0.6359999999999999,0.6126666666666667,0.5914000727950638,0.43488888888888894,0.6470515011802459,0.0853909016346586,0.990288243736545,0.10015601267183154,0.5930749041005821,0.5551815891265869,0.438814070224762,0.05670515207945376,4.454031693458557,0.9038857546126842,10.681333333333335,0.008156791833819137,0.9140966130400551,900,914,1.0,1.0155555555555555,0.015555555555555555,0.6564551422319475,0.5542529225349426,0.6563415074805877,0.08164024970348205,10.744075059890747
trust_learning_rate,-20%,0.8,1,20261830,0.39599999999999996,0.34555555555555556,0.2584444444444445,0.6544444444444444,0.6040000000000001,0.6048362884785804,0.47866666666666674,0.6647476727118244,0.08372817402166995,0.9896015692882005,0.09731088191435036,0.594630265231326,0.5671771693229676,0.4397790038585663,0.057149596523898206,4.498773609744178,0.9189334070407807,10.711555555555558,0.00908003637031103,0.9122998879002018,900,922,1.0,1.0244444444444445,0.024444444444444446,0.6540130151843818,0.5549401044845581,0.6738623712559203,0.08004208707400773,10.421669006347656
trust_learning_rate,-20%,0.8,2,20262839,0.3802222222222222,0.3515555555555555,0.26822222222222225,0.6484444444444445,0.6197777777777778,0.5765415645181823,0.38911111111111113,0.6278949747166016,0.0862470371171741,0.989132810526135,0.10406548224392044,0.5933883548241172,0.5442220497131348,0.43388171553611754,0.057482309124767234,4.464349847422707,0.9134805836892272,10.816444444444446,0.007151471889999126,0.9130499245571237,900,927,1.0,1.03,0.03,0.6299892125134844,0.5509834885597229,0.6375693726901356,0.08249479220057676,10.453684329986572
trust_learning_rate,-20%,0.8,3,20263848,0.4122222222222222,0.3471111111111111,0.24066666666666667,0.652888888888889,0.5877777777777777,0.5907081157725161,0.43711111111111106,0.6482963814831542,0.07626181279063793,0.9890951899633071,0.09793947303756739,0.595098320156944,0.5572878599166871,0.43646824717521665,0.05670266914959653,4.4300222051408555,0.9136941712985446,10.56311111111111,0.007381856029440578,0.911108109647395,900,915,1.0,1.0166666666666666,0.016666666666666666,0.6316939890710382,0.5510573387145996,0.6574061891881905,0.07299789789531563,10.519187450408936
trust_learning_rate,-20%,0.8,4,20264857,0.3824444444444444,0.35155555555555557,0.266,0.6484444444444445,0.6175555555555556,0.5852168526375318,0.4124444444444444,0.6382682953886791,0.08371427193922798,0.9910275148150726,0.10005353966805362,0.5946879011455352,0.5495099830627441,0.43146840810775755,0.05711235257603973,4.410900107330746,0.9116600603672531,10.604888888888889,0.007425736342017017,0.9096506591426546,900,921,1.0,1.0233333333333334,0.023333333333333334,0.6112920738327905,0.5459277629852295,0.6476046310739144,0.07997566726274985,10.2816641330719
trust_learning_rate,-20%,0.8,5,20265866,0.40355555555555556,0.34555555555555556,0.2508888888888889,0.6544444444444444,0.5964444444444443,0.5863618082769464,0.42577777777777776,0.6413635094843383,0.08327523225488973,0.9898337489038466,0.09948236433844809,0.5942801988419544,0.5529448103904724,0.43232333064079287,0.056806952203600256,4.396025500138601,0.9125402650727236,10.78,0.007596328816378588,0.9127811078027241,900,916,1.0,1.0177777777777777,0.017777777777777778,0.611353711790393,0.5463204383850098,0.6506358520735565,0.07962857590071293,10.818000078201294
trust_learning_rate,-20%,0.8,6,20266875,0.3884444444444444,0.3688888888888889,0.24266666666666667,0.6311111111111112,0.6115555555555556,0.5902117685462103,0.43666666666666665,0.6478206890643269,0.08389079463231067,0.9914753826705069,0.10078253749102566,0.594880592710928,0.5550783848762513,0.4357878613471985,0.056893854748603354,4.438038904825846,0.9124980832694425,10.674222222222221,0.0076916767633457605,0.9127951084967072,900,917,1.0,1.018888888888889,0.01888888888888889,0.6423118865866958,0.550755500793457,0.6570504008867216,0.080380915008609,10.382014036178589
trust_learning_rate,-20%,0.8,7,20267884,0.39644444444444443,0.3606666666666667,0.2428888888888889,0.6393333333333333,0.6035555555555556,0.587103650157944,0.42733333333333334,0.6427682485481268,0.08775360001288361,0.9906735769527671,0.10324121635525328,0.5935379519047635,0.5551089549064636,0.43611144661903384,0.056695220360024834,4.425817502763535,0.9101758197553125,10.75288888888889,0.008425372215730057,0.9117290355236258,900,914,1.0,1.0155555555555555,0.015555555555555555,0.6345733041575492,0.5503920912742615,0.6520493885122179,0.08407779597917209,10.243833065032959
trust_learning_rate,-20%,0.8,8,20268893,0.4031111111111111,0.34422222222222215,0.25266666666666665,0.6557777777777778,0.5968888888888889,0.5890154674578111,0.43422222222222223,0.6449095505241467,0.08494796398603849,0.9891042068929741,0.10216305839192075,0.5930160985481496,0.5547406888008117,0.43422563552856447,0.05711235257603973,4.439097749974993,0.9104892155652563,10.781777777777775,0.008830113325045104,0.9148628309667842,900,921,1.0,1.0233333333333334,0.023333333333333334,0.6123778501628665,0.5488340258598328,0.6542521218651274,0.08126446916909535,10.65658187866211
trust_learning_rate,-20%,0.8,9,20269902,0.38911111111111113,0.3653333333333334,0.2455555555555556,0.6346666666666667,0.6108888888888889,0.5934077512818569,0.436888888888889,0.6502757248550803,0.07512372071819345,0.9876656243789326,0.0954369995270613,0.5934727148918928,0.5560375213623047,0.4345225238800049,0.056829298572315334,4.420117755148146,0.9064101915549151,10.60888888888889,0.007689948807102562,0.9179459094821277,900,917,1.0,1.018888888888889,0.01888888888888889,0.6161395856052344,0.5498554706573486,0.6593603209757648,0.07191474811960497,9.91914963722229
trust_learning_rate,-20%,0.8,10,20270911,0.38644444444444437,0.3784444444444444,0.2351111111111111,0.6215555555555556,0.6135555555555556,0.5760076131111748,0.38822222222222225,0.629482005111522,0.07559363031934728,0.9873384878692807,0.09865884514323828,0.5925217579121324,0.5446462869644165,0.4371731901168823,0.05697330850403477,4.458375660525428,0.9079585082548709,10.788,0.006574514553094657,0.9107116527985564,900,918,1.0,1.02,0.02,0.6437908496732027,0.5546082854270935,0.6390433848810824,0.07235386319396175,9.916766166687012
trust_learning_rate,-20%,0.8,11,20271920,0.39444444444444443,0.3553333333333334,0.25022222222222223,0.6446666666666665,0.6055555555555556,0.594194923139136,0.4368888888888888,0.6528182763793505,0.08338912650424574,0.9892472085893175,0.09845352850320407,0.5930964796094925,0.5573664331436157,0.4336280262470245,0.056983240223463696,4.4229583184984,0.9110234062106644,10.703555555555557,0.00843534759293494,0.9145940983463717,900,919,1.0,1.021111111111111,0.021111111111111112,0.6322089227421109,0.5484080910682678,0.6619806006667711,0.07983730653747623,10.277337789535522
trust_learning_rate,-20%,0.8,12,20272929,0.38911111111111113,0.35133333333333333,0.25955555555555554,0.6486666666666666,0.6108888888888889,0.5948005152025977,0.4428888888888889,0.6540741190627175,0.07603629530724099,0.986936493552743,0.09754531563522019,0.5948050128053297,0.5593478536605835,0.4340521764755249,0.056948479205462456,4.424607043160333,0.9144147701489418,10.712888888888887,0.0074153560904238625,0.9129118164526376,900,918,1.0,1.02,0.02,0.630718954248366,0.5489266514778137,0.6631051152470888,0.0727067619207431,9.954134464263916
trust_learning_rate,-20%,0.8,13,20273938,0.3915555555555556,0.3462222222222222,0.2622222222222222,0.6537777777777778,0.6084444444444445,0.5900094125787385,0.4222222222222223,0.6477375885035981,0.08008429639818561,0.9915523721235832,0.09905372202721835,0.5918051855954647,0.5566412353515625,0.4386677825450897,0.05675729360645562,4.456587613476647,0.909714378148206,10.634222222222222,0.008120598273573396,0.9108957041816724,900,916,1.0,1.0177777777777777,0.017777777777777778,0.6582969432314411,0.5540245175361633,0.6569862009152688,0.07657803023508136,9.92947793006897
trust_learning_rate,-20%,0.8,14,20274947,0.39711111111111114,0.36244444444444446,0.24044444444444443,0.6375555555555555,0.6028888888888889,0.5943837305906428,0.43644444444444447,0.6537242254270188,0.08028124557431973,0.9900511028096999,0.09793786577954161,0.5933386109841334,0.5565349960327148,0.4298736262321472,0.05725884543761639,4.405817865795559,0.9028208254834357,10.786222222222223,0.008923727751700557,0.9153292972771047,900,925,1.0,1.0277777777777777,0.027777777777777776,0.6043243243243244,0.544682502746582,0.6627894198618904,0.07700854080080366,9.732654571533203
trust_learning_rate,-20%,0.8,15,20275956,0.40222222222222226,0.35666666666666663,0.2411111111111111,0.6433333333333333,0.5977777777777777,0.5870355628328839,0.4204444444444444,0.64271190922496,0.0757292043258138,0.9870949018952823,0.09875248287605315,0.5953617514659173,0.5536152911186218,0.4361958158016205,0.05630043451272502,4.395884565035502,0.9126791620727674,10.437777777777775,0.007308924333506095,0.912616623236513,900,907,1.0,1.0077777777777779,0.0077777777777777776,0.6339581036383682,0.5505538582801819,0.6518926326051196,0.07249488172083529,9.773415327072144
trust_learning_rate,-20%,0.8,16,20276965,0.40044444444444444,0.36,0.23955555555555555,0.64,0.5995555555555555,0.5900569493614465,0.4351111111111111,0.6472389218253507,0.07899062948080293,0.9891619020488766,0.09881940364119216,0.5946290777558404,0.5570291662216187,0.4320561671257019,0.05703289882060832,4.4107558418379895,0.9026126135411942,10.678222222222221,0.007490164669655716,0.9088266606771636,900,922,1.0,1.0244444444444445,0.024444444444444446,0.6323210412147505,0.54668790102005,0.6563149849959028,0.07575262300960928,9.678302526473999
trust_learning_rate,-20%,0.8,17,20277974,0.38911111111111113,0.3559999999999999,0.2548888888888889,0.644,0.6108888888888889,0.5832746572943585,0.40711111111111115,0.6368127031015502,0.07507038762359663,0.987977031473888,0.09721325982628948,0.5929371010930574,0.5502933812141418,0.43242920994758605,0.056873991309745506,4.4022652879291115,0.9169244976947297,10.694666666666665,0.006347582690712059,0.9173601563940127,900,917,1.0,1.018888888888889,0.01888888888888889,0.6335877862595419,0.5481071472167969,0.6459633591366634,0.07177927371889514,9.99670124053955
trust_learning_rate,-20%,0.8,18,20278983,0.3908888888888889,0.3568888888888888,0.25222222222222224,0.6431111111111112,0.6091111111111112,0.5916959451921272,0.4426666666666666,0.6502662877745611,0.08535498705175701,0.9891068748177951,0.10172205191622158,0.5925839512231822,0.5580302286148071,0.43612396717071533,0.05700062073246432,4.449782902346717,0.9144928929771301,10.74711111111111,0.006957266441387707,0.9117353998679719,900,919,1.0,1.021111111111111,0.021111111111111112,0.6539717083786725,0.5513353943824768,0.6593686169847931,0.08178629723344955,9.744953155517578
trust_learning_rate,-20%,0.8,19,20279992,0.3922222222222222,0.3573333333333333,0.25044444444444447,0.6426666666666666,0.6077777777777778,0.585002434312234,0.41200000000000003,0.6413836829901156,0.08506923068977812,0.9904724750969285,0.1025212444739762,0.5936997689698233,0.551287145614624,0.4357255709171295,0.056650527622594676,4.418428225782183,0.911463701696739,10.604888888888889,0.008636029335821152,0.9147021966600078,900,913,1.0,1.0144444444444445,0.014444444444444444,0.6451259583789705,0.5502431392669678,0.6507427438162536,0.08151456414357194,10.997670412063599
trust_learning_rate,+20%,1.2,0,20260821,0.3868888888888889,0.34555555555555556,0.26755555555555555,0.6544444444444444,0.613111111111111,0.5911470777998035,0.4362222222222222,0.6477339073665698,0.08536580575098957,0.9903395459773714,0.09925536647599151,0.5936620774875164,0.5734813356399536,0.439757741689682,0.05641464928615767,4.440719225830502,0.9148880605599983,10.562222222222221,0.00820466560380891,0.9140966130400551,900,911,1.0,1.0122222222222221,0.012222222222222223,0.6553238199780461,0.5542529225349426,0.6570187537257545,0.08149318205972711,10.606147050857544
trust_learning_rate,+20%,1.2,1,20261830,0.41955555555555557,0.3353333333333333,0.24511111111111114,0.6646666666666667,0.5804444444444444,0.6042562787554264,0.4713333333333333,0.6650277986842158,0.08359854811659279,0.9898293488706574,0.09837093956079279,0.5930667098086889,0.5867201113700866,0.43952545523643494,0.056983240223463696,4.483159634643131,0.9177777777777777,10.733777777777775,0.009452120213544985,0.9122998879002018,900,918,1.0,1.02,0.02,0.6557734204793029,0.5549401044845581,0.6741067217400106,0.0800320910741612,10.296147584915161
trust_learning_rate,+20%,1.2,2,20262839,0.3924444444444444,0.36200000000000004,0.24555555555555558,0.6379999999999999,0.6075555555555556,0.5759718773574721,0.38822222222222214,0.6283066816180333,0.08607702760040759,0.9882057082236421,0.10292731357228353,0.5935047509720341,0.5579654479026794,0.43422768473625184,0.05738299193047797,4.460049541950226,0.9133648102917944,10.736444444444446,0.007401869418630759,0.9130499245571237,900,927,1.0,1.03,0.03,0.6267529665587918,0.5509834885597229,0.6378877251545452,0.08240035957025493,10.299761295318604
trust_learning_rate,+20%,1.2,3,20263848,0.4046666666666667,0.35044444444444445,0.2448888888888889,0.6495555555555557,0.5953333333333333,0.5892553065925475,0.43044444444444446,0.6477959807449097,0.0761188813614886,0.9893394138324031,0.0972983537390687,0.592747745097435,0.5730505180358887,0.436374340057373,0.056603351955307274,4.421321521547105,0.9186721087470698,10.732888888888887,0.00808275049445125,0.911108109647395,900,913,1.0,1.0144444444444445,0.014444444444444444,0.6330777656078861,0.5510573387145996,0.6569565262132245,0.07283389682770824,10.727301359176636
trust_learning_rate,+20%,1.2,4,20264857,0.3802222222222222,0.366,0.25377777777777777,0.634,0.6197777777777778,0.5843942168497097,0.41355555555555545,0.6387471696005609,0.08367545552996432,0.9912612793987523,0.1006106015597345,0.5929859848204082,0.5657989478111267,0.4321639883518219,0.05686902545003104,4.399136914253234,0.9034185324363814,10.626666666666667,0.007993971981860557,0.9096506591426546,900,919,1.0,1.021111111111111,0.021111111111111112,0.6050054406964092,0.5459277629852295,0.6481597357311516,0.07997642820594453,10.288941383361816
trust_learning_rate,+20%,1.2,5,20265866,0.39777777777777773,0.36355555555555563,0.23866666666666667,0.6364444444444445,0.6022222222222223,0.5855598498501717,0.41999999999999993,0.6414737831510352,0.08308787750988998,0.9902055164934838,0.10130207829651221,0.5934291031915192,0.5680724048614502,0.4317734706401825,0.05703289882060832,4.407891304281022,0.9148021250101653,10.617333333333331,0.007560106180747539,0.9127811078027241,900,920,1.0,1.0222222222222221,0.022222222222222223,0.6097826086956522,0.5463204383850098,0.650742220543675,0.07944867046425763,10.242507696151733
trust_learning_rate,+20%,1.2,6,20266875,0.39799999999999996,0.36066666666666664,0.24133333333333332,0.6393333333333334,0.602,0.5907110846578467,0.4233333333333333,0.6478534414670478,0.08413900961599076,0.9912733110700023,0.10108852297994085,0.5945865939287338,0.5717702555656433,0.4354001832008362,0.057067659838609563,4.447638519657983,0.9182482376874676,10.731999999999998,0.00840292685188229,0.9127951084967072,900,920,1.0,1.0222222222222221,0.022222222222222223,0.6434782608695652,0.550755500793457,0.657112320994891,0.08058012544325455,10.557151794433594
trust_learning_rate,+20%,1.2,7,20267884,0.4,0.35133333333333333,0.2486666666666667,0.6486666666666667,0.6,0.5892471827803973,0.43177777777777776,0.6435765580733878,0.08700589380841128,0.9907222004539641,0.10152352393464499,0.5926045904354345,0.5720188331604004,0.43622981071472167,0.056762259466170084,4.432222629388173,0.9176330116077627,10.65288888888889,0.008756974299471866,0.9117290355236258,900,916,1.0,1.0177777777777777,0.017777777777777778,0.6364628820960698,0.5503920912742615,0.6528996060653006,0.08336014493570554,10.291855812072754
trust_learning_rate,+20%,1.2,8,20268893,0.3953333333333333,0.35177777777777774,0.25288888888888894,0.6482222222222223,0.6046666666666667,0.589178184588103,0.4242222222222222,0.6452986007341477,0.08486217758592769,0.989260692876013,0.10222977155849694,0.5953156190079908,0.5716249489784241,0.4348955595493317,0.0566927374301676,4.41329870918062,0.922569114732253,10.650666666666666,0.008175579732680974,0.9148628309667842,900,914,1.0,1.0155555555555555,0.015555555555555555,0.6137855579868708,0.5488340258598328,0.654604123228257,0.08121755852017132,10.556081533432007
trust_learning_rate,+20%,1.2,9,20269902,0.42266666666666663,0.3466666666666666,0.2306666666666667,0.6533333333333333,0.5773333333333334,0.5913477987288424,0.4262222222222222,0.6500533752685266,0.07500613655836326,0.9880988915327373,0.09640472500990477,0.5924085181949978,0.5738766884803772,0.4337339222431183,0.05734823091247673,4.452379662831624,0.9202939700573503,10.831111111111111,0.008541966041754478,0.9179459094821277,900,925,1.0,1.0277777777777777,0.027777777777777776,0.6151351351351352,0.5498554706573486,0.6592324147044997,0.0717296763596158,10.699169874191284
trust_learning_rate,+20%,1.2,10,20270911,0.386,0.3717777777777778,0.24222222222222223,0.6282222222222221,0.614,0.5798747494583981,0.40355555555555556,0.6296598946342571,0.07540624826206357,0.9868223050610853,0.0995883798677071,0.5920827509102451,0.5590707325935363,0.4383099353313446,0.05653134698944755,4.435259408103095,0.9074590321958743,10.604444444444443,0.005902474926212217,0.9107116527985564,900,912,1.0,1.0133333333333334,0.013333333333333334,0.6469298245614035,0.5546082854270935,0.6392040376892009,0.07208384598493134,10.232002973556519
trust_learning_rate,+20%,1.2,11,20271920,0.39888888888888885,0.3413333333333333,0.2597777777777778,0.6586666666666666,0.601111111111111,0.5932924751778677,0.43844444444444447,0.6534376010172909,0.08307599606631566,0.9887523362085769,0.09902353008595345,0.5947089743984632,0.5764825010299682,0.433266179561615,0.05726629422718808,4.441202988041772,0.9165337371508623,10.668444444444445,0.008309511967798992,0.9145940983463717,900,925,1.0,1.0277777777777777,0.027777777777777776,0.6281081081081081,0.5484080910682678,0.6625755197474359,0.07957696696331307,10.087971687316895
trust_learning_rate,+20%,1.2,12,20272929,0.40488888888888896,0.3426666666666667,0.2524444444444444,0.6573333333333333,0.595111111111111,0.5956276670155528,0.4408888888888889,0.6544772921464638,0.07575470956680584,0.9867125721923595,0.09666191106694598,0.5930838239503804,0.5787580013275146,0.4342981934547424,0.057142147734326514,4.442170720948114,0.9094913373931928,10.734666666666664,0.008445929632432314,0.9129118164526376,900,921,1.0,1.0233333333333334,0.023333333333333334,0.6264929424538545,0.5489266514778137,0.663743683646334,0.07238839907340333,10.271207094192505
trust_learning_rate,+20%,1.2,13,20273938,0.4086666666666667,0.3404444444444444,0.2508888888888889,0.6595555555555555,0.5913333333333334,0.5893316642715702,0.42444444444444435,0.6472947901219753,0.08031426285176507,0.9915005303825823,0.09833287273168273,0.5938904428125158,0.5740337657928467,0.43815861105918885,0.05700806952203601,4.4711414078606495,0.9266126627171242,10.612888888888888,0.007979116343836861,0.9108957041816724,900,919,1.0,1.021111111111111,0.021111111111111112,0.6594124047878128,0.5540245175361633,0.6565772561449189,0.07673167143558057,10.243354558944702
trust_learning_rate,+20%,1.2,14,20274947,0.41822222222222216,0.3377777777777778,0.24400000000000002,0.6622222222222222,0.5817777777777778,0.5915615896010101,0.43044444444444446,0.653359009141419,0.08081454509303891,0.9902231377051817,0.09774777428213036,0.5929429423239401,0.5748257803916931,0.4299610209465027,0.057440099317194286,4.420663966231876,0.916575083581924,10.749777777777776,0.008579488141125587,0.9153292972771047,900,928,1.0,1.031111111111111,0.03111111111111111,0.603448275862069,0.544682502746582,0.6624344640648272,0.07741827206857943,10.433372497558594
trust_learning_rate,+20%,1.2,15,20275956,0.38933333333333336,0.36844444444444446,0.24222222222222223,0.6315555555555555,0.6106666666666666,0.5878566879487842,0.4235555555555555,0.6433806759456934,0.07533560138855643,0.9873663131921765,0.0979227588811814,0.594792797225346,0.5701219916343689,0.43607141137123107,0.05654376163873371,4.413616714636484,0.897423239767916,10.553777777777777,0.007329932322362728,0.912616623236513,900,911,1.0,1.0122222222222221,0.012222222222222223,0.6410537870472008,0.5505538582801819,0.6525522558988945,0.07206660024401579,10.306528091430664
trust_learning_rate,+20%,1.2,16,20276965,0.39955555555555555,0.3506666666666667,0.24977777777777777,0.6493333333333333,0.6004444444444444,0.589789635802328,0.4268888888888888,0.6470840464417171,0.0788642762463563,0.9902749689545348,0.09922640220358563,0.5937329987885294,0.5741288161277771,0.4331717610359192,0.056797020484171325,4.403849178897009,0.9074127760616478,10.584888888888889,0.008254191977005878,0.9088266606771636,900,916,1.0,1.0177777777777777,0.017777777777777778,0.6397379912663755,0.54668790102005,0.6562335519537351,0.07566941469152355,9.731534957885742
trust_learning_rate,+20%,1.2,17,20277974,0.39466666666666667,0.3546666666666667,0.25066666666666665,0.6453333333333333,0.6053333333333333,0.5860368276433425,0.4228888888888889,0.6373697986011654,0.07483787537048242,0.9860120534433631,0.09665885379820932,0.5932584493666546,0.566369469165802,0.4334568202495575,0.05662321539416512,4.3932763916651405,0.9208959030903298,10.675999999999998,0.006733895441944125,0.9173601563940127,900,913,1.0,1.0144444444444445,0.014444444444444444,0.6363636363636364,0.5481071472167969,0.6467160430281741,0.07150911584159236,9.643807649612427
trust_learning_rate,+20%,1.2,18,20278983,0.39911111111111114,0.3491111111111111,0.2517777777777777,0.6508888888888889,0.6008888888888889,0.5919235621315369,0.43599999999999994,0.6507960197035801,0.0849323135593308,0.9887346788550069,0.1000242325598138,0.5945370257625447,0.5759595537185669,0.4370728349685669,0.056725015518311606,4.437914916674297,0.9095210056621887,10.645777777777775,0.008203569568593349,0.9117353998679719,900,915,1.0,1.0166666666666666,0.016666666666666666,0.6502732240437158,0.5513353943824768,0.6599807496601476,0.08135022873075681,9.798702001571655
trust_learning_rate,+20%,1.2,19,20279992,0.420888888888889,0.3315555555555556,0.24755555555555553,0.6684444444444445,0.579111111111111,0.5868993918318742,0.4237777777777778,0.6421140299585406,0.08465599893904549,0.990196100191096,0.10338942657090623,0.5924210667895857,0.5681030297279358,0.4354166066646576,0.056893854748603354,4.43424867216746,0.9081311282325076,10.723999999999998,0.008712959083199296,0.9147021966600078,900,917,1.0,1.018888888888889,0.01888888888888889,0.6521264994547438,0.5502431392669678,0.6514410856473116,0.08117157389918672,9.723712921142578
knowledge_learning_rate,-20%,0.8,0,20260821,0.3911111111111111,0.3662222222222222,0.2426666666666667,0.6337777777777778,0.6088888888888889,0.5873910846802511,0.4262222222222223,0.6391823675056354,0.09108861367031945,0.99240263275945,0.10232205516468927,0.591826521581208,0.5599973630905152,0.4377946937084198,0.0571173184357542,4.4759623117446905,0.9207526693735367,10.85288888888889,0.00866149030161769,0.9140966130400551,900,921,1.0,1.0233333333333334,0.023333333333333334,0.6547231270358306,0.5542529225349426,0.6481432219619704,0.08743403047528098,9.841665506362915
knowledge_learning_rate,-20%,0.8,1,20261830,0.4008888888888889,0.3437777777777778,0.2553333333333333,0.6562222222222222,0.5991111111111111,0.5983466653638071,0.4686666666666667,0.6563040294115222,0.0888480711883657,0.9933451378699114,0.1002683650099318,0.5946084796028643,0.574054479598999,0.4401840353012085,0.056603351955307274,4.459895041147869,0.9172316929628503,10.688888888888886,0.008739522420541799,0.9122998879002018,900,913,1.0,1.0144444444444445,0.014444444444444444,0.6571741511500547,0.5549401044845581,0.6650969649599654,0.08532219562484822,10.038384437561035
knowledge_learning_rate,-20%,0.8,2,20262839,0.3899999999999999,0.35,0.26,0.65,0.6100000000000001,0.5737072706217797,0.3857777777777778,0.6187668048186993,0.09202249766912989,0.991751112012097,0.1056664498520639,0.5930558434114098,0.5474219632148742,0.43440903902053835,0.057152079453755424,4.444008440918393,0.9128043869395066,10.695555555555554,0.0066893579491005715,0.9130499245571237,900,923,1.0,1.0255555555555556,0.025555555555555557,0.6316359696641387,0.5509834885597229,0.6281710644799919,0.08831077512092045,9.715499877929688
knowledge_learning_rate,-20%,0.8,3,20263848,0.4055555555555555,0.3464444444444444,0.248,0.6535555555555556,0.5944444444444446,0.5851571033081316,0.41622222222222227,0.6405074175363294,0.08083504902188565,0.9924233699653979,0.09850302858729564,0.5934164482647813,0.563200409412384,0.4358874535560608,0.05699813780260708,4.447196434338888,0.927426183144035,10.711555555555554,0.008128385629235593,0.911108109647395,900,919,1.0,1.021111111111111,0.021111111111111112,0.6343852013057671,0.5510573387145996,0.6493557665853984,0.0776711692494132,9.71585202217102
knowledge_learning_rate,-20%,0.8,4,20264857,0.4071111111111111,0.3415555555555556,0.25133333333333335,0.6584444444444445,0.5928888888888889,0.5783708096563855,0.4015555555555556,0.6301342076281246,0.0891594994703395,0.9942441933537389,0.10511503276221502,0.59198877744811,0.5561772847175598,0.43152885913848876,0.05729112352576041,4.425333141326905,0.9242877628689206,10.716888888888889,0.008166976439917838,0.9096506591426546,900,924,1.0,1.0266666666666666,0.02666666666666667,0.6147186147186147,0.5459277629852295,0.6391645397448004,0.08560621973603078,9.836604356765747
knowledge_learning_rate,-20%,0.8,5,20265866,0.37977777777777777,0.36644444444444446,0.25377777777777777,0.6335555555555556,0.6202222222222222,0.5825732475654383,0.4115555555555555,0.6331911784786722,0.08837557284127193,0.9931043785040744,0.10248621082029626,0.5947752093835279,0.5575258159637451,0.4318203783035278,0.05709993792675357,4.413533392853207,0.9136025228631468,10.759555555555556,0.007808365909937026,0.9127811078027241,900,922,1.0,1.0244444444444445,0.024444444444444446,0.6149674620390455,0.5463204383850098,0.6422747190593209,0.08468690821376601,9.772768497467041
knowledge_learning_rate,-20%,0.8,6,20266875,0.4031111111111111,0.3531111111111111,0.2437777777777778,0.646888888888889,0.5968888888888889,0.5852758153988277,0.4164444444444444,0.639839630073667,0.08874102059845718,0.9939221263515924,0.10409096166081992,0.5939381161248541,0.5602910566329956,0.43508594274520873,0.057238981998758535,4.457783608966404,0.9043506626275254,10.81377777777778,0.008793506640037476,0.9127951084967072,900,923,1.0,1.0255555555555556,0.025555555555555557,0.6446370530877573,0.550755500793457,0.6487010074300628,0.0854162128361271,10.372220516204834
knowledge_learning_rate,-20%,0.8,7,20267884,0.3906666666666667,0.3613333333333334,0.248,0.6386666666666666,0.6093333333333333,0.5834644734912814,0.4231111111111111,0.6345745186540711,0.09276380930951345,0.99352207003693,0.1053610472294971,0.5934518262142988,0.5590240144729615,0.43578866362571717,0.05685412787088765,4.434887704690298,0.9079902688066792,10.70711111111111,0.008345775038020862,0.9117290355236258,900,918,1.0,1.02,0.02,0.6339869281045751,0.5503920912742615,0.6435248673870013,0.08911916692545319,10.64178729057312
knowledge_learning_rate,-20%,0.8,8,20268893,0.4031111111111112,0.35199999999999987,0.24488888888888888,0.648,0.5968888888888888,0.5831227404692874,0.41666666666666674,0.6368486863250191,0.09019235212007512,0.9923198164316511,0.10431585502862728,0.5959148073728034,0.5595942568778992,0.4339171552658081,0.05704531346989447,4.430714237107171,0.9077690603829136,10.654222222222222,0.008238861570981373,0.9148628309667842,900,920,1.0,1.0222222222222221,0.022222222222222223,0.6130434782608696,0.5488340258598328,0.6458599531467611,0.08660412216697355,10.23006010055542
knowledge_learning_rate,-20%,0.8,9,20269902,0.37955555555555553,0.37177777777777776,0.2486666666666667,0.6282222222222222,0.6204444444444445,0.5855788319348781,0.41800000000000004,0.6419969199576111,0.08010714197920667,0.9920394444516841,0.09832650084409834,0.5943957964215958,0.5620501255989074,0.4351173758506775,0.0568019863438858,4.424072758250767,0.9044458920943995,10.769777777777776,0.007509656925598569,0.9179459094821277,900,916,1.0,1.0177777777777777,0.017777777777777778,0.62117903930131,0.5498554706573486,0.6508275221309586,0.0769158453711174,10.455798149108887
knowledge_learning_rate,-20%,0.8,10,20270911,0.3651111111111111,0.3742222222222223,0.26066666666666666,0.6257777777777778,0.6348888888888888,0.5715774208799419,0.37711111111111106,0.6213950511932932,0.07995589761874604,0.991054716591693,0.10225437247523626,0.5926532653947031,0.548762652873993,0.43699656128883363,0.0570378646803228,4.461583463086022,0.9104098654220762,10.68488888888889,0.005751600004500409,0.9107116527985564,900,921,1.0,1.0233333333333334,0.023333333333333334,0.6482084690553745,0.5546082854270935,0.6305781448147207,0.07676866302352559,10.257638692855835
knowledge_learning_rate,-20%,0.8,11,20271920,0.39333333333333337,0.34555555555555556,0.2611111111111111,0.6544444444444444,0.6066666666666667,0.5899301335783724,0.4275555555555556,0.6450600652059684,0.08819820611059744,0.9925344926305553,0.10108984230576126,0.5942407672996142,0.5641604614257812,0.43419913172721863,0.056816883923029186,4.415793515576257,0.9090528962806941,10.753333333333332,0.0081310384748339,0.9145940983463717,900,918,1.0,1.02,0.02,0.6318082788671024,0.5484080910682678,0.6539568114940698,0.08479562435395338,10.213978052139282
knowledge_learning_rate,-20%,0.8,12,20272929,0.39844444444444443,0.35333333333333344,0.2482222222222222,0.6466666666666666,0.6015555555555556,0.5910082632596296,0.4302222222222222,0.6464503837333996,0.08062745842053651,0.9914314481025785,0.10017028916183536,0.5932722406845714,0.565956494808197,0.4342068672180176,0.05709745499689634,4.437767578283946,0.9118532824250789,10.632444444444443,0.008268503074398147,0.9129118164526376,900,921,1.0,1.0233333333333334,0.023333333333333334,0.6221498371335505,0.5489266514778137,0.6552323106249882,0.07737777171198301,10.405990362167358
knowledge_learning_rate,-20%,0.8,13,20273938,0.3864444444444445,0.36888888888888893,0.2446666666666667,0.6311111111111111,0.6135555555555556,0.5832715470614057,0.4091111111111111,0.6389133461671498,0.0859109852620898,0.9944194215420914,0.10157789409160568,0.5933014340053295,0.5608383870124817,0.4370933651924133,0.05739540657976412,4.49049176369773,0.9056392614351377,10.69822222222222,0.008343361395307725,0.9108957041816724,900,927,1.0,1.03,0.03,0.6504854368932039,0.5540245175361633,0.6478636046698425,0.08241281408030687,10.70754623413086
knowledge_learning_rate,-20%,0.8,14,20274947,0.3884444444444444,0.36711111111111117,0.24444444444444444,0.6328888888888888,0.6115555555555556,0.5905547114523828,0.43066666666666664,0.6459470152399933,0.08480348043718128,0.9933484703225821,0.09891356787540798,0.5931714257015369,0.5643261981010437,0.4315763330459595,0.05670763500931098,4.380747580634223,0.914008391240072,10.719111111111108,0.007866795689183533,0.9153292972771047,900,915,1.0,1.0166666666666666,0.016666666666666666,0.6120218579234973,0.544682502746582,0.6547503381560182,0.08155409137632308,10.980539560317993
knowledge_learning_rate,-20%,0.8,15,20275956,0.38822222222222225,0.3577777777777777,0.254,0.6422222222222221,0.6117777777777778,0.5808678319871325,0.4004444444444445,0.6350578984905225,0.08047468536573944,0.9910515538749378,0.10183611564483563,0.5925825364478389,0.5578789615631103,0.4346605145931244,0.05702793296089387,4.436924967235989,0.9115281306683259,10.670222222222224,0.006836045797581462,0.912616623236513,900,921,1.0,1.0233333333333334,0.023333333333333334,0.6297502714440825,0.5505538582801819,0.643924731778793,0.07730123166414216,10.374731540679932
knowledge_learning_rate,-20%,0.8,16,20276965,0.41,0.3471111111111111,0.24288888888888888,0.652888888888889,0.59,0.5859345907069583,0.4242222222222222,0.6395989901850241,0.0834771111879205,0.9929592932776703,0.10303202724754676,0.5941113450415362,0.5632227587699891,0.43263578176498413,0.05701303538175048,4.415124065876007,0.9032412794735138,10.660444444444444,0.008384924272535305,0.9088266606771636,900,921,1.0,1.0233333333333334,0.023333333333333334,0.6308360477741585,0.54668790102005,0.6484082616092737,0.08038279870165344,10.36423945426941
knowledge_learning_rate,-20%,0.8,17,20277974,0.3748888888888889,0.3713333333333334,0.25377777777777777,0.6286666666666666,0.6251111111111112,0.5754193241642471,0.3786666666666666,0.6290621828434052,0.07988656448314092,0.9910301654746838,0.09940741873701199,0.5925430482652698,0.5542496037483216,0.4326212501525879,0.05668528864059591,4.389618184566498,0.8989007530966684,10.701333333333332,0.0063236987383254,0.9173601563940127,900,914,1.0,1.0155555555555555,0.015555555555555555,0.637855579868709,0.5481071472167969,0.6379726793801612,0.07662651059749037,10.378210067749023
knowledge_learning_rate,-20%,0.8,18,20278983,0.3977777777777778,0.3568888888888888,0.24533333333333332,0.6431111111111111,0.6022222222222223,0.5889031662617136,0.4337777777777778,0.6421393815912312,0.08996595726367232,0.9923160145652846,0.10378955992332252,0.5927861138216296,0.5637794303894043,0.4367836570739746,0.05669522036002483,4.432604648696052,0.902463965026035,10.633777777777777,0.008193650156257549,0.9117353998679719,900,915,1.0,1.0166666666666666,0.016666666666666666,0.6491803278688525,0.5513353943824768,0.6511407925212301,0.0863474735028722,10.624436140060425
knowledge_learning_rate,-20%,0.8,19,20279992,0.38733333333333336,0.358,0.25466666666666665,0.642,0.6126666666666667,0.5845559914355729,0.42533333333333334,0.6333545715160345,0.08995092014515423,0.9936124533340848,0.10168706515133753,0.5936459965695944,0.5560688209533692,0.4344780123233795,0.05709000620732465,4.439959051926931,0.9045785589251076,10.788,0.008170162453089644,0.9147021966600078,900,920,1.0,1.0222222222222221,0.022222222222222223,0.6380434782608696,0.5502431392669678,0.6424395800425291,0.08634345599016813,10.06718397140503
knowledge_learning_rate,+20%,1.2,0,20260821,0.41555555555555557,0.3308888888888889,0.25355555555555553,0.6691111111111111,0.5844444444444444,0.5979950332968054,0.4593333333333333,0.6553980332863509,0.08052947511205329,0.9872175964325004,0.09869104949309275,0.5943802360280156,0.5692928123474121,0.4383727729320526,0.05709993792675357,4.480469078805711,0.921453733878804,10.742666666666668,0.00841013572246051,0.9140966130400551,900,924,1.0,1.0266666666666666,0.02666666666666667,0.6525974025974026,0.5542529225349426,0.6650026074604968,0.07669883509739917,10.335265159606934
knowledge_learning_rate,+20%,1.2,1,20261830,0.4193333333333333,0.3411111111111111,0.23955555555555555,0.6588888888888889,0.5806666666666667,0.6091242999690527,0.4786666666666666,0.6719315167653273,0.07884950597366319,0.9868222764883651,0.09254226523551179,0.5932356501811171,0.5792824029922485,0.4384163153171539,0.057410304158907514,4.505208793110318,0.9052292911462715,10.750666666666666,0.00964993044752393,0.9122998879002018,900,929,1.0,1.0322222222222222,0.03222222222222222,0.635091496232508,0.5549401044845581,0.6814177655439412,0.07512870440725306,10.001346111297607
knowledge_learning_rate,+20%,1.2,2,20262839,0.4122222222222222,0.33755555555555555,0.25022222222222223,0.6624444444444444,0.5877777777777777,0.5836474483549733,0.41244444444444445,0.6359797168725008,0.08148363214364576,0.9848083953448176,0.09902645687679691,0.5929614727785274,0.5559086084365845,0.43526121735572815,0.05691371818746121,4.434198838022021,0.9141349230782017,10.750666666666667,0.006840154864574361,0.9130499245571237,900,918,1.0,1.02,0.02,0.6339869281045751,0.5509834885597229,0.6458784470521953,0.0776581318381746,9.791265726089478
knowledge_learning_rate,+20%,1.2,3,20263848,0.3962222222222222,0.36177777777777775,0.242,0.6382222222222222,0.6037777777777777,0.5960709888996883,0.4451111111111111,0.6553904007143292,0.07168787409024208,0.9865785736121978,0.09555665272413648,0.5956101017122752,0.5694824552536011,0.4366120159626007,0.0565983860955928,4.423348680178325,0.9170005488474204,10.61822222222222,0.007397325890796638,0.911108109647395,900,912,1.0,1.0133333333333334,0.013333333333333334,0.6337719298245614,0.5510573387145996,0.6648366263535214,0.06833682973112798,9.78707218170166
knowledge_learning_rate,+20%,1.2,4,20264857,0.4215555555555555,0.3408888888888889,0.23755555555555558,0.6591111111111111,0.5784444444444445,0.5914280487600209,0.4306666666666667,0.6461782085597473,0.07908607117216476,0.9882950467088897,0.09842727665853962,0.5931350311396524,0.5627513957023621,0.4318703556060791,0.05696834264432031,4.403854175620609,0.9172353816011701,10.605777777777778,0.00833136696130386,0.9096506591426546,900,919,1.0,1.021111111111111,0.021111111111111112,0.6202393906420022,0.5459277629852295,0.6559471081093012,0.07530276931040136,10.13445258140564
knowledge_learning_rate,+20%,1.2,5,20265866,0.4026666666666667,0.3433333333333334,0.254,0.6566666666666666,0.5973333333333334,0.5914417702948563,0.43133333333333335,0.6490867245737979,0.07835399165148602,0.9862736765594061,0.09741254961767108,0.592789676658207,0.5655509614944458,0.4325569212436676,0.056806952203600256,4.398380534331004,0.9219348723032791,10.666222222222222,0.0074367197083680244,0.9127811078027241,900,916,1.0,1.0177777777777777,0.017777777777777778,0.6080786026200873,0.5463204383850098,0.6585591537050066,0.07471611614995144,9.653924226760864
knowledge_learning_rate,+20%,1.2,6,20266875,0.39533333333333326,0.3577777777777778,0.2468888888888889,0.6422222222222221,0.6046666666666667,0.5971253614588604,0.45711111111111113,0.655352576135398,0.07941918603984877,0.9883757872570454,0.09883289758861055,0.5938621165223309,0.5676393747329712,0.4348500084877014,0.05723153320918684,4.454750761614905,0.9091969887345158,10.792888888888887,0.007693054135252454,0.9127951084967072,900,923,1.0,1.0255555555555556,0.025555555555555557,0.638136511375948,0.550755500793457,0.6648486153740714,0.07587842048259907,9.833326578140259
knowledge_learning_rate,+20%,1.2,7,20267884,0.38888888888888884,0.3544444444444445,0.25666666666666665,0.6455555555555555,0.6111111111111112,0.5945886214896767,0.44955555555555554,0.6504911136235445,0.08261121189985313,0.9879342451162171,0.10010555697031055,0.5924550013290584,0.5665502333641053,0.43530127286911013,0.05700558659217877,4.441762397289276,0.9249539288591828,10.642666666666667,0.007998968393420718,0.9117290355236258,900,920,1.0,1.0222222222222221,0.022222222222222223,0.6282608695652174,0.5503920912742615,0.6600309323047218,0.0789252048493434,9.51267123222351
knowledge_learning_rate,+20%,1.2,8,20268893,0.39466666666666667,0.35577777777777775,0.24955555555555556,0.6442222222222221,0.6053333333333334,0.5935150016042341,0.4302222222222222,0.6528325333939885,0.080222708799027,0.9853537802369423,0.09793420986346794,0.5911623944946999,0.5664212012290955,0.4339909052848816,0.057042830540037254,4.431272615962558,0.9140345363882308,10.590222222222222,0.008280891833964911,0.9148628309667842,900,921,1.0,1.0233333333333334,0.023333333333333334,0.6156351791530945,0.5488340258598328,0.662381287161912,0.07652531664821716,9.612947463989258
knowledge_learning_rate,+20%,1.2,9,20269902,0.4037777777777778,0.35644444444444445,0.23977777777777778,0.6435555555555555,0.5962222222222222,0.596790481698893,0.45355555555555555,0.6575963799768276,0.07111172403615976,0.9844454755807703,0.09390772041960169,0.5936662378474488,0.5691029381752014,0.43498710870742796,0.05667783985102422,4.412987493726942,0.9221494899406499,10.645333333333333,0.00785647147764742,0.9179459094821277,900,916,1.0,1.0177777777777777,0.017777777777777778,0.62117903930131,0.5498554706573486,0.6669291940788226,0.06791543122932286,10.050974607467651
knowledge_learning_rate,+20%,1.2,10,20270911,0.3922222222222222,0.36088888888888887,0.24688888888888885,0.6391111111111111,0.6077777777777778,0.583502167262882,0.41088888888888886,0.6375141489708346,0.07079454513359808,0.9818861593550773,0.09841780773665505,0.592058985910819,0.5557806205749511,0.4376260149478912,0.05678212290502794,4.447996595965491,0.9163491785160002,10.8,0.00582381908063702,0.9107116527985564,900,916,1.0,1.0177777777777777,0.017777777777777778,0.6441048034934498,0.5546082854270935,0.6472656953843015,0.06755114094538528,11.215917348861694
knowledge_learning_rate,+20%,1.2,11,20271920,0.4091111111111111,0.35644444444444445,0.23444444444444443,0.6435555555555555,0.5908888888888889,0.6001605124041395,0.4571111111111111,0.6600132748176755,0.07938502046129177,0.9858494011880268,0.0950859135110863,0.5947475011234392,0.5713372254371643,0.4347105419635773,0.0565114835505897,4.397308391835955,0.9097071690033155,10.687555555555557,0.00798118860592344,0.9145940983463717,900,912,1.0,1.0133333333333334,0.013333333333333334,0.6370614035087719,0.5484080910682678,0.6694758615850881,0.07576535634443449,10.419375896453857
knowledge_learning_rate,+20%,1.2,12,20272929,0.4066666666666666,0.3475555555555556,0.2457777777777778,0.6524444444444444,0.5933333333333334,0.6010093191203218,0.45555555555555555,0.6614050052486197,0.07143143886546638,0.9829777948312125,0.09388621598359827,0.5941631411361831,0.5725401949882507,0.4342134034633636,0.057015518311607706,4.431457236501906,0.9034085460236863,10.68,0.007811348412020468,0.9129118164526376,900,919,1.0,1.021111111111111,0.021111111111111112,0.6256800870511425,0.5489266514778137,0.6706834862258183,0.06809490262966444,10.382960557937622
knowledge_learning_rate,+20%,1.2,13,20273938,0.3931111111111111,0.34355555555555556,0.2633333333333333,0.6564444444444443,0.6068888888888889,0.5962214511150571,0.4524444444444445,0.6553067275969895,0.07587839086896682,0.9881721363081162,0.09510459491785689,0.593978695737266,0.5692281007766724,0.4386182403564453,0.056697703289882065,4.451455559412639,0.9121052436272662,10.55733333333333,0.007712725364334539,0.9108957041816724,900,915,1.0,1.0166666666666666,0.016666666666666666,0.659016393442623,0.5540245175361633,0.6648282052658011,0.07229508666742546,10.28019404411316
knowledge_learning_rate,+20%,1.2,14,20274947,0.402,0.36,0.23800000000000002,0.64,0.598,0.5981422717673728,0.4562222222222222,0.6608802359598615,0.07639344918247823,0.9868099141301293,0.09533263380160437,0.5942809282082071,0.5704231667518616,0.4311242687702179,0.0568019863438858,4.383426980919308,0.9060561971749678,10.662666666666667,0.008068473651910869,0.9153292972771047,900,916,1.0,1.0177777777777777,0.017777777777777778,0.6102620087336245,0.544682502746582,0.670229172930633,0.07305192018361284,10.274463415145874
knowledge_learning_rate,+20%,1.2,15,20275956,0.40511111111111114,0.35244444444444445,0.24244444444444446,0.6475555555555556,0.5948888888888889,0.5916008885302819,0.43800000000000006,0.6501372821597561,0.07197524728644902,0.9840066955193728,0.09688098332937654,0.5943912909778382,0.5655077958106994,0.43552356004714965,0.056695220360024834,4.419858857472738,0.9088181081723269,10.503555555555556,0.007316637825923293,0.912616623236513,900,914,1.0,1.0155555555555555,0.015555555555555555,0.6356673960612691,0.5505538582801819,0.6595928851044298,0.06868062841268574,10.167052745819092
knowledge_learning_rate,+20%,1.2,16,20276965,0.4068888888888889,0.35355555555555557,0.23955555555555555,0.6464444444444445,0.5931111111111111,0.595133394657688,0.44177777777777777,0.6538477560326781,0.07557278045080865,0.9864603672130084,0.0962983832792246,0.5941863314869349,0.5693508410453796,0.4326226103305817,0.05695096213531969,4.410102746168772,0.9099620905006366,10.716,0.0073547800255490845,0.9088266606771636,900,921,1.0,1.0233333333333334,0.023333333333333334,0.6308360477741585,0.54668790102005,0.6631717585233262,0.07237020628174862,10.848977088928223
knowledge_learning_rate,+20%,1.2,17,20277974,0.3913333333333333,0.3655555555555555,0.2431111111111111,0.6344444444444445,0.6086666666666667,0.5874493307669533,0.42199999999999993,0.6444841172204104,0.07014511587293387,0.9824149109103044,0.0939725562011183,0.5929732870186486,0.5618625473976135,0.4325229370594025,0.05680695220360026,4.39802969259686,0.9021738908249836,10.657333333333332,0.006752661315111482,0.9173601563940127,900,918,1.0,1.02,0.02,0.6350762527233116,0.5481071472167969,0.6539198222649417,0.06686470821595991,10.21442174911499
knowledge_learning_rate,+20%,1.2,18,20278983,0.3915555555555556,0.3506666666666666,0.2577777777777778,0.6493333333333333,0.6084444444444445,0.5969522414160746,0.4535555555555556,0.6579294706702626,0.08070788918485877,0.9859349647494003,0.10042859884395405,0.5925235445851048,0.570427725315094,0.4363914144039154,0.05678460583488518,4.435637257734935,0.9216445190809037,10.670222222222224,0.007860576708587448,0.9117353998679719,900,916,1.0,1.0177777777777777,0.017777777777777778,0.6473799126637555,0.5513353943824768,0.667437072442106,0.07701376210413446,11.355651617050171
knowledge_learning_rate,+20%,1.2,19,20279992,0.4073333333333333,0.3475555555555555,0.24511111111111114,0.6524444444444445,0.5926666666666667,0.5925992987703911,0.4306666666666667,0.6493731322199846,0.08037280231585087,0.9868372447701743,0.09840784982964138,0.5935160999059365,0.5636099028587341,0.4347018647193909,0.05738050900062074,4.464809669706557,0.9157450746278417,10.810222222222224,0.007842957147574308,0.9147021966600078,900,926,1.0,1.028888888888889,0.028888888888888888,0.6382289416846653,0.5502431392669678,0.6590270780494427,0.07671795034730367,10.399891138076782
tie_reinforcement_rate,-20%,0.8,0,20260821,0.3913333333333333,0.364,0.24466666666666664,0.636,0.6086666666666667,0.5914865463492567,0.44111111111111106,0.6477921646856142,0.08533854959672375,0.9904730227804217,0.10170147572019206,0.5962397584698976,0.563359305858612,0.43589933633804323,0.0574252017380509,4.480504225730896,0.9152051543188668,10.776,0.007938130022313581,0.9140966130400551,900,928,1.0,1.031111111111111,0.03111111111111111,0.6325431034482759,0.5542529225349426,0.6570894180289905,0.08157433902771971,10.146657943725586
tie_reinforcement_rate,-20%,0.8,1,20261830,0.3906666666666666,0.35666666666666663,0.25266666666666665,0.6433333333333334,0.6093333333333334,0.6025385540447098,0.4704444444444444,0.6647204824224263,0.08377923881311646,0.9899721449398933,0.09729547906815078,0.5933974193764577,0.5774646854400635,0.43726120233535765,0.05740285536933582,4.492885674847496,0.9104637170214634,10.739555555555555,0.008788636128419049,0.9122998879002018,900,925,1.0,1.0277777777777777,0.027777777777777776,0.6464864864864864,0.5549401044845581,0.6738458474285864,0.08010549400650047,10.662964582443237
tie_reinforcement_rate,-20%,0.8,2,20262839,0.38222222222222213,0.3577777777777778,0.26,0.6422222222222221,0.6177777777777779,0.5784564277166635,0.3915555555555555,0.6278990737517435,0.08617541096491546,0.9884666854519696,0.10228115004943042,0.5952189265576429,0.5511762833595276,0.43272194743156434,0.05736561142147734,4.443331175327301,0.9087591581332682,10.77688888888889,0.007028372034527664,0.9130499245571237,900,925,1.0,1.0277777777777777,0.027777777777777776,0.6172972972972973,0.5509834885597229,0.6376032479756707,0.08227159747640367,10.5696542263031
tie_reinforcement_rate,-20%,0.8,3,20263848,0.4011111111111111,0.3477777777777778,0.2511111111111111,0.6522222222222221,0.5988888888888889,0.5911191283175484,0.43200000000000005,0.6478382578549703,0.0763579768355927,0.989712558983268,0.09769954251448454,0.5928346006056341,0.5656968760490417,0.4346205496788025,0.05691620111731844,4.427859266334109,0.9115700500037246,10.733777777777778,0.007648329054356302,0.911108109647395,900,919,1.0,1.021111111111111,0.021111111111111112,0.6213275299238302,0.5510573387145996,0.6570319604700023,0.07300910394273541,9.863569974899292
tie_reinforcement_rate,-20%,0.8,4,20264857,0.40422222222222226,0.3475555555555555,0.24822222222222223,0.6524444444444444,0.5957777777777777,0.5821849991443975,0.4086666666666667,0.63841960480975,0.08394489813141046,0.9909415637573953,0.10362046004930196,0.5942354487176357,0.5591472101211548,0.4314120936393738,0.05667535692116698,4.376578154246012,0.9145321392150954,10.574222222222222,0.008281327243368504,0.9096506591426546,900,914,1.0,1.0155555555555555,0.015555555555555555,0.6105032822757112,0.5459277629852295,0.6477690889341087,0.080281406093061,9.684187650680542
tie_reinforcement_rate,-20%,0.8,5,20265866,0.399111111111111,0.3602222222222223,0.2406666666666667,0.6397777777777778,0.6008888888888889,0.5846339175402328,0.4171111111111111,0.6412332440956512,0.08347570770072592,0.9904570075004533,0.10074939512291689,0.5938650132368978,0.5605439782142639,0.4295523464679718,0.057343265052762264,4.40908875158098,0.9046133950810007,10.720888888888886,0.00794041602642393,0.9127811078027241,900,925,1.0,1.0277777777777777,0.027777777777777776,0.5945945945945946,0.5463204383850098,0.6505789704185356,0.079849778070185,9.586820602416992
tie_reinforcement_rate,-20%,0.8,6,20266875,0.3957777777777778,0.3586666666666666,0.24555555555555553,0.6413333333333333,0.6042222222222222,0.5911163389287729,0.4271111111111111,0.6477622516619492,0.08401336484886907,0.9911807391378342,0.10020129257618311,0.5949104834160843,0.5633571028709412,0.4335379445552826,0.057248913718187466,4.4425886165301,0.9075372997789042,10.751555555555553,0.007767381702313891,0.9127951084967072,900,924,1.0,1.0266666666666666,0.02666666666666667,0.6331168831168831,0.550755500793457,0.6570861889720578,0.08038823192121924,9.965884923934937
tie_reinforcement_rate,-20%,0.8,7,20267884,0.4002222222222222,0.3468888888888889,0.2528888888888889,0.653111111111111,0.5997777777777779,0.5880394057761091,0.418,0.6428877627759358,0.08737949007945538,0.9905392717850855,0.10202347810282211,0.5936424754686788,0.5637091469764709,0.4345465397834778,0.05673743016759777,4.4131595379511515,0.9120278298302574,10.579555555555554,0.008249667386391605,0.9117290355236258,900,917,1.0,1.018888888888889,0.01888888888888889,0.6259541984732825,0.5503920912742615,0.6521570409693614,0.08373555242965947,9.718051671981812
tie_reinforcement_rate,-20%,0.8,8,20268893,0.41555555555555557,0.33888888888888885,0.24555555555555553,0.661111111111111,0.5844444444444444,0.5896520645542496,0.43400000000000005,0.6453926743009992,0.08472072234859301,0.9892960196999985,0.1006943209738997,0.5933596082492789,0.5645165205001831,0.4335122394561768,0.056797020484171325,4.407374502234989,0.9190382513661203,10.636444444444443,0.008732457899887035,0.9148628309667842,900,915,1.0,1.0166666666666666,0.016666666666666666,0.6131147540983607,0.5488340258598328,0.6548242326859876,0.08101293333711634,9.915279150009155
tie_reinforcement_rate,-20%,0.8,9,20269902,0.399111111111111,0.3446666666666666,0.2562222222222222,0.6553333333333333,0.6008888888888889,0.5920155919799632,0.43822222222222224,0.6503386281602235,0.07466559586745483,0.9884896577367759,0.09751706677373768,0.5951398523183858,0.5652550196647644,0.43235092639923095,0.05733829919304781,4.437360093858507,0.9158422959500006,10.843111111111112,0.007906345042637599,0.9179459094821277,900,927,1.0,1.03,0.03,0.6019417475728155,0.5498554706573486,0.6594074241727361,0.07152561798689261,9.690147876739502
tie_reinforcement_rate,-20%,0.8,10,20270911,0.3768888888888889,0.36200000000000004,0.2611111111111111,0.638,0.6231111111111111,0.577821833098203,0.3946666666666666,0.6295058316444683,0.07563277522677139,0.9868997136846831,0.09813852930042931,0.5932629999702459,0.5523799800872803,0.43577911496162414,0.05699068901303539,4.44547688791487,0.9133437202971796,10.721333333333332,0.005861147190348886,0.9107116527985564,900,919,1.0,1.021111111111111,0.021111111111111112,0.6387377584330794,0.5546082854270935,0.6389569113104697,0.07237490823385184,10.158673524856567
tie_reinforcement_rate,-20%,0.8,11,20271920,0.39555555555555555,0.35177777777777774,0.25266666666666665,0.6482222222222223,0.6044444444444445,0.5934350159770174,0.4431111111111112,0.65254879049925,0.08372026696953794,0.990049400791972,0.10041029043255635,0.5940678068646528,0.5680419611930847,0.4326557350158691,0.05685909373060212,4.403473912715912,0.910698689956332,10.735555555555557,0.007990385003565127,0.9145940983463717,900,916,1.0,1.0177777777777777,0.017777777777777778,0.6299126637554585,0.5484080910682678,0.6616773275357715,0.08027620324088636,10.247730016708374
tie_reinforcement_rate,-20%,0.8,12,20272929,0.39333333333333337,0.3526666666666667,0.254,0.6473333333333332,0.6066666666666667,0.5954061865649382,0.4446666666666666,0.6541540765246538,0.07606226240612975,0.9873824872376727,0.09656212318173132,0.5936781102408041,0.5691651344299317,0.4329202699661255,0.05694599627560522,4.412876680056254,0.909918769882847,10.685777777777776,0.008213661382330626,0.9129118164526376,900,918,1.0,1.02,0.02,0.6176470588235294,0.5489266514778137,0.663168458715138,0.07273276299824083,10.115372896194458
tie_reinforcement_rate,-20%,0.8,13,20273938,0.4015555555555556,0.3493333333333333,0.2491111111111111,0.6506666666666666,0.5984444444444444,0.5889122123804152,0.4182222222222222,0.6477290992549152,0.0801071799064036,0.9913985608496135,0.09857341608283512,0.5919162717961145,0.5658853507041931,0.43720965266227724,0.056729981378026074,4.439654200183021,0.9053664971184884,10.67066666666667,0.008608813607338372,0.9108957041816724,900,917,1.0,1.018888888888889,0.01888888888888889,0.6466739367502726,0.5540245175361633,0.6570357207967575,0.07655201508433884,10.560238599777222
tie_reinforcement_rate,-20%,0.8,14,20274947,0.3866666666666667,0.3633333333333333,0.25,0.6366666666666667,0.6133333333333334,0.5933661093028157,0.43800000000000006,0.6536466189855434,0.08018804788370958,0.989194211907158,0.09631060268879434,0.5935818974787882,0.5667636775970459,0.42841718792915345,0.057430167597765376,4.404087281280093,0.9128370701554408,10.669777777777776,0.007728832461688964,0.9153292972771047,900,926,1.0,1.028888888888889,0.028888888888888888,0.5907127429805615,0.544682502746582,0.6627198001090672,0.0768116060139934,10.77031683921814
tie_reinforcement_rate,-20%,0.8,15,20275956,0.3968888888888889,0.3491111111111111,0.254,0.6508888888888889,0.6031111111111112,0.5851174358281859,0.4104444444444445,0.6426874056854607,0.07602521166772497,0.9877389900951337,0.09914789626227276,0.5952189379484367,0.561523129940033,0.43319020748138426,0.0571173184357542,4.428897272904713,0.9111000855439904,10.612888888888888,0.007303772036848934,0.912616623236513,900,921,1.0,1.0233333333333334,0.023333333333333334,0.6199782844733985,0.5505538582801819,0.6518682625831145,0.07281325120062587,10.184829950332642
tie_reinforcement_rate,-20%,0.8,16,20276965,0.3962222222222222,0.35533333333333333,0.24844444444444444,0.6446666666666667,0.6037777777777777,0.5910173947673946,0.4291111111111111,0.6474366622928455,0.07926541740843032,0.9901802064542171,0.09939802464159765,0.5936555188490464,0.5673400807380676,0.432649085521698,0.056409683426443216,4.368534473737081,0.9200675361848137,10.714222222222222,0.007604020754037893,0.9088266606771636,900,910,1.0,1.011111111111111,0.011111111111111112,0.634065934065934,0.54668790102005,0.6564927992657027,0.07607817373820192,10.59694218635559
tie_reinforcement_rate,-20%,0.8,17,20277974,0.3751111111111111,0.36244444444444446,0.2624444444444444,0.6375555555555555,0.6248888888888888,0.5824072447872688,0.4051111111111112,0.6364987634618775,0.07523085244105565,0.9874212696218817,0.09765205619873442,0.5921665139765452,0.5579016780853272,0.4312105119228363,0.05682929857231534,4.386409694883558,0.9076354083732829,10.626666666666667,0.006185348255905625,0.9173601563940127,900,917,1.0,1.018888888888889,0.01888888888888889,0.6303162486368593,0.5481071472167969,0.6457580300512773,0.07186381533651254,10.206485271453857
tie_reinforcement_rate,-20%,0.8,18,20278983,0.4077777777777778,0.3473333333333333,0.24488888888888888,0.6526666666666666,0.5922222222222221,0.594944765744401,0.45088888888888895,0.6507129844059999,0.08523505774814243,0.9892502368113709,0.10041354896557916,0.5950204891069799,0.5673656415939331,0.43525747537612913,0.05663314711359404,4.412320473723941,0.9112596976327829,10.837777777777779,0.008430098916094156,0.9117353998679719,900,914,1.0,1.0155555555555555,0.015555555555555555,0.6356673960612691,0.5513353943824768,0.6600285288250715,0.0815941639953961,10.452669382095337
tie_reinforcement_rate,-20%,0.8,19,20279992,0.3971111111111111,0.3477777777777778,0.2551111111111111,0.6522222222222221,0.6028888888888889,0.5860443671874541,0.4168888888888889,0.6412703379943617,0.08461966552152851,0.9909400705237759,0.10052110262487936,0.5940206585540834,0.5589189457893372,0.4339718508720398,0.056700186219739296,4.404500252776677,0.9081710090810827,10.678666666666665,0.007878060356389585,0.9147021966600078,900,914,1.0,1.0155555555555555,0.015555555555555555,0.6389496717724289,0.5502431392669678,0.6506646717561689,0.08105711155296569,11.00430679321289
tie_reinforcement_rate,+20%,1.2,0,20260821,0.3937777777777777,0.35444444444444445,0.2517777777777778,0.6455555555555555,0.6062222222222222,0.5887640482409188,0.4184444444444444,0.6474907670079786,0.08563134111549087,0.9904200728005196,0.10116234300485263,0.5924181362894894,0.5647845888137817,0.4392319965362549,0.0572042209807573,4.497481604523128,0.9053863765418376,10.80088888888889,0.008172105975677763,0.9140966130400551,900,924,1.0,1.0266666666666666,0.02666666666666667,0.6590909090909091,0.5542529225349426,0.6567079523304483,0.08192677039730589,10.295312881469727
tie_reinforcement_rate,+20%,1.2,1,20261830,0.4053333333333333,0.3388888888888889,0.25577777777777777,0.6611111111111111,0.5946666666666667,0.6030299717036351,0.46444444444444444,0.6645037841740051,0.08388529091527172,0.9896955487519942,0.09773714584500283,0.5947977305021952,0.5775140190124511,0.44111270904541017,0.05709993792675357,4.508553660233815,0.924339310214316,10.697333333333331,0.008720421304319438,0.9122998879002018,900,920,1.0,1.0222222222222221,0.022222222222222223,0.6597826086956522,0.5549401044845581,0.6735942648399968,0.08025940573604773,10.51315188407898
tie_reinforcement_rate,+20%,1.2,2,20262839,0.4082222222222222,0.3506666666666667,0.24111111111111114,0.6493333333333333,0.5917777777777777,0.5758364016554985,0.3804444444444444,0.627839792798613,0.08585825128151678,0.9873925316412323,0.10226497197237389,0.5948724434008159,0.551965913772583,0.4372808492183685,0.05668032278088145,4.436509038766225,0.91286673354252,10.610222222222221,0.007657667728491285,0.9130499245571237,900,916,1.0,1.0177777777777777,0.017777777777777778,0.6375545851528385,0.5509834885597229,0.6374703230731175,0.08203945065044405,10.261260271072388
tie_reinforcement_rate,+20%,1.2,3,20263848,0.4073333333333333,0.34355555555555556,0.24911111111111112,0.6564444444444445,0.5926666666666667,0.5889358025496163,0.4244444444444444,0.6478525130550541,0.07609384010135108,0.9893882378743776,0.09761172290097836,0.594686876002665,0.5657184457778931,0.4383281099796295,0.056593420235878336,4.440278809759352,0.9071623390800773,10.618222222222222,0.0078027577933175996,0.911108109647395,900,914,1.0,1.0155555555555555,0.015555555555555555,0.6400437636761488,0.5510573387145996,0.6569788851476452,0.0728114540166489,9.79630732536316
tie_reinforcement_rate,+20%,1.2,4,20264857,0.4,0.3462222222222222,0.25377777777777777,0.6537777777777778,0.6,0.5839922078567761,0.41377777777777774,0.6382993499131021,0.08394914973579716,0.9916382147811966,0.10123625990355983,0.5946968099165738,0.5589140462875366,0.4333352482318878,0.056970825574177535,4.419025187174479,0.9118301636765167,10.72088888888889,0.00756273746168308,0.9096506591426546,900,919,1.0,1.021111111111111,0.021111111111111112,0.6224156692056583,0.5459277629852295,0.6476832880584888,0.08027294206468083,10.329581499099731
tie_reinforcement_rate,+20%,1.2,5,20265866,0.40955555555555556,0.35444444444444445,0.23600000000000002,0.6455555555555555,0.5904444444444444,0.5873634303310022,0.4248888888888889,0.6411098732610958,0.08333008433260047,0.9902941872682114,0.10059535549360625,0.5926960784371319,0.5610151028633118,0.4328901147842407,0.05726381129733085,4.437154160393609,0.9034342433454065,10.65911111111111,0.007479513991491219,0.9127811078027241,900,924,1.0,1.0266666666666666,0.02666666666666667,0.6168831168831169,0.5463204383850098,0.6503600607615593,0.07972006343161331,10.407210350036621
tie_reinforcement_rate,+20%,1.2,6,20266875,0.39355555555555555,0.35377777777777775,0.25266666666666665,0.6462222222222223,0.6064444444444445,0.5891639177862639,0.42133333333333334,0.6478401482888164,0.08420837340257883,0.99128825779711,0.10042356050691051,0.5956516172605304,0.5642106437683105,0.4379104483127594,0.05662321539416512,4.438423630714417,0.9096741517301092,10.567555555555554,0.008202891981040279,0.9127951084967072,900,913,1.0,1.0144444444444445,0.014444444444444444,0.6527929901423878,0.550755500793457,0.6571558175472524,0.08056205315215759,9.668670654296875
tie_reinforcement_rate,+20%,1.2,7,20267884,0.40044444444444444,0.35422222222222216,0.24533333333333332,0.6457777777777777,0.5995555555555555,0.590352109666566,0.4393333333333333,0.6427076534273805,0.08767740770611399,0.9915100466328565,0.10288291690329271,0.5927342976587286,0.5634838008880615,0.43764187932014464,0.05661824953445065,4.435318339294858,0.9029958994894076,10.507555555555555,0.007794654462485991,0.9117290355236258,900,914,1.0,1.0155555555555555,0.015555555555555555,0.6411378555798687,0.5503920912742615,0.6521022353696636,0.08397337687013762,9.705391645431519
tie_reinforcement_rate,+20%,1.2,8,20268893,0.3915555555555555,0.3644444444444444,0.244,0.6355555555555555,0.6084444444444445,0.58977290821363,0.43355555555555547,0.6451269879381649,0.08486094188597434,0.989064735417848,0.1007261071943305,0.5926980964491453,0.5639839792251586,0.43634329438209535,0.056806952203600256,4.4369194448259135,0.9050652635597871,10.641777777777778,0.008035601086278554,0.9148628309667842,900,916,1.0,1.0177777777777777,0.017777777777777778,0.6244541484716157,0.5488340258598328,0.6544316762387126,0.08114500349956244,9.623401641845703
tie_reinforcement_rate,+20%,1.2,9,20269902,0.38799999999999996,0.35511111111111104,0.2568888888888889,0.6448888888888888,0.612,0.5920258799400281,0.43711111111111106,0.6503140226252441,0.07485309417738797,0.9883545069900179,0.09698874630576665,0.5934919590469453,0.5651630640029908,0.43523775815963744,0.05726629422718808,4.461443651676178,0.9096393779468716,10.861333333333334,0.00712312532614311,0.9179459094821277,900,923,1.0,1.0255555555555556,0.025555555555555557,0.6251354279523293,0.5498554706573486,0.6594267548253179,0.07175177836615965,9.625670194625854
tie_reinforcement_rate,+20%,1.2,10,20270911,0.38888888888888884,0.37000000000000005,0.2411111111111111,0.63,0.6111111111111112,0.5772290814226779,0.3904444444444444,0.6296288960762506,0.0758529642002881,0.9875307016507976,0.09996120092873975,0.5937495280022368,0.5515662240982055,0.43760045170783995,0.05729608938547487,4.487980151070489,0.9089117941624739,10.823555555555558,0.006470175447735751,0.9107116527985564,900,924,1.0,1.0266666666666666,0.02666666666666667,0.6439393939393939,0.5546082854270935,0.6391557118589335,0.07264198755759765,9.659786224365234
tie_reinforcement_rate,+20%,1.2,11,20271920,0.39888888888888885,0.3586666666666667,0.24244444444444443,0.6413333333333334,0.6011111111111112,0.5939574746193796,0.4468888888888889,0.6525876189660577,0.08379347335266413,0.9889783001919035,0.0977318201332303,0.5949677554200753,0.5686423754692078,0.43597020506858825,0.05664804469273744,4.420696895546383,0.9083018629716141,10.610222222222223,0.008076879841940327,0.9145940983463717,900,915,1.0,1.0166666666666666,0.016666666666666666,0.6437158469945355,0.5484080910682678,0.6617910555577671,0.08025186316397104,10.130969524383545
tie_reinforcement_rate,+20%,1.2,12,20272929,0.38911111111111113,0.35,0.2608888888888889,0.65,0.6108888888888888,0.5966174671426682,0.45622222222222225,0.6539292377151144,0.07581402785203,0.9873491176686479,0.09688899774128273,0.5955642417022258,0.569591178894043,0.43573899984359743,0.056970825574177535,4.443551747798919,0.916192980475633,10.616444444444443,0.008202362591770217,0.9129118164526376,900,918,1.0,1.02,0.02,0.6328976034858388,0.5489266514778137,0.6630672585923172,0.07243292637638077,9.694032669067383
tie_reinforcement_rate,+20%,1.2,13,20273938,0.38511111111111107,0.3575555555555555,0.25733333333333336,0.6424444444444444,0.6148888888888889,0.5904593458214145,0.43066666666666664,0.6472601925963392,0.08033220400096155,0.9915383032419786,0.09857564983080323,0.5943418662859048,0.56439857006073,0.43930680632591246,0.05697827436374923,4.480494114134047,0.9219994866655615,10.732888888888887,0.007278822961727362,0.9108957041816724,900,920,1.0,1.0222222222222221,0.022222222222222223,0.6652173913043479,0.5540245175361633,0.6564873681802678,0.07690779010788118,10.235105276107788
tie_reinforcement_rate,+20%,1.2,14,20274947,0.386,0.34377777777777774,0.2702222222222222,0.6562222222222222,0.6139999999999999,0.593234367619543,0.442,0.6537756746042372,0.08001458631582269,0.9900344016614554,0.09798915317679306,0.5930591909418933,0.5679921436309815,0.43247090220451356,0.05691620111731844,4.406006349669562,0.9288041982351792,10.684444444444445,0.007750772245204936,0.9153292972771047,900,917,1.0,1.018888888888889,0.01888888888888889,0.6172300981461287,0.544682502746582,0.6629882436648069,0.07666503823376525,10.052509307861328
tie_reinforcement_rate,+20%,1.2,15,20275956,0.3931111111111111,0.35022222222222227,0.25666666666666665,0.6497777777777778,0.6068888888888889,0.587749638488634,0.4148888888888888,0.6430104522517142,0.07545100367786409,0.9876509107890163,0.09959629057122185,0.5949327583632733,0.5628201484680175,0.43673049807548525,0.0567473618870267,4.4361943138440445,0.9153777826999339,10.557777777777778,0.007500067306899308,0.912616623236513,900,916,1.0,1.0177777777777777,0.017777777777777778,0.6430131004366813,0.5505538582801819,0.6522001128680255,0.07220594126381674,10.157930135726929
tie_reinforcement_rate,+20%,1.2,16,20276965,0.4106666666666667,0.336,0.2533333333333333,0.664,0.5893333333333333,0.5908398289974482,0.43177777777777776,0.64748248085797,0.07922887962333865,0.9896831446455738,0.10061549439497164,0.5923253985770462,0.5673377132415771,0.43601414680480954,0.05617877094972067,4.384529668384127,0.9281377424945297,10.697333333333333,0.007775412373454738,0.9088266606771636,900,906,1.0,1.0066666666666666,0.006666666666666667,0.6479028697571744,0.54668790102005,0.656548299248772,0.07617063741941088,10.352624416351318
tie_reinforcement_rate,+20%,1.2,17,20277974,0.39666666666666667,0.3522222222222222,0.2511111111111111,0.6477777777777777,0.6033333333333333,0.5864606551124448,0.4191111111111111,0.637284433209625,0.0751127312648298,0.9869282086968547,0.09772125821029673,0.5947923685154367,0.5584057450294495,0.43385000705718996,0.05695344506517691,4.422893280559116,0.9091836739658106,10.736888888888892,0.00681708370097176,0.9173601563940127,900,919,1.0,1.021111111111111,0.021111111111111112,0.6430903155603918,0.5481071472167969,0.6465724701736149,0.07177584273944837,10.772670030593872
tie_reinforcement_rate,+20%,1.2,18,20278983,0.39222222222222214,0.35088888888888886,0.2568888888888889,0.6491111111111111,0.6077777777777779,0.5948996741212883,0.46488888888888885,0.6504059961646423,0.08536237647366153,0.9901174345923579,0.1015177848355404,0.593536944975525,0.5678644132614136,0.4382524764537811,0.056715083798882696,4.449038968245188,0.9183430270726791,10.664888888888889,0.007717095866812815,0.9117353998679719,900,916,1.0,1.0177777777777777,0.017777777777777778,0.665938864628821,0.5513353943824768,0.6595776022316582,0.0817729677451069,10.333578824996948
tie_reinforcement_rate,+20%,1.2,19,20279992,0.3966666666666667,0.35666666666666663,0.24666666666666667,0.6433333333333334,0.6033333333333333,0.5863597135294176,0.41800000000000004,0.641933965133899,0.08428391305194427,0.9898414104747603,0.102031547958157,0.5937223607314772,0.5601144051551818,0.43731101393699645,0.05661824953445066,4.431957548194462,0.9116337785813493,10.476444444444446,0.008154071617505752,0.9147021966600078,900,913,1.0,1.0144444444444445,0.014444444444444444,0.656078860898138,0.5502431392669678,0.6513153920045593,0.08074745231278935,10.299474477767944
tie_decay,-20%,0.8,0,20260821,0.4046666666666666,0.3399999999999999,0.2553333333333333,0.66,0.5953333333333333,0.5911832435841253,0.44422222222222224,0.6478855829804074,0.0852806343929981,0.9899925341399723,0.10095806512772178,0.594252135262535,0.5653158378601074,0.4596481013298035,0.056975791433892004,4.687783466657002,0.9199462514731107,10.846666666666668,0.008864691017035697,0.9140966130400551,900,919,1.0,1.021111111111111,0.021111111111111112,0.7464635473340587,0.5542529225349426,0.6572296589928122,0.08143717817557428,10.266078472137451
tie_decay,-20%,0.8,1,20261830,0.40488888888888896,0.35155555555555557,0.24355555555555558,0.6484444444444445,0.5951111111111111,0.6035691006650272,0.4640000000000001,0.6647637643105149,0.08341062972221731,0.9902794855963133,0.097285517340549,0.5944769046078275,0.57699378490448,0.45978832721710206,0.05743265052762259,4.726747814390395,0.9192769198902258,10.721777777777778,0.009192113457318076,0.9122998879002018,900,928,1.0,1.031111111111111,0.03111111111111111,0.7435344827586207,0.5549401044845581,0.6738836853732494,0.0797529281414393,10.252045631408691
tie_decay,-20%,0.8,2,20262839,0.37955555555555553,0.3622222222222222,0.25822222222222224,0.6377777777777778,0.6204444444444444,0.5755395687238145,0.38688888888888884,0.6279801421400053,0.08639288569740594,0.9871298002632014,0.10329889216714633,0.5950789074240754,0.551205792427063,0.45565557956695557,0.05716697703289882,4.662557737456427,0.9011900532525992,10.754666666666667,0.007372765934857545,0.9130499245571237,900,924,1.0,1.0266666666666666,0.02666666666666667,0.7153679653679653,0.5509834885597229,0.6376153996265175,0.08261824921925198,10.371396780014038
tie_decay,-20%,0.8,3,20263848,0.41088888888888886,0.3415555555555555,0.24755555555555556,0.6584444444444444,0.5891111111111111,0.5901400560758541,0.43199999999999994,0.6479673125862873,0.07602445035605818,0.9884807586199068,0.09712478826384327,0.5920343386101716,0.5655712628364563,0.45693137764930725,0.05702296710117939,4.663890824106004,0.920098865170079,10.701777777777776,0.007854333523910417,0.911108109647395,900,920,1.0,1.0222222222222221,0.022222222222222223,0.7358695652173913,0.5510573387145996,0.6570812399072681,0.07270084474412752,10.768537759780884
tie_decay,-20%,0.8,4,20264857,0.41533333333333333,0.32822222222222225,0.2564444444444445,0.6717777777777778,0.5846666666666667,0.5855039294246052,0.4193333333333333,0.6386554717969692,0.08370941068488275,0.9912462132479605,0.10010832827759165,0.5911855794646964,0.5601129126548767,0.454049643278122,0.05671011793916822,4.6090889465543965,0.9242108517619313,10.582666666666666,0.008085625556624784,0.9096506591426546,900,914,1.0,1.0155555555555555,0.015555555555555555,0.7286652078774617,0.5459277629852295,0.6480535132918666,0.07997984500554245,10.372703552246094
tie_decay,-20%,0.8,5,20265866,0.3988888888888889,0.36111111111111105,0.24,0.638888888888889,0.601111111111111,0.5859239168653484,0.4146666666666667,0.6413816117838865,0.08319871551400006,0.9902055576080987,0.10057684692851203,0.5944399133644724,0.5606992292404175,0.4523988389968872,0.05714711359404097,4.627703683217366,0.9129270659984684,10.744888888888891,0.008293674964108017,0.9127811078027241,900,922,1.0,1.0244444444444445,0.024444444444444446,0.7082429501084598,0.5463204383850098,0.6507156918758975,0.07958302560524633,10.296277284622192
tie_decay,-20%,0.8,6,20266875,0.40355555555555556,0.348,0.24844444444444444,0.652,0.5964444444444444,0.5904199721992709,0.4375555555555556,0.6480663637720302,0.08417348755524998,0.9915291156550619,0.09986005385498398,0.5956185816939606,0.5657826280593872,0.458565034866333,0.056501551831160776,4.637781251377529,0.9008174907632249,10.662222222222221,0.008371460605743971,0.9127951084967072,900,911,1.0,1.0122222222222221,0.012222222222222223,0.7672886937431395,0.550755500793457,0.657484029499434,0.08057932117370092,10.246883869171143
tie_decay,-20%,0.8,7,20267884,0.39777777777777784,0.35155555555555557,0.25066666666666665,0.6484444444444445,0.6022222222222222,0.5870630308170562,0.4215555555555555,0.643471301098621,0.08687422887027303,0.9905131823788753,0.1025016174938998,0.5945238390265032,0.5633180809020996,0.45590879082679747,0.057283674736188714,4.674687041494582,0.9106652068257955,10.672444444444443,0.0077016202332165495,0.9117290355236258,900,926,1.0,1.028888888888889,0.028888888888888888,0.7257019438444925,0.5503920912742615,0.6526691632785124,0.08325609726546834,10.18860936164856
tie_decay,-20%,0.8,8,20268893,0.39622222222222225,0.35533333333333333,0.24844444444444444,0.6446666666666667,0.6037777777777777,0.5898027007095327,0.42711111111111116,0.645211784319408,0.08475036242606664,0.9896355177438667,0.10087534870101812,0.5927397741333185,0.5639374256134033,0.4566391730308533,0.056630664183736815,4.628863542609745,0.9092844473613801,10.56088888888889,0.008984862188209198,0.9148628309667842,900,913,1.0,1.0144444444444445,0.014444444444444444,0.7250821467688937,0.5488340258598328,0.6546078852726722,0.08106847032562192,10.635745286941528
tie_decay,-20%,0.8,9,20269902,0.40199999999999997,0.33733333333333326,0.26066666666666666,0.6626666666666666,0.5980000000000001,0.5917798197777688,0.4322222222222223,0.649970327778844,0.07514496901410318,0.9891957041427375,0.0984121810988801,0.5932517260174842,0.5657295703887939,0.45517789125442504,0.057176908752327754,4.658559788227081,0.916841445117657,10.821777777777779,0.007988821643258311,0.9179459094821277,900,923,1.0,1.0255555555555556,0.025555555555555557,0.7204767063921993,0.5498554706573486,0.6591526314209301,0.07198190574474062,10.625869512557983
tie_decay,-20%,0.8,10,20270911,0.3786666666666666,0.36,0.2613333333333333,0.64,0.6213333333333334,0.5785413642097376,0.39199999999999996,0.6297092907553492,0.07503414042623649,0.9858205519911378,0.09861026659284906,0.5934410447294624,0.5526446723937988,0.4598672091960907,0.056434512725015526,4.645465092711978,0.9015772434386297,10.581333333333331,0.006373162488307232,0.9107116527985564,900,910,1.0,1.011111111111111,0.011111111111111112,0.7461538461538462,0.5546082854270935,0.6392157067330683,0.07177895078017671,9.784396648406982
tie_decay,-20%,0.8,11,20271920,0.39911111111111114,0.3655555555555556,0.23533333333333334,0.6344444444444445,0.6008888888888889,0.5940777459842089,0.4351111111111111,0.6530001845086337,0.08342440523787481,0.98856229780416,0.10029927330740858,0.5919933036854963,0.5676974606513977,0.4556623125076294,0.05670266914959653,4.624817508538564,0.9099261320466792,10.543111111111111,0.00873647952957609,0.9145940983463717,900,915,1.0,1.0166666666666666,0.016666666666666666,0.7420765027322405,0.5484080910682678,0.6621987038758492,0.07999938503936677,9.758277416229248
tie_decay,-20%,0.8,12,20272929,0.4073333333333333,0.3482222222222222,0.24444444444444444,0.6517777777777778,0.5926666666666667,0.5995888688745586,0.46511111111111114,0.6541888201127855,0.07611777220639555,0.9881377080315882,0.09699695884163802,0.5923798634369815,0.5702089691162109,0.45604634284973145,0.056841713221601496,4.640083813932207,0.9162652522973768,10.767555555555555,0.008525853659333392,0.9129118164526376,900,917,1.0,1.018888888888889,0.01888888888888889,0.7251908396946565,0.5489266514778137,0.6632523427373131,0.07285059249589465,9.685219764709473
tie_decay,-20%,0.8,13,20273938,0.39888888888888885,0.34422222222222215,0.2568888888888889,0.6557777777777778,0.6011111111111112,0.5898246424826644,0.4262222222222223,0.6477644251145217,0.08032328879516883,0.9914712365614566,0.09741188771936482,0.5925238167938223,0.5648240947723389,0.4602297794818878,0.056720049658597144,4.672599926418728,0.9090343563198298,10.594666666666667,0.008607218919225241,0.9108957041816724,900,915,1.0,1.0166666666666666,0.016666666666666666,0.7693989071038252,0.5540245175361633,0.6571321279627979,0.07681289356006782,9.886061906814575
tie_decay,-20%,0.8,14,20274947,0.3924444444444444,0.3440000000000001,0.2635555555555556,0.6560000000000001,0.6075555555555556,0.5913114225914167,0.4302222222222223,0.6536198752237423,0.08022949367474126,0.9898567231737636,0.1012792170636898,0.5935036568828645,0.5669739484786988,0.45095295429229737,0.05728615766604594,4.624163103845384,0.9114504010547516,10.818222222222225,0.007735920735223811,0.9153292972771047,900,923,1.0,1.0255555555555556,0.025555555555555557,0.7118093174431203,0.544682502746582,0.6626526595370152,0.07698350615485672,9.969610929489136
tie_decay,-20%,0.8,15,20275956,0.4091111111111111,0.35533333333333333,0.23555555555555557,0.6446666666666667,0.5908888888888888,0.5863546687117002,0.41355555555555557,0.6428436805729352,0.07594892306785633,0.9874617904675805,0.09860199748611337,0.5941083341311562,0.5636926317214965,0.4574780547618866,0.05653879577901924,4.629870032734342,0.9173969433420587,10.427555555555555,0.0074279131793013545,0.912616623236513,900,911,1.0,1.0122222222222221,0.012222222222222223,0.7486278814489572,0.5505538582801819,0.6520336194426338,0.07269611286329436,10.439041137695312
tie_decay,-20%,0.8,16,20276965,0.39488888888888896,0.3413333333333333,0.2637777777777778,0.6586666666666666,0.605111111111111,0.5875845756152892,0.41800000000000004,0.6470209905785451,0.07931337641248,0.9901494767924174,0.09988872073313729,0.5925256255570992,0.5670734143257141,0.4552672302722931,0.05636995654872751,4.593648823738098,0.9223505027942938,10.625333333333334,0.007623828684789312,0.9088266606771636,900,911,1.0,1.0122222222222221,0.012222222222222223,0.7387486278814489,0.54668790102005,0.656160106873202,0.07609068083094805,9.920591592788696
tie_decay,-20%,0.8,17,20277974,0.3884444444444444,0.3602222222222223,0.2513333333333333,0.6397777777777778,0.6115555555555556,0.5835684895973334,0.4077777777777778,0.6371257449537904,0.07504009699256747,0.9874529979570255,0.09501115187961336,0.592806647974042,0.55838041305542,0.4537154805660248,0.05685164494103041,4.617200850857628,0.9115152504772603,10.71111111111111,0.006381707157936484,0.9173601563940127,900,916,1.0,1.0177777777777777,0.017777777777777778,0.7205240174672489,0.5481071472167969,0.6463455002846646,0.0717160600750657,11.290873765945435
tie_decay,-20%,0.8,18,20278983,0.3953333333333333,0.3602222222222223,0.24444444444444444,0.6397777777777778,0.6046666666666667,0.5934526481127684,0.45,0.6504875488280875,0.08527888976686519,0.9899144177386324,0.10206642708833996,0.5935385702036168,0.5671770620346069,0.45703309774398804,0.057094972067039104,4.670842400550843,0.9045855567039844,10.731555555555554,0.007928514737423122,0.9117353998679719,900,921,1.0,1.0233333333333334,0.023333333333333334,0.753528773072747,0.5513353943824768,0.6597683667680229,0.08162826635309162,10.290541648864746
tie_decay,-20%,0.8,19,20279992,0.39466666666666667,0.3513333333333334,0.254,0.6486666666666666,0.6053333333333333,0.5881714483785491,0.4288888888888889,0.6420324454392682,0.08444159447540478,0.9898529234154023,0.10079681525698542,0.5931808914052518,0.5603217911720276,0.45660165429115296,0.05688888888888889,4.649604989687602,0.9163759268166082,10.614222222222223,0.008687895235955463,0.9147021966600078,900,917,1.0,1.018888888888889,0.01888888888888889,0.7350054525627044,0.5502431392669678,0.6515332127201517,0.08079653549712007,10.263470888137817
tie_decay,+20%,1.2,0,20260821,0.40888888888888886,0.35555555555555557,0.23555555555555557,0.6444444444444444,0.5911111111111111,0.5915712921750399,0.43111111111111117,0.6472214117729649,0.08566223358150622,0.9909876627720966,0.10059524747436602,0.5942682418166292,0.5642978382110596,0.4180205476284027,0.05688640595903166,4.256516884062026,0.9045437069083673,10.753777777777778,0.00786631366171632,0.9140966130400551,900,917,1.0,1.018888888888889,0.01888888888888889,0.5528898582333697,0.5542529225349426,0.656423237138733,0.08200725842260392,10.390076160430908
tie_decay,+20%,1.2,1,20261830,0.40644444444444444,0.3408888888888888,0.25266666666666665,0.6591111111111111,0.5935555555555555,0.6060122098014905,0.4788888888888889,0.6646298867848741,0.08366080609197465,0.990051836631903,0.09703968454629414,0.5942649329526648,0.5779835748672485,0.42010765671730044,0.056650527622594676,4.260052029768626,0.9144460137199516,10.644888888888891,0.009601391778270664,0.9122998879002018,900,913,1.0,1.0144444444444445,0.014444444444444444,0.5629791894852135,0.5549401044845581,0.6739209484403497,0.07993610424016984,10.730258226394653
tie_decay,+20%,1.2,2,20262839,0.37999999999999995,0.3762222222222223,0.2437777777777778,0.6237777777777778,0.6200000000000001,0.5779501817010477,0.3897777777777777,0.6278666003621772,0.08626286123235165,0.9874916351212316,0.10194543402187904,0.5939265824797838,0.5503780627250672,0.41346545457839967,0.05751210428305401,4.2563908270200095,0.9043679657541758,10.833777777777778,0.006866373221411653,0.9130499245571237,900,929,1.0,1.0322222222222222,0.03222222222222222,0.5166846071044133,0.5509834885597229,0.6374939557315368,0.0824699800017672,10.21705150604248
tie_decay,+20%,1.2,3,20263848,0.39955555555555555,0.35133333333333333,0.2491111111111111,0.6486666666666667,0.6004444444444444,0.5921467932033093,0.4373333333333333,0.6480118891475669,0.07609099744047629,0.9884560857209799,0.09730747038689141,0.5949722853029901,0.5645929956436158,0.4153685522079468,0.05693358162631906,4.232962153487736,0.9094565817727487,10.654222222222222,0.006660011462466038,0.911108109647395,900,919,1.0,1.021111111111111,0.021111111111111112,0.5386289445048966,0.5510573387145996,0.6570757190941191,0.07289148611129947,10.297909021377563
tie_decay,+20%,1.2,4,20264857,0.4153333333333334,0.33688888888888896,0.24777777777777776,0.6631111111111112,0.5846666666666667,0.5832383514213322,0.41022222222222227,0.6380147468718872,0.08415630067630772,0.991575428965152,0.10271146478693702,0.5924047809147982,0.5589210224151612,0.41154375314712527,0.057075108628181256,4.204427259233263,0.9227373918117666,10.677333333333333,0.00762101360080836,0.9096506591426546,900,922,1.0,1.0244444444444445,0.024444444444444446,0.5130151843817787,0.5459277629852295,0.6473292870590475,0.08045264488933923,10.243533372879028
tie_decay,+20%,1.2,5,20265866,0.40333333333333327,0.3631111111111111,0.23355555555555554,0.636888888888889,0.5966666666666667,0.5888710434087961,0.43644444444444447,0.6411959503126593,0.08303134096694804,0.9908340939659044,0.09950622989725122,0.595041276348583,0.560332612991333,0.4117526817321777,0.05695592799503414,4.197798784361946,0.9167296072564064,10.630666666666666,0.008457815475471708,0.9127811078027241,900,919,1.0,1.021111111111111,0.021111111111111112,0.5016322089227421,0.5463204383850098,0.6505263553775844,0.07933532781855956,10.159427404403687
tie_decay,+20%,1.2,6,20266875,0.39688888888888885,0.3506666666666666,0.2524444444444444,0.6493333333333332,0.6031111111111112,0.5916609803705346,0.442,0.6478190477491826,0.08409296006330201,0.9911286656706415,0.10128567339602505,0.5936091450319092,0.5636654424667359,0.4151896035671234,0.05706021104903788,4.240554411994086,0.9130410615120661,10.836444444444446,0.007842764121951014,0.9127951084967072,900,921,1.0,1.0233333333333334,0.023333333333333334,0.5276872964169381,0.550755500793457,0.6570627065548174,0.08061121775867686,10.58900499343872
tie_decay,+20%,1.2,7,20267884,0.40777777777777774,0.34333333333333327,0.24888888888888888,0.6566666666666667,0.5922222222222223,0.5895106107973952,0.434,0.6428281587289955,0.08768741608193191,0.9913979115749575,0.10126865507179192,0.5938964359531653,0.5641082787513733,0.41603376030921935,0.05680695220360026,4.230287281725142,0.9200938211339285,10.625333333333334,0.007723189965812579,0.9117290355236258,900,918,1.0,1.02,0.02,0.5370370370370371,0.5503920912742615,0.6520989460203067,0.08394444245330179,10.330335855484009
tie_decay,+20%,1.2,8,20268893,0.4004444444444444,0.3373333333333333,0.2622222222222222,0.6626666666666666,0.5995555555555556,0.589334652319114,0.42644444444444446,0.6449313438759963,0.08519652361751455,0.9900952496625757,0.10058564925437555,0.5919154388714033,0.5635332489013671,0.41381886243820193,0.057040347610180016,4.225102512783475,0.9286902234332772,10.651999999999997,0.007633833851211811,0.9148628309667842,900,921,1.0,1.0233333333333334,0.023333333333333334,0.5190010857763301,0.5488340258598328,0.6542019228081878,0.08153989970579234,10.160441875457764
tie_decay,+20%,1.2,9,20269902,0.3928888888888889,0.3622222222222222,0.2448888888888889,0.6377777777777778,0.607111111111111,0.5899893410595212,0.4177777777777778,0.6501439523056816,0.07492307772679944,0.9890986062924498,0.09742494909594093,0.5945428804478261,0.5648587274551392,0.4135815858840942,0.05731346989447549,4.242948628001743,0.9153006061285673,10.836888888888891,0.007226736646065636,0.9179459094821277,900,924,1.0,1.0266666666666666,0.02666666666666667,0.5173160173160173,0.5498554706573486,0.6592811336884273,0.07163281945609978,10.018781423568726
tie_decay,+20%,1.2,10,20270911,0.3915555555555556,0.36666666666666664,0.24177777777777776,0.6333333333333334,0.6084444444444445,0.5751074772702544,0.38288888888888883,0.6295040227392599,0.07531887306767998,0.9874598840545207,0.10043529492306391,0.5955897864474972,0.5520919346809388,0.41703017950057986,0.05668280571073867,4.231265436225467,0.9137920770010617,10.603555555555554,0.006100370957606306,0.9107116527985564,900,914,1.0,1.0155555555555555,0.015555555555555555,0.5393873085339168,0.5546082854270935,0.6389989965732381,0.07209122414844704,10.073331832885742
tie_decay,+20%,1.2,11,20271920,0.40422222222222215,0.3351111111111111,0.26066666666666666,0.664888888888889,0.5957777777777779,0.5961264382121959,0.4471111111111112,0.6526161430798838,0.08352396695376477,0.9890956103724489,0.1003281383664812,0.5927929659021549,0.5676727509498596,0.41374906778335574,0.05701303538175047,4.222374773237441,0.9215660066760712,10.527555555555555,0.00828682802630993,0.9145940983463717,900,920,1.0,1.0222222222222221,0.022222222222222223,0.5108695652173914,0.5484080910682678,0.66174957532338,0.08000542750276063,9.878331184387207
tie_decay,+20%,1.2,12,20272929,0.39466666666666667,0.36111111111111105,0.24422222222222223,0.638888888888889,0.6053333333333333,0.596234967847725,0.4462222222222223,0.6540282453608017,0.07620592587969281,0.9870331751882193,0.098290466802478,0.5949073257807883,0.568744637966156,0.4133530831336975,0.0571570453134699,4.229042993439568,0.9004774583392344,10.701777777777776,0.007739580226934848,0.9129118164526376,900,921,1.0,1.0233333333333334,0.023333333333333334,0.5200868621064061,0.5489266514778137,0.6631545959433165,0.07292618980463095,10.888641595840454
tie_decay,+20%,1.2,13,20273938,0.3984444444444445,0.35644444444444445,0.24511111111111109,0.6435555555555555,0.6015555555555555,0.5902287529849383,0.4304444444444445,0.6473306178229674,0.08031067331871515,0.9913631043088749,0.09911647866512308,0.5919354748583018,0.565669662952423,0.4176059687137604,0.05698324022346369,4.259474025090537,0.9107606706273127,10.655111111111111,0.007433654264039366,0.9108957041816724,900,920,1.0,1.0222222222222221,0.022222222222222223,0.5489130434782609,0.5540245175361633,0.6565278150507043,0.07684074912820793,10.254258394241333
tie_decay,+20%,1.2,14,20274947,0.3875555555555556,0.35511111111111116,0.2573333333333333,0.644888888888889,0.6124444444444443,0.5934353516827351,0.4335555555555555,0.653498527863393,0.08024137915419524,0.9898435368722237,0.09761059532633094,0.5923490870032581,0.5664180636405944,0.41063124537467954,0.05693358162631906,4.184711989190844,0.9129475401691591,10.655555555555555,0.007848486926362763,0.9153292972771047,900,919,1.0,1.021111111111111,0.021111111111111112,0.49075081610446136,0.544682502746582,0.662549193702458,0.07693611361623409,9.6716148853302
tie_decay,+20%,1.2,15,20275956,0.39333333333333337,0.33888888888888885,0.2677777777777778,0.661111111111111,0.6066666666666667,0.5885162227999893,0.4351111111111111,0.642452779186331,0.07580832851228171,0.9876974368734588,0.09834036711790692,0.5907808768428735,0.5624627494812011,0.41458155393600465,0.05709248913718188,4.236742067866856,0.9131575951489838,10.648,0.007329347425588524,0.912616623236513,900,922,1.0,1.0244444444444445,0.024444444444444446,0.5260303687635575,0.5505538582801819,0.6517139185275798,0.0724940139859489,10.116990804672241
tie_decay,+20%,1.2,16,20276965,0.4013333333333333,0.35044444444444445,0.24822222222222223,0.6495555555555554,0.5986666666666667,0.5889299399225365,0.42511111111111105,0.6470868802641208,0.07938218865123284,0.9900884932417584,0.09954598029158636,0.5922057853240507,0.5657751822471618,0.412807902097702,0.05700806952203601,4.212427871704102,0.9164232732569687,10.653333333333332,0.007712532515899254,0.9088266606771636,900,919,1.0,1.021111111111111,0.021111111111111112,0.5070729053318824,0.54668790102005,0.6561419625598448,0.07614668640984479,10.243172645568848
tie_decay,+20%,1.2,17,20277974,0.37355555555555553,0.37888888888888894,0.24755555555555556,0.6211111111111111,0.6264444444444445,0.5828279879814806,0.4062222222222222,0.6372109133205414,0.07480295025035344,0.9868453017863128,0.09861892258286105,0.595686214970618,0.5576989698410034,0.4111402297019959,0.05729360645561764,4.2164055406782355,0.9148834570252187,10.708444444444444,0.006158693055863796,0.9173601563940127,900,925,1.0,1.0277777777777777,0.027777777777777776,0.5167567567567568,0.5481071472167969,0.6463166401361717,0.07170424156284216,10.29005241394043
tie_decay,+20%,1.2,18,20278983,0.40488888888888896,0.3511111111111111,0.244,0.6488888888888888,0.595111111111111,0.5922377899604298,0.44177777777777777,0.6500435350101239,0.08507353864363147,0.9899838668843224,0.1008743989919881,0.5937679389290142,0.567350971698761,0.4163256216049194,0.05679950341402856,4.232719502766927,0.917041174954652,10.678666666666668,0.00768760039921639,0.9117353998679719,900,917,1.0,1.018888888888889,0.01888888888888889,0.5234460196292258,0.5513353943824768,0.6592223182956535,0.0814746684916825,10.452543020248413
tie_decay,+20%,1.2,19,20279992,0.39599999999999996,0.3591111111111111,0.24488888888888888,0.6408888888888888,0.6040000000000001,0.5859654217129208,0.41666666666666663,0.6410477253469182,0.08510381207998652,0.9904126292824057,0.10218369006379692,0.5936803602287932,0.5589044976234436,0.4143838393688202,0.05708007448789572,4.233814743359884,0.9146576049047235,10.756888888888891,0.007314318994772133,0.9147021966600078,900,921,1.0,1.0233333333333334,0.023333333333333334,0.5298588490770901,0.5502431392669678,0.6503203362654114,0.08165633154006957,9.805350303649902
external_peer_search_probability,-20%,0.8,0,20260821,0.3988888888888889,0.3573333333333333,0.2437777777777778,0.6426666666666666,0.601111111111111,0.5896659472963546,0.4355555555555556,0.646944295770225,0.08619393023070533,0.9909566759419688,0.1010756847967977,0.5919819038386127,0.5647940158843994,0.43907383203506467,0.05672501551831162,4.458166750907898,0.919680082066568,10.505777777777778,0.008507494483354822,0.9140966130400551,900,917,1.0,1.018888888888889,0.01888888888888889,0.6564885496183206,0.5542529225349426,0.6562101600256506,0.08245867040187504,10.082697629928589
external_peer_search_probability,-20%,0.8,1,20261830,0.41888888888888887,0.3404444444444445,0.24066666666666667,0.6595555555555555,0.5811111111111111,0.6039570041330257,0.47422222222222227,0.6648449932020811,0.0835163838680154,0.9894236466120732,0.0961388656262386,0.596887094935947,0.5781932854652405,0.44056166529655455,0.0566132836747362,4.464429883215162,0.923421508067722,10.593333333333332,0.008999459971872526,0.9122998879002018,900,916,1.0,1.0177777777777777,0.017777777777777778,0.6561135371179039,0.5549401044845581,0.6740425587185916,0.07978039454543606,10.241664409637451
external_peer_search_probability,-20%,0.8,2,20262839,0.39,0.35666666666666663,0.2533333333333333,0.6433333333333334,0.61,0.5762558902825442,0.3871111111111111,0.6277184076184719,0.08648501085039481,0.9881264305519458,0.10193422918022271,0.5936020967522642,0.5527508473396301,0.43654424786567686,0.056436995654872764,4.410039520634545,0.911968212535055,10.389333333333333,0.007088876456437454,0.9130499245571237,900,910,1.0,1.011111111111111,0.011111111111111112,0.6395604395604395,0.5509834885597229,0.6373630437381909,0.08265620145083186,10.178014993667603
external_peer_search_probability,-20%,0.8,3,20263848,0.3871111111111111,0.3568888888888889,0.256,0.6431111111111112,0.6128888888888889,0.5901595748969239,0.4277777777777777,0.6484596389149264,0.07601536542693445,0.9889722686524355,0.09652174142205798,0.5927922663494194,0.5667428088188171,0.43649081349372865,0.056876474239602744,4.443811926047007,0.9211657723318719,10.52888888888889,0.007946348141369021,0.911108109647395,900,918,1.0,1.02,0.02,0.6361655773420479,0.5510573387145996,0.6575828546449184,0.07265197974286397,10.22742748260498
external_peer_search_probability,-20%,0.8,4,20264857,0.3937777777777777,0.3502222222222222,0.256,0.6497777777777778,0.6062222222222222,0.5855723901106763,0.4182222222222222,0.6384550028401821,0.08399105934848443,0.9921186213572996,0.10167714816828952,0.5934813549605471,0.5597437071800232,0.432816801071167,0.05663066418373682,4.387351599640317,0.9091943958295019,10.54888888888889,0.008177823403457822,0.9096506591426546,900,914,1.0,1.0155555555555555,0.015555555555555555,0.6258205689277899,0.5459277629852295,0.6479082742980689,0.08028073564417948,10.17955756187439
external_peer_search_probability,-20%,0.8,5,20265866,0.376,0.37222222222222223,0.25177777777777777,0.6277777777777778,0.624,0.5873568189110996,0.4215555555555555,0.641464800674425,0.08377338550005888,0.9896615783957405,0.09955168982670365,0.5943938221402982,0.5611411166191101,0.43313923478126526,0.05651893234016139,4.381956282138825,0.8994047305040576,10.488444444444445,0.007875823176100163,0.9127811078027241,900,912,1.0,1.0133333333333334,0.013333333333333334,0.606359649122807,0.5463204383850098,0.6508338307990937,0.0800947795949376,9.842648983001709
external_peer_search_probability,-20%,0.8,6,20266875,0.3931111111111111,0.3582222222222222,0.24866666666666667,0.6417777777777778,0.6068888888888889,0.5898460862745043,0.43644444444444447,0.6476350145809653,0.08424258060426101,0.9916348912058613,0.10116791533561406,0.5938018969962521,0.564376745223999,0.43640987277030946,0.05670763500931098,4.429810626665751,0.9189529743414792,10.556,0.007976305141103668,0.9127951084967072,900,915,1.0,1.0166666666666666,0.016666666666666666,0.6524590163934426,0.550755500793457,0.6568762213674286,0.08072735511542595,10.235338926315308
external_peer_search_probability,-20%,0.8,7,20267884,0.3917777777777777,0.3624444444444444,0.2457777777777778,0.6375555555555557,0.6082222222222223,0.5882393700579218,0.4275555555555555,0.6426750509830452,0.08773191517259281,0.9906514251162374,0.10323345433815512,0.5928363955511654,0.5633806133270264,0.43678962349891665,0.05648913718187461,4.416533702585433,0.9079968233106119,10.440888888888889,0.007739692593133887,0.9117290355236258,900,912,1.0,1.0133333333333334,0.013333333333333334,0.6370614035087719,0.5503920912742615,0.651879173666084,0.08408819297632619,10.553274154663086
external_peer_search_probability,-20%,0.8,8,20268893,0.4111111111111111,0.33688888888888885,0.252,0.6631111111111112,0.5888888888888889,0.5894042420831767,0.4268888888888889,0.6451083432409309,0.08466845873673211,0.989751850008833,0.1003451151263482,0.595174144907045,0.5646376538276673,0.4360722851753235,0.056362507759155814,4.399484841664632,0.9256387665198238,10.492,0.00817738188132592,0.9148628309667842,900,908,1.0,1.008888888888889,0.008888888888888889,0.6233480176211453,0.5488340258598328,0.6543707988260505,0.08102963379230443,10.085508346557617
external_peer_search_probability,-20%,0.8,9,20269902,0.4075555555555556,0.33399999999999996,0.2584444444444444,0.6659999999999999,0.5924444444444444,0.5962408543427327,0.45577777777777784,0.6501549732762549,0.07497086099059219,0.9879064238271797,0.09696429624900159,0.5938313350482378,0.5663244724273682,0.43506787657737733,0.056700186219739296,4.415570075617897,0.920297171102082,10.485333333333333,0.007755545966925504,0.9179459094821277,900,916,1.0,1.0177777777777777,0.017777777777777778,0.6222707423580786,0.5498554706573486,0.6593957909624848,0.07172979706953098,10.137725830078125
external_peer_search_probability,-20%,0.8,10,20270911,0.3791111111111111,0.38,0.24088888888888887,0.62,0.6208888888888889,0.5738969401845135,0.37755555555555553,0.6298862149871444,0.07520541833625084,0.9872274963398137,0.10071312582021953,0.5933536277259818,0.5521590065956116,0.43792508721351625,0.05668280571073867,4.443242103947533,0.9170799607715463,10.565777777777777,0.006509627505777602,0.9107116527985564,900,914,1.0,1.0155555555555555,0.015555555555555555,0.649890590809628,0.5546082854270935,0.6393030342125403,0.07198222817458078,10.67963194847107
external_peer_search_probability,-20%,0.8,11,20271920,0.39088888888888884,0.3651111111111111,0.244,0.6348888888888888,0.6091111111111112,0.5953554328384297,0.4464444444444445,0.653124643147352,0.08351352169408437,0.9895382661277303,0.09925353573904644,0.593840573846723,0.5677571702003479,0.4344569897651672,0.05664556176288021,4.405176296552022,0.9146142464595222,10.529777777777776,0.008145728203309749,0.9145940983463717,900,913,1.0,1.0144444444444445,0.014444444444444444,0.628696604600219,0.5484080910682678,0.6623397502794041,0.08000582751402607,10.278336524963379
external_peer_search_probability,-20%,0.8,12,20272929,0.3857777777777778,0.36066666666666664,0.25355555555555553,0.6393333333333334,0.6142222222222222,0.5958381365852765,0.44577777777777766,0.6544544077360175,0.07562921584676056,0.9868158819055418,0.09690024895412011,0.5952525639927755,0.5697895956039428,0.4353057956695557,0.05649906890130354,4.402376815319061,0.9090302891400587,10.624444444444443,0.008210316814378508,0.9129118164526376,900,911,1.0,1.0122222222222221,0.012222222222222223,0.6311745334796927,0.5489266514778137,0.6636084052538566,0.0723876883292367,10.103700160980225
external_peer_search_probability,-20%,0.8,13,20273938,0.3877777777777778,0.3582222222222222,0.254,0.6417777777777778,0.6122222222222222,0.5895311557472401,0.4186666666666666,0.647742674268289,0.07986145972648616,0.9906436758348601,0.09824707342506546,0.5934164523220631,0.5655326175689698,0.43828421711921695,0.056816883923029186,4.457419745551215,0.9153510478187001,10.501777777777779,0.007781916824475071,0.9108957041816724,900,918,1.0,1.02,0.02,0.6579520697167756,0.5540245175361633,0.6570157996783386,0.07642990588467291,10.056820154190063
external_peer_search_probability,-20%,0.8,14,20274947,0.39755555555555555,0.34800000000000003,0.2544444444444444,0.652,0.6024444444444444,0.5926269814295599,0.4402222222222222,0.6535895643079611,0.08050513396485069,0.9903749557969858,0.09726776236290807,0.5946368052602635,0.568655424118042,0.43248273253440855,0.05647423960273122,4.371868914074368,0.9129925882839471,10.414222222222222,0.007792472889093182,0.9153292972771047,900,911,1.0,1.0122222222222221,0.012222222222222223,0.610318331503842,0.544682502746582,0.6626749185944654,0.07722195469871695,9.921583414077759
external_peer_search_probability,-20%,0.8,15,20275956,0.39555555555555555,0.36133333333333334,0.2431111111111111,0.6386666666666667,0.6044444444444445,0.5881170231312218,0.4222222222222222,0.6429348417792997,0.0756632801832726,0.9877521183130905,0.09952009147160794,0.5935931441606974,0.5623172426223755,0.4354707658290863,0.05670763500931098,4.420274265713162,0.9119909097831043,10.514666666666667,0.007076944038524652,0.912616623236513,900,915,1.0,1.0166666666666666,0.016666666666666666,0.6306010928961748,0.5505538582801819,0.6520984610904677,0.07247131435941867,9.913603067398071
external_peer_search_probability,-20%,0.8,16,20276965,0.406,0.35133333333333333,0.24266666666666667,0.6486666666666666,0.594,0.5904298521898653,0.4353333333333333,0.6477803853774446,0.07924745953140266,0.9905101330420583,0.09959511679785503,0.5955351629559079,0.5671935081481934,0.4334438419342041,0.05658845437616387,4.3904677756627395,0.9129458786923401,10.56177777777778,0.00825274972666956,0.9088266606771636,900,912,1.0,1.0133333333333334,0.013333333333333334,0.6348684210526315,0.54668790102005,0.6568515712125864,0.0761500098757033,9.9902925491333
external_peer_search_probability,-20%,0.8,17,20277974,0.3793333333333333,0.3668888888888889,0.25377777777777777,0.6331111111111111,0.6206666666666667,0.581788126803896,0.3922222222222223,0.6368702271513167,0.07531145092347438,0.9876255264210875,0.09823283362801888,0.5937619050866203,0.5587100863456727,0.4330172789096832,0.05670018621973929,4.394783068392012,0.9119815866131091,10.474222222222222,0.006604783450721507,0.9173601563940127,900,915,1.0,1.0166666666666666,0.016666666666666666,0.6295081967213115,0.5481071472167969,0.6461197449379987,0.07201320974127845,9.612260580062866
external_peer_search_probability,-20%,0.8,18,20278983,0.4004444444444444,0.3424444444444445,0.2571111111111111,0.6575555555555554,0.5995555555555555,0.5964095622961141,0.44977777777777783,0.650432578116525,0.08486338309424248,0.9901962764310694,0.09994022460707487,0.5924507972622711,0.568117527961731,0.4360326337814331,0.056983240223463696,4.4475329067442155,0.9204357298474946,10.597777777777779,0.00819967400343173,0.9117353998679719,900,918,1.0,1.02,0.02,0.6514161220043573,0.5513353943824768,0.6597470383557527,0.08123969816148513,9.57417607307434
external_peer_search_probability,-20%,0.8,19,20279992,0.3791111111111111,0.36244444444444457,0.2584444444444445,0.6375555555555554,0.6208888888888889,0.5860016045940609,0.41733333333333333,0.6416749210615715,0.08446861018159961,0.9902239390693347,0.09938932244527318,0.5936629488485692,0.5596519660949707,0.4350782561302185,0.05687647423960273,4.429457966380649,0.9109000687740852,10.540444444444445,0.007882528011114262,0.9147021966600078,900,917,1.0,1.018888888888889,0.01888888888888889,0.6390403489640131,0.5502431392669678,0.6510471682517067,0.08082430698038912,9.650175094604492
external_peer_search_probability,+20%,1.2,0,20260821,0.3997777777777778,0.3584444444444445,0.24177777777777776,0.6415555555555555,0.6002222222222222,0.5895494099472978,0.4302222222222223,0.6474628607554902,0.08524202022354506,0.9895838950841706,0.1007305346965385,0.5940490458271015,0.5643394041061401,0.4379771280288696,0.057176908752327754,4.482508540365431,0.9031167595101175,10.931999999999999,0.008632017245254676,0.9140966130400551,900,922,1.0,1.0244444444444445,0.024444444444444446,0.6550976138828634,0.5542529225349426,0.65669010161241,0.08161824753319769,9.683157920837402
external_peer_search_probability,+20%,1.2,1,20261830,0.396,0.354,0.25,0.6459999999999999,0.604,0.6024065782704746,0.46733333333333327,0.6648216007203557,0.0837196049761539,0.9902745680579644,0.09806124283278753,0.5949222374920631,0.5755028462409973,0.4381401252746582,0.05749720670391062,4.509318320168389,0.909918336630157,10.786222222222223,0.009039734300855104,0.9122998879002018,900,927,1.0,1.03,0.03,0.6429341963322546,0.5549401044845581,0.6738760100296123,0.08021004665439424,9.647964477539062
external_peer_search_probability,+20%,1.2,2,20262839,0.39422222222222225,0.35466666666666663,0.2511111111111111,0.6453333333333333,0.6057777777777777,0.576980348506032,0.3971111111111111,0.6282507539803686,0.08582214028352828,0.9874234631529241,0.1031383187309422,0.5951168555793881,0.5513094925880432,0.4337954163551331,0.05742768466790813,4.459158936924405,0.9115861904218876,10.881333333333334,0.006941786549708896,0.9130499245571237,900,927,1.0,1.03,0.03,0.6202804746494067,0.5509834885597229,0.63792009096209,0.08206891287232132,10.162784814834595
external_peer_search_probability,+20%,1.2,3,20263848,0.41,0.34644444444444455,0.24355555555555555,0.6535555555555556,0.59,0.591206002735432,0.4353333333333334,0.6488843832963515,0.07556229653724458,0.9889460091863151,0.09458734176039461,0.5959330212234751,0.5665866136550903,0.43597891449928283,0.056998137802607075,4.448046958340538,0.9090091271805002,10.755999999999998,0.007988625552599842,0.911108109647395,900,920,1.0,1.0222222222222221,0.022222222222222223,0.6326086956521739,0.5510573387145996,0.6580728229342998,0.0722234894661935,10.103657245635986
external_peer_search_probability,+20%,1.2,4,20264857,0.4008888888888888,0.3526666666666667,0.2464444444444444,0.6473333333333333,0.5991111111111111,0.584841481868004,0.4186666666666667,0.6386007491735299,0.08392053183853335,0.9912664659787545,0.10357068376655483,0.5936059908137395,0.5588439798355103,0.4328316783905029,0.05665549348230913,4.389421997759078,0.912741437555702,10.598666666666668,0.00809043603196541,0.9096506591426546,900,915,1.0,1.0166666666666666,0.016666666666666666,0.6273224043715847,0.5459277629852295,0.6479814304273067,0.08021483012711617,10.367043256759644
external_peer_search_probability,+20%,1.2,5,20265866,0.39355555555555555,0.36577777777777776,0.2406666666666667,0.6342222222222222,0.6064444444444445,0.5843899803226644,0.4148888888888889,0.6405678838074421,0.08380113578364938,0.9906291857790519,0.1005902646519355,0.592360763167323,0.5598880648612976,0.43166001319885255,0.05723153320918684,4.4221170420646665,0.911887201735358,10.79911111111111,0.007468993997810296,0.9127811078027241,900,922,1.0,1.0244444444444445,0.024444444444444446,0.6073752711496746,0.5463204383850098,0.6498332819128853,0.08022726064183527,10.456278085708618
external_peer_search_probability,+20%,1.2,6,20266875,0.39733333333333326,0.35177777777777786,0.2508888888888889,0.6482222222222223,0.6026666666666667,0.5912427666317038,0.43577777777777776,0.6475508863390393,0.08445538586979996,0.9912940745712381,0.10111319077001404,0.5939396908522445,0.5632826089859009,0.4338211119174957,0.057752948479205465,4.484674764050379,0.9005942723425576,10.80888888888889,0.008502077934435377,0.9127951084967072,900,932,1.0,1.0355555555555556,0.035555555555555556,0.6362660944206009,0.550755500793457,0.6568679993267672,0.08096093907214574,10.267780065536499
external_peer_search_probability,+20%,1.2,7,20267884,0.4082222222222222,0.35333333333333333,0.23844444444444446,0.6466666666666666,0.5917777777777777,0.586787926301135,0.42577777777777776,0.6429654516666384,0.08749453183098627,0.9911798532282552,0.10370079629793441,0.5937118142593105,0.5640151214599609,0.4351678538322449,0.05709745499689634,4.447557574801975,0.9116275380603247,10.841777777777777,0.008216480113871095,0.9117290355236258,900,922,1.0,1.0244444444444445,0.024444444444444446,0.6290672451193059,0.5503920912742615,0.652186928284594,0.0838032252020493,10.464576005935669
external_peer_search_probability,+20%,1.2,8,20268893,0.4006666666666667,0.35466666666666663,0.24466666666666664,0.6453333333333333,0.5993333333333333,0.5898429786757693,0.4304444444444445,0.6450800946704258,0.08493090231302666,0.9899745266559838,0.10083306812969617,0.5939544668377477,0.5632910895347595,0.4339073920249939,0.057144630664183745,4.438330157385932,0.9143578200678177,10.748000000000001,0.00834289900364004,0.9148628309667842,900,922,1.0,1.0244444444444445,0.024444444444444446,0.6127982646420824,0.5488340258598328,0.6544869836784072,0.08123866595897344,10.739182233810425
external_peer_search_probability,+20%,1.2,9,20269902,0.3993333333333333,0.3568888888888888,0.2437777777777778,0.6431111111111111,0.6006666666666667,0.5902378737230847,0.4293333333333333,0.6497247382828998,0.07525089008980083,0.9873882676124337,0.09605880640804561,0.5919842424009226,0.5651233577728272,0.4334026098251343,0.057410304158907514,4.453827422036065,0.910907686907687,10.866666666666665,0.007297101682189033,0.9179459094821277,900,925,1.0,1.0277777777777777,0.027777777777777776,0.6151351351351352,0.5498554706573486,0.6587418770608392,0.07206993765439784,10.554890871047974
external_peer_search_probability,+20%,1.2,10,20270911,0.386,0.3593333333333333,0.2546666666666667,0.6406666666666666,0.614,0.5767740802448061,0.3833333333333333,0.6298103455916667,0.075168472305175,0.9866095032299357,0.09961116271491183,0.594870596144078,0.5515268397331238,0.4356679046154022,0.057549348230912484,4.487889544275072,0.904095988993773,10.942666666666664,0.006417567354416625,0.9107116527985564,900,930,1.0,1.0333333333333334,0.03333333333333333,0.6344086021505376,0.5546082854270935,0.6393687715081587,0.07194403833112961,10.774109840393066
external_peer_search_probability,+20%,1.2,11,20271920,0.3955555555555555,0.36933333333333335,0.23511111111111113,0.6306666666666666,0.6044444444444445,0.5934711178694723,0.4404444444444444,0.6530674004826387,0.08321476809543248,0.9891712958773298,0.1014806392563855,0.5937862161802417,0.5670054841041565,0.43298515915870667,0.05722160148975791,4.434874238491059,0.9041359531096751,10.846666666666668,0.00841608902130586,0.9145940983463717,900,923,1.0,1.0255555555555556,0.025555555555555557,0.6229685807150596,0.5484080910682678,0.6621985330847082,0.07984495820216608,10.261000156402588
external_peer_search_probability,+20%,1.2,12,20272929,0.4077777777777778,0.34355555555555556,0.24866666666666667,0.6564444444444445,0.5922222222222222,0.5947392228413777,0.4366666666666667,0.6540779916630819,0.07581549703664299,0.986979070756875,0.09638388606170402,0.5949090764961835,0.5695659494400025,0.4342073106765747,0.05718932340161391,4.444778755293951,0.9100637912196009,10.923111111111112,0.00825598519367542,0.9129118164526376,900,926,1.0,1.028888888888889,0.028888888888888888,0.6252699784017278,0.5489266514778137,0.6631172673804806,0.07249768831778991,10.342612266540527
external_peer_search_probability,+20%,1.2,13,20273938,0.39844444444444443,0.3571111111111111,0.24444444444444444,0.642888888888889,0.6015555555555555,0.5898893096051432,0.43177777777777776,0.6475120960590245,0.07999976112714884,0.9916059254885867,0.09861412180466715,0.5951098355302136,0.5640131688117981,0.43697609901428225,0.05734078212290503,4.485104434543186,0.9111897492179183,10.77288888888889,0.007955593816905504,0.9108957041816724,900,924,1.0,1.0266666666666666,0.02666666666666667,0.6515151515151515,0.5540245175361633,0.6568421293792254,0.07655431656659362,10.392134189605713
external_peer_search_probability,+20%,1.2,14,20274947,0.3804444444444444,0.3515555555555555,0.268,0.6484444444444445,0.6195555555555555,0.5947442574364866,0.44866666666666666,0.6536805839809334,0.08026358340831206,0.9883789947916886,0.09741489869810988,0.5938535956288985,0.5674483633041382,0.43125981092453003,0.05689137181874613,4.3917301128175525,0.9080413539155443,10.815111111111111,0.007339458090754595,0.9153292972771047,900,917,1.0,1.018888888888889,0.01888888888888889,0.608505997818975,0.544682502746582,0.662779102799937,0.07688649323275865,10.6129732131958
external_peer_search_probability,+20%,1.2,15,20275956,0.39799999999999996,0.34488888888888886,0.25711111111111107,0.6551111111111111,0.602,0.5889267394343036,0.4244444444444444,0.6431072895155535,0.07548284528543485,0.9875406365154678,0.09744886714788357,0.5924419673402591,0.5623502802848815,0.4344246780872345,0.05718435754189945,4.446725426355997,0.915979448912124,10.769777777777776,0.007176777753218783,0.912616623236513,900,923,1.0,1.0255555555555556,0.025555555555555557,0.6316359696641387,0.5505538582801819,0.652298874826654,0.0722476492650499,11.030971050262451
external_peer_search_probability,+20%,1.2,16,20276965,0.4146666666666667,0.34555555555555556,0.23977777777777778,0.6544444444444444,0.5853333333333333,0.5900276362230985,0.4266666666666666,0.6477321125175517,0.07894632527390721,0.989574416286886,0.09824058431710693,0.5936945720811674,0.5659578037261963,0.4330374729633331,0.05681936685288641,4.404220062732697,0.9091467634264505,10.768888888888888,0.008078097261915877,0.9088266606771636,900,918,1.0,1.02,0.02,0.6394335511982571,0.54668790102005,0.6568257804382902,0.07578696624636705,10.39530086517334
external_peer_search_probability,+20%,1.2,17,20277974,0.38133333333333325,0.37333333333333335,0.24533333333333332,0.6266666666666666,0.6186666666666667,0.5826350114907949,0.4091111111111111,0.6368915663447489,0.07554942982161579,0.9889378744241637,0.09896753247704634,0.5949123711238813,0.5576389336585998,0.4320421659946442,0.05704531346989448,4.411630561881595,0.9191730141458108,10.804444444444446,0.0065773121059433445,0.9173601563940127,900,919,1.0,1.021111111111111,0.021111111111111112,0.6311207834602829,0.5481071472167969,0.6461478404300023,0.07207834153805148,9.91152024269104
external_peer_search_probability,+20%,1.2,18,20278983,0.3855555555555555,0.3595555555555556,0.2548888888888889,0.6404444444444444,0.6144444444444445,0.5922855145996067,0.43333333333333335,0.6498792730601131,0.08500806334802047,0.9901952226100942,0.10168465375342722,0.59522919754568,0.5663637900352478,0.4348237383365631,0.05749968963376784,4.475377634631263,0.9088465311124624,10.859111111111112,0.007920651008229964,0.9117353998679719,900,927,1.0,1.03,0.03,0.6364617044228694,0.5513353943824768,0.6592311921875212,0.0813417223470092,9.775834321975708
external_peer_search_probability,+20%,1.2,19,20279992,0.4,0.35600000000000004,0.24400000000000002,0.6439999999999999,0.6,0.5831096294880116,0.4024444444444444,0.6410992045723474,0.08513990420823633,0.9914247476087225,0.10214541204526163,0.5937810860070354,0.559241247177124,0.4338380432128906,0.05753196772191185,4.467722006214989,0.9167889759311387,10.86711111111111,0.008350596984406948,0.9147021966600078,900,928,1.0,1.031111111111111,0.03111111111111111,0.6336206896551724,0.5502431392669678,0.6504342005539218,0.08160511861167619,10.149823427200317
hybrid_coordination_burden,-20%,0.8,0,20260821,0.40555555555555556,0.34577777777777774,0.24866666666666667,0.6542222222222221,0.5944444444444444,0.5932080054352287,0.4437777777777778,0.6471830086585577,0.08589713520040189,0.9901207210078812,0.10060565059896198,0.5958723946092809,0.5649898266792297,0.43874518752098085,0.057030415890751085,4.47882769118415,0.9127537868137917,10.64311111111111,0.008369822224633706,0.9140966130400551,900,920,1.0,1.0222222222222221,0.022222222222222223,0.6565217391304348,0.5542529225349426,0.6565067440969021,0.08212675530326452,9.77476954460144
hybrid_coordination_burden,-20%,0.8,1,20261830,0.43222222222222223,0.33266666666666667,0.2351111111111111,0.6673333333333333,0.5677777777777778,0.6048126607916291,0.4657777777777777,0.6646584220658392,0.08379796267978268,0.9895340962671022,0.09769427424940863,0.5936854264923206,0.5775039148330688,0.4399502468109131,0.0569286157666046,4.483141862869263,0.9138979038065659,10.712888888888887,0.009334543912515815,0.9122998879002018,900,919,1.0,1.021111111111111,0.021111111111111112,0.6507072905331882,0.5549401044845581,0.6738283328237764,0.08007828073791834,9.791177749633789
hybrid_coordination_burden,-20%,0.8,2,20262839,0.3844444444444445,0.36822222222222223,0.24733333333333335,0.6317777777777778,0.6155555555555555,0.577033435581338,0.39533333333333326,0.628027158111308,0.0863186603951053,0.9878641687044936,0.10226311973147933,0.5939529108058763,0.5514389896392822,0.4350252962112427,0.05706765983860957,4.443775055673387,0.8962751833996123,10.707555555555553,0.007840403370096888,0.9130499245571237,900,921,1.0,1.0233333333333334,0.023333333333333334,0.6308360477741585,0.5509834885597229,0.6376581633958253,0.08251656357312487,9.739928722381592
hybrid_coordination_burden,-20%,0.8,3,20263848,0.40511111111111114,0.33844444444444444,0.2564444444444445,0.6615555555555556,0.5948888888888888,0.5893632279602383,0.41511111111111104,0.6481053260570395,0.07630846905052682,0.9894694562667904,0.09810733629144817,0.5937758633413553,0.5660862827301025,0.43655762791633607,0.05671260086902546,4.4317103939056395,0.9180400042896661,10.624,0.00861424657046322,0.911108109647395,900,914,1.0,1.0155555555555555,0.015555555555555555,0.6356673960612691,0.5510573387145996,0.6572413700978458,0.07302937785515984,9.714910745620728
hybrid_coordination_burden,-20%,0.8,4,20264857,0.398,0.33888888888888885,0.2631111111111111,0.661111111111111,0.602,0.5861380942069244,0.4175555555555555,0.6387263833221016,0.08370796380542915,0.9912775640502792,0.10105716198732942,0.5938830352554186,0.5595316982269287,0.43231597304344177,0.05689137181874613,4.402477550665537,0.915680092484998,10.637777777777778,0.008761163759778685,0.9096506591426546,900,917,1.0,1.018888888888889,0.01888888888888889,0.6205016357688113,0.5459277629852295,0.6481510479016446,0.07993103908582677,9.703429937362671
hybrid_coordination_burden,-20%,0.8,5,20265866,0.39488888888888884,0.36133333333333334,0.24377777777777773,0.6386666666666667,0.6051111111111112,0.5863798521311983,0.4246666666666667,0.6411774753302473,0.08326764610622014,0.9908330203569529,0.099716961370662,0.5938690895888619,0.5616369366645813,0.4330739140510559,0.05681440099317195,4.404166523138683,0.9174930590227807,10.637777777777778,0.008904136198359034,0.9127811078027241,900,917,1.0,1.018888888888889,0.01888888888888889,0.608505997818975,0.5463204383850098,0.6505301234592936,0.07960740798933741,9.812714338302612
hybrid_coordination_burden,-20%,0.8,6,20266875,0.3928888888888889,0.3484444444444445,0.25866666666666666,0.6515555555555556,0.6071111111111112,0.5918980578445955,0.4346666666666666,0.6478750650601747,0.08412395125726269,0.9914695599187702,0.1015350198959793,0.5919580260321036,0.5648810148239136,0.4357190680503845,0.05704531346989448,4.449175846894582,0.905810663764962,10.717333333333334,0.008951662766657424,0.9127951084967072,900,919,1.0,1.021111111111111,0.021111111111111112,0.6496191512513602,0.550755500793457,0.6571594351409333,0.08061490732712873,9.977272033691406
hybrid_coordination_burden,-20%,0.8,7,20267884,0.38955555555555554,0.3502222222222222,0.26022222222222224,0.6497777777777778,0.6104444444444445,0.5871894212511499,0.42399999999999993,0.6429667699840337,0.08753800132161894,0.9902363352791326,0.10391848785562663,0.5943751596530147,0.5629183435440064,0.43618964076042177,0.056767225325884546,4.4322400749524435,0.91588754645263,10.586222222222222,0.009115371115377168,0.9117290355236258,900,916,1.0,1.0177777777777777,0.017777777777777778,0.6342794759825328,0.5503920912742615,0.6522843798026663,0.08388739960131275,9.634549379348755
hybrid_coordination_burden,-20%,0.8,8,20268893,0.3988888888888889,0.352,0.24911111111111112,0.648,0.6011111111111112,0.5890687771413864,0.43422222222222223,0.6446700857015304,0.08522469983458442,0.9893963715320885,0.10155394635126562,0.5902467501200109,0.5641833162307739,0.43553141355514524,0.05662569832402235,4.414528544267018,0.9183998674122327,10.704,0.008806650055501927,0.9148628309667842,900,913,1.0,1.0144444444444445,0.014444444444444444,0.6221248630887185,0.5488340258598328,0.6539419377483036,0.08156705054677049,10.204852104187012
hybrid_coordination_burden,-20%,0.8,9,20269902,0.38888888888888895,0.36244444444444446,0.24866666666666667,0.6375555555555555,0.611111111111111,0.5919942576615586,0.43799999999999994,0.6499798445429882,0.0752350680123894,0.9885784644728818,0.09764803810739334,0.5932321475860212,0.5657229781150818,0.4355619299411774,0.056672873991309755,4.418442788918813,0.9091474400274475,10.568444444444445,0.00829920989581986,0.9179459094821277,900,916,1.0,1.0177777777777777,0.017777777777777778,0.618995633187773,0.5498554706573486,0.6591577034986433,0.0720026990189313,10.217624187469482
hybrid_coordination_burden,-20%,0.8,10,20270911,0.39422222222222225,0.3475555555555555,0.25822222222222224,0.6524444444444444,0.6057777777777777,0.5793900714116651,0.4022222222222222,0.6302896800990859,0.07498552498469732,0.9870805135953148,0.09965903761840554,0.5927260128626888,0.5534899663925171,0.43782065391540526,0.05694847920546245,4.46297419224845,0.9172023499368234,10.828000000000001,0.007042729468466656,0.9107116527985564,900,919,1.0,1.021111111111111,0.021111111111111112,0.6452665941240479,0.5546082854270935,0.6397000908998111,0.07182453041521253,10.2725830078125
hybrid_coordination_burden,-20%,0.8,11,20271920,0.3944444444444445,0.3482222222222222,0.25733333333333336,0.6517777777777778,0.6055555555555556,0.5940342626687773,0.44400000000000006,0.6527689515201849,0.08332809533479109,0.9887591104501118,0.10089043446096944,0.5942584374866396,0.5671111512184143,0.4330153691768646,0.057355679702048426,4.445624435954624,0.9088311688311687,10.725777777777775,0.008732066407648731,0.9145940983463717,900,924,1.0,1.0266666666666666,0.02666666666666667,0.6201298701298701,0.5484080910682678,0.661980043612642,0.07977032849337817,11.219924211502075
hybrid_coordination_burden,-20%,0.8,12,20272929,0.39866666666666667,0.3491111111111111,0.2522222222222222,0.6508888888888889,0.6013333333333333,0.5960395042096327,0.4455555555555556,0.6542240979404096,0.0762704607777854,0.9866741859356511,0.09680509754815368,0.5951633338045883,0.5695084857940674,0.4344023048877716,0.05728615766604594,4.45439161962933,0.9018737846126672,10.59822222222222,0.008620016368162522,0.9129118164526376,900,925,1.0,1.0277777777777777,0.027777777777777776,0.6227027027027027,0.5489266514778137,0.6633598735928192,0.07305331710538776,10.332587957382202
hybrid_coordination_burden,-20%,0.8,13,20273938,0.3922222222222222,0.3582222222222222,0.24955555555555553,0.6417777777777778,0.6077777777777778,0.5903098333843887,0.4193333333333334,0.6479424881296222,0.08018582502692885,0.9910705387601323,0.09713225298879735,0.5924715079158719,0.5662872171401978,0.43872667908668517,0.05687895716945996,4.466791071520912,0.919372487175542,10.736,0.008467034140105427,0.9108957041816724,900,917,1.0,1.018888888888889,0.01888888888888889,0.6684841875681571,0.5540245175361633,0.657212822978863,0.0766424558802441,10.283465147018433
hybrid_coordination_burden,-20%,0.8,14,20274947,0.4013333333333333,0.3495555555555555,0.24911111111111112,0.6504444444444444,0.5986666666666667,0.5934842000345479,0.4382222222222223,0.6536788801233524,0.07991847959284666,0.9901203216838647,0.09738719249782087,0.5929408565920312,0.5673240375518799,0.4313314318656921,0.05699813780260708,4.400690925969018,0.9164531507789367,10.567555555555554,0.00908683692621811,0.9153292972771047,900,919,1.0,1.021111111111111,0.021111111111111112,0.6137105549510338,0.544682502746582,0.6628185351884488,0.07659054651991282,10.209976196289062
hybrid_coordination_burden,-20%,0.8,15,20275956,0.38977777777777783,0.3544444444444445,0.25577777777777777,0.6455555555555555,0.6102222222222222,0.5890850619266481,0.42977777777777776,0.6427767766100227,0.0761891282368234,0.9869560763751504,0.099262025158685,0.5920233530412456,0.5619818902015686,0.4344338083267212,0.05729360645561763,4.455360072241889,0.9117659804983748,10.876444444444447,0.007334536946117172,0.912616623236513,900,923,1.0,1.0255555555555556,0.025555555555555557,0.6327193932827736,0.5505538582801819,0.6519900927688559,0.07296681879994216,10.387652158737183
hybrid_coordination_burden,-20%,0.8,16,20276965,0.41155555555555556,0.35533333333333333,0.2331111111111111,0.6446666666666665,0.5884444444444444,0.5923207853168949,0.444,0.647389326296781,0.07919857065322682,0.989929618058452,0.09782805809978909,0.5949024263462911,0.5658524751663208,0.43166993737220766,0.05745003103662323,4.439033293618096,0.90928457978175,10.7,0.00803289737838086,0.9088266606771636,900,927,1.0,1.03,0.03,0.627831715210356,0.54668790102005,0.6564044748068119,0.07598863145708479,10.33536696434021
hybrid_coordination_burden,-20%,0.8,17,20277974,0.38355555555555554,0.36733333333333335,0.24911111111111112,0.6326666666666667,0.6164444444444445,0.5812867922153321,0.39622222222222225,0.6369132329477233,0.07483631032528396,0.9862631641698067,0.0970891927853608,0.5932154029353408,0.5585066723823547,0.43342171907424926,0.056667908131595286,4.396354768276215,0.9219241839953106,10.698666666666668,0.007492083122659931,0.9173601563940127,900,915,1.0,1.0166666666666666,0.016666666666666666,0.6382513661202186,0.5481071472167969,0.6461613838157502,0.07148370008170857,10.640969514846802
hybrid_coordination_burden,-20%,0.8,18,20278983,0.38977777777777783,0.3528888888888889,0.2573333333333333,0.6471111111111111,0.6102222222222222,0.5923954011039912,0.4368888888888889,0.6502546036962549,0.08504084584877067,0.9901773021775897,0.10042631043082664,0.5912505949862105,0.5675715112686157,0.4366728162765503,0.05688888888888889,4.446650098853641,0.9088680615140983,10.582666666666666,0.008905627927523889,0.9117353998679719,900,917,1.0,1.018888888888889,0.01888888888888889,0.648854961832061,0.5513353943824768,0.6594963184685076,0.08141352936375545,10.36281156539917
hybrid_coordination_burden,-20%,0.8,19,20279992,0.3906666666666666,0.34577777777777774,0.26355555555555554,0.6542222222222221,0.6093333333333334,0.5861361636342847,0.41600000000000004,0.641652493628614,0.08476501555154389,0.9903340920365717,0.10039921818779525,0.5930573642228797,0.5610589694976806,0.43522256731986997,0.05707759155803848,4.446585543049706,0.9206520000292727,10.723999999999998,0.008469728662834353,0.9147021966600078,900,920,1.0,1.0222222222222221,0.022222222222222223,0.6380434782608696,0.5502431392669678,0.6509601426092061,0.08111764503284857,10.257938623428345
hybrid_coordination_burden,+20%,1.2,0,20260821,0.4006666666666667,0.35800000000000004,0.24133333333333332,0.642,0.5993333333333333,0.5907860200617459,0.42933333333333334,0.6470461064152775,0.08572063423827046,0.99047493908092,0.09958878756130299,0.5940115670025431,0.564965763092041,0.43899696350097656,0.05658845437616389,4.446679868486193,0.9122427347815001,10.630222222222221,0.008495350565605733,0.9140966130400551,900,913,1.0,1.0144444444444445,0.014444444444444444,0.6593647316538883,0.5542529225349426,0.6564859034628991,0.08184742322537608,10.257229328155518
hybrid_coordination_burden,+20%,1.2,1,20261830,0.40577777777777774,0.3462222222222222,0.248,0.6537777777777778,0.5942222222222222,0.6033435542835361,0.4746666666666666,0.6647269625689934,0.0838082045391448,0.9896699795950668,0.09742968633266277,0.5919342127117875,0.5779883289337158,0.4404454553127289,0.056630664183736815,4.464701720873515,0.9210849149020328,10.540444444444445,0.008570956428739184,0.9122998879002018,900,913,1.0,1.0144444444444445,0.014444444444444444,0.6571741511500547,0.5549401044845581,0.6738699775783358,0.08028226858065102,10.277406692504883
hybrid_coordination_burden,+20%,1.2,2,20262839,0.4033333333333334,0.36044444444444446,0.23622222222222222,0.6395555555555555,0.5966666666666667,0.5771553164841001,0.3997777777777778,0.6276655687674975,0.08693090356122159,0.9874385981193978,0.10213496528857516,0.5930640004638359,0.5517669725418091,0.4352827560901642,0.056834264432029796,4.4282526309755115,0.9019227336721788,10.666666666666664,0.007462719432643771,0.9130499245571237,900,916,1.0,1.0177777777777777,0.017777777777777778,0.6331877729257642,0.5509834885597229,0.6373294853113768,0.0831056452083736,9.989304542541504
hybrid_coordination_burden,+20%,1.2,3,20263848,0.40644444444444444,0.3513333333333334,0.24222222222222226,0.6486666666666666,0.5935555555555555,0.5934986703517966,0.4451111111111111,0.6484628640706286,0.07559123452573757,0.9883783356474849,0.09568009576355013,0.5945272844100843,0.5652364540100098,0.435114871263504,0.056975791433892004,4.437528198507097,0.9102691214895561,10.827555555555557,0.007039022136554481,0.911108109647395,900,919,1.0,1.021111111111111,0.021111111111111112,0.6300326441784548,0.5510573387145996,0.6576023487126347,0.07224945630945911,10.451882600784302
hybrid_coordination_burden,+20%,1.2,4,20264857,0.39355555555555555,0.36777777777777776,0.23866666666666667,0.6322222222222222,0.6064444444444445,0.5817527499515647,0.39888888888888885,0.6381848862742212,0.0837889787373707,0.9910459206402318,0.10276282278932132,0.5950186062069307,0.5584129095077515,0.4315613782405853,0.05699068901303539,4.402439073562622,0.9074143115107194,10.463555555555557,0.007349562180300887,0.9096506591426546,900,921,1.0,1.0233333333333334,0.023333333333333334,0.6112920738327905,0.5459277629852295,0.6476116081415693,0.08002884925477338,10.151114702224731
hybrid_coordination_burden,+20%,1.2,5,20265866,0.4022222222222222,0.36,0.23777777777777778,0.64,0.5977777777777777,0.586046980674692,0.4284444444444444,0.6413823220227236,0.08336021747462082,0.9901545500364449,0.10103338564361572,0.5939765555656065,0.560239064693451,0.43041841745376586,0.05734326505276226,4.417980953534444,0.9101944631280857,10.840888888888887,0.007000678011741019,0.9127811078027241,900,925,1.0,1.0277777777777777,0.027777777777777776,0.6032432432432432,0.5463204383850098,0.6506734081355273,0.07969812441638924,11.18609619140625
hybrid_coordination_burden,+20%,1.2,6,20266875,0.3960000000000001,0.35355555555555557,0.25044444444444447,0.6464444444444445,0.6039999999999999,0.5896445791064431,0.43044444444444446,0.6473827147115542,0.08411604927628105,0.9920840027840343,0.10142662240000291,0.5933308052123006,0.5640740346908569,0.4347090268135071,0.057238981998758535,4.453872230264875,0.9087260662093632,10.713777777777777,0.007516854243231279,0.9127951084967072,900,924,1.0,1.0266666666666666,0.02666666666666667,0.6352813852813853,0.550755500793457,0.6566013755507922,0.08069631744560324,10.007594585418701
hybrid_coordination_burden,+20%,1.2,7,20267884,0.4071111111111111,0.3437777777777778,0.24911111111111112,0.6562222222222222,0.592888888888889,0.5868546848653106,0.4175555555555556,0.6428869519826058,0.08758120450073978,0.9906906080241725,0.10349246608430733,0.5942871790815911,0.5638277983665466,0.4349446058273315,0.05698572315332093,4.436610587014092,0.9117692888576001,10.593333333333332,0.007478353886078532,0.9117290355236258,900,919,1.0,1.021111111111111,0.021111111111111112,0.6300326441784548,0.5503920912742615,0.6521758910957292,0.08393491772571449,9.830296277999878
hybrid_coordination_burden,+20%,1.2,8,20268893,0.39799999999999996,0.3548888888888889,0.24711111111111111,0.6451111111111111,0.602,0.5899251956537507,0.4337777777777778,0.645007133634669,0.08489964964567527,0.9890272439623287,0.10159327242694674,0.5917139113496226,0.5636403131484985,0.4339882779121399,0.05700062073246431,4.4279342728720765,0.9100910801945681,10.622222222222222,0.008048837242488277,0.9148628309667842,900,920,1.0,1.0222222222222221,0.022222222222222223,0.6141304347826086,0.5488340258598328,0.6543949134768763,0.08122886818504238,9.591705560684204
hybrid_coordination_burden,+20%,1.2,9,20269902,0.39266666666666666,0.36311111111111116,0.2442222222222222,0.6368888888888888,0.6073333333333334,0.5922963689598671,0.433111111111111,0.6504752496072451,0.07507085649813336,0.9877307031354994,0.09660153513553336,0.5949260343872318,0.5660359168052673,0.43399831771850583,0.05708504034761019,4.434643892765045,0.9139218124167272,10.847555555555555,0.0068478095845638624,0.9179459094821277,900,922,1.0,1.0244444444444445,0.024444444444444446,0.6160520607375272,0.5498554706573486,0.6596971266487384,0.07173949471388363,10.2031569480896
hybrid_coordination_burden,+20%,1.2,10,20270911,0.3871111111111111,0.37222222222222223,0.24066666666666667,0.6277777777777778,0.6128888888888889,0.5760165959026051,0.39622222222222225,0.6295290178583365,0.07534367493752663,0.9874167059790346,0.0999472443089851,0.5932616876444028,0.5514719367027283,0.43736377596855164,0.0566852886405959,4.437766245947944,0.9040744125248575,10.756888888888886,0.005489940302070595,0.9107116527985564,900,915,1.0,1.0166666666666666,0.016666666666666666,0.6437158469945355,0.5546082854270935,0.6389587320587299,0.0722333510598181,10.326250553131104
hybrid_coordination_burden,+20%,1.2,11,20271920,0.4168888888888889,0.35,0.2331111111111111,0.65,0.5831111111111111,0.5927897051005526,0.4357777777777778,0.6528884203822932,0.08388658263844548,0.9891708382073259,0.10053810373509975,0.5942262308054275,0.5681743645668029,0.4350465488433838,0.056526381129733086,4.401854989263747,0.9127573816115904,10.510666666666665,0.008121063489694151,0.9145940983463717,900,912,1.0,1.0133333333333334,0.013333333333333334,0.6337719298245614,0.5484080910682678,0.6620565343874485,0.08035712280631802,10.327266216278076
hybrid_coordination_burden,+20%,1.2,12,20272929,0.3906666666666666,0.3662222222222222,0.2431111111111111,0.6337777777777777,0.6093333333333334,0.5954320304099114,0.4353333333333333,0.6542586660917528,0.07576470521327341,0.987036227030555,0.09606372974830363,0.5950169610932501,0.5688399386405945,0.4334710466861725,0.05725387957790193,4.442323547734154,0.9075432029475187,10.566666666666668,0.007248588697924722,0.9129118164526376,900,924,1.0,1.0266666666666666,0.02666666666666667,0.6266233766233766,0.5489266514778137,0.66321329982245,0.07252468008696855,10.320616245269775
hybrid_coordination_burden,+20%,1.2,13,20273938,0.39866666666666667,0.35422222222222216,0.24711111111111111,0.6457777777777778,0.6013333333333333,0.5900426098911438,0.4315555555555556,0.6476032019762265,0.08056082899523734,0.990684719148691,0.09918806954686797,0.5928735880764828,0.5659818315505981,0.43855268955230714,0.056630664183736815,4.445515091578165,0.9203388649530342,10.787111111111113,0.0073248402841052,0.9108957041816724,900,913,1.0,1.0144444444444445,0.014444444444444444,0.6549835706462213,0.5540245175361633,0.6568470641846296,0.07710974811915716,10.224467515945435
hybrid_coordination_burden,+20%,1.2,14,20274947,0.39266666666666666,0.35644444444444445,0.2508888888888889,0.6435555555555555,0.6073333333333334,0.5932681204292825,0.44666666666666666,0.6532016616907039,0.08045889895780622,0.989873450809442,0.09908661326264458,0.5913069644960872,0.566873083114624,0.43062278628349304,0.057005586592178775,4.393947928322686,0.9122312254119933,10.697333333333333,0.007902800956749207,0.9153292972771047,900,922,1.0,1.0244444444444445,0.024444444444444446,0.5943600867678959,0.544682502746582,0.6623026724582243,0.07713096834179756,10.388639688491821
hybrid_coordination_burden,+20%,1.2,15,20275956,0.40488888888888896,0.352,0.2431111111111111,0.648,0.595111111111111,0.5867193691788174,0.41511111111111115,0.6431358609270044,0.0753883897654013,0.9874821290302579,0.0994364867060016,0.5951799547733528,0.5631542158126831,0.43532983064651487,0.056774674115456246,4.424076414638095,0.9115285233808592,10.584444444444443,0.006814913845238053,0.912616623236513,900,916,1.0,1.0177777777777777,0.017777777777777778,0.631004366812227,0.5505538582801819,0.6522923163575154,0.07222479230376244,10.634845972061157
hybrid_coordination_burden,+20%,1.2,16,20276965,0.39444444444444443,0.35711111111111116,0.24844444444444444,0.642888888888889,0.6055555555555556,0.5906239228772211,0.43200000000000005,0.6475590580691933,0.07902794501158503,0.9899133522476324,0.09930608755376841,0.5960240168294353,0.5668531727790832,0.43295533657073976,0.05661080074487896,4.387280775705974,0.9018859649122807,10.657777777777776,0.007546252817856485,0.9088266606771636,900,912,1.0,1.0133333333333334,0.013333333333333334,0.6326754385964912,0.54668790102005,0.6566197119335642,0.07587084704343794,10.226663589477539
hybrid_coordination_burden,+20%,1.2,17,20277974,0.37200000000000005,0.3824444444444445,0.24555555555555553,0.6175555555555555,0.628,0.5824022975646407,0.40977777777777774,0.637297584550167,0.07505071912757705,0.9865746610203261,0.09928272577242157,0.593069023723944,0.5580210280418396,0.43176712274551393,0.056983240223463696,4.4039806738959415,0.8946775134533348,10.702666666666664,0.005856360157414627,0.9173601563940127,900,919,1.0,1.021111111111111,0.021111111111111112,0.6202393906420022,0.5481071472167969,0.6465971623171219,0.07162856290275466,10.211961030960083
hybrid_coordination_burden,+20%,1.2,18,20278983,0.4024444444444445,0.35577777777777775,0.24177777777777776,0.6442222222222221,0.5975555555555555,0.5925459471497617,0.4457777777777778,0.6503571488340184,0.08494789395208194,0.9891487150592043,0.09980437985201553,0.5948036162484225,0.5674911594390869,0.4373232853412628,0.05627063935443824,4.404875976138644,0.9163386080309008,10.568888888888887,0.007374281491975571,0.9117353998679719,900,908,1.0,1.008888888888889,0.008888888888888889,0.6563876651982379,0.5513353943824768,0.6595973745295658,0.08127142809166776,10.222407341003418
hybrid_coordination_burden,+20%,1.2,19,20279992,0.3937777777777778,0.36800000000000005,0.23822222222222222,0.632,0.6062222222222222,0.5869948342169273,0.4173333333333333,0.6413583433810026,0.08505670097768867,0.9911010914969236,0.10136634201208646,0.5937724091286589,0.5591962242126465,0.4344900107383728,0.0569211669770329,4.426970401446025,0.9020283533260631,10.634666666666668,0.007610660895912983,0.9147021966600078,900,917,1.0,1.018888888888889,0.01888888888888889,0.6401308615049073,0.5502431392669678,0.6507691337961647,0.08144899571941178,10.318729400634766
task_similarity_temperature,-20%,0.8,0,20260821,0.39799999999999996,0.35088888888888886,0.2511111111111111,0.6491111111111111,0.602,0.593341919162904,0.4462222222222222,0.6473346998263295,0.08557475081680974,0.9906651875698546,0.09953891469090542,0.5934117616732452,0.5645152020454407,0.43893589854240417,0.05684916201117319,4.466534043047163,0.9109307654029922,10.694222222222223,0.008824581733827067,0.9140966130400551,900,917,1.0,1.018888888888889,0.01888888888888889,0.653217011995638,0.5542529225349426,0.6567717308928764,0.08169391360823686,11.16277265548706
task_similarity_temperature,-20%,0.8,1,20261830,0.3962222222222222,0.34600000000000003,0.2577777777777778,0.654,0.6037777777777777,0.603757992974477,0.4782222222222222,0.6644874144667906,0.08384005996817746,0.9900895952782842,0.09864118633340908,0.593620076561314,0.5769278049468994,0.4393314719200134,0.05718435754189945,4.496886425760057,0.9224534429075095,10.677777777777779,0.009004984186097771,0.9122998879002018,900,924,1.0,1.0266666666666666,0.02666666666666667,0.6515151515151515,0.5549401044845581,0.6736451633194964,0.08018484575999585,10.341996431350708
task_similarity_temperature,-20%,0.8,2,20262839,0.3684444444444444,0.384,0.24755555555555553,0.616,0.6315555555555555,0.5762950647441557,0.38822222222222225,0.62765236122827,0.08628108877215972,0.9881225450395348,0.10261042940436321,0.5915652304572551,0.5515684223175049,0.4353907883167267,0.05682184978274364,4.428353414005703,0.8902245926687224,10.623555555555557,0.007691799768931589,0.9130499245571237,900,917,1.0,1.018888888888889,0.01888888888888889,0.6324972737186477,0.5509834885597229,0.6373058948907263,0.08237305232794934,10.207401990890503
task_similarity_temperature,-20%,0.8,3,20263848,0.4053333333333333,0.3528888888888889,0.24177777777777776,0.6471111111111111,0.5946666666666667,0.590430300599846,0.4355555555555556,0.6482163445956927,0.07634278826942714,0.9889729806204034,0.09641939273220024,0.5935083952201884,0.5664259600639343,0.4364679682254791,0.056715083798882675,4.430964618311989,0.9200178895267537,10.629333333333333,0.008439368379283711,0.911108109647395,900,915,1.0,1.0166666666666666,0.016666666666666666,0.6415300546448087,0.5510573387145996,0.6574287218609706,0.07303923012939562,9.723416090011597
task_similarity_temperature,-20%,0.8,4,20264857,0.39844444444444443,0.352,0.24955555555555556,0.648,0.6015555555555556,0.5860577695585163,0.41733333333333333,0.6381666846039014,0.083826949132272,0.9913967210143418,0.09999058932150719,0.5934219896909162,0.5583560204505921,0.4319912850856781,0.05685412787088765,4.3963200800153945,0.9078959123774072,10.679111111111112,0.008413474989196607,0.9096506591426546,900,916,1.0,1.0177777777777777,0.017777777777777778,0.6168122270742358,0.5459277629852295,0.6476896428567968,0.07999278379714081,9.758039951324463
task_similarity_temperature,-20%,0.8,5,20265866,0.3853333333333333,0.35822222222222216,0.2564444444444445,0.6417777777777778,0.6146666666666667,0.5854093151799664,0.42066666666666663,0.6408278892363155,0.08378887287514494,0.9907085780685873,0.10071111481809729,0.5935219336468033,0.5607948637008667,0.43121075749397275,0.05733581626319057,4.425542337735494,0.9110491855562279,10.673333333333332,0.007447061168656792,0.9127811078027241,900,924,1.0,1.0266666666666666,0.02666666666666667,0.6147186147186147,0.5463204383850098,0.6500981769017341,0.08013947906965702,10.000209093093872
task_similarity_temperature,-20%,0.8,6,20266875,0.39355555555555555,0.35355555555555546,0.2528888888888889,0.6464444444444445,0.6064444444444445,0.5910181230922756,0.4295555555555556,0.6480803783349236,0.0840645074346563,0.9909860279589874,0.10246796520116763,0.5948691210845122,0.5634423661231994,0.4355435609817505,0.05719428926132838,4.458875045935312,0.9065119324508344,10.731555555555554,0.008497985593857043,0.9127951084967072,900,924,1.0,1.0266666666666666,0.02666666666666667,0.6471861471861472,0.550755500793457,0.6573878436400338,0.08055578024429444,10.154764413833618
task_similarity_temperature,-20%,0.8,7,20267884,0.4186666666666667,0.3477777777777778,0.23355555555555554,0.6522222222222221,0.5813333333333334,0.5903778960544492,0.4408888888888889,0.6429606276177409,0.08772783810834786,0.9901305889282018,0.10180501349161204,0.5922613350208096,0.5649372696876526,0.4366969430446625,0.056628181253879584,4.426531277656554,0.9098935297060217,10.63511111111111,0.008907683893555687,0.9117290355236258,900,914,1.0,1.0155555555555555,0.015555555555555555,0.6323851203501094,0.5503920912742615,0.6522340881643319,0.08400564421171852,9.819119215011597
task_similarity_temperature,-20%,0.8,8,20268893,0.38155555555555554,0.37,0.24844444444444444,0.6299999999999999,0.6184444444444445,0.5885870713489808,0.43266666666666664,0.6451496298240009,0.08540040376375412,0.9894616049913857,0.10109263655462986,0.593372182596607,0.5632570052146911,0.43442006468772887,0.056906269397889515,4.4250783891148044,0.9024827783096282,10.657333333333334,0.008526594219525922,0.9148628309667842,900,917,1.0,1.018888888888889,0.01888888888888889,0.623773173391494,0.5488340258598328,0.6545333225088144,0.08165224742871513,9.835252285003662
task_similarity_temperature,-20%,0.8,9,20269902,0.3746666666666667,0.37288888888888894,0.2524444444444444,0.6271111111111112,0.6253333333333333,0.5903141184676842,0.42577777777777776,0.6499111669253562,0.07510521241328735,0.9891544131156251,0.09683960339325239,0.5937412911700074,0.5645393109321595,0.43349372148513793,0.057412787088764745,4.454907775508033,0.9122950887321791,10.676444444444444,0.00719573629269464,0.9179459094821277,900,927,1.0,1.03,0.03,0.6062567421790723,0.5498554706573486,0.6589069874147644,0.07194751856606763,9.769952297210693
task_similarity_temperature,-20%,0.8,10,20270911,0.38355555555555554,0.36822222222222223,0.24822222222222223,0.6317777777777778,0.6164444444444445,0.5772766444420234,0.39755555555555555,0.6304175290240207,0.07478003140965121,0.9860380782502679,0.10110942547511041,0.5949132960601705,0.5519919562339782,0.4369653475284576,0.057020484171322175,4.459836081981659,0.9139531860851136,10.677777777777779,0.006196045259049841,0.9107116527985564,900,921,1.0,1.0233333333333334,0.023333333333333334,0.6438653637350705,0.5546082854270935,0.639899693184229,0.07154331456821739,9.944965600967407
task_similarity_temperature,-20%,0.8,11,20271920,0.3971111111111111,0.3464444444444444,0.2564444444444445,0.6535555555555556,0.6028888888888889,0.5940089975199233,0.4457777777777778,0.6530524910679399,0.083532976295301,0.9891020927162718,0.09914380028820474,0.5917994160837466,0.568036835193634,0.43439080476760866,0.05678212290502794,4.415099716398451,0.9179649871466482,10.681333333333333,0.008443057479512812,0.9145940983463717,900,917,1.0,1.018888888888889,0.01888888888888889,0.6303162486368593,0.5484080910682678,0.6622661174023299,0.08007673514548741,10.21816349029541
task_similarity_temperature,-20%,0.8,12,20272929,0.3848888888888889,0.3668888888888889,0.24822222222222223,0.6331111111111111,0.6151111111111112,0.5942262560968794,0.4448888888888889,0.6537502522775378,0.07631948286824658,0.9876419791390378,0.09741051814831458,0.5942828334726216,0.5697333407402039,0.4344260060787201,0.05700806952203601,4.433047714657253,0.9117617093196257,10.722222222222221,0.008086224331801601,0.9129118164526376,900,919,1.0,1.021111111111111,0.021111111111111112,0.6256800870511425,0.5489266514778137,0.6628805225102926,0.07299157659321232,10.707475662231445
task_similarity_temperature,-20%,0.8,13,20273938,0.40488888888888885,0.3528888888888889,0.24222222222222223,0.6471111111111111,0.5951111111111111,0.5937623173142598,0.4455555555555556,0.6481677134856466,0.07981841222207237,0.9909457367736951,0.09642967336647537,0.5937448181183771,0.5661781167984009,0.4383414340019226,0.056834264432029796,4.459329330444336,0.9089090845956288,10.572444444444445,0.008286513621648967,0.9108957041816724,900,917,1.0,1.018888888888889,0.01888888888888889,0.6575790621592148,0.5540245175361633,0.6574972880856734,0.07630213833122323,10.426792860031128
task_similarity_temperature,-20%,0.8,14,20274947,0.39822222222222226,0.35377777777777775,0.248,0.6462222222222223,0.6017777777777777,0.5926964430932249,0.43644444444444447,0.6530672704779927,0.0806100781974022,0.9910692389011326,0.09678196492256465,0.5930173214776383,0.5673347687721253,0.4319282686710358,0.056650527622594676,4.379914282798767,0.919179307498817,10.552,0.00816107856118245,0.9153292972771047,900,913,1.0,1.0144444444444445,0.014444444444444444,0.6133625410733844,0.544682502746582,0.6621222086672965,0.07733548178297678,10.999842405319214
task_similarity_temperature,-20%,0.8,15,20275956,0.39333333333333337,0.3531111111111111,0.25355555555555553,0.6468888888888888,0.6066666666666666,0.5864742261075092,0.42288888888888887,0.6430055524258197,0.07577262963536216,0.9874311172827214,0.09852598716073915,0.5944970719219426,0.5621532678604126,0.4354051518440247,0.05672004965859715,4.4205628866089715,0.9206331772400322,10.599555555555556,0.007194803531187157,0.912616623236513,900,916,1.0,1.0177777777777777,0.017777777777777778,0.6364628820960698,0.5505538582801819,0.6521652749399068,0.0725973662357875,10.47261643409729
task_similarity_temperature,-20%,0.8,16,20276965,0.4093333333333334,0.3497777777777778,0.24088888888888885,0.6502222222222223,0.5906666666666667,0.5912690520971337,0.4251111111111111,0.6474648955757365,0.07905651938529669,0.9892405072306976,0.09953644984391812,0.5944810951128323,0.5665796947479248,0.4329269802570343,0.056734947237740536,4.396613977379269,0.9144857768052518,10.551555555555556,0.007346109865040496,0.9088266606771636,900,914,1.0,1.0155555555555555,0.015555555555555555,0.6291028446389497,0.54668790102005,0.6564425875457411,0.07592250438673176,10.248541116714478
task_similarity_temperature,-20%,0.8,17,20277974,0.3697777777777778,0.37222222222222223,0.258,0.6277777777777778,0.6302222222222222,0.5815871745954763,0.3993333333333333,0.6368902160540043,0.0749007821503757,0.9863095789256104,0.09798869384906421,0.5918061771150036,0.5582253646850586,0.43260206818580627,0.0567473618870267,4.394202534198761,0.9085178179676237,10.521333333333335,0.006398107480268787,0.9173601563940127,900,916,1.0,1.0177777777777777,0.017777777777777778,0.6331877729257642,0.5481071472167969,0.6460718162426259,0.07167559932239631,10.266275405883789
task_similarity_temperature,-20%,0.8,18,20278983,0.3997777777777778,0.3408888888888889,0.25933333333333336,0.6591111111111111,0.6002222222222222,0.5931703242283263,0.45,0.6500621027576414,0.08504361036475254,0.990042900618742,0.10145529489233777,0.5930075726504588,0.5678341603279113,0.43665627121925354,0.056759776536312846,4.43638766643736,0.9244118698916561,10.648444444444443,0.00788121538384944,0.9117353998679719,900,915,1.0,1.0166666666666666,0.016666666666666666,0.659016393442623,0.5513353943824768,0.6593219523027322,0.08149200637997822,10.5541672706604
task_similarity_temperature,-20%,0.8,19,20279992,0.4,0.3524444444444444,0.24755555555555556,0.6475555555555554,0.6,0.5866767880847001,0.4193333333333333,0.6415069490268072,0.08491553348817375,0.9912433753035499,0.10091016897573123,0.5939200209394432,0.5602854323387146,0.435626745223999,0.0567870887647424,4.428037740071614,0.9102387211856899,10.747999999999998,0.00837995453538963,0.9147021966600078,900,918,1.0,1.02,0.02,0.6437908496732027,0.5502431392669678,0.6509623812412263,0.08124472789709936,10.263735294342041
task_similarity_temperature,+20%,1.2,0,20260821,0.39888888888888885,0.36644444444444446,0.2346666666666667,0.6335555555555555,0.6011111111111112,0.5905880421548373,0.4288888888888889,0.6472099764427829,0.08556529994375317,0.9906290983958533,0.09975350777969486,0.5936345056194525,0.5651586389541626,0.4388372564315796,0.05685661080074489,4.466130384445191,0.9112662595063041,10.675111111111109,0.008504252825176086,0.9140966130400551,900,919,1.0,1.021111111111111,0.021111111111111112,0.6550598476605005,0.5542529225349426,0.656509944015267,0.08180670424775793,10.442954778671265
task_similarity_temperature,+20%,1.2,1,20261830,0.4117777777777778,0.33044444444444443,0.2577777777777778,0.6695555555555555,0.5882222222222222,0.604068944986675,0.46577777777777785,0.6645210941700671,0.08381302667859682,0.990034492792172,0.09741280485642935,0.5929970519449855,0.5771538472175598,0.4399206924438477,0.05696337678460584,4.485573352707757,0.9113400130323782,10.696444444444442,0.009103765963099841,0.9122998879002018,900,919,1.0,1.021111111111111,0.021111111111111112,0.6594124047878128,0.5549401044845581,0.6736451692367268,0.08023799544846022,10.261915445327759
task_similarity_temperature,+20%,1.2,2,20262839,0.3897777777777777,0.3644444444444444,0.24577777777777776,0.6355555555555555,0.6102222222222222,0.5742856966542937,0.3853333333333333,0.6279002141827175,0.08610415432784774,0.9872932279699801,0.10307532842128601,0.5938165288966032,0.5518882250785828,0.43516745924949646,0.056908752327746746,4.432860344198016,0.9068093426118793,10.880444444444445,0.007331872342573176,0.9130499245571237,900,919,1.0,1.021111111111111,0.021111111111111112,0.6289445048966268,0.5509834885597229,0.6375116702726761,0.08230803790883456,10.189399480819702
task_similarity_temperature,+20%,1.2,3,20263848,0.3997777777777777,0.3491111111111111,0.2511111111111111,0.6508888888888889,0.6002222222222222,0.5887618345257174,0.42199999999999993,0.647889644085137,0.07627203499536943,0.9897014836799097,0.09861439788588587,0.5958088257007103,0.5660940670967102,0.4355275106430054,0.057008069522036006,4.444208224879372,0.9177694886950617,10.802666666666667,0.007362240917288766,0.911108109647395,900,921,1.0,1.0233333333333334,0.023333333333333334,0.6297502714440825,0.5510573387145996,0.6569487210929166,0.07304512532409668,10.233439445495605
task_similarity_temperature,+20%,1.2,4,20264857,0.39866666666666667,0.35911111111111116,0.24222222222222223,0.6408888888888888,0.6013333333333333,0.5840719853574103,0.41422222222222216,0.638629239806314,0.08399349737559902,0.9911608629512003,0.10097008048620261,0.5950181216201141,0.5590348792076111,0.4331040370464325,0.05653134698944755,4.382540976683298,0.9068788997956365,10.664888888888889,0.007866908036805701,0.9096506591426546,900,914,1.0,1.0155555555555555,0.015555555555555555,0.6203501094091903,0.5459277629852295,0.6480969151718888,0.08030787698324482,10.976007223129272
task_similarity_temperature,+20%,1.2,5,20265866,0.4162222222222221,0.35022222222222227,0.23355555555555557,0.6497777777777778,0.5837777777777778,0.5856477076509173,0.41422222222222216,0.6412645788810205,0.08318987828585861,0.9905063647934614,0.09961601149424894,0.5929448194757007,0.5616230964660645,0.43210817098617554,0.05685164494103043,4.3972814268536045,0.9143542975762476,10.540444444444445,0.008220752620642922,0.9127811078027241,900,917,1.0,1.018888888888889,0.01888888888888889,0.6128680479825518,0.5463204383850098,0.6505910875792659,0.07958268658890089,10.832538604736328
task_similarity_temperature,+20%,1.2,6,20266875,0.4011111111111111,0.35288888888888886,0.24599999999999997,0.6471111111111111,0.5988888888888889,0.5890116022674541,0.4246666666666667,0.6475667696911462,0.08444486672313374,0.9911612673916375,0.10190582591236819,0.5941176181367175,0.5635827946662902,0.4355729258060455,0.057052762259466164,4.448235798358917,0.9150022900709068,10.671555555555555,0.008066227044123788,0.9127951084967072,900,920,1.0,1.0222222222222221,0.022222222222222223,0.6434782608695652,0.550755500793457,0.6568014225151477,0.08085520825057446,10.066841840744019
task_similarity_temperature,+20%,1.2,7,20267884,0.3911111111111111,0.3646666666666667,0.2442222222222222,0.6353333333333333,0.6088888888888889,0.5886617236894085,0.4362222222222222,0.6428853004917707,0.0875690819808981,0.9902743252941417,0.10336452649046551,0.5953539286799959,0.5641323924064636,0.4356255507469177,0.05672501551831162,4.423231678538852,0.9036602347324447,10.709777777777777,0.008415993670312849,0.9117290355236258,900,914,1.0,1.0155555555555555,0.015555555555555555,0.6422319474835886,0.5503920912742615,0.6522191045419361,0.08389421673846154,9.8513343334198
task_similarity_temperature,+20%,1.2,8,20268893,0.40355555555555556,0.35444444444444445,0.242,0.6455555555555555,0.5964444444444444,0.592592032908978,0.4446666666666666,0.6449806887333627,0.0847165742774332,0.989425156585044,0.09974041501960869,0.5927530726064892,0.5630484294891357,0.4344720923900604,0.05704531346989449,4.43635420619117,0.9093398252011415,10.748888888888889,0.008348849370145984,0.9148628309667842,900,921,1.0,1.0233333333333334,0.023333333333333334,0.6091205211726385,0.5488340258598328,0.6542717602017569,0.08107350772834776,9.534261226654053
task_similarity_temperature,+20%,1.2,9,20269902,0.3915555555555556,0.35155555555555557,0.2568888888888889,0.6484444444444445,0.6084444444444445,0.590248745637401,0.4246666666666667,0.650081702641396,0.07550373143032757,0.988216049206414,0.09745967475475371,0.5930052284087879,0.5660239624977111,0.4345966470241547,0.05704283054003725,4.437510338571337,0.9093756274941679,10.755999999999998,0.00754941898284881,0.9179459094821277,900,920,1.0,1.0222222222222221,0.022222222222222223,0.6195652173913043,0.5498554706573486,0.6591771575807013,0.07230151792220596,9.716130256652832
task_similarity_temperature,+20%,1.2,10,20270911,0.37777777777777777,0.36244444444444446,0.2597777777777778,0.6375555555555557,0.6222222222222222,0.5777081669098594,0.3953333333333333,0.6301544600297041,0.07536971459486595,0.9858148314295079,0.09982075763267698,0.5943024589698875,0.5522474837303162,0.43690887093544006,0.05697827436374923,4.456055155224271,0.9089237401207177,10.66,0.005875868510059621,0.9107116527985564,900,919,1.0,1.021111111111111,0.021111111111111112,0.6463547334058759,0.5546082854270935,0.6395863474729724,0.07209079937097407,10.331988334655762
task_similarity_temperature,+20%,1.2,11,20271920,0.41488888888888886,0.3406666666666666,0.24444444444444446,0.6593333333333333,0.585111111111111,0.5950264725093252,0.4442222222222222,0.6529164477942748,0.08383980794671117,0.988920016387872,0.1001514951799825,0.5929831096036944,0.5683084344863891,0.43455524325370787,0.05674239602731223,4.413645298216078,0.9192233348968761,10.701777777777775,0.008552812094427643,0.9145940983463717,900,916,1.0,1.0177777777777777,0.017777777777777778,0.6331877729257642,0.5484080910682678,0.6621015750270041,0.0802437666383835,9.700256109237671
task_similarity_temperature,+20%,1.2,12,20272929,0.40355555555555556,0.3533333333333333,0.2431111111111111,0.6466666666666666,0.5964444444444444,0.5954172602829506,0.4475555555555556,0.6538008906688512,0.07610040553755203,0.9873630934560899,0.09620042080326309,0.5932676983242802,0.5707820081710815,0.43577798128128054,0.05648168839230292,4.405713082631428,0.9101031011494642,10.603555555555555,0.00833313426513513,0.9129118164526376,900,912,1.0,1.0133333333333334,0.013333333333333334,0.6304824561403509,0.5489266514778137,0.6628727635481214,0.07282161080143212,9.774741172790527
task_similarity_temperature,+20%,1.2,13,20273938,0.3893333333333333,0.3704444444444445,0.24022222222222223,0.6295555555555555,0.6106666666666667,0.5921767165801333,0.4357777777777778,0.6480546075421695,0.07996491647551603,0.9906167623935525,0.09818603896092334,0.5940048414032127,0.565079345703125,0.4389914298057556,0.056516449410304155,4.44096618800693,0.9090994086562008,10.714222222222222,0.00759888587587494,0.9108957041816724,900,912,1.0,1.0133333333333334,0.013333333333333334,0.6655701754385965,0.5540245175361633,0.6573365319735219,0.07648842453079152,10.125967502593994
task_similarity_temperature,+20%,1.2,14,20274947,0.40044444444444444,0.3493333333333333,0.25022222222222223,0.6506666666666666,0.5995555555555555,0.5921157772147645,0.4337777777777777,0.652964125726098,0.08065154488340957,0.9904442086978298,0.09758557862036095,0.5946592351472582,0.5670470380783081,0.431129002571106,0.05691123525760397,4.391944284333123,0.9173251336324794,10.808444444444444,0.007526616503128664,0.9153292972771047,900,917,1.0,1.018888888888889,0.01888888888888889,0.6095965103598692,0.544682502746582,0.6621550023679778,0.07720489427612787,9.780733346939087
task_similarity_temperature,+20%,1.2,15,20275956,0.39422222222222225,0.3644444444444444,0.24133333333333332,0.6355555555555555,0.6057777777777777,0.5883729133819678,0.42333333333333334,0.6430181450762972,0.07562070301074134,0.9876079038215835,0.09843931814448378,0.5947896142118785,0.5625055718421936,0.43517191767692565,0.05685909373060212,4.429032538784876,0.9087269889480312,10.76,0.0070312153630825444,0.912616623236513,900,917,1.0,1.018888888888889,0.01888888888888889,0.6379498364231189,0.5505538582801819,0.652215800328445,0.07238141748569649,9.741896152496338
task_similarity_temperature,+20%,1.2,16,20276965,0.398,0.35644444444444445,0.24555555555555553,0.6435555555555555,0.602,0.5904538998245217,0.43222222222222223,0.6477672964073045,0.07885382738505287,0.9896420607055777,0.09860085672634232,0.5937161856104738,0.5668060564994812,0.43348491191864014,0.05651396648044694,4.385109193431006,0.9185917660824358,10.54088888888889,0.00818750292829461,0.9088266606771636,900,911,1.0,1.0122222222222221,0.012222222222222223,0.6410537870472008,0.54668790102005,0.6569862984500626,0.07554551290870815,10.178721189498901
task_similarity_temperature,+20%,1.2,17,20277974,0.3917777777777778,0.3671111111111111,0.2411111111111111,0.632888888888889,0.6082222222222222,0.581067973920173,0.3997777777777778,0.6370518049954516,0.07527393505197079,0.9871191039785397,0.09872462716621504,0.5946632693591655,0.5578884911537171,0.43233125686645507,0.056864059590316575,4.400459156831106,0.9100478799056725,10.625333333333334,0.006617652610342101,0.9173601563940127,900,919,1.0,1.021111111111111,0.021111111111111112,0.6245919477693145,0.5481071472167969,0.6462531939667023,0.07197391916420148,9.634754657745361
task_similarity_temperature,+20%,1.2,18,20278983,0.41466666666666663,0.3446666666666667,0.24066666666666667,0.6553333333333333,0.5853333333333334,0.5914951590482329,0.4302222222222222,0.6504981105215816,0.0845091231802701,0.9892985852229031,0.10099927297398001,0.5926577778417251,0.5673257851600647,0.43710102677345275,0.05651396648044694,4.421689703941346,0.9123516001013257,10.679555555555556,0.008592584908711873,0.9117353998679719,900,911,1.0,1.0122222222222221,0.012222222222222223,0.6509330406147091,0.5513353943824768,0.6597679793419481,0.08095397360507528,10.437896013259888
task_similarity_temperature,+20%,1.2,19,20279992,0.4033333333333334,0.3424444444444444,0.25422222222222224,0.6575555555555556,0.5966666666666667,0.5852578988064824,0.4135555555555556,0.6418420944039772,0.08463532051970063,0.9909179961176886,0.10199193251065974,0.5940953806588517,0.5614783930778503,0.43585320353507995,0.05675232774674115,4.427614086045159,0.9150189999246323,10.573777777777778,0.00788321468244432,0.9147021966600078,900,917,1.0,1.018888888888889,0.01888888888888889,0.6455834242093784,0.5502431392669678,0.6512017861617292,0.08098391245888847,10.52995491027832
peer_expertise_visibility,-20%,0.8,0,20260821,0.39199999999999996,0.3500000000000001,0.258,0.65,0.6080000000000001,0.5919201268602332,0.43777777777777777,0.6474594191252173,0.0856969136454839,0.989145027091767,0.10050668782556169,0.5941362239256525,0.5649872612953186,0.438728860616684,0.05686902545003105,4.466021138827006,0.9123714044666009,10.696444444444444,0.008033619502059422,0.9140966130400551,900,918,1.0,1.02,0.02,0.6546840958605664,0.5542529225349426,0.6568402739061476,0.08198431766024794,10.452246189117432
peer_expertise_visibility,-20%,0.8,1,20261830,0.39399999999999996,0.3615555555555556,0.24444444444444444,0.6384444444444444,0.606,0.6051739480872049,0.4797777777777778,0.6644545116617284,0.08365433303690593,0.9897988524541899,0.09649233189356413,0.5948765122533896,0.5767165637016296,0.4394605243206024,0.05696585971446307,4.4810858565966285,0.9141831213981326,10.681333333333335,0.008764328238785219,0.9122998879002018,900,919,1.0,1.021111111111111,0.021111111111111112,0.6561479869423286,0.5549401044845581,0.6736254225296775,0.07996416647884641,10.456075668334961
peer_expertise_visibility,-20%,0.8,2,20262839,0.3922222222222222,0.35022222222222227,0.25755555555555554,0.6497777777777779,0.6077777777777778,0.5751229938991345,0.38755555555555554,0.6278968497647325,0.08613312346033418,0.9881202806990897,0.10430495997840449,0.5920821090677613,0.5521265029907226,0.43508174777030945,0.056908752327746746,4.431956126795875,0.9172821557724058,10.523555555555555,0.007517982489942363,0.9130499245571237,900,920,1.0,1.0222222222222221,0.022222222222222223,0.6293478260869565,0.5509834885597229,0.6375000831560353,0.08235699041554123,10.778271913528442
peer_expertise_visibility,-20%,0.8,3,20263848,0.3931111111111111,0.35422222222222216,0.25266666666666665,0.6457777777777778,0.6068888888888889,0.5911028557252772,0.4277777777777778,0.6479533762040758,0.07612089293671623,0.9894195753283906,0.09567860094624785,0.5943005605136024,0.5651786780357361,0.4362662136554718,0.05661080074487896,4.420830998579661,0.9206578947368422,10.636888888888889,0.007972586764133944,0.911108109647395,900,912,1.0,1.0133333333333334,0.013333333333333334,0.6348684210526315,0.5510573387145996,0.6571051691371287,0.07280117666730712,10.437399864196777
peer_expertise_visibility,-20%,0.8,4,20264857,0.39799999999999996,0.3577777777777777,0.2442222222222222,0.6422222222222222,0.602,0.5841421346283285,0.4126666666666667,0.6380231334742381,0.08428806970842974,0.9913573113367933,0.10262503584999288,0.5936661363686982,0.5579745292663574,0.43140808820724486,0.05719180633147114,4.416426693227556,0.9072627753827482,10.606666666666666,0.007994578549710802,0.9096506591426546,900,922,1.0,1.0244444444444445,0.024444444444444446,0.6149674620390455,0.5459277629852295,0.647365214961757,0.0805405483765067,10.423637628555298
peer_expertise_visibility,-20%,0.8,5,20265866,0.40577777777777774,0.3500000000000001,0.24422222222222223,0.65,0.5942222222222222,0.5869575392610983,0.42066666666666663,0.6411986235095175,0.08337162229880195,0.9905876356301586,0.10218898380412007,0.5935026794069918,0.5608259677886963,0.4318438899517059,0.05717442582247052,4.41952317598131,0.909844642990431,10.675111111111109,0.008122548983521764,0.9127811078027241,900,922,1.0,1.0244444444444445,0.024444444444444446,0.6127982646420824,0.5463204383850098,0.6505494265120949,0.07975095562950996,10.495225667953491
peer_expertise_visibility,-20%,0.8,6,20266875,0.38599999999999995,0.36044444444444446,0.25355555555555553,0.6395555555555554,0.614,0.5913429402020607,0.4317777777777777,0.6479949059488641,0.08366202423972133,0.9913564695737247,0.09971167492817193,0.594140858839205,0.563647780418396,0.4361036288738251,0.056829298572315334,4.436203385988871,0.9128313656283512,10.736444444444444,0.008037443437826777,0.9127951084967072,900,916,1.0,1.0177777777777777,0.017777777777777778,0.6441048034934498,0.550755500793457,0.6572712160536067,0.08016129879378009,10.324401378631592
peer_expertise_visibility,-20%,0.8,7,20267884,0.3946666666666666,0.3588888888888889,0.24644444444444447,0.6411111111111112,0.6053333333333334,0.5868851769690009,0.42177777777777775,0.6429644868733991,0.08747385233711796,0.9905001378976875,0.10131717944407764,0.5954546017519857,0.5633916783332825,0.43591040015220645,0.05671011793916822,4.424924607435862,0.9160565541884091,10.57022222222222,0.007718025282775654,0.9117290355236258,900,916,1.0,1.0177777777777777,0.017777777777777778,0.6331877729257642,0.5503920912742615,0.6523066986467938,0.08375942503041522,10.604221105575562
peer_expertise_visibility,-20%,0.8,8,20268893,0.40355555555555556,0.35955555555555546,0.2368888888888889,0.6404444444444444,0.5964444444444444,0.5902355819727212,0.436,0.6453017382763035,0.0850483442450995,0.9892155209744762,0.10255926394297234,0.5932400950513702,0.5639091968536377,0.4346925139427185,0.056876474239602744,4.425519556628333,0.9145663432577207,10.705777777777776,0.008292357620007877,0.9148628309667842,900,918,1.0,1.02,0.02,0.6132897603485838,0.5488340258598328,0.6546584343711628,0.08135288832129062,10.336954116821289
peer_expertise_visibility,-20%,0.8,9,20269902,0.3844444444444444,0.3577777777777777,0.2577777777777778,0.6422222222222222,0.6155555555555555,0.5923621323846251,0.43399999999999994,0.650212500077727,0.07493080408015482,0.988416820737876,0.09681188742718212,0.5955303665389109,0.5663565707206726,0.43549718856811526,0.05653134698944756,4.406793590545655,0.9071936411939001,10.602222222222222,0.00768608051125502,0.9179459094821277,900,913,1.0,1.0144444444444445,0.014444444444444444,0.6210295728368017,0.5498554706573486,0.6593495890781425,0.07173670673068888,10.204298257827759
peer_expertise_visibility,-20%,0.8,10,20270911,0.39399999999999996,0.3566666666666667,0.24933333333333332,0.6433333333333333,0.6060000000000001,0.5769506438032321,0.3937777777777778,0.6299541898770599,0.07516323741180927,0.9853247658772055,0.10032618697256541,0.5943815243757815,0.5526473188400268,0.43728180170059205,0.0569211669770329,4.455362863434686,0.9154647429573675,10.748,0.006074266581891099,0.9107116527985564,900,919,1.0,1.021111111111111,0.021111111111111112,0.6452665941240479,0.5546082854270935,0.639450880742017,0.07197757219640644,9.974395036697388
peer_expertise_visibility,-20%,0.8,11,20271920,0.40355555555555556,0.3582222222222222,0.23822222222222222,0.6417777777777778,0.5964444444444444,0.5914016717083986,0.4286666666666667,0.6526072307206199,0.08367510047246231,0.9888219739333227,0.10014517280563066,0.5921405548659509,0.5680084323883057,0.4350434172153473,0.05654872749844817,4.403606156984965,0.9122283205268935,10.69111111111111,0.008113804256501073,0.9145940983463717,900,911,1.0,1.0122222222222221,0.012222222222222223,0.6410537870472008,0.5484080910682678,0.6616550962027018,0.08012272910889418,9.847553253173828
peer_expertise_visibility,-20%,0.8,12,20272929,0.3913333333333333,0.3557777777777778,0.25288888888888883,0.6442222222222221,0.6086666666666667,0.5945047993096773,0.43866666666666665,0.6543660818884155,0.0758524562144568,0.987300812345443,0.09603215368987811,0.5949445460141998,0.5692477679252624,0.43462585091590883,0.056906269397889515,4.427177505175273,0.914262713519022,10.603555555555555,0.008563769423622985,0.9129118164526376,900,917,1.0,1.018888888888889,0.01888888888888889,0.6281352235550709,0.5489266514778137,0.663617852609685,0.07244530653882819,9.654868125915527
peer_expertise_visibility,-20%,0.8,13,20273938,0.4077777777777778,0.3508888888888888,0.24133333333333337,0.6491111111111111,0.5922222222222222,0.5906359739404753,0.42977777777777776,0.647384130046538,0.08023155934935602,0.9910837291268902,0.10020175236078577,0.5932210271437316,0.5647646808624267,0.4381753444671631,0.05686654252017381,4.460201838705275,0.9131954504130103,10.751111111111111,0.007459969589808403,0.9108957041816724,900,917,1.0,1.018888888888889,0.01888888888888889,0.653217011995638,0.5540245175361633,0.656737956574232,0.07667114265672192,9.913495779037476
peer_expertise_visibility,-20%,0.8,14,20274947,0.41133333333333333,0.3440000000000001,0.2446666666666667,0.6559999999999999,0.5886666666666667,0.5948921590980473,0.4455555555555555,0.6537356034590961,0.0800217272492535,0.9897092285505309,0.09779779841836184,0.5917356157192606,0.5678651881217956,0.43110023975372314,0.05706021104903788,4.4030896248287625,0.9120964666321849,10.662222222222221,0.008365839098428062,0.9153292972771047,900,921,1.0,1.0233333333333334,0.023333333333333334,0.6058631921824105,0.544682502746582,0.6627375553590389,0.0767664345745196,9.668519973754883
peer_expertise_visibility,-20%,0.8,15,20275956,0.38955555555555554,0.35355555555555557,0.2568888888888889,0.6464444444444445,0.6104444444444445,0.5890929046211805,0.42644444444444446,0.6427496126208674,0.07597388969661846,0.9871570197526549,0.0971263978319163,0.594683481441994,0.5624657154083252,0.4360519754886627,0.056593420235878336,4.417255164517297,0.9174735473310399,10.61111111111111,0.007405023252768536,0.912616623236513,900,914,1.0,1.0155555555555555,0.015555555555555555,0.6411378555798687,0.5505538582801819,0.6520439065881001,0.07266922514298946,9.905538320541382
peer_expertise_visibility,-20%,0.8,16,20276965,0.4066666666666666,0.34600000000000003,0.24733333333333335,0.6539999999999999,0.5933333333333334,0.5884149624593169,0.4202222222222223,0.6470662739031089,0.07957648833640149,0.9894032642733019,0.09919733560037336,0.5922695323520636,0.566032567024231,0.43234570026397706,0.057164494103041585,4.423884624481201,0.9208176719049185,10.707999999999997,0.007896233071882386,0.9088266606771636,900,923,1.0,1.0255555555555556,0.025555555555555557,0.6338028169014085,0.54668790102005,0.6561135799126442,0.076394222043495,10.070761442184448
peer_expertise_visibility,-20%,0.8,17,20277974,0.4011111111111111,0.3573333333333334,0.24155555555555558,0.6426666666666666,0.5988888888888888,0.5828538881686559,0.402,0.6371821447369477,0.07518642998497421,0.9867755578240366,0.0973329286275031,0.59431596290618,0.558379168510437,0.4330306935310364,0.05669025450031037,4.394159726990594,0.9159403688482112,10.680888888888889,0.006715044354399855,0.9173601563940127,900,914,1.0,1.0155555555555555,0.015555555555555555,0.6400437636761488,0.5481071472167969,0.6464675811797435,0.07193024712295326,9.65532898902893
peer_expertise_visibility,-20%,0.8,18,20278983,0.4028888888888889,0.34422222222222215,0.25288888888888894,0.6557777777777777,0.597111111111111,0.5917456817841863,0.43288888888888893,0.6500258330091083,0.08532190533729998,0.989586350357262,0.10022952256104936,0.59235739353375,0.5673139667510987,0.43568032860755923,0.057174425822470516,4.45884168460634,0.917488621699293,10.715111111111112,0.008219740081924274,0.9117353998679719,900,923,1.0,1.0255555555555556,0.025555555555555557,0.6468039003250271,0.5513353943824768,0.659270398333099,0.08157597870666566,9.774185180664062
peer_expertise_visibility,-20%,0.8,19,20279992,0.39577777777777784,0.3444444444444445,0.2597777777777778,0.6555555555555556,0.6042222222222222,0.5870634892528325,0.42266666666666675,0.6421356546681203,0.08446722792985069,0.9895927223497519,0.10200753182541396,0.5940394796161972,0.5603711557388306,0.43403353571891784,0.057350713842333964,4.455591109699673,0.9123737353780806,10.641333333333332,0.007813516804985206,0.9147021966600078,900,926,1.0,1.028888888888889,0.028888888888888888,0.6317494600431965,0.5502431392669678,0.65146109386562,0.08097387627792418,9.941991090774536
peer_expertise_visibility,+20%,1.2,0,20260821,0.38333333333333336,0.35177777777777774,0.2648888888888889,0.6482222222222223,0.6166666666666667,0.5883769670956418,0.42422222222222217,0.6477947240673252,0.08493886221442767,0.9902944911172037,0.1004717817476165,0.5922804611030238,0.5655006551742554,0.4393030536174774,0.05672253258845439,4.460324213769701,0.909126848583351,10.628444444444444,0.008654913673025533,0.9140966130400551,900,916,1.0,1.0177777777777777,0.017777777777777778,0.6582969432314411,0.5542529225349426,0.6571039172429056,0.0812850356585697,9.906609773635864
peer_expertise_visibility,+20%,1.2,1,20261830,0.4035555555555556,0.3322222222222222,0.2642222222222222,0.6677777777777778,0.5964444444444443,0.6050225648506807,0.4726666666666667,0.6653500023317759,0.08320584570927884,0.9892126900595588,0.09651932187932799,0.5967866774701452,0.5771013236045838,0.4390200650691986,0.05728367473618871,4.501563992341359,0.911276459378018,10.756444444444446,0.008977725352578287,0.9122998879002018,900,924,1.0,1.0266666666666666,0.02666666666666667,0.6471861471861472,0.5549401044845581,0.6745487788576754,0.07954978166881244,9.97037148475647
peer_expertise_visibility,+20%,1.2,2,20262839,0.3806666666666667,0.3662222222222223,0.2531111111111111,0.6337777777777778,0.6193333333333333,0.5761271495031259,0.39422222222222225,0.6278455005399514,0.08581236955824892,0.98871256538023,0.10303681895621644,0.5948110839484569,0.5519084930419922,0.43484522342681886,0.057082557417752956,4.44311174747679,0.9023467404647318,10.708888888888886,0.007123647314281299,0.9130499245571237,900,921,1.0,1.0233333333333334,0.023333333333333334,0.6319218241042345,0.5509834885597229,0.637485399463472,0.08202727665252296,10.235446214675903
peer_expertise_visibility,+20%,1.2,3,20263848,0.4117777777777778,0.34355555555555556,0.24466666666666662,0.6564444444444445,0.5882222222222222,0.5906719160130348,0.42999999999999994,0.6483996909490268,0.07558673389541988,0.9898087763180706,0.09658491624994511,0.59436201547273,0.5660917353630066,0.4360914611816406,0.05673991309745499,4.429092379570007,0.9152787069061555,10.67911111111111,0.008179640019581937,0.911108109647395,900,915,1.0,1.0166666666666666,0.016666666666666666,0.6371584699453552,0.5510573387145996,0.6575960170235033,0.07222966903732098,10.324549674987793
peer_expertise_visibility,+20%,1.2,4,20264857,0.4031111111111112,0.3486666666666666,0.24822222222222223,0.6513333333333332,0.5968888888888888,0.5853231032046685,0.4159999999999999,0.6384311905993627,0.08359636595308309,0.9922119104772027,0.10081833548737595,0.5946768439839594,0.5599239206314087,0.432373628616333,0.056769708255741784,4.393644843313428,0.9144496574393471,10.61288888888889,0.007762791892597171,0.9096506591426546,900,916,1.0,1.0177777777777777,0.017777777777777778,0.6222707423580786,0.5459277629852295,0.6478322559525103,0.0798409559768789,10.4678213596344
peer_expertise_visibility,+20%,1.2,5,20265866,0.3844444444444445,0.35888888888888887,0.25666666666666665,0.6411111111111112,0.6155555555555556,0.5866458818440983,0.41977777777777775,0.6411462142606628,0.08349615383910912,0.9905381701565212,0.10156482590020201,0.5943570446959566,0.5613140606880188,0.4310224390029907,0.05741527001862198,4.4297059800889755,0.9118165397196956,10.749777777777778,0.0067839887816193946,0.9127811078027241,900,927,1.0,1.03,0.03,0.6051779935275081,0.5463204383850098,0.6503778362527549,0.07992209990961885,11.212793827056885
peer_expertise_visibility,+20%,1.2,6,20266875,0.3957777777777778,0.36466666666666664,0.23955555555555555,0.6353333333333334,0.6042222222222222,0.5925793015341939,0.4471111111111112,0.6482801935782079,0.08381450902679496,0.9913952168800924,0.10051189012305613,0.5926617194649735,0.5643989109992981,0.43512709975242614,0.0572513966480447,4.459153321213193,0.9109628198032043,10.772444444444442,0.00848966009437102,0.9127951084967072,900,924,1.0,1.0266666666666666,0.02666666666666667,0.6471861471861472,0.550755500793457,0.6575072432854056,0.08035135720715147,10.345211267471313
peer_expertise_visibility,+20%,1.2,7,20267884,0.406,0.3582222222222222,0.23577777777777778,0.6417777777777778,0.594,0.5900996879047768,0.43933333333333335,0.6432716049116207,0.08759862065308159,0.9902462612506779,0.1035255263486854,0.5955704121127873,0.5634251689910889,0.4353746485710144,0.05694103041589076,4.437510458575354,0.9092108157936627,10.723555555555556,0.008301933448023274,0.9117290355236258,900,918,1.0,1.02,0.02,0.6339869281045751,0.5503920912742615,0.6525983364461855,0.08389482681930827,10.396430492401123
peer_expertise_visibility,+20%,1.2,8,20268893,0.39111111111111113,0.3453333333333333,0.26355555555555554,0.6546666666666667,0.6088888888888889,0.5878436167460221,0.41511111111111115,0.6450601393087712,0.0849624510152009,0.9887192803996244,0.10092572972009194,0.5935912935260922,0.5639913392066955,0.43533182501792905,0.05661080074487896,4.411362490918901,0.9127631578947367,10.656444444444446,0.008374061184967618,0.9148628309667842,900,912,1.0,1.0133333333333334,0.013333333333333334,0.6293859649122807,0.5488340258598328,0.6542659809362056,0.0812445955787604,10.295033931732178
peer_expertise_visibility,+20%,1.2,9,20269902,0.3913333333333333,0.35777777777777786,0.2508888888888889,0.6422222222222221,0.6086666666666667,0.5914548298602904,0.42866666666666675,0.6501665580598858,0.07508443300024246,0.9878249616060754,0.0967185256474933,0.5933543345422025,0.5668290638923645,0.4348852896690369,0.05685661080074489,4.425901837454902,0.9137501876684608,10.743111111111109,0.007175523402185537,0.9179459094821277,900,918,1.0,1.02,0.02,0.6241830065359477,0.5498554706573486,0.6592874427059575,0.07184713130259812,10.326102018356323
peer_expertise_visibility,+20%,1.2,10,20270911,0.3837777777777778,0.3793333333333333,0.2368888888888889,0.6206666666666667,0.6162222222222222,0.5776215561700799,0.3917777777777778,0.6300103341062087,0.07524117115449755,0.9865613093527696,0.09926990022322535,0.5941980597277123,0.5524011397361756,0.4370661544799805,0.057015518311607706,4.460568113274045,0.9021041445694078,10.79733333333333,0.006547703483091106,0.9107116527985564,900,919,1.0,1.021111111111111,0.021111111111111112,0.6474428726877041,0.5546082854270935,0.6395856868398643,0.0719256430625288,10.246572017669678
peer_expertise_visibility,+20%,1.2,11,20271920,0.4015555555555555,0.36999999999999994,0.22844444444444445,0.6300000000000001,0.5984444444444444,0.5942380116832586,0.4451111111111111,0.6530280362255516,0.08368026306663545,0.9890067558752009,0.10042315893689863,0.5935393351838169,0.5677541279792786,0.4347328472137451,0.05668032278088144,4.410657071060605,0.9141406324175481,10.557777777777776,0.008718022846455975,0.9145940983463717,900,914,1.0,1.0155555555555555,0.015555555555555555,0.6312910284463895,0.5484080910682678,0.6622460137195662,0.08010720035930219,10.596855640411377
peer_expertise_visibility,+20%,1.2,12,20272929,0.3964444444444444,0.34888888888888886,0.25466666666666665,0.6511111111111112,0.6035555555555555,0.5948744684260557,0.44422222222222224,0.6541583022521026,0.07596881779106412,0.9876397643124745,0.09842198097501564,0.5948873663399424,0.5698123955726624,0.43406816363334655,0.057010552451893244,4.429562873628404,0.9192065525754529,10.76977777777778,0.007595071930957205,0.9129118164526376,900,920,1.0,1.0222222222222221,0.022222222222222223,0.6206521739130435,0.5489266514778137,0.6633052565243597,0.0726900568788067,10.329416275024414
peer_expertise_visibility,+20%,1.2,13,20273938,0.4008888888888889,0.344,0.2551111111111111,0.6559999999999999,0.5991111111111111,0.5882415816843579,0.4171111111111111,0.6477698296369006,0.08010306675973723,0.9917870292660877,0.09778658610058912,0.5941610604398124,0.5667164134979248,0.4391171157360077,0.05661824953445066,4.450271910084618,0.9145288977906489,10.65911111111111,0.007910879034212556,0.9108957041816724,900,913,1.0,1.0144444444444445,0.014444444444444444,0.6582694414019715,0.5540245175361633,0.6570348778349234,0.076633838762588,11.086780071258545
peer_expertise_visibility,+20%,1.2,14,20274947,0.4191111111111111,0.3377777777777778,0.2431111111111111,0.6622222222222222,0.5808888888888889,0.5944168060024847,0.4422222222222223,0.6529089703388405,0.08068642193210895,0.9907328860838226,0.09782020294129885,0.5942762537709692,0.5675286650657654,0.43144264340400695,0.05678460583488516,4.385359149244096,0.9035416053855628,10.686222222222222,0.00852140329127939,0.9153292972771047,900,915,1.0,1.0166666666666666,0.016666666666666666,0.6109289617486339,0.544682502746582,0.6621229872195749,0.07726486996057713,10.379762172698975
peer_expertise_visibility,+20%,1.2,15,20275956,0.39266666666666666,0.36266666666666675,0.2446666666666667,0.6373333333333333,0.6073333333333334,0.5876729880740631,0.424,0.642540026048675,0.07590036934845559,0.987005249729691,0.09879914954507264,0.5928019380803459,0.5624211740493774,0.43584046602249144,0.056695220360024834,4.423073249181112,0.9171853832480588,10.68,0.007647423993834854,0.912616623236513,900,915,1.0,1.0166666666666666,0.016666666666666666,0.6404371584699453,0.5505538582801819,0.6517831571712213,0.07267011221536701,10.22366452217102
peer_expertise_visibility,+20%,1.2,16,20276965,0.4028888888888889,0.3417777777777778,0.25533333333333336,0.6582222222222223,0.5971111111111111,0.591831613931187,0.4413333333333334,0.6472896405156949,0.07923060907273251,0.9897199579546865,0.09836514344144753,0.5950630876215484,0.5669995450973511,0.43310677528381347,0.05678460583488516,4.402273894415962,0.9165295165668234,10.68,0.007351528701033905,0.9088266606771636,900,915,1.0,1.0166666666666666,0.016666666666666666,0.6327868852459017,0.54668790102005,0.6563213552679565,0.07607341026969228,9.897658109664917
peer_expertise_visibility,+20%,1.2,17,20277974,0.3746666666666667,0.3673333333333333,0.25799999999999995,0.6326666666666667,0.6253333333333333,0.5839151493426996,0.4084444444444444,0.6373951218623959,0.0746486105630868,0.9866261323680093,0.09957107763667214,0.5951663159252336,0.5587619280815125,0.43326349020004273,0.05657603972687772,4.3876537107891505,0.8898413207211722,10.673333333333336,0.006629506289028563,0.9173601563940127,900,913,1.0,1.0144444444444445,0.014444444444444444,0.6396495071193866,0.5481071472167969,0.6466357348850186,0.07132840930075957,10.141523361206055
peer_expertise_visibility,+20%,1.2,18,20278983,0.4131111111111111,0.3433333333333334,0.24355555555555555,0.6566666666666666,0.5868888888888889,0.5937298200777812,0.43955555555555564,0.6505619821804401,0.0850978360121108,0.9893132635603661,0.10198745102235841,0.5937278789316669,0.567777738571167,0.43754177808761596,0.05636499068901304,4.414471029334598,0.915068556197741,10.491111111111113,0.008912327340963654,0.9117353998679719,900,909,1.0,1.01,0.01,0.6545654565456546,0.5513353943824768,0.6599943972831475,0.08140885018333743,9.69838547706604
peer_expertise_visibility,+20%,1.2,19,20279992,0.3855555555555556,0.37333333333333335,0.2411111111111111,0.6266666666666666,0.6144444444444445,0.5869992877304948,0.4288888888888889,0.6421000433518996,0.08480611346111015,0.9904233812504647,0.10225279819584333,0.5956868032064572,0.5596847200393676,0.43510024070739745,0.056903786468032284,4.4317842230267,0.8955362578309396,10.575555555555555,0.008678485966586312,0.9147021966600078,900,918,1.0,1.02,0.02,0.6535947712418301,0.5502431392669678,0.6515142782553859,0.08122055698392949,9.632594347000122
peer_communication_noise_sd,-20%,0.8,0,20260821,0.39333333333333337,0.35977777777777775,0.24688888888888885,0.6402222222222221,0.6066666666666667,0.5877284002441642,0.4242222222222222,0.6470356005093089,0.08560056939140168,0.9898196386499074,0.10244575137687828,0.5918255353289494,0.5653557467460633,0.43965699791908264,0.05644692737430169,4.442208019203609,0.9078831394316389,10.573777777777778,0.007668498198370266,0.9140966130400551,900,912,1.0,1.0133333333333334,0.013333333333333334,0.6567982456140351,0.5542529225349426,0.6561775999057659,0.08193392526592658,9.514358520507812
peer_communication_noise_sd,-20%,0.8,1,20261830,0.40511111111111114,0.33911111111111114,0.25577777777777777,0.6608888888888889,0.5948888888888889,0.602505201829376,0.46644444444444444,0.664160809774314,0.0839340679086899,0.990378542219074,0.09759325751499326,0.5947975301216469,0.5774748969078064,0.4404019427299499,0.056640595903165745,4.465049880345663,0.9174107424503659,10.687555555555557,0.009420051679255796,0.9122998879002018,900,913,1.0,1.0144444444444445,0.014444444444444444,0.6637458926615553,0.5549401044845581,0.6733172611669482,0.08027480906997941,9.939870357513428
peer_communication_noise_sd,-20%,0.8,2,20262839,0.38955555555555554,0.36199999999999993,0.24844444444444444,0.638,0.6104444444444445,0.5773108186762985,0.3908888888888889,0.6275476530105483,0.08654236090170159,0.9877187024929271,0.10187793341669826,0.5929880597361484,0.55218519449234,0.4355065488815308,0.05680943513345748,4.4285155098703175,0.9004346523695742,10.663111111111112,0.007434967293052593,0.9130499245571237,900,918,1.0,1.02,0.02,0.6339869281045751,0.5509834885597229,0.6372738926312279,0.08278004745022982,9.61194896697998
peer_communication_noise_sd,-20%,0.8,3,20263848,0.39844444444444443,0.3477777777777778,0.25377777777777777,0.6522222222222221,0.6015555555555556,0.5914548180620243,0.43200000000000005,0.647887153738131,0.07639543860774092,0.9897721171037307,0.09745058190971648,0.5919791061490005,0.5654492330551147,0.43645472407341,0.056491620111731845,4.413359553443061,0.9129242001611927,10.563555555555556,0.007455991205945647,0.911108109647395,900,913,1.0,1.0144444444444445,0.014444444444444444,0.6352683461117196,0.5510573387145996,0.6570028990132482,0.07304061133343076,10.184388875961304
peer_communication_noise_sd,-20%,0.8,4,20264857,0.39199999999999996,0.35355555555555557,0.2544444444444444,0.6464444444444445,0.6080000000000001,0.5842605378110634,0.40800000000000003,0.6382392142651859,0.08420996077226928,0.9913182645633857,0.10046075886871268,0.5920058424277369,0.5592266297340394,0.43233816623687743,0.05693109869646183,4.4057657726605735,0.9105007127169826,10.648888888888889,0.008166843553240714,0.9096506591426546,900,918,1.0,1.02,0.02,0.6154684095860566,0.5459277629852295,0.6476297231005999,0.08049112896396782,10.32569146156311
peer_communication_noise_sd,-20%,0.8,5,20265866,0.3977777777777778,0.35488888888888886,0.24733333333333335,0.6451111111111111,0.6022222222222222,0.5847211688957097,0.4122222222222222,0.6403772076722244,0.0834400000515501,0.9902828586698795,0.10002765744427208,0.593348725119381,0.5613109111785889,0.4325996649265289,0.05677715704531348,4.3964902727339,0.9108716145702561,10.503555555555556,0.007111080707986942,0.9127811078027241,900,916,1.0,1.0177777777777777,0.017777777777777778,0.6124454148471615,0.5463204383850098,0.6496090474485887,0.07982667332138593,10.366443157196045
peer_communication_noise_sd,-20%,0.8,6,20266875,0.40955555555555556,0.3575555555555555,0.23288888888888892,0.6424444444444444,0.5904444444444444,0.5892753732184669,0.43844444444444447,0.6475821777402574,0.08362057936482603,0.9905516862813611,0.10169608133535825,0.5938886352363428,0.5641213464736938,0.43674562573432923,0.056469273743016773,4.414604621940189,0.9128074565698329,10.611555555555556,0.007813574257644047,0.9127951084967072,900,910,1.0,1.011111111111111,0.011111111111111112,0.656043956043956,0.550755500793457,0.656745725416406,0.08016969644625571,10.426390886306763
peer_communication_noise_sd,-20%,0.8,7,20267884,0.4068888888888889,0.3475555555555555,0.24555555555555553,0.6524444444444444,0.5931111111111111,0.5876098941732805,0.42155555555555557,0.6425663335180408,0.08716502273035641,0.9906584588707159,0.10137116721652342,0.5932880267964494,0.5644595670700073,0.43696796655654907,0.05640968342644321,4.412140905592177,0.9080072271742154,10.661333333333335,0.008389426323466682,0.9117290355236258,900,910,1.0,1.011111111111111,0.011111111111111112,0.6329670329670329,0.5503920912742615,0.6518213693539833,0.08340873455773079,10.449905395507812
peer_communication_noise_sd,-20%,0.8,8,20268893,0.40488888888888885,0.3531111111111111,0.24200000000000002,0.6468888888888888,0.5951111111111111,0.5881901285588493,0.4331111111111111,0.6448341919235081,0.08511651799936377,0.9896371130114916,0.10320770228061786,0.5925003386210195,0.5630447721481323,0.43432034492492677,0.056861576660459344,4.420605245166354,0.9110954650869316,10.70088888888889,0.008822759714179985,0.9148628309667842,900,917,1.0,1.018888888888889,0.01888888888888889,0.6150490730643402,0.5488340258598328,0.6540879083821233,0.0815819564705913,10.235848188400269
peer_communication_noise_sd,-20%,0.8,9,20269902,0.3913333333333333,0.3595555555555556,0.24911111111111112,0.6404444444444444,0.6086666666666667,0.5915510145887969,0.43244444444444446,0.6495593904679912,0.07525310582136253,0.9880570047781128,0.09751854384512387,0.5934112495612781,0.5650643396377564,0.4331324803829193,0.05746492861576662,4.455205509662628,0.9041345724880216,10.764888888888889,0.008198813753686607,0.9179459094821277,900,929,1.0,1.0322222222222222,0.03222222222222222,0.6146393972012917,0.5498554706573486,0.6587156082739151,0.07201765169456587,10.975525617599487
peer_communication_noise_sd,-20%,0.8,10,20270911,0.3808888888888889,0.3731111111111111,0.24600000000000002,0.6268888888888889,0.6191111111111112,0.5768613072090711,0.39422222222222225,0.6294552266300039,0.07506267730107093,0.9869775840108553,0.10079770859788273,0.5946442237808282,0.552796700000763,0.43758737921714785,0.05665797641216637,4.437895465373993,0.9131431467496782,10.69688888888889,0.006232541784069844,0.9107116527985564,900,913,1.0,1.0144444444444445,0.014444444444444444,0.6451259583789705,0.5546082854270935,0.6388974661325452,0.07176616735172514,10.21848440170288
peer_communication_noise_sd,-20%,0.8,11,20271920,0.4055555555555555,0.3506666666666667,0.2437777777777778,0.6493333333333333,0.5944444444444446,0.5967338475602445,0.4528888888888889,0.6530110341641442,0.08286730826123534,0.9885265960377874,0.09931813967760775,0.5934283861839472,0.5680703258514405,0.4335554814338684,0.05711235257603973,4.432196418285369,0.9165631020140593,10.691999999999998,0.008498278359352742,0.9145940983463717,900,923,1.0,1.0255555555555556,0.025555555555555557,0.6262188515709642,0.5484080910682678,0.6621591368445499,0.07943753907706075,10.287070751190186
peer_communication_noise_sd,-20%,0.8,12,20272929,0.39399999999999996,0.3468888888888889,0.2591111111111111,0.653111111111111,0.6060000000000001,0.5962642897694194,0.45399999999999996,0.6537068548398889,0.07581903046011519,0.9874807891146995,0.09748346295251853,0.5943231126810296,0.5695127534866333,0.4339403915405273,0.05714711359404097,4.438875352435642,0.9107157081633739,10.820444444444448,0.00785848999601462,0.9129118164526376,900,922,1.0,1.0244444444444445,0.024444444444444446,0.6247288503253796,0.5489266514778137,0.6627129121175354,0.07256695356453013,10.440383434295654
peer_communication_noise_sd,-20%,0.8,13,20273938,0.38888888888888884,0.37066666666666664,0.24044444444444443,0.6293333333333334,0.6111111111111112,0.5885135723484659,0.42066666666666663,0.6473267714882859,0.08029222712113153,0.9907976546014831,0.09781285684605795,0.5943517445348481,0.5650272440910339,0.4384569454193115,0.05681440099317195,4.458986299885645,0.9110680131700459,10.767111111111113,0.008194083251570896,0.9108957041816724,900,917,1.0,1.018888888888889,0.01888888888888889,0.6663031624863686,0.5540245175361633,0.6566221673626222,0.07675521004781394,10.140941619873047
peer_communication_noise_sd,-20%,0.8,14,20274947,0.39511111111111114,0.34288888888888885,0.262,0.6571111111111111,0.6048888888888889,0.5955748860514332,0.449111111111111,0.6530337371464564,0.08038473250304948,0.9899330930160543,0.09727156727413341,0.5932657848298463,0.5669747233390808,0.43035233855247496,0.05729857231533209,4.413807064745161,0.9113835378750887,10.764444444444443,0.007869968064858353,0.9153292972771047,900,925,1.0,1.0277777777777777,0.027777777777777776,0.6,0.544682502746582,0.6621491439081041,0.07707317180299866,10.61951994895935
peer_communication_noise_sd,-20%,0.8,15,20275956,0.3977777777777778,0.3559999999999999,0.24622222222222223,0.6439999999999999,0.6022222222222222,0.5871394262364438,0.4184444444444445,0.6427926124603417,0.07577161766838299,0.9866808432594744,0.09945067332795741,0.5923419288212679,0.5625673604011535,0.43479796886444094,0.05688888888888889,4.4275712289810185,0.9135380226959947,10.637333333333334,0.007241576084938225,0.912616623236513,900,917,1.0,1.018888888888889,0.01888888888888889,0.6303162486368593,0.5505538582801819,0.6518904529291677,0.07251313620479016,10.541266679763794
peer_communication_noise_sd,-20%,0.8,16,20276965,0.3802222222222222,0.37822222222222224,0.24155555555555555,0.6217777777777778,0.6197777777777778,0.5890588923051753,0.41555555555555557,0.6471792287419672,0.07916985387379621,0.9896922416561701,0.0993693805858999,0.5949841478113058,0.5656311964988708,0.4321816837787628,0.05708007448789571,4.415599552525414,0.9006406899245849,10.657777777777778,0.0072872037488608985,0.9088266606771636,900,923,1.0,1.0255555555555556,0.025555555555555557,0.6262188515709642,0.54668790102005,0.6561940181415002,0.07599071248798683,10.19228196144104
peer_communication_noise_sd,-20%,0.8,17,20277974,0.39422222222222225,0.35977777777777775,0.24600000000000002,0.6402222222222222,0.6057777777777777,0.5817625895192318,0.4064444444444444,0.6367244493355871,0.07504309246070798,0.9876559186675903,0.09676956896184669,0.5943586548179912,0.5582437634468078,0.4327708649635315,0.05675977653631285,4.396909731176164,0.9108036356915136,10.590666666666666,0.006595227067476082,0.9173601563940127,900,915,1.0,1.0166666666666666,0.016666666666666666,0.639344262295082,0.5481071472167969,0.6459476013816123,0.07174542862848043,9.894778490066528
peer_communication_noise_sd,-20%,0.8,18,20278983,0.41355555555555557,0.35666666666666663,0.22977777777777778,0.6433333333333333,0.5864444444444444,0.5921390719913081,0.4406666666666667,0.6501852327315437,0.0847882910089818,0.9892365998480129,0.10183215789961114,0.5922667291159336,0.5664520406723023,0.43652297258377076,0.05662321539416512,4.424286065790388,0.9169401281677826,10.591555555555555,0.007846168645015271,0.9117353998679719,900,915,1.0,1.0166666666666666,0.016666666666666666,0.6437158469945355,0.5513353943824768,0.659318755732842,0.0812532655637761,9.898843765258789
peer_communication_noise_sd,-20%,0.8,19,20279992,0.39822222222222214,0.3471111111111111,0.25466666666666665,0.6528888888888887,0.6017777777777779,0.5852107408677848,0.41444444444444445,0.6414780277610395,0.08486239810769955,0.9907755877213005,0.1034417121401053,0.5930536097961364,0.5605393147468567,0.4352081108093262,0.05700062073246432,4.440426787058512,0.9193771084864246,10.604,0.0076956386486050484,0.9147021966600078,900,919,1.0,1.021111111111111,0.021111111111111112,0.6376496191512514,0.5502431392669678,0.650710082906951,0.08124714774924757,9.777199268341064
peer_communication_noise_sd,+20%,1.2,0,20260821,0.4,0.35711111111111116,0.24288888888888888,0.642888888888889,0.6,0.590869856780766,0.42466666666666664,0.6477794517906674,0.08528425564710389,0.9898113259809241,0.10023908306246973,0.5935831629547011,0.5649882435798645,0.43918564677238464,0.05675977653631285,4.46203389178382,0.9168946776525256,10.680888888888887,0.009001045962743542,0.9140966130400551,900,916,1.0,1.0177777777777777,0.017777777777777778,0.6648471615720524,0.5542529225349426,0.6571117729700731,0.08141181563845934,9.673696994781494
peer_communication_noise_sd,+20%,1.2,1,20261830,0.40333333333333343,0.344,0.25266666666666665,0.6559999999999999,0.5966666666666666,0.6059871854093835,0.48555555555555563,0.6652538210560963,0.0835582378397834,0.989797031043585,0.09819135180750858,0.5954950324021213,0.5777837824821472,0.4400828957557678,0.05691868404717568,4.4836945953898955,0.918725473293381,10.532,0.008967980633677155,0.9122998879002018,900,918,1.0,1.02,0.02,0.6601307189542484,0.5549401044845581,0.6743791591060434,0.07990563820378971,9.903831243515015
peer_communication_noise_sd,+20%,1.2,2,20262839,0.37999999999999995,0.3562222222222222,0.2637777777777778,0.6437777777777778,0.6200000000000001,0.5779965642121715,0.3940000000000001,0.6277325705307916,0.08633993923354788,0.9888001066289742,0.10076666575516473,0.5939785499286946,0.551287362575531,0.4349533259868622,0.057082557417752956,4.444194833702512,0.9240098354789262,10.710222222222221,0.007393022745227604,0.9130499245571237,900,921,1.0,1.0233333333333334,0.023333333333333334,0.6221498371335505,0.5509834885597229,0.6374541510766605,0.08249382391883353,9.681647777557373
peer_communication_noise_sd,+20%,1.2,3,20263848,0.4059999999999999,0.34711111111111115,0.24688888888888885,0.652888888888889,0.594,0.5901443797947834,0.4315555555555555,0.6488824921466214,0.07613037390439596,0.9885910998132071,0.09852897641869905,0.5943643108745023,0.5658831524848938,0.43573989272117614,0.0569360645561763,4.440846829043494,0.9185379374135233,10.671111111111111,0.008213941488616337,0.911108109647395,900,919,1.0,1.021111111111111,0.021111111111111112,0.6300326441784548,0.5510573387145996,0.6580527899214346,0.07294596833600098,9.808753252029419
peer_communication_noise_sd,+20%,1.2,4,20264857,0.4115555555555555,0.3393333333333333,0.24911111111111112,0.6606666666666666,0.5884444444444444,0.5855586797621378,0.4164444444444444,0.638649881944804,0.08403973072504332,0.9919835638198694,0.10115303278154318,0.5935196029715887,0.5594574499130249,0.43190887093544006,0.057094972067039104,4.414092931429545,0.9238531485073568,10.670666666666666,0.00790546591014811,0.9096506591426546,900,920,1.0,1.0222222222222221,0.022222222222222223,0.6217391304347826,0.5459277629852295,0.648014605593945,0.080305088713857,9.836697578430176
peer_communication_noise_sd,+20%,1.2,5,20265866,0.4006666666666666,0.34777777777777774,0.25155555555555553,0.6522222222222221,0.5993333333333334,0.5881326511323927,0.4264444444444444,0.6419815940755909,0.08336679155796803,0.9903524445100932,0.09999500728780696,0.5936051951186304,0.561307008266449,0.4324741148948669,0.05681191806331471,4.397909059736464,0.9166533736340667,10.571111111111112,0.00807699168912986,0.9127811078027241,900,917,1.0,1.018888888888889,0.01888888888888889,0.6106870229007634,0.5463204383850098,0.6512764359382375,0.0797477050236215,10.30454969406128
peer_communication_noise_sd,+20%,1.2,6,20266875,0.41577777777777775,0.34822222222222216,0.236,0.6517777777777778,0.5842222222222222,0.5881852271202817,0.4186666666666667,0.6480952308012435,0.08385437819256097,0.9914472034770558,0.10133155699197531,0.5951731727780577,0.5647315526008606,0.4367095971107483,0.05675729360645563,4.436693782859378,0.9063468650682769,10.649777777777777,0.008868871114907502,0.9127951084967072,900,917,1.0,1.018888888888889,0.01888888888888889,0.648854961832061,0.550755500793457,0.6573852815038074,0.08038417793670849,10.337495803833008
peer_communication_noise_sd,+20%,1.2,7,20267884,0.4015555555555555,0.36666666666666664,0.2317777777777778,0.6333333333333333,0.5984444444444444,0.5882334943587133,0.43222222222222223,0.6428992136439894,0.08748783125085619,0.9908606180500606,0.10236522222720261,0.593303418190682,0.5624342584609985,0.43540340662002563,0.05698820608317815,4.441449281639523,0.9033635521150956,10.604444444444443,0.008269059361714008,0.9117290355236258,900,920,1.0,1.0222222222222221,0.022222222222222223,0.6380434782608696,0.5503920912742615,0.652202260479466,0.08375883006650353,10.542073488235474
peer_communication_noise_sd,+20%,1.2,8,20268893,0.3931111111111111,0.3622222222222223,0.2446666666666667,0.6377777777777778,0.6068888888888889,0.5892738801265683,0.4231111111111111,0.6458485049338324,0.08415876587623902,0.9888172701841225,0.09957953799795856,0.5950333270141843,0.5641469097137451,0.4351882565021515,0.05658348851644941,4.407731620311737,0.9197467508893336,10.54711111111111,0.00893512135736256,0.9148628309667842,900,913,1.0,1.0144444444444445,0.014444444444444444,0.6122672508214677,0.5488340258598328,0.6552762698752674,0.08049961169983688,10.274796962738037
peer_communication_noise_sd,+20%,1.2,9,20269902,0.39866666666666667,0.3493333333333333,0.252,0.6506666666666666,0.6013333333333333,0.5921836316541613,0.43933333333333335,0.6501426635659133,0.07537468014846031,0.9886819387546276,0.09914773722509014,0.591739898185454,0.5648310136795044,0.43407134056091307,0.057144630664183745,4.440032608509064,0.912447168604495,10.675999999999998,0.00823902849308112,0.9179459094821277,900,921,1.0,1.0233333333333334,0.023333333333333334,0.6145494028230185,0.5498554706573486,0.6593045461023025,0.07219505106450264,10.422507286071777
peer_communication_noise_sd,+20%,1.2,10,20270911,0.4062222222222222,0.36311111111111116,0.23066666666666666,0.6368888888888888,0.5937777777777778,0.5770497876681915,0.3931111111111111,0.630015853948524,0.07508140225960651,0.9874258771476668,0.1003900810455589,0.5941162987356751,0.5524735307693481,0.437683641910553,0.056876474239602744,4.455961722850799,0.9154791105505115,10.81688888888889,0.007029108059447531,0.9107116527985564,900,917,1.0,1.018888888888889,0.01888888888888889,0.6412213740458015,0.5546082854270935,0.6395267714039483,0.07193243394665849,10.176212549209595
peer_communication_noise_sd,+20%,1.2,11,20271920,0.38888888888888884,0.3595555555555556,0.25155555555555553,0.6404444444444444,0.6111111111111112,0.5942388285790581,0.4302222222222222,0.6533853837924162,0.08344601467919643,0.988812459408853,0.0985775490969502,0.5930084217070175,0.5675467133522034,0.4343146240711212,0.05695592799503414,4.427847098933326,0.9093279534515551,10.726666666666667,0.008827569545203187,0.9145940983463717,900,919,1.0,1.021111111111111,0.021111111111111112,0.6398258977149075,0.5484080910682678,0.6625972178260778,0.07996952438780491,10.222742080688477
peer_communication_noise_sd,+20%,1.2,12,20272929,0.40511111111111114,0.34555555555555556,0.2493333333333333,0.6544444444444444,0.5948888888888889,0.5962827589186014,0.4506666666666666,0.6545520818539647,0.07618423655941733,0.9875689893828811,0.0973200286448197,0.5944598041013576,0.5688432431221009,0.43354906916618347,0.05738299193047797,4.453126595762041,0.9121282532696369,10.703999999999999,0.008573548214047716,0.9129118164526376,900,927,1.0,1.03,0.03,0.6138079827400216,0.5489266514778137,0.6636907575970569,0.0729516494419078,10.540659427642822
peer_communication_noise_sd,+20%,1.2,13,20273938,0.39022222222222225,0.36177777777777786,0.248,0.6382222222222222,0.6097777777777778,0.5923196711647748,0.4415555555555556,0.648033787889299,0.0803431678819557,0.9910260946673967,0.10008299338801656,0.5927728511536896,0.5656575298309326,0.4379840552806854,0.057010552451893244,4.469453130775028,0.9134349982181308,10.723111111111109,0.007720952329157178,0.9108957041816724,900,921,1.0,1.0233333333333334,0.023333333333333334,0.6503800217155266,0.5540245175361633,0.6573071683447439,0.07687310730488117,10.267200946807861
peer_communication_noise_sd,+20%,1.2,14,20274947,0.39866666666666667,0.3531111111111111,0.2482222222222222,0.6468888888888888,0.6013333333333333,0.5943123391609851,0.4351111111111111,0.6539060418899212,0.08035637402629842,0.9900259881056579,0.09620462445119841,0.5934148226201746,0.5672511863708496,0.43143612027168277,0.0567796399751707,4.384905365096198,0.9115364398369026,10.695111111111112,0.008875388580891605,0.9153292972771047,900,915,1.0,1.0166666666666666,0.016666666666666666,0.6098360655737705,0.544682502746582,0.6629795079938681,0.07710548215729607,10.293755769729614
peer_communication_noise_sd,+20%,1.2,15,20275956,0.40955555555555556,0.3464444444444444,0.244,0.6535555555555556,0.5904444444444444,0.5874627128845608,0.4175555555555555,0.6429871467099619,0.07552950833632872,0.9868787497414984,0.09914538510745491,0.5922228864198295,0.562449734210968,0.43604591250419616,0.05667039106145252,4.423134604030185,0.9089899908804125,10.56622222222222,0.007990771430582412,0.912616623236513,900,915,1.0,1.0166666666666666,0.016666666666666666,0.6382513661202186,0.5505538582801819,0.652257705458707,0.07233657121135617,10.213346004486084
peer_communication_noise_sd,+20%,1.2,16,20276965,0.40355555555555556,0.3557777777777778,0.24066666666666667,0.6442222222222221,0.5964444444444444,0.5884651046960887,0.42266666666666663,0.6473944167514558,0.07945153694918512,0.9893300514220585,0.10050155502187645,0.5926968926457391,0.5653819942474365,0.43294252634048463,0.05681936685288641,4.403250976085664,0.9085003154128395,10.782222222222222,0.008179248065463513,0.9088266606771636,900,917,1.0,1.018888888888889,0.01888888888888889,0.6335877862595419,0.54668790102005,0.6565243952188706,0.0762967669167145,10.167520761489868
peer_communication_noise_sd,+20%,1.2,17,20277974,0.3742222222222222,0.3837777777777778,0.242,0.6162222222222222,0.6257777777777779,0.5830478870979285,0.41222222222222227,0.6376717507131532,0.07480842054845768,0.9869101644737275,0.0975106811073341,0.5944938162938584,0.5581221055984497,0.4316216599941254,0.05727374301675978,4.424894280751547,0.9051862098370391,10.750222222222224,0.0064340365890865345,0.9173601563940127,900,926,1.0,1.028888888888889,0.028888888888888888,0.6274298056155507,0.5481071472167969,0.6469353227494563,0.07156426114318348,9.80604362487793
peer_communication_noise_sd,+20%,1.2,18,20278983,0.40555555555555556,0.35577777777777775,0.23866666666666667,0.6442222222222221,0.5944444444444444,0.5921073542879317,0.43733333333333335,0.6505381631177807,0.08507383942558935,0.9891558033758305,0.10109900551005342,0.5938579155717243,0.5665042853355408,0.4358057117462158,0.05720422098075729,4.462421956592135,0.9108059214827773,10.605777777777778,0.008548410451902935,0.9117353998679719,900,923,1.0,1.0255555555555556,0.025555555555555557,0.6435536294691224,0.5513353943824768,0.6598109942986546,0.08152187938065136,10.054039239883423
peer_communication_noise_sd,+20%,1.2,19,20279992,0.408,0.3386666666666667,0.2533333333333333,0.6613333333333334,0.592,0.5887280058811672,0.4268888888888889,0.6420946160300859,0.08484836658321875,0.9902315582641957,0.10075936107746707,0.5935579473641674,0.5601787757873535,0.43507094502449034,0.05711235257603973,4.447740856117672,0.9267003176153303,10.752,0.008554433218607964,0.9147021966600078,900,921,1.0,1.0233333333333334,0.023333333333333334,0.6373507057546145,0.5502431392669678,0.6515485163185961,0.08127539163998487,9.609806537628174
peer_max_transfer_efficiency,-20%,0.8,0,20260821,0.37577777777777777,0.3768888888888889,0.24733333333333335,0.6231111111111111,0.6242222222222222,0.5877387028485568,0.43133333333333335,0.6446679777393792,0.08723990017479913,0.9904279673438832,0.10307684293051964,0.5946238671958054,0.5632039928436279,0.4376110339164734,0.05663811297330851,4.43655754576789,0.9117596856646014,10.654222222222222,0.00623115256701059,0.9140966130400551,900,914,1.0,1.0155555555555555,0.015555555555555555,0.6433260393873085,0.5542529225349426,0.6537202893558589,0.08355852738416059,9.754917621612549
peer_max_transfer_efficiency,-20%,0.8,1,20261830,0.4017777777777778,0.35488888888888886,0.24333333333333335,0.6451111111111111,0.5982222222222222,0.6014398672018004,0.46044444444444443,0.6614453299917525,0.08533358858201906,0.9915974147671167,0.09941663493376666,0.592295428827966,0.5750916314125061,0.43787481665611266,0.05704283054003725,4.470951270474328,0.9086812504335497,10.527111111111113,0.006719744921346253,0.9122998879002018,900,920,1.0,1.0222222222222221,0.022222222222222223,0.6402173913043478,0.5549401044845581,0.6703677660842421,0.08177536868627122,9.910893201828003
peer_max_transfer_efficiency,-20%,0.8,2,20262839,0.3733333333333333,0.3813333333333333,0.24533333333333335,0.6186666666666667,0.6266666666666667,0.573587147099534,0.3822222222222223,0.6256241918045772,0.08763299415911277,0.988397328510423,0.10366302550980673,0.5925484555238038,0.5505595993995667,0.4336183774471283,0.05687895716945996,4.4147681549919975,0.8998994021632621,10.705333333333334,0.005777761004341868,0.9130499245571237,900,917,1.0,1.018888888888889,0.01888888888888889,0.6226826608505998,0.5509834885597229,0.6350563451790038,0.08388448791175551,9.64600944519043
peer_max_transfer_efficiency,-20%,0.8,3,20263848,0.3884444444444444,0.3586666666666666,0.2528888888888889,0.6413333333333334,0.6115555555555555,0.5888068615540974,0.4308888888888889,0.6454845517536703,0.07748015531566108,0.9906653670329151,0.09813209510506753,0.5940361328034595,0.5635809183120728,0.43443148612976074,0.056918684047175684,4.426130096594492,0.9003675162447319,10.748888888888889,0.0057507378184990625,0.911108109647395,900,918,1.0,1.02,0.02,0.6187363834422658,0.5510573387145996,0.6544404988119102,0.07417619679617338,9.684772968292236
peer_max_transfer_efficiency,-20%,0.8,4,20264857,0.3888888888888888,0.3577777777777777,0.2533333333333333,0.6422222222222221,0.6111111111111112,0.5820610556647839,0.4093333333333334,0.6356408952826788,0.08570868361849197,0.99265679827143,0.10478659985955195,0.594636587151975,0.5568393254280091,0.43009494662284853,0.05699813780260708,4.3880687296655445,0.9137911872292334,10.66,0.005890986738977928,0.9096506591426546,900,919,1.0,1.021111111111111,0.021111111111111112,0.6104461371055495,0.5459277629852295,0.6449183028691501,0.08202649492459302,10.02481484413147
peer_max_transfer_efficiency,-20%,0.8,5,20265866,0.3906666666666666,0.36422222222222217,0.24511111111111114,0.6357777777777778,0.6093333333333334,0.5818024330008241,0.40511111111111114,0.6384232786333441,0.0850578304412075,0.9912308694398333,0.10259150285204846,0.5935255918796146,0.5590155553817749,0.4304056894779205,0.0570552451893234,4.395625923474629,0.9095201344708821,10.659555555555555,0.006095972357901396,0.9127811078027241,900,921,1.0,1.0233333333333334,0.023333333333333334,0.5982627578718784,0.5463204383850098,0.6475158402401168,0.08149068261210735,9.909327507019043
peer_max_transfer_efficiency,-20%,0.8,6,20266875,0.37222222222222223,0.3737777777777777,0.25399999999999995,0.6262222222222222,0.6277777777777778,0.5890312187776683,0.4282222222222222,0.6451591187508191,0.08512145285425739,0.9918946529340461,0.10118975060502639,0.5945502769325549,0.5625419759750366,0.434854724407196,0.056769708255741784,4.418803497685326,0.9065794466938594,10.624444444444443,0.0061661380545797295,0.9127951084967072,900,916,1.0,1.0177777777777777,0.017777777777777778,0.6430131004366813,0.550755500793457,0.6542056463834665,0.0816731167239102,9.889575481414795
peer_max_transfer_efficiency,-20%,0.8,7,20267884,0.37822222222222224,0.3688888888888889,0.2528888888888889,0.6311111111111111,0.6217777777777778,0.5849870276843171,0.41488888888888886,0.6400116491903796,0.08903345193748724,0.9914321867792989,0.10482366345913388,0.5930199647641373,0.5613672423362732,0.43452994465827943,0.05674736188702669,4.413842615498437,0.9106989035166387,10.737777777777778,0.006154822253432213,0.9117290355236258,900,915,1.0,1.0166666666666666,0.016666666666666666,0.6284153005464481,0.5503920912742615,0.6491078668502216,0.08531314060440764,10.038224220275879
peer_max_transfer_efficiency,-20%,0.8,8,20268893,0.3855555555555556,0.34577777777777774,0.2686666666666666,0.6542222222222221,0.6144444444444445,0.5881101318591917,0.42911111111111105,0.6422923213543027,0.08638997840069988,0.9906722409229763,0.10005343933080728,0.5922161984153447,0.5619859457015991,0.4332570576667786,0.056794537554314094,4.40452356227239,0.9095448314624303,10.640444444444443,0.006001812730272646,0.9148628309667842,900,917,1.0,1.018888888888889,0.01888888888888889,0.6117775354416576,0.5488340258598328,0.6515042626916976,0.08272694876219999,10.329504251480103
peer_max_transfer_efficiency,-20%,0.8,9,20269902,0.39333333333333337,0.35577777777777775,0.2508888888888889,0.6442222222222224,0.6066666666666667,0.5882477412947411,0.424,0.6471850726250463,0.07637308628282607,0.9892277089789521,0.09780314042000107,0.5946414990793795,0.5631301498413086,0.43279671907424927,0.057040347610180016,4.418892653783162,0.9142480130700683,10.70711111111111,0.005463277587948582,0.9179459094821277,900,921,1.0,1.0233333333333334,0.023333333333333334,0.6123778501628665,0.5498554706573486,0.6561502342142935,0.07328078631001689,10.217362880706787
peer_max_transfer_efficiency,-20%,0.8,10,20270911,0.3662222222222222,0.3864444444444445,0.24733333333333335,0.6135555555555555,0.6337777777777778,0.5750141529180556,0.3906666666666667,0.6274174918278217,0.07642036966411936,0.9881521007220718,0.10027628962770072,0.5934740065728289,0.5507552552223206,0.43543979406356814,0.05720918684047176,4.459068469948239,0.91042024124106,10.694222222222223,0.004887459960568852,0.9107116527985564,900,923,1.0,1.0255555555555556,0.025555555555555557,0.6338028169014085,0.5546082854270935,0.6368125891613233,0.07320469702158072,10.724431991577148
peer_max_transfer_efficiency,-20%,0.8,11,20271920,0.39755555555555555,0.36422222222222217,0.23822222222222222,0.6357777777777778,0.6024444444444444,0.5910406424496643,0.44355555555555554,0.649830822000318,0.08523901249444879,0.9910890863791111,0.10308828918449855,0.5937613354099135,0.5657356905937195,0.43214992761611937,0.056983240223463696,4.407879676236047,0.9048775603461418,10.723111111111109,0.006638317297598807,0.9145940983463717,900,919,1.0,1.021111111111111,0.021111111111111112,0.6180631120783461,0.5484080910682678,0.6588374527908268,0.08171485672881018,10.301308631896973
peer_max_transfer_efficiency,-20%,0.8,12,20272929,0.39688888888888885,0.3593333333333334,0.24377777777777773,0.6406666666666666,0.6031111111111112,0.5918318221043304,0.428,0.651070500785916,0.07775001027664401,0.9896910478586379,0.09743219435233104,0.5921439848780099,0.5681703162193298,0.4332954227924347,0.056901303538175046,4.413192333168454,0.9207174717677507,10.683555555555554,0.006256152255989518,0.9129118164526376,900,919,1.0,1.021111111111111,0.021111111111111112,0.6115342763873776,0.5489266514778137,0.6599679464119542,0.07447289554451508,11.194589376449585
peer_max_transfer_efficiency,-20%,0.8,13,20273938,0.3871111111111111,0.35311111111111115,0.2597777777777778,0.6468888888888888,0.6128888888888889,0.5889538167592216,0.4279999999999999,0.6447147696908394,0.08171078883440167,0.9918883582390646,0.09947331044550063,0.5925883155803484,0.5635711002349854,0.43629674792289735,0.05705772811918064,4.4559453129238555,0.9139643034858712,10.721777777777778,0.0056698666368927885,0.9108957041816724,900,921,1.0,1.0233333333333334,0.023333333333333334,0.6503800217155266,0.5540245175361633,0.653775369442153,0.07828641143741577,10.578972339630127
peer_max_transfer_efficiency,-20%,0.8,14,20274947,0.3915555555555555,0.3575555555555555,0.2508888888888889,0.6424444444444444,0.6084444444444445,0.5914392240915658,0.4384444444444444,0.6511693839403061,0.08132094746710784,0.9912989549074522,0.0996573248697037,0.5932399275289797,0.5655962800979615,0.42955620646476744,0.05691620111731844,4.376272414313422,0.9051138086512114,10.773333333333333,0.006038728335657679,0.9153292972771047,900,919,1.0,1.021111111111111,0.021111111111111112,0.5941240478781284,0.544682502746582,0.6600950717067039,0.07818658884159513,10.284994840621948
peer_max_transfer_efficiency,-20%,0.8,15,20275956,0.3804444444444444,0.3537777777777778,0.2657777777777778,0.6462222222222223,0.6195555555555555,0.5865658581656369,0.4211111111111112,0.6408724930734592,0.07633207492067445,0.9874976943543678,0.09983889417482336,0.5931590939206246,0.5607611393928528,0.4341842186450958,0.056581005586592174,4.397392712805006,0.916048924451634,10.569777777777777,0.0058955864940080345,0.912616623236513,900,912,1.0,1.0133333333333334,0.013333333333333334,0.6304824561403509,0.5505538582801819,0.6499684810710876,0.07320177118657512,10.166207313537598
peer_max_transfer_efficiency,-20%,0.8,16,20276965,0.40644444444444444,0.34,0.25355555555555553,0.6599999999999998,0.5935555555555555,0.5887179987047979,0.4235555555555555,0.6447162979059857,0.08037857823094989,0.9904246324035326,0.10018186945802342,0.5948624430919568,0.5654685115814209,0.4319990348815918,0.05672253258845438,4.386214157740275,0.9223444004783806,10.591999999999999,0.006059873180623358,0.9088266606771636,900,914,1.0,1.0155555555555555,0.015555555555555555,0.6258205689277899,0.54668790102005,0.6536496460130053,0.07723709284719904,10.625194311141968
peer_max_transfer_efficiency,-20%,0.8,17,20277974,0.3675555555555556,0.37977777777777777,0.25266666666666665,0.6202222222222222,0.6324444444444445,0.5777967124333298,0.386,0.6343906383779082,0.07649842266920145,0.9876195049315519,0.0976917984719456,0.5943957489266944,0.5562721538543701,0.4307295441627502,0.05700806952203601,4.3953315486907965,0.9106704976755543,10.716444444444443,0.005072120509168546,0.9173601563940127,900,919,1.0,1.021111111111111,0.021111111111111112,0.6213275299238302,0.5481071472167969,0.6435289655680271,0.07313089702784481,10.263894319534302
peer_max_transfer_efficiency,-20%,0.8,18,20278983,0.38199999999999995,0.36866666666666675,0.2493333333333333,0.6313333333333333,0.618,0.589222087129435,0.4342222222222222,0.6472438744663378,0.0871143355904496,0.9907226457595985,0.10192627948541488,0.5944952562532004,0.5650361919403076,0.43589154481887815,0.0565114835505897,4.409193491458892,0.9064694375411626,10.690222222222221,0.006171601417674976,0.9117353998679719,900,913,1.0,1.0144444444444445,0.014444444444444444,0.6407447973713034,0.5513353943824768,0.6563075741808055,0.08349787008756437,10.490623712539673
peer_max_transfer_efficiency,-20%,0.8,19,20279992,0.39399999999999996,0.3604444444444445,0.24555555555555553,0.6395555555555554,0.606,0.5825519031955289,0.40822222222222215,0.6390896186374042,0.0861395794973697,0.9908344434527726,0.10256197284006321,0.5950718285178767,0.5577312064170837,0.4340170872211456,0.056831781502172565,4.415167242103153,0.9103469102365864,10.789777777777779,0.005810492733671124,0.9147021966600078,900,917,1.0,1.018888888888889,0.01888888888888889,0.6346782988004362,0.5502431392669678,0.6482611691070714,0.08262843024280775,10.259740114212036
peer_max_transfer_efficiency,+20%,1.2,0,20260821,0.3973333333333333,0.354,0.24866666666666667,0.6459999999999999,0.6026666666666667,0.5924654424998086,0.44,0.6501207972958172,0.08389766331093519,0.9899445605488638,0.09902226104462229,0.5949468741853822,0.5676143884658813,0.4390451204776764,0.057241464928615766,4.498540653811561,0.9131588261422364,10.841777777777779,0.010103126607304731,0.9140966130400551,900,923,1.0,1.0255555555555556,0.025555555555555557,0.6554712892741061,0.5542529225349426,0.6595252793697246,0.08005632493923387,10.462414026260376
peer_max_transfer_efficiency,+20%,1.2,1,20261830,0.40488888888888885,0.3577777777777778,0.23733333333333334,0.6422222222222221,0.5951111111111111,0.6093185637521428,0.494,0.6683783869487353,0.08145715405597126,0.9875064980530481,0.095029319148338,0.5944900303186201,0.5789698195457459,0.4401842701435089,0.05742768466790814,4.5248164829678,0.9193663350352377,10.744000000000002,0.01126159887697267,0.9122998879002018,900,928,1.0,1.031111111111111,0.03111111111111111,0.646551724137931,0.5549401044845581,0.6777360910552265,0.07778965035750707,10.940323829650879
peer_max_transfer_efficiency,+20%,1.2,2,20262839,0.3808888888888889,0.3566666666666667,0.2624444444444444,0.6433333333333333,0.6191111111111112,0.5795096766232725,0.40222222222222226,0.6302082061374442,0.08466648327464171,0.9874852805418212,0.10212311558815063,0.5947827279404598,0.5528998851776123,0.4362945580482483,0.057042830540037254,4.454789335886637,0.9105051957624839,10.681333333333335,0.009149973491225918,0.9130499245571237,900,921,1.0,1.0233333333333334,0.023333333333333334,0.6351791530944625,0.5509834885597229,0.6400940910072791,0.08081671294483006,10.439465045928955
peer_max_transfer_efficiency,+20%,1.2,3,20263848,0.4077777777777778,0.3306666666666667,0.26155555555555554,0.6693333333333332,0.5922222222222223,0.5934375088149725,0.44400000000000006,0.6508012152388659,0.07436779389461418,0.9884923342849535,0.0952264582463931,0.5932687835423816,0.5679856729507446,0.43693551540374753,0.05713469894475482,4.468516007264456,0.9207784409396038,10.788,0.009535217004062246,0.911108109647395,900,922,1.0,1.0244444444444445,0.024444444444444446,0.6388286334056399,0.5510573387145996,0.6601034351906055,0.07099027389665902,10.226784229278564
peer_max_transfer_efficiency,+20%,1.2,4,20264857,0.41644444444444445,0.34822222222222216,0.2353333333333333,0.6517777777777778,0.5835555555555555,0.5893765356034912,0.428,0.6406492326989129,0.08230318087593752,0.9913669784254615,0.09857715398900158,0.5918212061587258,0.5602558422088623,0.43265373349189756,0.057211669770328995,4.430724730120764,0.9094685076087619,10.793333333333335,0.00998198419235531,0.9096506591426546,900,923,1.0,1.0255555555555556,0.025555555555555557,0.6208017334777898,0.5459277629852295,0.6502461582601777,0.07849450739801189,9.96039628982544
peer_max_transfer_efficiency,+20%,1.2,5,20265866,0.38288888888888883,0.3593333333333333,0.2577777777777778,0.6406666666666666,0.6171111111111112,0.5881041916536327,0.42666666666666664,0.6439053728214786,0.0814694142160122,0.988588201474332,0.09894954824336263,0.5939020678384971,0.5620157384872436,0.43221398115158083,0.057445065176908755,4.444229339175754,0.9040905017588847,10.776444444444444,0.009383155227837127,0.9127811078027241,900,927,1.0,1.03,0.03,0.622437971952535,0.5463204383850098,0.6533947619527207,0.07770641207082596,9.73003888130188
peer_max_transfer_efficiency,+20%,1.2,6,20266875,0.39866666666666667,0.34911111111111104,0.25222222222222224,0.6508888888888889,0.6013333333333333,0.5929223618187681,0.44155555555555553,0.65053931597895,0.08275071075786626,0.9901381846425967,0.0984318624967121,0.5944668342690429,0.5667224049568176,0.437993403673172,0.05671011793916822,4.446054154502021,0.9128720900955165,10.575999999999999,0.009324723368818294,0.9127951084967072,900,916,1.0,1.0177777777777777,0.017777777777777778,0.6561135371179039,0.550755500793457,0.659940181295178,0.0791926431827179,10.111093282699585
peer_max_transfer_efficiency,+20%,1.2,7,20267884,0.3977777777777778,0.36777777777777776,0.23444444444444446,0.6322222222222222,0.6022222222222222,0.5915742127835698,0.4411111111111111,0.6458838055685575,0.08622559168129587,0.9887042800907525,0.09980738120349962,0.5939336282466727,0.5650690937042236,0.437238575220108,0.056806952203600256,4.445988370471531,0.9172171940672458,10.587555555555555,0.010010822911235728,0.9117290355236258,900,916,1.0,1.0177777777777777,0.017777777777777778,0.6430131004366813,0.5503920912742615,0.6553514570075256,0.0824240381368131,9.797775506973267
peer_max_transfer_efficiency,+20%,1.2,8,20268893,0.4046666666666667,0.3382222222222222,0.2571111111111111,0.6617777777777778,0.5953333333333333,0.5921253774024525,0.43888888888888894,0.6479029620112575,0.0829963644021288,0.9878764564604268,0.09851568688995684,0.5961859687058502,0.5656122040748596,0.4345873272418976,0.05741775294847921,4.466591953754425,0.9270054054054053,10.900444444444444,0.009588537549898815,0.9148628309667842,900,925,1.0,1.0277777777777777,0.027777777777777776,0.6216216216216216,0.5488340258598328,0.657502931889686,0.07920726687780211,9.984317541122437
peer_max_transfer_efficiency,+20%,1.2,9,20269902,0.3953333333333333,0.3606666666666667,0.244,0.6393333333333333,0.6046666666666666,0.594397342628477,0.44177777777777777,0.6528076224307147,0.07349621614992671,0.986574037337156,0.09513456706950314,0.593732126647966,0.5665545511245728,0.4349795722961426,0.057278708876474245,4.459736268149482,0.9081840391200103,10.72888888888889,0.009915213450324084,0.9179459094821277,900,924,1.0,1.0266666666666666,0.02666666666666667,0.6168831168831169,0.5498554706573486,0.6621363517384542,0.07029749945221142,9.855070114135742
peer_max_transfer_efficiency,+20%,1.2,10,20270911,0.3915555555555555,0.3595555555555556,0.24888888888888888,0.6404444444444445,0.6084444444444445,0.5797526767559508,0.3940000000000001,0.6311519773190715,0.07440631797541454,0.9855107847452157,0.0980981798652748,0.5925621766536469,0.5524330306053161,0.43787017703056336,0.05698324022346369,4.466196297539605,0.9105401245980973,10.76977777777778,0.0074022741826325214,0.9107116527985564,900,920,1.0,1.0222222222222221,0.022222222222222223,0.6478260869565218,0.5546082854270935,0.6408370265980572,0.07106558960967901,10.367762804031372
peer_max_transfer_efficiency,+20%,1.2,11,20271920,0.3922222222222222,0.3568888888888888,0.2508888888888889,0.6431111111111112,0.6077777777777778,0.594454354334038,0.44355555555555554,0.6554359911721633,0.0823451619616159,0.9883165772304539,0.09657637543444576,0.595303866008462,0.5686405634880066,0.4350856101512909,0.05699317194289262,4.438513821336958,0.9101195488731869,10.632444444444443,0.009898157327570966,0.9145940983463717,900,921,1.0,1.0233333333333334,0.023333333333333334,0.6340933767643865,0.5484080910682678,0.6648021478978962,0.07872861586014346,10.351995706558228
peer_max_transfer_efficiency,+20%,1.2,12,20272929,0.3962222222222222,0.3597777777777778,0.244,0.6402222222222222,0.6037777777777777,0.6000519095511229,0.46044444444444443,0.6570381432307009,0.07436818772337996,0.9845169124513162,0.09495967312992169,0.5935911337562156,0.571321587562561,0.43576102137565614,0.057104903786468035,4.454179249021742,0.910265571352408,10.588,0.010033106733354375,0.9129118164526376,900,923,1.0,1.0255555555555556,0.025555555555555557,0.6316359696641387,0.5489266514778137,0.666366626552119,0.07101472069568593,10.206618547439575
peer_max_transfer_efficiency,+20%,1.2,13,20273938,0.4013333333333333,0.352,0.24666666666666667,0.648,0.5986666666666667,0.5952490655562057,0.4517777777777778,0.6505807423396321,0.07907902487485856,0.9904376540746536,0.09730022874002983,0.5945804078264183,0.5682063102722168,0.43968196868896486,0.05702296710117939,4.48781999874115,0.9185773029370391,10.569777777777777,0.009679094897253066,0.9108957041816724,900,920,1.0,1.0222222222222221,0.022222222222222223,0.6695652173913044,0.5540245175361633,0.6600972593961032,0.07542512722378203,10.479245901107788
peer_max_transfer_efficiency,+20%,1.2,14,20274947,0.39444444444444443,0.3373333333333333,0.26822222222222225,0.6626666666666666,0.6055555555555556,0.5957932149707837,0.4428888888888889,0.6557684351113153,0.07904355163740995,0.9894961662925236,0.09582921974051598,0.5927983674294427,0.5697654247283935,0.43206616163253786,0.057037864680322785,4.41125800201628,0.9184596749134176,10.635555555555554,0.010031847586936149,0.9153292972771047,900,921,1.0,1.0233333333333334,0.023333333333333334,0.6167209554831705,0.544682502746582,0.6651807868515183,0.07570994996535463,10.755429744720459
peer_max_transfer_efficiency,+20%,1.2,15,20275956,0.41088888888888886,0.3500000000000001,0.2391111111111111,0.65,0.5891111111111111,0.5901965242586457,0.43577777777777776,0.645609835789656,0.0738289673416298,0.9864300008982338,0.09658821250299798,0.5910045945088257,0.5644539833068848,0.4363589358329773,0.05693358162631907,4.446936025195652,0.9120860961990569,10.68577777777778,0.009597905836983455,0.912616623236513,900,918,1.0,1.02,0.02,0.6394335511982571,0.5505538582801819,0.6549470534269932,0.07052352582120602,10.210369110107422
peer_max_transfer_efficiency,+20%,1.2,16,20276965,0.4077777777777778,0.32755555555555554,0.26466666666666666,0.6724444444444444,0.5922222222222222,0.5917580561904487,0.4297777777777778,0.6497703988981471,0.07783892572307914,0.9889418241242978,0.09703032248814905,0.5929747109370985,0.567274272441864,0.4325337767601013,0.05739540657976413,4.44366429260042,0.9224034117056571,10.728444444444444,0.009009886645583949,0.9088266606771636,900,927,1.0,1.03,0.03,0.6321467098166127,0.54668790102005,0.6589954593929302,0.07466724101588373,10.069423198699951
peer_max_transfer_efficiency,+20%,1.2,17,20277974,0.3793333333333333,0.3591111111111111,0.26155555555555554,0.6408888888888888,0.6206666666666667,0.5856483412945851,0.41488888888888886,0.6395481021468065,0.0732068900677326,0.9853448457242598,0.09800760810928026,0.5925912543460605,0.5610051321983337,0.43503524661064147,0.05630043451272502,4.384188522073957,0.9125468577728778,10.626222222222223,0.007525404442552866,0.9173601563940127,900,907,1.0,1.0077777777777779,0.0077777777777777776,0.6460859977949284,0.5481071472167969,0.6490131645963759,0.06984196295170064,9.839198112487793
peer_max_transfer_efficiency,+20%,1.2,18,20278983,0.4113333333333333,0.3377777777777778,0.2508888888888889,0.6622222222222222,0.5886666666666668,0.5995203298784645,0.46511111111111114,0.6534133397031344,0.08327871700926069,0.9873815817220357,0.09808813215267735,0.5942496740205881,0.5697013783454895,0.4384642565250397,0.05661576660459342,4.443418723212349,0.916801037583684,10.631555555555556,0.009595510711735021,0.9117353998679719,900,914,1.0,1.0155555555555555,0.015555555555555555,0.6575492341356673,0.5513353943824768,0.6630102648292037,0.07956132805350435,9.906547546386719
peer_max_transfer_efficiency,+20%,1.2,19,20279992,0.4106666666666667,0.35155555555555557,0.23777777777777778,0.6484444444444445,0.5893333333333333,0.5888299171703776,0.4271111111111111,0.6446568887739218,0.08333097566443262,0.9892601612639708,0.10026569204045384,0.5936423516735408,0.5619027256965637,0.4356427562236786,0.05741775294847921,4.477371228482988,0.9045213736493467,10.802666666666667,0.010342482506076096,0.9147021966600078,900,927,1.0,1.03,0.03,0.6353829557713053,0.5502431392669678,0.6542789679723774,0.07962850835844826,10.195091247558594
ai_ambiguity_verification_cost,-20%,0.8,0,20260821,0.37955555555555553,0.3691111111111111,0.25133333333333335,0.6308888888888888,0.6204444444444445,0.5901362603750367,0.4315555555555555,0.6473620359963758,0.08575084973903803,0.9903704241310999,0.10099873509323301,0.59167204932967,0.5647910094261169,0.4385362493991852,0.05681688392302917,4.4599853521453,0.9116783678893902,10.694666666666665,0.007684121967350378,0.9140966130400551,900,917,1.0,1.018888888888889,0.01888888888888889,0.6543075245365322,0.5542529225349426,0.6566034327403562,0.08195720488339098,9.820765256881714
ai_ambiguity_verification_cost,-20%,0.8,1,20261830,0.39488888888888884,0.35244444444444445,0.25266666666666665,0.6475555555555556,0.6051111111111112,0.6056381403464991,0.4813333333333334,0.6646155070277868,0.0837563131529962,0.9897970253741535,0.09976023442017129,0.5923674158947324,0.5776463770866394,0.4406901860237122,0.05661576660459342,4.466001283274757,0.91751245904749,10.576,0.009224854421812496,0.9122998879002018,900,914,1.0,1.0155555555555555,0.015555555555555555,0.650984682713348,0.5549401044845581,0.6737444463884857,0.08005557351916393,9.723741292953491
ai_ambiguity_verification_cost,-20%,0.8,2,20262839,0.3804444444444444,0.3653333333333334,0.25422222222222224,0.6346666666666666,0.6195555555555555,0.5771987156082649,0.3975555555555556,0.6282602885814279,0.08610266020616258,0.9883680962505142,0.10102311255642987,0.5925005100192458,0.5522149300575256,0.4347039234638214,0.05705524518932341,4.439537620226543,0.9150543545232153,10.634222222222222,0.007061945015314102,0.9130499245571237,900,921,1.0,1.0233333333333334,0.023333333333333334,0.6254071661237784,0.5509834885597229,0.6378780503865363,0.0822259527743836,9.66257643699646
ai_ambiguity_verification_cost,-20%,0.8,3,20263848,0.40355555555555556,0.3568888888888889,0.23955555555555552,0.6431111111111112,0.5964444444444443,0.5918987667426655,0.4377777777777777,0.648448778964245,0.07580655580504705,0.9892720061520807,0.09541325225220851,0.5937480344257796,0.5651846837997436,0.4361543333530426,0.05674736188702669,4.430342955006493,0.916034819624302,10.684888888888889,0.008045678999866395,0.911108109647395,900,915,1.0,1.0166666666666666,0.016666666666666666,0.6338797814207651,0.5510573387145996,0.6575919987537644,0.07249666514284359,10.24612808227539
ai_ambiguity_verification_cost,-20%,0.8,4,20264857,0.4131111111111111,0.35422222222222216,0.23266666666666666,0.6457777777777777,0.5868888888888889,0.5863762842845442,0.4224444444444444,0.6387357904950292,0.08387877300180063,0.9919594690630942,0.10204594453387245,0.5959045269272109,0.5598730993270874,0.4321511387825012,0.05703538175046556,4.411936833699544,0.9104082932372043,10.63111111111111,0.008447267776234644,0.9096506591426546,900,921,1.0,1.0233333333333334,0.023333333333333334,0.6134636264929425,0.5459277629852295,0.648222775561107,0.08002718856885904,10.285173416137695
ai_ambiguity_verification_cost,-20%,0.8,5,20265866,0.3926666666666667,0.36199999999999993,0.24533333333333332,0.638,0.6073333333333333,0.5845954570388181,0.41533333333333333,0.6417193328503068,0.08308190167263049,0.9900567954382278,0.10077657842725188,0.5928086319972355,0.5615767073631287,0.43186978220939637,0.05705772811918064,4.410678914388021,0.9134324913443634,10.736,0.00835332553164166,0.9127811078027241,900,922,1.0,1.0244444444444445,0.024444444444444446,0.6127982646420824,0.5463204383850098,0.6510188422904135,0.07937061301206794,10.754332542419434
ai_ambiguity_verification_cost,-20%,0.8,6,20266875,0.392,0.3686666666666667,0.23933333333333334,0.6313333333333333,0.608,0.5895385160727994,0.43044444444444446,0.6479713274759348,0.084016112440219,0.9920765303551817,0.10225547175374274,0.5972649736204867,0.5637471032142639,0.4362634611129761,0.05679702048417133,4.435309051619636,0.9027784830837523,10.542222222222222,0.009073071098918162,0.9127951084967072,900,916,1.0,1.0177777777777777,0.017777777777777778,0.6451965065502183,0.550755500793457,0.6573597898505992,0.08055091659884916,10.753180742263794
ai_ambiguity_verification_cost,-20%,0.8,7,20267884,0.406,0.3506666666666667,0.24333333333333332,0.6493333333333332,0.594,0.5896606056665442,0.434,0.6424548309546325,0.08798278204181044,0.9909935933056788,0.10421431994049513,0.592553879570691,0.5631212711334228,0.43426570534706116,0.05743016759776537,4.464180316183302,0.9057092836180262,10.885777777777776,0.008186497114044443,0.9117290355236258,900,927,1.0,1.03,0.03,0.6235167206040992,0.5503920912742615,0.6517189460872796,0.08434974632834935,10.47436237335205
ai_ambiguity_verification_cost,-20%,0.8,8,20268893,0.39555555555555555,0.366,0.23844444444444446,0.634,0.6044444444444445,0.58925752827189,0.43222222222222223,0.6446636595027597,0.08516631112125925,0.989338582675851,0.10015695046814901,0.5951408955808191,0.5637717986106873,0.4348767912387848,0.056792054624456856,4.42076374387741,0.9129110686173718,10.685777777777778,0.007952558510165065,0.9148628309667842,900,917,1.0,1.018888888888889,0.01888888888888889,0.6215921483097055,0.5488340258598328,0.6540030400409853,0.08141987565052933,11.010704040527344
ai_ambiguity_verification_cost,-20%,0.8,9,20269902,0.3971111111111111,0.36800000000000005,0.2348888888888889,0.632,0.6028888888888889,0.5931109899166855,0.4424444444444445,0.6501684268147062,0.07494092459572363,0.9881132987683406,0.09628013581005765,0.5938401394474823,0.5647307014465333,0.43322271466255186,0.05743265052762261,4.453627773973677,0.9145292658456613,10.809777777777777,0.007845894823253081,0.9179459094821277,900,929,1.0,1.0322222222222222,0.03222222222222222,0.6103336921420882,0.5498554706573486,0.6593342513159831,0.0717946038126911,10.180196762084961
ai_ambiguity_verification_cost,-20%,0.8,10,20270911,0.37266666666666665,0.37422222222222223,0.2531111111111111,0.6257777777777778,0.6273333333333333,0.5770154214820237,0.39333333333333337,0.629928405554268,0.07540716433209377,0.9874062858906758,0.09979076796548338,0.593925713809691,0.5528127384185791,0.43679658651351927,0.05705027932960895,4.4605397398206925,0.9103932232536716,10.657777777777776,0.006237523554446305,0.9107116527985564,900,920,1.0,1.0222222222222221,0.022222222222222223,0.6478260869565218,0.5546082854270935,0.6394334452192475,0.07217372878872053,10.323882579803467
ai_ambiguity_verification_cost,-20%,0.8,11,20271920,0.4082222222222222,0.3586666666666667,0.23311111111111113,0.6413333333333333,0.5917777777777778,0.5938735481002423,0.4484444444444445,0.6525267653372135,0.08368514385322659,0.9886320816987866,0.10016708388562882,0.591883860580777,0.5676236343383789,0.4341135561466217,0.05704283054003725,4.432515655093723,0.9117273575482971,10.667555555555555,0.009393832914639508,0.9145940983463717,900,922,1.0,1.0244444444444445,0.024444444444444446,0.6355748373101953,0.5484080910682678,0.6617131498088142,0.08027428469027154,10.656721115112305
ai_ambiguity_verification_cost,-20%,0.8,12,20272929,0.4008888888888889,0.34800000000000003,0.25111111111111106,0.652,0.5991111111111111,0.5973183001829127,0.45755555555555555,0.654397836492327,0.07572609181895386,0.9870331164016314,0.09595577956358413,0.5945419995452822,0.5704468655586242,0.4349867057800293,0.0567473618870267,4.418405578348372,0.9142459177000468,10.576888888888888,0.008341787446253359,0.9129118164526376,900,916,1.0,1.0177777777777777,0.017777777777777778,0.6233624454148472,0.5489266514778137,0.663488012813474,0.07244716765197112,10.157100677490234
ai_ambiguity_verification_cost,-20%,0.8,13,20273938,0.392,0.35355555555555557,0.2544444444444444,0.6464444444444445,0.608,0.5901303465753683,0.4291111111111111,0.6475474968107199,0.08030550902526738,0.9907066361358138,0.09932921475877439,0.5926147319459634,0.5651236486434936,0.4381034052371979,0.056975791433892004,4.467999339474572,0.9108364208345552,10.682666666666664,0.007551832051344698,0.9108957041816724,900,919,1.0,1.021111111111111,0.021111111111111112,0.661588683351469,0.5540245175361633,0.6568182898857536,0.07683694893743231,10.097757816314697
ai_ambiguity_verification_cost,-20%,0.8,14,20274947,0.38800000000000007,0.3688888888888889,0.2431111111111111,0.6311111111111112,0.612,0.5934755253099112,0.43711111111111106,0.6534743592315091,0.0807034730116182,0.9902977309699904,0.09822661201155448,0.5935240792156169,0.5664558267593384,0.4302994954586029,0.0573854748603352,4.419968194961548,0.905981072450752,10.87466666666667,0.007838780187230509,0.9153292972771047,900,926,1.0,1.028888888888889,0.028888888888888888,0.603671706263499,0.544682502746582,0.662532651098535,0.07731565445616395,10.25481367111206
ai_ambiguity_verification_cost,-20%,0.8,15,20275956,0.3908888888888889,0.3686666666666666,0.24044444444444443,0.6313333333333334,0.6091111111111112,0.5872797911211145,0.42066666666666663,0.6428517676779708,0.07542435136118178,0.9875678923434994,0.09778145919137737,0.5919610958456084,0.5619879865646362,0.43504523873329165,0.05680943513345749,4.423910776403215,0.9151238217958813,10.639555555555555,0.007579325319843008,0.912616623236513,900,916,1.0,1.0177777777777777,0.017777777777777778,0.6353711790393013,0.5505538582801819,0.6519974360279578,0.07218774393553629,9.590436220169067
ai_ambiguity_verification_cost,-20%,0.8,16,20276965,0.3937777777777777,0.3488888888888889,0.25733333333333336,0.6511111111111112,0.6062222222222222,0.5896253551738305,0.4344444444444444,0.6470988273826457,0.07933169562290737,0.9904833346578976,0.09845763666243867,0.5945353380248491,0.5659935307502747,0.4315511465072632,0.05738299193047797,4.432653568585714,0.9094389831719519,10.669333333333334,0.00791486124788544,0.9088266606771636,900,927,1.0,1.03,0.03,0.6235167206040992,0.54668790102005,0.6562041544568231,0.07606261253004609,9.772417545318604
ai_ambiguity_verification_cost,-20%,0.8,17,20277974,0.37888888888888894,0.37822222222222224,0.24288888888888888,0.6217777777777778,0.6211111111111111,0.5832214210621588,0.41266666666666657,0.6369727290350384,0.07470428941332788,0.9866869121543337,0.09684772784879357,0.5944313990368159,0.557477593421936,0.43252494096755983,0.056816883923029186,4.39879221200943,0.9082432488833895,10.657333333333334,0.006535235221447579,0.9173601563940127,900,917,1.0,1.018888888888889,0.01888888888888889,0.6314067611777535,0.5481071472167969,0.6462785272408536,0.07134824495350256,10.248247861862183
ai_ambiguity_verification_cost,-20%,0.8,18,20278983,0.3995555555555555,0.3557777777777778,0.2446666666666667,0.6442222222222221,0.6004444444444443,0.5917656678140105,0.4377777777777777,0.6500925516910405,0.08502679841287054,0.9894836395646405,0.102139080379557,0.592901805249993,0.5667088174819946,0.4362943744659424,0.05681191806331472,4.436777800824908,0.9131152218424259,10.629777777777779,0.00854816405782652,0.9117353998679719,900,916,1.0,1.0177777777777777,0.017777777777777778,0.6473799126637555,0.5513353943824768,0.6593082729056701,0.08143460135545877,9.803489685058594
ai_ambiguity_verification_cost,-20%,0.8,19,20279992,0.38866666666666666,0.36088888888888887,0.25044444444444447,0.6391111111111111,0.6113333333333333,0.5866991298201792,0.4275555555555556,0.6421529371362087,0.08471979007207318,0.9898839559036667,0.10238765570964697,0.5911475343065362,0.5610370469093323,0.4352726352214813,0.05685412787088765,4.429659770382775,0.9143190980458645,10.660444444444444,0.0076489856638038735,0.9147021966600078,900,917,1.0,1.018888888888889,0.01888888888888889,0.6466739367502726,0.5502431392669678,0.651419971402337,0.08118198124924669,9.96738576889038
ai_ambiguity_verification_cost,+20%,1.2,0,20260821,0.3757777777777778,0.3644444444444444,0.2597777777777778,0.6355555555555555,0.6242222222222221,0.5916843262460012,0.44177777777777777,0.6473065329622565,0.08577823957738982,0.9898057043260046,0.09989218759913257,0.5931225139234398,0.5654221606254578,0.43993585467338564,0.05636995654872751,4.439018317487505,0.9187347731187883,10.696,0.008722338716537102,0.9140966130400551,900,910,1.0,1.011111111111111,0.011111111111111112,0.6615384615384615,0.5542529225349426,0.6566638212350061,0.08197172819229848,9.959717750549316
ai_ambiguity_verification_cost,+20%,1.2,1,20261830,0.4073333333333333,0.3417777777777778,0.2508888888888889,0.6582222222222223,0.5926666666666667,0.6033651654518566,0.4693333333333333,0.6647753426490104,0.08346591999461918,0.9904944758748538,0.09652375517794383,0.5937742768071054,0.5777433133125305,0.4400000596046448,0.05697827436374922,4.487539478990766,0.9114030040091015,10.706666666666667,0.008711535301635742,0.9122998879002018,900,919,1.0,1.021111111111111,0.021111111111111112,0.6485310119695321,0.5549401044845581,0.6739573818661027,0.07976970970123953,10.051921367645264
ai_ambiguity_verification_cost,+20%,1.2,2,20262839,0.3906666666666666,0.36044444444444446,0.24888888888888885,0.6395555555555555,0.6093333333333334,0.5777510257435303,0.4017777777777778,0.6277058306854975,0.08652562004103025,0.9883515159647477,0.10430451594832384,0.5934003370540302,0.5516356682777405,0.43483373522758484,0.0571173184357542,4.4456827856699626,0.9156631426021228,10.870666666666667,0.007407358453846131,0.9130499245571237,900,921,1.0,1.0233333333333334,0.023333333333333334,0.6286644951140065,0.5509834885597229,0.6373479370208958,0.08272381577340782,10.545175552368164
ai_ambiguity_verification_cost,+20%,1.2,3,20263848,0.3866666666666667,0.3451111111111112,0.2682222222222222,0.6548888888888889,0.6133333333333334,0.5916693357184496,0.43644444444444447,0.648337140472835,0.07571815851733751,0.98864584151071,0.0985049905825047,0.5965183443660518,0.5665806269645691,0.4363692784309387,0.056734947237740536,4.431572457154592,0.9084901531728665,10.73288888888889,0.007329543541042208,0.911108109647395,900,914,1.0,1.0155555555555555,0.015555555555555555,0.6334792122538293,0.5510573387145996,0.657516003293967,0.0724144006354992,10.94038438796997
ai_ambiguity_verification_cost,+20%,1.2,4,20264857,0.40555555555555556,0.3406666666666667,0.2537777777777778,0.6593333333333333,0.5944444444444444,0.5865358208117135,0.4308888888888888,0.6384411752102632,0.08395157892761315,0.9914963036749588,0.10178627791649611,0.5945473090178369,0.5586803817749023,0.43163677453994753,0.05729608938547487,4.4267827111879985,0.9147550096438887,10.764888888888889,0.008130713487013217,0.9096506591426546,900,925,1.0,1.0277777777777777,0.027777777777777776,0.6086486486486486,0.5459277629852295,0.6478657110625107,0.08021705267151114,10.217061996459961
ai_ambiguity_verification_cost,+20%,1.2,5,20265866,0.4071111111111111,0.3424444444444444,0.25044444444444447,0.6575555555555556,0.5928888888888889,0.5847308473995386,0.41111111111111115,0.6412470667459829,0.08309795678183846,0.9901203242894799,0.10166823943816254,0.5924897813929684,0.5614200282096863,0.4316335129737854,0.057238981998758535,4.422356838968065,0.9184868415287013,10.707555555555555,0.007570738709368009,0.9127811078027241,900,923,1.0,1.0255555555555556,0.025555555555555557,0.6186348862405201,0.5463204383850098,0.6505533370300078,0.07943750665634552,10.492975234985352
ai_ambiguity_verification_cost,+20%,1.2,6,20266875,0.3855555555555556,0.35422222222222216,0.26022222222222224,0.6457777777777778,0.6144444444444445,0.5900342865788402,0.433111111111111,0.6483313681020065,0.08391130377076031,0.9912309109005755,0.102886513900217,0.5943816254524058,0.5649173593521118,0.43568695545196534,0.0569360645561763,4.440284436543783,0.9084187018289136,10.645333333333333,0.007652315709134947,0.9127951084967072,900,918,1.0,1.02,0.02,0.6492374727668845,0.550755500793457,0.6575213115209732,0.08050519668204914,10.402368068695068
ai_ambiguity_verification_cost,+20%,1.2,7,20267884,0.40399999999999997,0.3453333333333333,0.25066666666666665,0.6546666666666667,0.596,0.589979880412924,0.44177777777777777,0.6432426838587554,0.08737326185199094,0.9901519389531243,0.10340157539884483,0.5953848692740045,0.5642981696128845,0.43538744568824767,0.05719428926132838,4.457286847379472,0.9079181272804224,10.624888888888888,0.008051780558452865,0.9117290355236258,900,924,1.0,1.0266666666666666,0.02666666666666667,0.6320346320346321,0.5503920912742615,0.6526126641722895,0.08360748962902242,10.203951358795166
ai_ambiguity_verification_cost,+20%,1.2,8,20268893,0.41022222222222227,0.3424444444444444,0.24733333333333335,0.6575555555555556,0.5897777777777777,0.5914274817222052,0.4373333333333333,0.6451411807487127,0.08491389228629387,0.9889127465551966,0.10019753328642633,0.5945531571249874,0.563332884311676,0.43451565980911255,0.05695841092489138,4.430078734079997,0.9223183411331306,10.714222222222222,0.008011774132202104,0.9148628309667842,900,919,1.0,1.021111111111111,0.021111111111111112,0.6202393906420022,0.5488340258598328,0.654565653208539,0.08117709098116155,10.253486394882202
ai_ambiguity_verification_cost,+20%,1.2,9,20269902,0.4008888888888889,0.3491111111111111,0.25,0.6508888888888889,0.5991111111111111,0.5928802480876147,0.4373333333333333,0.6500074480883263,0.0752307324649468,0.9881729877070512,0.09610590048114512,0.5912833623584571,0.565366415977478,0.4341889500617981,0.057144630664183745,4.441231880664826,0.9212275016556242,10.72888888888889,0.007895417576790319,0.9179459094821277,900,923,1.0,1.0255555555555556,0.025555555555555557,0.6240520043336945,0.5498554706573486,0.659136597819671,0.07202506724728219,10.695348024368286
ai_ambiguity_verification_cost,+20%,1.2,10,20270911,0.39288888888888884,0.36200000000000004,0.24511111111111109,0.638,0.6071111111111112,0.5754467792405342,0.3804444444444444,0.6302440583124216,0.07510071372541748,0.9862297030733274,0.09947294933427975,0.5943615566117179,0.5530698251724243,0.4375206613540649,0.056893854748603354,4.455627830611335,0.9095809090403761,10.826666666666668,0.006613817705304385,0.9107116527985564,900,920,1.0,1.0222222222222221,0.022222222222222223,0.6445652173913043,0.5546082854270935,0.6397709759343061,0.07190241279379639,10.16978144645691
ai_ambiguity_verification_cost,+20%,1.2,11,20271920,0.39955555555555555,0.3475555555555555,0.2528888888888889,0.6524444444444444,0.6004444444444444,0.5943573642659754,0.44177777777777777,0.6530630575565058,0.08371062201521128,0.9896354323646314,0.10036214400570177,0.5925236930329069,0.5679271745681763,0.4346704423427582,0.056806952203600256,4.419909141858419,0.9189647552914788,10.575111111111111,0.007959911375255462,0.9145940983463717,900,916,1.0,1.0177777777777777,0.017777777777777778,0.6342794759825328,0.5484080910682678,0.6621944009730606,0.08023375241829211,11.151156425476074
ai_ambiguity_verification_cost,+20%,1.2,12,20272929,0.4024444444444445,0.34333333333333327,0.2542222222222222,0.6566666666666667,0.5975555555555555,0.5949603567001247,0.4451111111111111,0.6543432521438968,0.07604055081638966,0.9866610317423264,0.09685575462974569,0.5931366775424207,0.5700722289085388,0.4341520941257477,0.05716945996275606,4.442771033287048,0.9189998147273559,10.825333333333335,0.008123078203142798,0.9129118164526376,900,922,1.0,1.0244444444444445,0.024444444444444446,0.6236442516268981,0.5489266514778137,0.6634121753593107,0.07280841293820473,10.280829191207886
ai_ambiguity_verification_cost,+20%,1.2,13,20273938,0.386,0.35577777777777775,0.2582222222222222,0.6442222222222221,0.614,0.5912474370828019,0.43355555555555547,0.6478970856025156,0.08022316058194737,0.9909896415276036,0.09825775154496666,0.5939580252162768,0.5658777594566345,0.43789594650268554,0.05705027932960895,4.471729165871938,0.9104755095495096,10.571555555555555,0.0077776495254789765,0.9108957041816724,900,921,1.0,1.0233333333333334,0.023333333333333334,0.6503800217155266,0.5540245175361633,0.6571952246478291,0.07671167042979099,10.17133641242981
ai_ambiguity_verification_cost,+20%,1.2,14,20274947,0.39844444444444443,0.34955555555555556,0.252,0.6504444444444445,0.6015555555555555,0.5935907595787457,0.4284444444444444,0.6532374838740292,0.08043279779453542,0.990914371613902,0.0977695212208532,0.5950611807305765,0.566291024684906,0.4303268384933472,0.05719428926132837,4.405491758293576,0.9142925420202417,10.667555555555555,0.007906441700318779,0.9153292972771047,900,925,1.0,1.0277777777777777,0.027777777777777776,0.6043243243243244,0.544682502746582,0.6623713343042255,0.07708851378797377,10.580011367797852
ai_ambiguity_verification_cost,+20%,1.2,15,20275956,0.4006666666666667,0.3564444444444444,0.2428888888888889,0.6435555555555555,0.5993333333333333,0.5863306708852069,0.41422222222222216,0.6427880257499035,0.075705043377922,0.9879827099512343,0.09874102526484764,0.5936937760403451,0.5620432949066162,0.4358912825584412,0.056672873991309755,4.421874922911326,0.9127272727272726,10.512444444444446,0.007065607561703554,0.912616623236513,900,913,1.0,1.0144444444444445,0.014444444444444444,0.6374589266155531,0.5505538582801819,0.6520720882249066,0.0723740443873655,10.358726263046265
ai_ambiguity_verification_cost,+20%,1.2,16,20276965,0.41666666666666663,0.344,0.23933333333333334,0.6559999999999999,0.5833333333333334,0.5898188323534472,0.43066666666666664,0.6472686246601482,0.07920808552448892,0.9894301760755834,0.09968021142296977,0.5967425183681943,0.5666981601715088,0.4323646581172943,0.057144630664183745,4.422496122148302,0.9159206997419514,10.718666666666667,0.008118782444968322,0.9088266606771636,900,924,1.0,1.0266666666666666,0.02666666666666667,0.6298701298701299,0.54668790102005,0.656377682045712,0.07600607336206044,10.242029428482056
ai_ambiguity_verification_cost,+20%,1.2,17,20277974,0.38222222222222224,0.3644444444444444,0.25333333333333335,0.6355555555555555,0.6177777777777778,0.5824212864893642,0.4,0.6371220091795806,0.0744633539429042,0.9868577240917022,0.0972104534512799,0.5942915405268413,0.5581706953048706,0.4322000181674957,0.056893854748603354,4.401463407675425,0.8997529788212806,10.637333333333334,0.006403380057666981,0.9173601563940127,900,918,1.0,1.02,0.02,0.6328976034858388,0.5481071472167969,0.6463237975364312,0.07129448082828871,9.98484992980957
ai_ambiguity_verification_cost,+20%,1.2,18,20278983,0.4135555555555556,0.33888888888888885,0.24755555555555556,0.6611111111111111,0.5864444444444444,0.5938707188685833,0.44933333333333336,0.6504710364339626,0.08479740288553259,0.9895526638298553,0.10049397526799143,0.592101881465751,0.5673481798171998,0.43516533136367797,0.05731346989447548,4.464385903358459,0.9130502289488205,10.602222222222222,0.007888968445974495,0.9117353998679719,900,925,1.0,1.0277777777777777,0.027777777777777776,0.6454054054054054,0.5513353943824768,0.6596904964127118,0.08127185263720826,9.66837763786316
ai_ambiguity_verification_cost,+20%,1.2,19,20279992,0.40199999999999997,0.34577777777777785,0.25222222222222224,0.6542222222222221,0.598,0.5867972725293745,0.41711111111111115,0.6418865954986743,0.08483234369272169,0.9909790698481262,0.10133951263107381,0.5959059298531085,0.5593603944778442,0.4350998377799988,0.057040347610180016,4.442451733059353,0.9148994875530865,10.600888888888889,0.007787244061982001,0.9147021966600078,900,920,1.0,1.0222222222222221,0.022222222222222223,0.6304347826086957,0.5502431392669678,0.651262077080469,0.08120864978135645,9.611483573913574
ai_access_saturation,-20%,0.8,0,20260821,0.4015555555555556,0.3566666666666667,0.2417777777777778,0.6433333333333333,0.5984444444444444,0.5928503061124172,0.44177777777777777,0.6469456733530022,0.08607187981654311,0.9911103914087362,0.1009763093878378,0.5960213541523767,0.5652180314064026,0.4385639679431915,0.05700310366232155,4.474796510961321,0.9163849024193855,10.793333333333335,0.008087602489020136,0.9056448138287305,900,921,1.0,1.0233333333333334,0.023333333333333334,0.6482084690553745,0.5542529225349426,0.656236545694331,0.08233144415990212,9.835417032241821
ai_access_saturation,-20%,0.8,1,20261830,0.42422222222222217,0.3366666666666667,0.2391111111111111,0.6633333333333333,0.5757777777777778,0.6033254729447327,0.4646666666666666,0.6643464094403019,0.08386114815582317,0.990234854244643,0.09909921161425948,0.5944933332284393,0.5774724364280701,0.4404412853717804,0.056913718187461215,4.486827661779192,0.928172375649093,10.685333333333332,0.009661195378355273,0.9033161814965385,900,921,1.0,1.0233333333333334,0.023333333333333334,0.6525515743756786,0.5549401044845581,0.6735333524011495,0.08018518720664303,9.936154842376709
ai_access_saturation,-20%,0.8,2,20262839,0.3977777777777778,0.364,0.23822222222222222,0.636,0.6022222222222222,0.579883603255121,0.41644444444444445,0.6279422494003005,0.08588044490140458,0.987336307311053,0.10196718044487822,0.5948609491126777,0.5520344662666321,0.4343987500667572,0.057283674736188714,4.454199481752183,0.9129625447880254,10.687999999999999,0.007491909150188209,0.9041241244859486,900,924,1.0,1.0266666666666666,0.02666666666666667,0.6298701298701299,0.5509834885597229,0.6376503088500842,0.08203994023310823,9.681442022323608
ai_access_saturation,-20%,0.8,3,20263848,0.39755555555555555,0.3586666666666667,0.24377777777777776,0.6413333333333333,0.6024444444444444,0.5899173055871503,0.42644444444444446,0.6483392576927949,0.07603091177033351,0.9888567652318341,0.09635470018875072,0.5933298119716419,0.5656890439987182,0.4353623390197754,0.05722408441961515,4.45941677210066,0.9138670060046528,10.771111111111113,0.008077427785776314,0.9021099081078847,900,923,1.0,1.0255555555555556,0.025555555555555557,0.6305525460455038,0.5510573387145996,0.6574964833349548,0.07272090487259852,9.56025767326355
ai_access_saturation,-20%,0.8,4,20264857,0.40488888888888885,0.35577777777777775,0.23933333333333334,0.6442222222222221,0.5951111111111111,0.5863208355150662,0.41488888888888886,0.638421431418024,0.08426820361177104,0.9917639566430049,0.09919119769643452,0.5960356746898314,0.5593136382102967,0.4307881283760071,0.05749968963376786,4.43372478278478,0.9121291953890831,10.830666666666668,0.008150999946327266,0.9004001590256485,900,931,1.0,1.0344444444444445,0.034444444444444444,0.6090225563909775,0.5459277629852295,0.6478133062397163,0.08049116645265353,9.83341670036316
ai_access_saturation,-20%,0.8,5,20265866,0.3942222222222222,0.33866666666666667,0.2671111111111111,0.6613333333333332,0.6057777777777776,0.5884584044148832,0.4337777777777777,0.6413257106609409,0.08342771916242492,0.9902919268234026,0.10167297043612977,0.5953334304571891,0.5616456270217896,0.4322411119937897,0.05711980136561143,4.4192486520343355,0.9177608067734397,10.683555555555554,0.007329550499813661,0.9039108410884878,900,925,1.0,1.0277777777777777,0.027777777777777776,0.6086486486486486,0.5463204383850098,0.6506480870182891,0.07977827710198016,9.589227437973022
ai_access_saturation,-20%,0.8,6,20266875,0.399111111111111,0.35,0.2508888888888889,0.65,0.6008888888888888,0.5877323755024526,0.4337777777777778,0.6474053887670884,0.08399135505754865,0.9915603157228202,0.1016655756020452,0.5938894123818435,0.5638378238677979,0.436094354391098,0.05691371818746121,4.442694561640422,0.9043738031230361,10.748444444444445,0.008291910106662583,0.9041291743247905,900,918,1.0,1.02,0.02,0.6535947712418301,0.550755500793457,0.6567355538588596,0.0804802166541827,9.908857345581055
ai_access_saturation,-20%,0.8,7,20267884,0.43066666666666664,0.3317777777777778,0.23755555555555552,0.6682222222222223,0.5693333333333334,0.5882849791963026,0.434,0.6424181102925222,0.0877982142350952,0.991501583002888,0.10238627414022133,0.5924992790588928,0.5644748139381409,0.4351216983795166,0.057273743016759776,4.460671957227919,0.9225286884782801,10.638222222222224,0.007861994729441577,0.9028638990831973,900,930,1.0,1.0333333333333334,0.03333333333333333,0.632258064516129,0.5503920912742615,0.6517821556413776,0.0841257887099478,10.698410987854004
ai_access_saturation,-20%,0.8,8,20268893,0.4026666666666667,0.3555555555555555,0.2417777777777778,0.6444444444444444,0.5973333333333334,0.5901406861933061,0.43777777777777777,0.644896667481013,0.08496495183485261,0.9898579810872912,0.1010202258658909,0.5938541539670019,0.5632708954811096,0.4336590158939362,0.057201738050900064,4.440192782560985,0.9144465817310348,10.682666666666666,0.008409627958473071,0.9061536585317552,900,925,1.0,1.0277777777777777,0.027777777777777776,0.6097297297297297,0.5488340258598328,0.6542662739114077,0.08127306099162968,10.181819438934326
ai_access_saturation,-20%,0.8,9,20269902,0.3913333333333333,0.3566666666666667,0.252,0.6433333333333333,0.6086666666666667,0.5915444874940674,0.4437777777777777,0.649768802080456,0.07539701508009687,0.9892582020694314,0.10021492161413458,0.594294632721458,0.5663396167755127,0.43559189677238463,0.0566455617628802,4.416662250412834,0.9128539038056624,10.633333333333333,0.00680388381867383,0.9095194952803592,900,914,1.0,1.0155555555555555,0.015555555555555555,0.6159737417943107,0.5498554706573486,0.6589264745353832,0.07221941269774601,10.397920846939087
ai_access_saturation,-20%,0.8,10,20270911,0.39533333333333337,0.36488888888888893,0.23977777777777778,0.6351111111111112,0.6046666666666666,0.5756088927865057,0.38333333333333336,0.6296568075197624,0.0752929541634727,0.9861957751918498,0.09893819294020276,0.5958837121300683,0.5526028513908386,0.4382083177566528,0.056705152079453765,4.447844561788771,0.9195534332194364,10.61111111111111,0.006142503630039046,0.9015976360993215,900,915,1.0,1.0166666666666666,0.016666666666666666,0.6459016393442623,0.5546082854270935,0.6390610042903738,0.07207273238049394,10.336779356002808
ai_access_saturation,-20%,0.8,11,20271920,0.4102222222222222,0.3411111111111111,0.24866666666666667,0.658888888888889,0.5897777777777778,0.5970201605188035,0.4546666666666666,0.6531982697790154,0.08358173202882448,0.9885433863907483,0.09917579977742644,0.5922486673287517,0.5675083804130554,0.4345233368873596,0.05678460583488516,4.416671096007029,0.9107996708484568,10.62088888888889,0.007902461829156488,0.9057844821475524,900,915,1.0,1.0166666666666666,0.016666666666666666,0.6371584699453552,0.5484080910682678,0.6624593154947396,0.08005125764790999,10.175767183303833
ai_access_saturation,-20%,0.8,12,20272929,0.4182222222222222,0.3337777777777778,0.248,0.6662222222222222,0.5817777777777777,0.5961248565511524,0.4553333333333333,0.6535616020896216,0.076095780277276,0.9881757270139895,0.09716637779622378,0.5938949667710173,0.5701818156242371,0.4349933397769928,0.05686654252017381,4.427750641875797,0.9116767624867311,10.695555555555556,0.008476218281005369,0.904048593946369,900,919,1.0,1.021111111111111,0.021111111111111112,0.6202393906420022,0.5489266514778137,0.6627717166585089,0.07277963505224272,10.553797006607056
ai_access_saturation,-20%,0.8,13,20273938,0.4006666666666666,0.34622222222222226,0.2531111111111111,0.6537777777777778,0.5993333333333334,0.5899430479757436,0.42199999999999993,0.6479471418302265,0.08020744441427724,0.9909386977931989,0.0988000127778783,0.5938045261010589,0.5661487817764282,0.4377403211593628,0.057107386716325266,4.474595677905612,0.9196121623366317,10.774666666666667,0.00796055490008259,0.9018490988223763,900,923,1.0,1.0255555555555556,0.025555555555555557,0.6587215601300108,0.5540245175361633,0.6572290512860034,0.07669534602070671,10.395500183105469
ai_access_saturation,-20%,0.8,14,20274947,0.40288888888888885,0.3424444444444445,0.25466666666666665,0.6575555555555554,0.5971111111111111,0.5936920229094627,0.4448888888888889,0.6531458237257551,0.08094079635363079,0.9910299857864089,0.09746577649861045,0.5921213289796774,0.5674289798736573,0.4316062557697296,0.05685909373060212,4.392792551835377,0.9168122270742357,10.68488888888889,0.00867322503775425,0.9067864420880433,900,916,1.0,1.0177777777777777,0.017777777777777778,0.6102620087336245,0.544682502746582,0.6623064139589817,0.07755097131550448,10.444692373275757
ai_access_saturation,-20%,0.8,15,20275956,0.39511111111111114,0.3628888888888889,0.242,0.637111111111111,0.6048888888888889,0.589447920316506,0.4186666666666666,0.6428564055688095,0.07558501399691911,0.9881008234052706,0.09786359993870232,0.5941185454213163,0.5625373482704162,0.4347842466831207,0.057005586592178775,4.4365155114067925,0.9074029031271559,10.651555555555554,0.0076309699385433034,0.9037342081957653,900,919,1.0,1.021111111111111,0.021111111111111112,0.6343852013057671,0.5505538582801819,0.6521405675723985,0.07231504861294913,10.428018808364868
ai_access_saturation,-20%,0.8,16,20276965,0.3924444444444444,0.35600000000000004,0.25155555555555553,0.6439999999999999,0.6075555555555556,0.5899529856427455,0.43222222222222223,0.6474643907141895,0.0790026363503494,0.9894345709655297,0.09913030624981335,0.5943381786077971,0.5663409090042114,0.43267621397972106,0.05686902545003104,4.404438339869181,0.9053414637630779,10.694222222222225,0.007882327935696846,0.8996985576050096,900,917,1.0,1.018888888888889,0.01888888888888889,0.6292257360959651,0.54668790102005,0.6565564290026318,0.07576998450639127,10.267006397247314
ai_access_saturation,-20%,0.8,17,20277974,0.38,0.35777777777777786,0.26222222222222225,0.6422222222222221,0.62,0.5834909187839336,0.41377777777777774,0.6368829871764448,0.0750207303637496,0.9867956064366544,0.0972833233948127,0.5937796185170621,0.5584473419189453,0.43362592220306395,0.05653879577901924,4.388473559803433,0.9032990675625143,10.663555555555556,0.006642766712191912,0.9088441110913555,900,911,1.0,1.0122222222222221,0.012222222222222223,0.6388583973655324,0.5481071472167969,0.646233292413614,0.07166071843489008,10.163228511810303
ai_access_saturation,-20%,0.8,18,20278983,0.408,0.35444444444444445,0.23755555555555552,0.6455555555555555,0.5920000000000001,0.5930436148037213,0.4431111111111111,0.6503181705560546,0.08485479706061196,0.9891806740700346,0.101745776677448,0.5923647259049529,0.5668653273582458,0.4360782277584076,0.056970825574177535,4.447012939188215,0.9264768367058442,10.805777777777777,0.007987177295458869,0.9029400831197633,900,918,1.0,1.02,0.02,0.6470588235294118,0.5513353943824768,0.6595252239103777,0.08124628953905133,10.155223369598389
ai_access_saturation,-20%,0.8,19,20279992,0.39444444444444443,0.3597777777777778,0.24577777777777776,0.6402222222222222,0.6055555555555556,0.5886238836486505,0.4295555555555556,0.6416030454474043,0.08510459594576578,0.9900994404477327,0.10114139712920636,0.5931649104687442,0.5603817915916443,0.4350680387020111,0.05716449410304159,4.451760127968258,0.9062622890721012,10.807555555555558,0.008336192850161206,0.9058964840320316,900,922,1.0,1.0244444444444445,0.024444444444444446,0.6431670281995662,0.5502431392669678,0.6510673046732927,0.08138823697389141,9.69066834449768
ai_access_saturation,+20%,1.2,0,20260821,0.3877777777777778,0.36333333333333345,0.24888888888888888,0.6366666666666666,0.6122222222222222,0.5920355886091957,0.4408888888888889,0.6472884751482969,0.08531766068763864,0.990488243889732,0.09979775971198404,0.5929030673284064,0.5649166560173035,0.4382165503501892,0.05685909373060212,4.46002070289188,0.9065053567879794,10.658222222222221,0.008050148470212737,0.921679012311107,900,917,1.0,1.018888888888889,0.01888888888888889,0.653217011995638,0.5542529225349426,0.6565703058150458,0.0815796530886781,9.636005163192749
ai_access_saturation,+20%,1.2,1,20261830,0.40222222222222226,0.35133333333333333,0.24644444444444447,0.6486666666666666,0.5977777777777777,0.6055438749192605,0.48311111111111116,0.6646256267061106,0.08372609499131467,0.989130068832623,0.09706161377579228,0.5957682545917998,0.5770051264762879,0.4401464176177978,0.05673743016759777,4.470085218429565,0.9143189942917109,10.639555555555555,0.009354504196951581,0.9203961296461886,900,915,1.0,1.0166666666666666,0.016666666666666666,0.6469945355191257,0.5549401044845581,0.6738445596731707,0.07997522201588247,9.688374757766724
ai_access_saturation,+20%,1.2,2,20262839,0.3715555555555556,0.3691111111111111,0.25933333333333336,0.6308888888888888,0.6284444444444444,0.5778314617635921,0.3993333333333334,0.6279211852664495,0.08611488131444762,0.9875865455865998,0.10154602270136547,0.5927345183209778,0.5520156025886536,0.43586724519729614,0.05650651769087523,4.4086074057685005,0.9087341615694966,10.662666666666667,0.007788734414853861,0.9210829939040849,900,911,1.0,1.0122222222222221,0.012222222222222223,0.6377607025246982,0.5509834885597229,0.6376367085562751,0.08224710031335447,9.731098890304565
ai_access_saturation,+20%,1.2,3,20263848,0.41022222222222227,0.3466666666666666,0.2431111111111111,0.6533333333333333,0.5897777777777777,0.5929893280764982,0.4406666666666667,0.6481381834761172,0.07604170449509813,0.9890767729619686,0.09676120737393784,0.5925310434022587,0.5664242386817933,0.4360824704170227,0.05677963997517071,4.432028976811303,0.9199330083560818,10.673777777777778,0.0077360996498489765,0.919212241038385,900,917,1.0,1.018888888888889,0.01888888888888889,0.6314067611777535,0.5510573387145996,0.6573586006807297,0.07271892720913398,9.68324875831604
ai_access_saturation,+20%,1.2,4,20264857,0.39799999999999996,0.3424444444444445,0.25955555555555554,0.6575555555555554,0.602,0.5851055517280365,0.4193333333333333,0.6383352401526369,0.08374751119755956,0.9916724667218912,0.09975185085392348,0.5943434702248975,0.5594757890701294,0.43154146790504455,0.05704531346989448,4.406517946243286,0.9122959738846572,10.735555555555557,0.007814826650737577,0.9180112852962413,900,919,1.0,1.021111111111111,0.021111111111111112,0.6213275299238302,0.5459277629852295,0.6477605664283408,0.07998189891732288,10.236354351043701
ai_access_saturation,+20%,1.2,5,20265866,0.3937777777777778,0.35200000000000004,0.2542222222222222,0.648,0.6062222222222222,0.5876028066045631,0.4286666666666667,0.6410454624532627,0.0832845785218743,0.9902470814662471,0.10066061978832103,0.5933184323009648,0.5606829237937927,0.43015297889709475,0.05775791433891993,4.4471181141005625,0.916732159198979,10.860888888888889,0.008236223937761866,0.920769045211586,900,933,1.0,1.0366666666666666,0.03666666666666667,0.6045016077170418,0.5463204383850098,0.6503691733450351,0.07963662788845594,10.557473421096802
ai_access_saturation,+20%,1.2,6,20266875,0.386,0.3437777777777778,0.2702222222222222,0.6562222222222222,0.614,0.5891074324040029,0.42666666666666664,0.6476699942197246,0.08427979057352519,0.9913268389591058,0.09997650040032646,0.5939065496528302,0.5649274110794067,0.43647693276405336,0.056739913097455005,4.4329927188025575,0.9194741377976924,10.741333333333332,0.007539167889805567,0.920592630858335,900,916,1.0,1.0177777777777777,0.017777777777777778,0.648471615720524,0.550755500793457,0.6569350558772769,0.08079093988387132,10.313874244689941
ai_access_saturation,+20%,1.2,7,20267884,0.4075555555555555,0.34311111111111114,0.24933333333333332,0.6568888888888889,0.5924444444444444,0.588559301709981,0.42911111111111117,0.6432743545578261,0.08682786918771962,0.989900901381634,0.1031028935057744,0.5958782047432316,0.5639449071884155,0.4350969576835632,0.05711235257603973,4.448004911210803,0.9169587663555133,10.654222222222222,0.008522286619353696,0.9197175474007594,900,922,1.0,1.0244444444444445,0.024444444444444446,0.6334056399132321,0.5503920912742615,0.6526082257036316,0.08312277658061795,10.232755184173584
ai_access_saturation,+20%,1.2,8,20268893,0.386,0.3648888888888889,0.2491111111111111,0.6351111111111111,0.614,0.58883966123037,0.42511111111111105,0.645161878926623,0.0852227530941007,0.9904437103224366,0.1026670732354732,0.5923072062424695,0.5629178333282471,0.43413172841072084,0.05700062073246431,4.429427017794715,0.9089075052588642,10.677333333333333,0.008297654926360865,0.9226892551611913,900,920,1.0,1.0222222222222221,0.022222222222222223,0.6108695652173913,0.5488340258598328,0.6545001159428944,0.08150426017786039,10.3373384475708
ai_access_saturation,+20%,1.2,9,20269902,0.4015555555555556,0.354,0.24444444444444444,0.6459999999999999,0.5984444444444444,0.5928591009551079,0.4351111111111111,0.6500828450917742,0.07524413626570178,0.9881401576465829,0.09687908508436557,0.5931128580542797,0.5657460689544678,0.43422993063926696,0.056960893854748604,4.427380892753601,0.9129959068235429,10.652444444444443,0.008417224997909497,0.9254917791838829,900,919,1.0,1.021111111111111,0.021111111111111112,0.6180631120783461,0.5498554706573486,0.6592897653856541,0.0720721084088305,10.341768264770508
ai_access_saturation,+20%,1.2,10,20270911,0.37955555555555553,0.3653333333333334,0.2551111111111111,0.6346666666666666,0.6204444444444444,0.5773527102672403,0.3915555555555555,0.6297290886559134,0.07541420901152578,0.9854704193519649,0.09853491005420988,0.593097055678271,0.5523381066322327,0.4379535555839539,0.05672004965859715,4.446418891323937,0.9174958462329509,10.80177777777778,0.00633882468666854,0.9189409793598271,900,915,1.0,1.0166666666666666,0.016666666666666666,0.6513661202185792,0.5546082854270935,0.6392039439761638,0.072237768876809,10.613130807876587
ai_access_saturation,+20%,1.2,11,20271920,0.3922222222222222,0.354,0.25377777777777777,0.6459999999999999,0.6077777777777778,0.5947110367753039,0.4406666666666667,0.6534425467173531,0.08347621694251345,0.9894221028619241,0.09887849290083088,0.5949689980016863,0.5684401416778564,0.4347937786579132,0.05654872749844817,4.401079253514608,0.9131503841931944,10.567111111111112,0.00808689670606996,0.9225055293876626,900,911,1.0,1.0122222222222221,0.012222222222222223,0.6432491767288694,0.5484080910682678,0.6625788908781001,0.0799659058280282,10.335301160812378
ai_access_saturation,+20%,1.2,12,20272929,0.38800000000000007,0.3617777777777777,0.25022222222222223,0.6382222222222222,0.612,0.5966168525672205,0.4524444444444444,0.6544298798617336,0.07580351020253992,0.9859255699258448,0.09619912108462499,0.5941796204418375,0.5694605755805969,0.43350564122200014,0.05722905027932962,4.440753364245096,0.9155715861558785,10.749333333333334,0.008200774390354475,0.9208968424907443,900,924,1.0,1.0266666666666666,0.02666666666666667,0.6255411255411255,0.5489266514778137,0.663495614527728,0.07243908422031198,10.152504444122314
ai_access_saturation,+20%,1.2,13,20273938,0.38666666666666666,0.3566666666666667,0.25666666666666665,0.6433333333333333,0.6133333333333334,0.5897818310952188,0.42133333333333334,0.6477616286254022,0.08024798036107102,0.9912569724183956,0.09876416906883746,0.5927482872885623,0.5642572450637817,0.43700835943222044,0.057400372439478584,4.489953971544902,0.9125079574032011,10.772888888888888,0.00785992209358104,0.9190586221238602,900,928,1.0,1.031111111111111,0.03111111111111111,0.6540948275862069,0.5540245175361633,0.6570280767188238,0.07666643344854096,10.329680442810059
ai_access_saturation,+20%,1.2,14,20274947,0.37911111111111107,0.3746666666666667,0.24622222222222223,0.6253333333333333,0.6208888888888889,0.5937134596130522,0.44133333333333336,0.6535457662718578,0.0805022860965285,0.9901162098220072,0.09740861804913176,0.5953479724520008,0.5665324234962463,0.42943702697753905,0.057554314090626946,4.424134079509312,0.895902791686943,10.820000000000002,0.008265323468553198,0.9230023044894525,900,928,1.0,1.031111111111111,0.03111111111111111,0.6012931034482759,0.544682502746582,0.6627592806728286,0.07710265057804633,10.152968883514404
ai_access_saturation,+20%,1.2,15,20275956,0.3768888888888889,0.364,0.2591111111111111,0.636,0.6231111111111111,0.587202528948335,0.41355555555555557,0.6428256039491764,0.07565190843173919,0.9875917368155857,0.09870485487834557,0.5943501624811052,0.5616570520401001,0.43468364000320436,0.05677963997517071,4.417905583169726,0.9126705570148843,10.609777777777776,0.0065113009217137256,0.9206034635960658,900,916,1.0,1.0177777777777777,0.017777777777777778,0.62882096069869,0.5505538582801819,0.6520026521568484,0.07237945855067895,9.911876678466797
ai_access_saturation,+20%,1.2,16,20276965,0.3951111111111111,0.35244444444444445,0.25244444444444447,0.6475555555555556,0.6048888888888889,0.5901306454768388,0.43755555555555553,0.6472186961116667,0.07928824909702267,0.9899186003097329,0.10074462780892564,0.5931848898027221,0.5671114778518677,0.4334655320644379,0.05658597144630665,4.390461183230082,0.9106964430083206,10.744000000000002,0.007392091983967034,0.9170701652668092,900,913,1.0,1.0144444444444445,0.014444444444444444,0.6374589266155531,0.54668790102005,0.656291024611837,0.07613922678468432,10.382822036743164
ai_access_saturation,+20%,1.2,17,20277974,0.3857777777777778,0.3642222222222222,0.25,0.6357777777777778,0.6142222222222222,0.5822407791909957,0.40422222222222226,0.6369170783780546,0.07494750771453408,0.9874214919834853,0.09797854756838735,0.5952586484056654,0.5573181295394898,0.43239015221595767,0.05689137181874613,4.40322535832723,0.8973468466871304,10.628,0.00645656550729819,0.9249892180483924,900,918,1.0,1.02,0.02,0.6220043572984749,0.5481071472167969,0.6462042815255618,0.07158542568517667,9.871339797973633
ai_access_saturation,+20%,1.2,18,20278983,0.396,0.3466666666666666,0.25733333333333336,0.6533333333333333,0.604,0.5908620554988026,0.4315555555555555,0.6499286797568873,0.08520958352709475,0.988802883660664,0.10144480560815432,0.5924410539545685,0.5664716267585754,0.43589395403861997,0.05695096213531969,4.443567894564734,0.9184678487104253,10.62,0.00811091644676712,0.9196731589592108,900,918,1.0,1.02,0.02,0.644880174291939,0.5513353943824768,0.6591156087079256,0.08155694161950167,9.825261354446411
ai_access_saturation,+20%,1.2,19,20279992,0.39555555555555555,0.35733333333333334,0.24711111111111111,0.6426666666666666,0.6044444444444445,0.5859275391032843,0.42200000000000004,0.6416256599941375,0.08499652932251851,0.9911513409111263,0.10296339582188363,0.5921588665782789,0.5588010501861572,0.43337347865104675,0.05760148975791434,4.468318392329746,0.9027567518264064,10.808000000000002,0.00859244573802638,0.9226051693218222,900,930,1.0,1.0333333333333334,0.03333333333333333,0.6365591397849463,0.5502431392669678,0.6510213431893062,0.08138335247744366,9.655106544494629
