system,episode,metric,mean,ci_low,ci_high,n
AI-enabled,1,peer_share,0.3835185185185184,0.3732759373149708,0.3937610997220661,30
AI-enabled,1,ai_share,0.3487037037037037,0.33559845002259714,0.3618089573848102,30
AI-enabled,1,hybrid_share,0.2677777777777778,0.25784534916276375,0.2777102063927918,30
AI-enabled,1,human_interaction_rate,0.6512962962962962,0.6381910426151896,0.6644015499774028,30
AI-enabled,1,ai_use_rate,0.6164814814814815,0.6062389002779338,0.6267240626850292,30
AI-enabled,1,mean_quality,0.5033523269242796,0.5000709345465281,0.506633719302031,30
AI-enabled,1,success_rate,0.2237037037037037,0.213793212012322,0.23361419539508543,30
AI-enabled,1,mean_knowledge,0.5198511628616236,0.5162003094287537,0.5235020162944934,30
AI-enabled,1,knowledge_rank_corr_with_initial,0.9999933920451602,0.999992941617789,0.9999938424725315,30
AI-enabled,1,mean_ai_trust,0.5053275187586077,0.5035377111087467,0.5071173264084687,30
AI-enabled,1,mean_peer_trust,0.500516825914383,0.5000578264089488,0.5009758254198171,30
AI-enabled,1,mean_tie_strength,0.549062438805898,0.5477931991486251,0.5503316784631709,30
AI-enabled,1,network_density,0.05588454376163862,0.055873740442978215,0.05589534708029903,30
AI-enabled,1,mean_weighted_degree,5.49244676872536,5.480194286208733,5.504699251241987,30
AI-enabled,1,recent_active_tie_fraction,0.12569848316685162,0.12311483209474654,0.1282821342389567,30
AI-enabled,1,mean_unique_peer_partners,1.2611111111111108,1.2351037009190367,1.287118521303185,30
AI-enabled,1,mean_peer_marginal,0.006037722339310663,0.005081208182795639,0.006994236495825686,30
AI-enabled,1,ai_reliability,0.7800000000000001,0.7800000000000001,0.7800000000000001,30
AI-enabled,2,peer_share,0.38074074074074077,0.3677372258421615,0.39374425563932003,30
AI-enabled,2,ai_share,0.34388888888888897,0.32641029550068956,0.36136748227708837,30
AI-enabled,2,hybrid_share,0.2753703703703704,0.26315596897139587,0.2875847717693449,30
AI-enabled,2,human_interaction_rate,0.6561111111111111,0.6386325177229117,0.6735897044993104,30
AI-enabled,2,ai_use_rate,0.6192592592592593,0.6062557443606801,0.6322627741578385,30
AI-enabled,2,mean_quality,0.5023019024440305,0.4972573987067551,0.5073464061813059,30
AI-enabled,2,success_rate,0.22796296296296295,0.21321867451495966,0.24270725141096625,30
AI-enabled,2,mean_knowledge,0.5209282587368833,0.5172804664636593,0.5245760510101073,30
AI-enabled,2,knowledge_rank_corr_with_initial,0.9999856652211709,0.9999848832631514,0.9999864471791905,30
AI-enabled,2,mean_ai_trust,0.5119133833027816,0.5102670467684208,0.5135597198371423,30
AI-enabled,2,mean_peer_trust,0.5006817887226741,0.5002344943408691,0.5011290831044791,30
AI-enabled,2,mean_tie_strength,0.548091055949529,0.5468277109025771,0.5493544009964809,30
AI-enabled,2,network_density,0.05589902751913915,0.05588578454733472,0.055912270490943584,30
AI-enabled,2,mean_weighted_degree,5.484151884847219,5.471861803071558,5.49644196662288,30
AI-enabled,2,recent_active_tie_fraction,0.23585857309822553,0.23167052219754242,0.24004662399890864,30
AI-enabled,2,mean_unique_peer_partners,2.368148148148148,2.3257285703853956,2.4105677259109006,30
AI-enabled,2,mean_peer_marginal,0.00542404364634984,0.004792815955983467,0.006055271336716213,30
AI-enabled,2,ai_reliability,0.7800000000000001,0.7800000000000001,0.7800000000000001,30
AI-enabled,3,peer_share,0.36648148148148146,0.3531873567177833,0.37977560624517964,30
AI-enabled,3,ai_share,0.3631481481481481,0.350863483479694,0.37543281281660223,30
AI-enabled,3,hybrid_share,0.2703703703703703,0.25839336294957327,0.28234737779116736,30
AI-enabled,3,human_interaction_rate,0.6368518518518519,0.6245671871833978,0.649136516520306,30
AI-enabled,3,ai_use_rate,0.6335185185185187,0.6202243937548205,0.6468126432822169,30
AI-enabled,3,mean_quality,0.5047250554408412,0.501103205969195,0.5083469049124875,30
AI-enabled,3,success_rate,0.23407407407407405,0.22181056712182914,0.24633758102631895,30
AI-enabled,3,mean_knowledge,0.5220178633001347,0.5183756739253187,0.5256600526749506,30
AI-enabled,3,knowledge_rank_corr_with_initial,0.9999760741235085,0.9999747608580071,0.99997738738901,30
AI-enabled,3,mean_ai_trust,0.5180968846982703,0.5166413654477496,0.519552403948791,30
AI-enabled,3,mean_peer_trust,0.5008506049712499,0.5003956551531111,0.5013055547893887,30
AI-enabled,3,mean_tie_strength,0.5471389810244243,0.5458756745481662,0.5484022875006823,30
AI-enabled,3,network_density,0.055907303951996605,0.05589198538703319,0.05592262251696002,30
AI-enabled,3,mean_weighted_degree,5.475434846171626,5.4631958099802125,5.4876738823630395,30
AI-enabled,3,recent_active_tie_fraction,0.33042019428804126,0.3260821164499072,0.3347582721261753,30
AI-enabled,3,mean_unique_peer_partners,3.319259259259259,3.2752571955952803,3.363261322923238,30
AI-enabled,3,mean_peer_marginal,0.0051366497266606735,0.004316361886765749,0.005956937566555598,30
AI-enabled,3,ai_reliability,0.7800000000000001,0.7800000000000001,0.7800000000000001,30
AI-enabled,4,peer_share,0.3668518518518518,0.35304305381081325,0.3806606498928904,30
AI-enabled,4,ai_share,0.36333333333333334,0.35074892344408376,0.3759177432225829,30
AI-enabled,4,hybrid_share,0.26981481481481484,0.25737171955427,0.28225791007535966,30
AI-enabled,4,human_interaction_rate,0.6366666666666666,0.624082256777417,0.6492510765559162,30
AI-enabled,4,ai_use_rate,0.6331481481481482,0.6193393501071097,0.6469569461891868,30
AI-enabled,4,mean_quality,0.50435779994058,0.5007263956688682,0.5079892042122919,30
AI-enabled,4,success_rate,0.22925925925925922,0.21710270353803043,0.241415814980488,30
AI-enabled,4,mean_knowledge,0.5231053931475095,0.5194627795044454,0.5267480067905735,30
AI-enabled,4,knowledge_rank_corr_with_initial,0.9999651539142422,0.9999632369013421,0.9999670709271423,30
AI-enabled,4,mean_ai_trust,0.5237304833469668,0.5222825186869252,0.5251784480070084,30
AI-enabled,4,mean_peer_trust,0.5010245869557063,0.5005699301075193,0.5014792438038933,30
AI-enabled,4,mean_tie_strength,0.5461762428283692,0.5449097548797858,0.5474427307769526,30
AI-enabled,4,network_density,0.05591971860128276,0.0559017302264805,0.05593770697608502,30
AI-enabled,4,mean_weighted_degree,5.4670120671943385,5.454829328599055,5.479194805789622,30
AI-enabled,4,recent_active_tie_fraction,0.4136029411557007,0.40941970198742567,0.4177861803239757,30
AI-enabled,4,mean_unique_peer_partners,4.1537037037037035,4.110709405077907,4.1966980023295,30
AI-enabled,4,mean_peer_marginal,0.005643025317080723,0.004767365528625805,0.006518685105535641,30
AI-enabled,4,ai_reliability,0.7800000000000001,0.7800000000000001,0.7800000000000001,30
AI-enabled,5,peer_share,0.3716666666666667,0.35692372022503277,0.38640961310830063,30
AI-enabled,5,ai_share,0.36537037037037035,0.3507149179354059,0.3800258228053348,30
AI-enabled,5,hybrid_share,0.2629629629629629,0.25092416489601693,0.27500176102990886,30
AI-enabled,5,human_interaction_rate,0.6346296296296298,0.6199741771946653,0.6492850820645942,30
AI-enabled,5,ai_use_rate,0.6283333333333334,0.6135903868916994,0.6430762797749674,30
AI-enabled,5,mean_quality,0.5066909119075667,0.5023408519601357,0.5110409718549976,30
AI-enabled,5,success_rate,0.23666666666666666,0.222350121363372,0.2509832119699613,30
AI-enabled,5,mean_knowledge,0.5241902556675916,0.5205529857097817,0.5278275256254015,30
AI-enabled,5,knowledge_rank_corr_with_initial,0.999953419121273,0.9999506570679749,0.9999561811745711,30
AI-enabled,5,mean_ai_trust,0.5288385487396761,0.527562566023514,0.5301145314558381,30
AI-enabled,5,mean_peer_trust,0.5012176464001338,0.5007697329347476,0.50166555986552,30
AI-enabled,5,mean_tie_strength,0.5452403664588928,0.5439749529256557,0.54650577999213,30
AI-enabled,5,network_density,0.05592592592592584,0.05590621751507995,0.05594563433677172,30
AI-enabled,5,mean_weighted_degree,5.458249206807878,5.446107368673709,5.470391044942047,30
AI-enabled,5,recent_active_tie_fraction,0.48492143975144125,0.4811672351384898,0.4886756443643927,30
AI-enabled,5,mean_unique_peer_partners,4.8711111111111105,4.830729366146759,4.911492856075462,30
AI-enabled,5,mean_peer_marginal,0.006373186357319866,0.005433462133725101,0.00731291058091463,30
AI-enabled,5,ai_reliability,0.7800000000000001,0.7800000000000001,0.7800000000000001,30
AI-enabled,6,peer_share,0.3766666666666666,0.36416744744382457,0.3891658858895086,30
AI-enabled,6,ai_share,0.3616666666666667,0.3477309278482742,0.3756024054850592,30
AI-enabled,6,hybrid_share,0.2616666666666666,0.24504983861555224,0.27828349471778097,30
AI-enabled,6,human_interaction_rate,0.6383333333333333,0.6243975945149408,0.6522690721517258,30
AI-enabled,6,ai_use_rate,0.6233333333333333,0.6108341141104913,0.6358325525561753,30
AI-enabled,6,mean_quality,0.5063186624094084,0.5028023369301267,0.5098349878886901,30
AI-enabled,6,success_rate,0.23055555555555557,0.21888711055454121,0.24222400055656992,30
AI-enabled,6,mean_knowledge,0.5252731729647896,0.5216430427769911,0.528903303152588,30
AI-enabled,6,knowledge_rank_corr_with_initial,0.9999394354093246,0.9999353483566358,0.9999435224620135,30
AI-enabled,6,mean_ai_trust,0.5336672556078151,0.5324540941709456,0.5348804170446847,30
AI-enabled,6,mean_peer_trust,0.5014049778381984,0.5009594700088073,0.5018504856675895,30
AI-enabled,6,mean_tie_strength,0.5442833721637725,0.543017767083305,0.5455489772442401,30
AI-enabled,6,network_density,0.05593834057521199,0.0559131818740201,0.055963499276403886,30
AI-enabled,6,mean_weighted_degree,5.449876991996058,5.437740314600206,5.462013669391911,30
AI-enabled,6,recent_active_tie_fraction,0.5485442654997985,0.5444875795202689,0.5526009514793281,30
AI-enabled,6,mean_unique_peer_partners,5.514074074074074,5.470683299366892,5.5574648487812555,30
AI-enabled,6,mean_peer_marginal,0.00612612744045775,0.005120663663346017,0.007131591217569482,30
AI-enabled,6,ai_reliability,0.7800000000000001,0.7800000000000001,0.7800000000000001,30
AI-enabled,7,peer_share,0.36703703703703705,0.350867541657122,0.38320653241695213,30
AI-enabled,7,ai_share,0.3694444444444444,0.35361987735921263,0.3852690115296762,30
AI-enabled,7,hybrid_share,0.2635185185185185,0.24853264616519605,0.2785043908718409,30
AI-enabled,7,human_interaction_rate,0.6305555555555556,0.6147309884703238,0.6463801226407875,30
AI-enabled,7,ai_use_rate,0.6329629629629631,0.616793467583048,0.6491324583428781,30
AI-enabled,7,mean_quality,0.5073437047649256,0.5038032402372997,0.5108841692925515,30
AI-enabled,7,success_rate,0.2301851851851852,0.2176944773840199,0.24267589298635048,30
AI-enabled,7,mean_knowledge,0.5263558105885496,0.5227338369874651,0.5299777841896341,30
AI-enabled,7,knowledge_rank_corr_with_initial,0.9999232039282225,0.9999186456276292,0.9999277622288159,30
AI-enabled,7,mean_ai_trust,0.5381515548932462,0.5370351077126984,0.539268002073794,30
AI-enabled,7,mean_peer_trust,0.501625973979632,0.5011833417927527,0.5020686061665114,30
AI-enabled,7,mean_tie_strength,0.5433562497297922,0.542086942242951,0.5446255572166335,30
AI-enabled,7,network_density,0.055942478791640715,0.05591616829229182,0.05596878929098961,30
AI-enabled,7,mean_weighted_degree,5.440992908698542,5.429005836074577,5.452979981322507,30
AI-enabled,7,recent_active_tie_fraction,0.601171504225554,0.596719769197968,0.60562323925314,30
AI-enabled,7,mean_unique_peer_partners,6.045925925925926,5.998261359017291,6.093590492834561,30
AI-enabled,7,mean_peer_marginal,0.006029001252097912,0.00503738007797921,0.007020622426216614,30
AI-enabled,7,ai_reliability,0.7800000000000001,0.7800000000000001,0.7800000000000001,30
AI-enabled,8,peer_share,0.37,0.356527174549224,0.383472825450776,30
AI-enabled,8,ai_share,0.3627777777777778,0.349442786784107,0.3761127687714486,30
AI-enabled,8,hybrid_share,0.2672222222222222,0.2546289714472446,0.2798154729971998,30
AI-enabled,8,human_interaction_rate,0.6372222222222221,0.6238872312285514,0.6505572132158929,30
AI-enabled,8,ai_use_rate,0.6300000000000001,0.6165271745492241,0.6434728254507761,30
AI-enabled,8,mean_quality,0.5080361504123235,0.5044551040323177,0.5116171967923293,30
AI-enabled,8,success_rate,0.23425925925925922,0.22218661114158914,0.2463319073769293,30
AI-enabled,8,mean_knowledge,0.527435219310676,0.5238145361004093,0.5310559025209428,30
AI-enabled,8,knowledge_rank_corr_with_initial,0.999907167404859,0.9999010526503517,0.9999132821593663,30
AI-enabled,8,mean_ai_trust,0.5422578046123621,0.5412308212844511,0.543284787940273,30
AI-enabled,8,mean_peer_trust,0.5018670737743378,0.5014185583300005,0.5023155892186751,30
AI-enabled,8,mean_tie_strength,0.5424192190170288,0.5411422627803113,0.5436961752537464,30
AI-enabled,8,network_density,0.05595075522449815,0.05592189283659431,0.055979617612401986,30
AI-enabled,8,mean_weighted_degree,5.432408538526958,5.42059638863739,5.444220688416526,30
AI-enabled,8,recent_active_tie_fraction,0.6493777144065613,0.6447339706656845,0.6540214581474382,30
AI-enabled,8,mean_unique_peer_partners,6.5344444444444445,6.485095845922668,6.583793042966221,30
AI-enabled,8,mean_peer_marginal,0.00628484579671627,0.005357488393203833,0.007212203200228707,30
AI-enabled,8,ai_reliability,0.7800000000000001,0.7800000000000001,0.7800000000000001,30
AI-enabled,9,peer_share,0.37407407407407406,0.36210946307621655,0.38603868507193156,30
AI-enabled,9,ai_share,0.3675925925925925,0.35359593531783484,0.3815892498673502,30
AI-enabled,9,hybrid_share,0.25833333333333336,0.24888559703550645,0.2677810696311603,30
AI-enabled,9,human_interaction_rate,0.6324074074074074,0.6184107501326498,0.646404064682165,30
AI-enabled,9,ai_use_rate,0.625925925925926,0.6139613149280685,0.6378905369237835,30
AI-enabled,9,mean_quality,0.5094002964083698,0.5059976472854598,0.5128029455312798,30
AI-enabled,9,success_rate,0.23537037037037037,0.22068659363305668,0.25005414710768403,30
AI-enabled,9,mean_knowledge,0.5285131380714855,0.5248963562211769,0.532129919921794,30
AI-enabled,9,knowledge_rank_corr_with_initial,0.9998884342299169,0.9998804981093301,0.9998963703505037,30
AI-enabled,9,mean_ai_trust,0.5461293550372809,0.5451815721768191,0.5470771378977427,30
AI-enabled,9,mean_peer_trust,0.5020807335774103,0.5016274673306518,0.5025339998241689,30
AI-enabled,9,mean_tie_strength,0.5414695938428243,0.5402072430856761,0.5427319445999725,30
AI-enabled,9,network_density,0.055961100765569954,0.05593406104896614,0.05598814048217377,30
AI-enabled,9,mean_weighted_degree,5.423906319715358,5.411908709679389,5.435903929751326,30
AI-enabled,9,recent_active_tie_fraction,0.6911118487447755,0.6864166717199884,0.6958070257695625,30
AI-enabled,9,mean_unique_peer_partners,6.9585185185185185,6.908470221181792,7.008566815855245,30
AI-enabled,9,mean_peer_marginal,0.00526393203891445,0.0041803897185542175,0.006347474359274682,30
AI-enabled,9,ai_reliability,0.7800000000000001,0.7800000000000001,0.7800000000000001,30
AI-enabled,10,peer_share,0.3603703703703704,0.3432400875660726,0.3775006531746682,30
AI-enabled,10,ai_share,0.3724074074074074,0.35829040256418165,0.38652441225063316,30
AI-enabled,10,hybrid_share,0.2672222222222222,0.2536315076447742,0.2808129367996702,30
AI-enabled,10,human_interaction_rate,0.6275925925925926,0.6134755877493668,0.6417095974358183,30
AI-enabled,10,ai_use_rate,0.6396296296296297,0.6224993468253319,0.6567599124339274,30
AI-enabled,10,mean_quality,0.5104289170377637,0.5072233263760918,0.5136345076994356,30
AI-enabled,10,success_rate,0.24111111111111108,0.22851491475314584,0.2537073074690763,30
AI-enabled,10,mean_knowledge,0.5295888231045959,0.5259775140270149,0.5332001321821769,30
AI-enabled,10,knowledge_rank_corr_with_initial,0.9998678110624913,0.9998576961406803,0.9998779259843024,30
AI-enabled,10,mean_ai_trust,0.5497280200711645,0.5488435627115116,0.5506124774308174,30
AI-enabled,10,mean_peer_trust,0.5023068934679031,0.5018492722607555,0.5027645146750508,30
AI-enabled,10,mean_tie_strength,0.5405347049236298,0.5392742866591872,0.5417951231880723,30
AI-enabled,10,network_density,0.05596730809021304,0.05593909486451908,0.055995521315906994,30
AI-enabled,10,mean_weighted_degree,5.415141808942512,5.4031608561718905,5.427122761713134,30
AI-enabled,10,recent_active_tie_fraction,0.7261536488098199,0.7214315318153323,0.7308757658043076,30
AI-enabled,10,mean_unique_peer_partners,7.312962962962964,7.261267702620965,7.364658223304963,30
AI-enabled,10,mean_peer_marginal,0.004921331147316816,0.003993429662209539,0.005849232632424093,30
AI-enabled,10,ai_reliability,0.7800000000000001,0.7800000000000001,0.7800000000000001,30
AI-enabled,11,peer_share,0.3546296296296296,0.3389810886289525,0.37027817063030666,30
AI-enabled,11,ai_share,0.3709259259259258,0.3541638690274635,0.38768798282438816,30
AI-enabled,11,hybrid_share,0.27444444444444444,0.2612723647272108,0.28761652416167804,30
AI-enabled,11,human_interaction_rate,0.629074074074074,0.6123120171756117,0.6458361309725363,30
AI-enabled,11,ai_use_rate,0.6453703703703705,0.6297218293696935,0.6610189113710475,30
AI-enabled,11,mean_quality,0.5120467305605035,0.5081421752091535,0.5159512859118536,30
AI-enabled,11,success_rate,0.24370370370370367,0.23031780536769664,0.2570896020397107,30
AI-enabled,11,mean_knowledge,0.5306703423313281,0.5270612453561384,0.5342794393065179,30
AI-enabled,11,knowledge_rank_corr_with_initial,0.9998443699766864,0.9998327957427329,0.9998559442106398,30
AI-enabled,11,mean_ai_trust,0.5530146687684396,0.5521363293435063,0.553893008193373,30
AI-enabled,11,mean_peer_trust,0.5025331874688467,0.5020702205451366,0.5029961543925567,30
AI-enabled,11,mean_tie_strength,0.5395900905132294,0.5383386304335644,0.5408415505928943,30
AI-enabled,11,network_density,0.05597765363128483,0.05594820874792608,0.05600709851464358,30
AI-enabled,11,mean_weighted_degree,5.406679894350193,5.394619221565616,5.418740567134769,30
AI-enabled,11,recent_active_tie_fraction,0.7578797002485588,0.752976388008168,0.7627830124889495,30
AI-enabled,11,mean_unique_peer_partners,7.6359259259259264,7.582174873189503,7.68967697866235,30
AI-enabled,11,mean_peer_marginal,0.005569177145538391,0.004638117860465693,0.006500236430611089,30
AI-enabled,11,ai_reliability,0.7800000000000001,0.7800000000000001,0.7800000000000001,30
AI-enabled,12,peer_share,0.3522222222222222,0.339626025864257,0.36481841858018743,30
AI-enabled,12,ai_share,0.3835185185185184,0.3717773853877566,0.39525965164928023,30
AI-enabled,12,hybrid_share,0.26425925925925925,0.2521302004111521,0.2763883181073664,30
AI-enabled,12,human_interaction_rate,0.6164814814814814,0.6047403483507195,0.6282226146122433,30
AI-enabled,12,ai_use_rate,0.6477777777777778,0.6351815814198125,0.6603739741357431,30
AI-enabled,12,mean_quality,0.5096154572674645,0.5056150013378264,0.5136159131971025,30
AI-enabled,12,success_rate,0.23851851851851846,0.22365943738151858,0.2533775996555183,30
AI-enabled,12,mean_knowledge,0.5317457845668704,0.5281463601359433,0.5353452089977975,30
AI-enabled,12,knowledge_rank_corr_with_initial,0.9998200897287874,0.9998067293944046,0.9998334500631703,30
AI-enabled,12,mean_ai_trust,0.5560710715864076,0.555233043737784,0.5569090994350311,30
AI-enabled,12,mean_peer_trust,0.5027733008066814,0.5022995812995373,0.5032470203138254,30
AI-enabled,12,mean_tie_strength,0.538645335038503,0.5373959946661052,0.5398946754109007,30
AI-enabled,12,network_density,0.05598799917235663,0.05595608845170073,0.05601990989301253,30
AI-enabled,12,mean_weighted_degree,5.3982104073630435,5.38614571632827,5.4102750983978165,30
AI-enabled,12,recent_active_tie_fraction,0.7849777644669963,0.7800633924650519,0.7898921364689407,30
AI-enabled,12,mean_unique_peer_partners,7.912592592592592,7.860296282914791,7.964888902270393,30
AI-enabled,12,mean_peer_marginal,0.005996069398960704,0.005185948137124421,0.006806190660796986,30
AI-enabled,12,ai_reliability,0.7800000000000001,0.7800000000000001,0.7800000000000001,30
AI-enabled,13,peer_share,0.36111111111111105,0.3476890475715761,0.374533174650646,30
AI-enabled,13,ai_share,0.3781481481481482,0.3663887028672454,0.38990759342905096,30
AI-enabled,13,hybrid_share,0.26074074074074066,0.2489686829876407,0.27251279849384064,30
AI-enabled,13,human_interaction_rate,0.6218518518518519,0.6100924065709491,0.6336112971327547,30
AI-enabled,13,ai_use_rate,0.638888888888889,0.6254668253493539,0.652310952428424,30
AI-enabled,13,mean_quality,0.5115925673423348,0.5073313471015555,0.5158537875831142,30
AI-enabled,13,success_rate,0.2437037037037037,0.22887661488401068,0.2585307925233967,30
AI-enabled,13,mean_knowledge,0.5328156807193057,0.5292204483824952,0.5364109130561163,30
AI-enabled,13,knowledge_rank_corr_with_initial,0.999797581954238,0.999783154383584,0.9998120095248919,30
AI-enabled,13,mean_ai_trust,0.5590471438597251,0.558215905434852,0.5598783822845982,30
AI-enabled,13,mean_peer_trust,0.5030069530010224,0.5025153279445111,0.5034985780575336,30
AI-enabled,13,mean_tie_strength,0.5376938124497731,0.5364492827439877,0.5389383421555585,30
AI-enabled,13,network_density,0.05600041382164279,0.055967587365496806,0.05603324027778877,30
AI-enabled,13,mean_weighted_degree,5.389870719114939,5.377743238298185,5.401998199931693,30
AI-enabled,13,recent_active_tie_fraction,0.808414947057707,0.8035189841062927,0.8133109100091213,30
AI-enabled,13,mean_unique_peer_partners,8.15185185185185,8.100557153564733,8.203146550138968,30
AI-enabled,13,mean_peer_marginal,0.005394317570033835,0.004571608023150377,0.0062170271169172935,30
AI-enabled,13,ai_reliability,0.7800000000000001,0.7800000000000001,0.7800000000000001,30
AI-enabled,14,peer_share,0.3566666666666667,0.34276237651389313,0.37057095681944024,30
AI-enabled,14,ai_share,0.3727777777777777,0.35830915212670195,0.38724640342885347,30
AI-enabled,14,hybrid_share,0.2705555555555555,0.2592435622327537,0.2818675488783573,30
AI-enabled,14,human_interaction_rate,0.6272222222222222,0.6127535965711465,0.641690847873298,30
AI-enabled,14,ai_use_rate,0.6433333333333333,0.6294290431805598,0.6572376234861068,30
AI-enabled,14,mean_quality,0.5127559558155375,0.5098864590529287,0.5156254525781462,30
AI-enabled,14,success_rate,0.24203703703703702,0.23184965925442172,0.2522244148196523,30
AI-enabled,14,mean_knowledge,0.5338755273783711,0.530283078906446,0.5374679758502962,30
AI-enabled,14,knowledge_rank_corr_with_initial,0.9997721372232754,0.9997555788834532,0.9997886955630976,30
AI-enabled,14,mean_ai_trust,0.5615747303787961,0.5608221687220101,0.5623272920355822,30
AI-enabled,14,mean_peer_trust,0.5032512505849203,0.5027406029645163,0.5037618982053242,30
AI-enabled,14,mean_tie_strength,0.5367372035980225,0.5354930829307438,0.5379813242653011,30
AI-enabled,14,network_density,0.05601489757914332,0.055982919199757945,0.05604687595852869,30
AI-enabled,14,mean_weighted_degree,5.381672190692689,5.369626911128416,5.393717470256963,30
AI-enabled,14,recent_active_tie_fraction,0.8301497631351554,0.8255331930685031,0.8347663332018077,30
AI-enabled,14,mean_unique_peer_partners,8.374444444444444,8.326414940190054,8.422473948698835,30
AI-enabled,14,mean_peer_marginal,0.004984574028913393,0.0038948296446690185,0.006074318413157767,30
AI-enabled,14,ai_reliability,0.7800000000000001,0.7800000000000001,0.7800000000000001,30
AI-enabled,15,peer_share,0.3527777777777778,0.33856369730425767,0.36699185825129793,30
AI-enabled,15,ai_share,0.3770370370370369,0.36378483762982083,0.39028923644425295,30
AI-enabled,15,hybrid_share,0.2701851851851852,0.2576731108510036,0.2826972595193668,30
AI-enabled,15,human_interaction_rate,0.6229629629629628,0.6097107635557467,0.6362151623701789,30
AI-enabled,15,ai_use_rate,0.6472222222222221,0.633008141748702,0.6614363026957423,30
AI-enabled,15,mean_quality,0.5156028231921642,0.5125390413693165,0.5186666050150119,30
AI-enabled,15,success_rate,0.2551851851851852,0.24350170065582077,0.2668686697145496,30
AI-enabled,15,mean_knowledge,0.5349535990852802,0.5313679037168549,0.5385392944537054,30
AI-enabled,15,knowledge_rank_corr_with_initial,0.9997454852837107,0.9997273892824204,0.9997635812850009,30
AI-enabled,15,mean_ai_trust,0.5640971899531991,0.5633240983827531,0.5648702815236452,30
AI-enabled,15,mean_peer_trust,0.5035098493099213,0.5029849883817266,0.504034710238116,30
AI-enabled,15,mean_tie_strength,0.5358094493548076,0.5345610530416786,0.5370578456679366,30
AI-enabled,15,network_density,0.056021104903786395,0.055986270565769145,0.056055939241803646,30
AI-enabled,15,mean_weighted_degree,5.372962107702539,5.361002527191006,5.384921688214072,30
AI-enabled,15,recent_active_tie_fraction,0.8503349850824428,0.8459827488643358,0.8546872213005497,30
AI-enabled,15,mean_unique_peer_partners,8.58185185185185,8.535593455876331,8.628110247827369,30
AI-enabled,15,mean_peer_marginal,0.004739305270965814,0.0039822098505845685,0.00549640069134706,30
AI-enabled,15,ai_reliability,0.7800000000000001,0.7800000000000001,0.7800000000000001,30
AI-enabled,16,peer_share,0.3607407407407407,0.34570297096141867,0.3757785105200627,30
AI-enabled,16,ai_share,0.3762962962962963,0.365511025708165,0.3870815668844276,30
AI-enabled,16,hybrid_share,0.26296296296296295,0.24988434619585467,0.27604157973007126,30
AI-enabled,16,human_interaction_rate,0.6237037037037036,0.6129184331155724,0.6344889742918349,30
AI-enabled,16,ai_use_rate,0.6392592592592593,0.6242214894799373,0.6542970290385813,30
AI-enabled,16,mean_quality,0.5147892529008594,0.5111304282069077,0.5184480775948112,30
AI-enabled,16,success_rate,0.24833333333333332,0.2362108014066812,0.2604558652599855,30
AI-enabled,16,mean_knowledge,0.536018350801564,0.5324370461943191,0.5395996554088089,30
AI-enabled,16,knowledge_rank_corr_with_initial,0.9997171490490686,0.9996971486363223,0.9997371494618149,30
AI-enabled,16,mean_ai_trust,0.5663731959880204,0.5655601388467404,0.5671862531293004,30
AI-enabled,16,mean_peer_trust,0.5037678639094035,0.5032323747851546,0.5043033530336525,30
AI-enabled,16,mean_tie_strength,0.5348917384942372,0.533646445661398,0.5361370313270765,30
AI-enabled,16,network_density,0.05602524312021511,0.0559915257900505,0.056058960450379725,30
AI-enabled,16,mean_weighted_degree,5.364156487032218,5.352212729772991,5.376100244291444,30
AI-enabled,16,recent_active_tie_fraction,0.8675947558166112,0.8632562936010215,0.8719332180322008,30
AI-enabled,16,mean_unique_peer_partners,8.76148148148148,8.716825965605047,8.806136997357914,30
AI-enabled,16,mean_peer_marginal,0.0050482073154989844,0.00406780282921076,0.006028611801787209,30
AI-enabled,16,ai_reliability,0.7800000000000001,0.7800000000000001,0.7800000000000001,30
AI-enabled,17,peer_share,0.33888888888888896,0.3252257567783383,0.3525520209994396,30
AI-enabled,17,ai_share,0.38425925925925924,0.3711834793997655,0.397335039118753,30
AI-enabled,17,hybrid_share,0.27685185185185185,0.26395893239621476,0.28974477130748894,30
AI-enabled,17,human_interaction_rate,0.6157407407407407,0.602664960881247,0.6288165206002344,30
AI-enabled,17,ai_use_rate,0.6611111111111111,0.6474479790005605,0.6747742432216617,30
AI-enabled,17,mean_quality,0.5139356625320877,0.5105264947286609,0.5173448303355145,30
AI-enabled,17,success_rate,0.24851851851851853,0.23343148858964366,0.2636055484473934,30
AI-enabled,17,mean_knowledge,0.5370804171444118,0.53350086802454,0.5406599662642836,30
AI-enabled,17,knowledge_rank_corr_with_initial,0.999687491254735,0.9996654858155877,0.9997094966938823,30
AI-enabled,17,mean_ai_trust,0.5684586724519699,0.5676125637025329,0.5693047812014069,30
AI-enabled,17,mean_peer_trust,0.504038276274999,0.5034889001274003,0.5045876524225976,30
AI-enabled,17,mean_tie_strength,0.533951191107432,0.5327123585288897,0.5351900236859745,30
AI-enabled,17,network_density,0.056035588661286904,0.05600173424966459,0.05606944307290922,30
AI-enabled,17,mean_weighted_degree,5.355714162588119,5.343749768493926,5.3676785566823115,30
AI-enabled,17,recent_active_tie_fraction,0.8830904293042994,0.8788447909540725,0.8873360676545262,30
AI-enabled,17,mean_unique_peer_partners,8.921111111111111,8.87704950759687,8.965172714625352,30
AI-enabled,17,mean_peer_marginal,0.0045750416335436665,0.00367305107482021,0.005477032192267123,30
AI-enabled,17,ai_reliability,0.7800000000000001,0.7800000000000001,0.7800000000000001,30
AI-enabled,18,peer_share,0.3631481481481483,0.3490311433049225,0.37726515299137403,30
AI-enabled,18,ai_share,0.3724074074074074,0.3582170106991373,0.3865978041156775,30
AI-enabled,18,hybrid_share,0.2644444444444444,0.2548123788444598,0.27407651004442907,30
AI-enabled,18,human_interaction_rate,0.6275925925925925,0.6134021958843223,0.6417829893008626,30
AI-enabled,18,ai_use_rate,0.6368518518518518,0.622734847008626,0.6509688566950775,30
AI-enabled,18,mean_quality,0.5147524637753002,0.5109819241257026,0.5185230034248977,30
AI-enabled,18,success_rate,0.24759259259259256,0.23175927557327353,0.2634259096119116,30
AI-enabled,18,mean_knowledge,0.5381316130150521,0.5345544038970845,0.5417088221330196,30
AI-enabled,18,knowledge_rank_corr_with_initial,0.9996586677120742,0.9996351568716055,0.9996821785525429,30
AI-enabled,18,mean_ai_trust,0.5703283351920558,0.5694530977599798,0.5712035726241319,30
AI-enabled,18,mean_peer_trust,0.504334831237793,0.503771464734577,0.504898197741009,30
AI-enabled,18,mean_tie_strength,0.5330269018809001,0.5317996730044813,0.5342541307573189,30
AI-enabled,18,network_density,0.05604386509414436,0.05600957570436478,0.056078154483923934,30
AI-enabled,18,mean_weighted_degree,5.347237335929165,5.335091170356587,5.3593835015017435,30
AI-enabled,18,recent_active_tie_fraction,0.896251753848443,0.891999159113423,0.9005043485834631,30
AI-enabled,18,mean_unique_peer_partners,9.05851851851852,9.014422127071299,9.102614909965741,30
AI-enabled,18,mean_peer_marginal,0.005884811730569114,0.005087103478107053,0.006682519983031175,30
AI-enabled,18,ai_reliability,0.7800000000000001,0.7800000000000001,0.7800000000000001,30
AI-enabled,19,peer_share,0.352037037037037,0.3405773329490936,0.36349674112498037,30
AI-enabled,19,ai_share,0.3842592592592592,0.3716691511990637,0.3968493673194547,30
AI-enabled,19,hybrid_share,0.26370370370370366,0.252852590594325,0.2745548168130823,30
AI-enabled,19,human_interaction_rate,0.6157407407407408,0.6031506326805453,0.6283308488009364,30
AI-enabled,19,ai_use_rate,0.6479629629629629,0.6365032588750195,0.6594226670509062,30
AI-enabled,19,mean_quality,0.518573328427364,0.5149297539807793,0.5222169028739487,30
AI-enabled,19,success_rate,0.2514814814814815,0.2382046698133993,0.2647582931495636,30
AI-enabled,19,mean_knowledge,0.5391880904412772,0.5356152445163792,0.5427609363661753,30
AI-enabled,19,knowledge_rank_corr_with_initial,0.9996250768911115,0.9995996003403064,0.9996505534419166,30
AI-enabled,19,mean_ai_trust,0.5719361480201265,0.5710437563622565,0.5728285396779965,30
AI-enabled,19,mean_peer_trust,0.5046045502026876,0.5040281537841881,0.5051809466211871,30
AI-enabled,19,mean_tie_strength,0.532050903638204,0.5308231986088837,0.5332786086675242,30
AI-enabled,19,network_density,0.05606662528450232,0.05602732613693628,0.05610592443206836,30
AI-enabled,19,mean_weighted_degree,5.339611833360459,5.327452787273579,5.35177087944734,30
AI-enabled,19,recent_active_tie_fraction,0.9075504566002027,0.9034804251672858,0.9116204880331197,30
AI-enabled,19,mean_unique_peer_partners,9.181481481481482,9.139503586109731,9.223459376853233,30
AI-enabled,19,mean_peer_marginal,0.005565841668029157,0.004858267766442996,0.0062734155696153185,30
AI-enabled,19,ai_reliability,0.7800000000000001,0.7800000000000001,0.7800000000000001,30
AI-enabled,20,peer_share,0.3614814814814815,0.3484756843969839,0.37448727856597913,30
AI-enabled,20,ai_share,0.3766666666666667,0.3673033396743695,0.3860299936589639,30
AI-enabled,20,hybrid_share,0.26185185185185184,0.2501582107127491,0.2735454929909546,30
AI-enabled,20,human_interaction_rate,0.6233333333333334,0.6139700063410363,0.6326966603256305,30
AI-enabled,20,ai_use_rate,0.6385185185185185,0.6255127214340208,0.6515243156030162,30
AI-enabled,20,mean_quality,0.5168026646862501,0.5133487628087898,0.5202565665637104,30
AI-enabled,20,success_rate,0.24814814814814812,0.23532158090941116,0.26097471538688505,30
AI-enabled,20,mean_knowledge,0.5402342487121348,0.5366664739941247,0.5438020234301448,30
AI-enabled,20,knowledge_rank_corr_with_initial,0.999595354524667,0.9995671321581494,0.9996235768911845,30
AI-enabled,20,mean_ai_trust,0.5733997813434107,0.5724886485303915,0.57431091415643,30
AI-enabled,20,mean_peer_trust,0.5048849523067475,0.5042937672534394,0.5054761373600555,30
AI-enabled,20,mean_tie_strength,0.5311506390571594,0.5299218899513556,0.5323793881629633,30
AI-enabled,20,network_density,0.05606869439271667,0.05602881034623522,0.056108578439198115,30
AI-enabled,20,mean_weighted_degree,5.330771457619137,5.318718610497486,5.3428243047407875,30
AI-enabled,20,recent_active_tie_fraction,0.9177760289199856,0.9137634848633076,0.9217885729766635,30
AI-enabled,20,mean_unique_peer_partners,9.287777777777778,9.246830398830268,9.32872515672529,30
AI-enabled,20,mean_peer_marginal,0.005514921238940897,0.004832422273411862,0.006197420204469933,30
AI-enabled,20,ai_reliability,0.7800000000000001,0.7800000000000001,0.7800000000000001,30
AI-enabled,21,peer_share,0.36203703703703705,0.34914411758139996,0.37492995649267413,30
AI-enabled,21,ai_share,0.3827777777777778,0.368981164394292,0.39657439116126353,30
AI-enabled,21,hybrid_share,0.2551851851851852,0.24072083364241884,0.26964953672795156,30
AI-enabled,21,human_interaction_rate,0.6172222222222222,0.6034256088387364,0.631018835605708,30
AI-enabled,21,ai_use_rate,0.637962962962963,0.6250700435073259,0.6508558824186,30
AI-enabled,21,mean_quality,0.5191519821256924,0.5164158799765473,0.5218880842748375,30
AI-enabled,21,success_rate,0.25740740740740736,0.24790355449471266,0.2669112603201021,30
AI-enabled,21,mean_knowledge,0.5412840077153407,0.5377220168750062,0.5448459985556752,30
AI-enabled,21,knowledge_rank_corr_with_initial,0.9995626822535538,0.9995311932053391,0.9995941713017685,30
AI-enabled,21,mean_ai_trust,0.5749065541991218,0.573951573109085,0.5758615352891587,30
AI-enabled,21,mean_peer_trust,0.5051661988099416,0.5045616834261035,0.5057707141937797,30
AI-enabled,21,mean_tie_strength,0.5302418033281963,0.5290116847595714,0.5314719218968211,30
AI-enabled,21,network_density,0.0560728326091454,0.05603139938949406,0.056114265828796736,30
AI-enabled,21,mean_weighted_degree,5.322041686949905,5.310006431137491,5.33407694276232,30
AI-enabled,21,recent_active_tie_fraction,0.9181921051429501,0.9143007644610563,0.9220834458248439,30
AI-enabled,21,mean_unique_peer_partners,9.395185185185188,9.356254097728865,9.43411627264151,30
AI-enabled,21,mean_peer_marginal,0.0053372666637330575,0.00461151477640228,0.006063018551063835,30
AI-enabled,21,ai_reliability,0.7800000000000001,0.7800000000000001,0.7800000000000001,30
AI-enabled,22,peer_share,0.3640740740740741,0.3496220390257012,0.378526109122447,30
AI-enabled,22,ai_share,0.36759259259259264,0.3535430243783769,0.38164216080680835,30
AI-enabled,22,hybrid_share,0.2683333333333333,0.2553478998965834,0.2813187667700832,30
AI-enabled,22,human_interaction_rate,0.6324074074074074,0.6183578391931916,0.6464569756216232,30
AI-enabled,22,ai_use_rate,0.635925925925926,0.6214738908775531,0.6503779609742989,30
AI-enabled,22,mean_quality,0.5194419763021147,0.51651757735189,0.5223663752523395,30
AI-enabled,22,success_rate,0.262037037037037,0.2513603213996709,0.2727137526744031,30
AI-enabled,22,mean_knowledge,0.5423376913895912,0.5387835680824972,0.5458918146966852,30
AI-enabled,22,knowledge_rank_corr_with_initial,0.999526958988985,0.9994933564593023,0.9995605615186678,30
AI-enabled,22,mean_ai_trust,0.5763358514072451,0.5753955159911467,0.5772761868233435,30
AI-enabled,22,mean_peer_trust,0.5054668426513672,0.504844522755835,0.5060891625468994,30
AI-enabled,22,mean_tie_strength,0.5293461521466573,0.5281185755038182,0.5305737287894963,30
AI-enabled,22,network_density,0.056074901717359744,0.056033850309845014,0.056115953124874475,30
AI-enabled,22,mean_weighted_degree,5.31324834647002,5.301234097493099,5.325262595446942,30
AI-enabled,22,recent_active_tie_fraction,0.917788097292086,0.914806398264662,0.92076979631951,30
AI-enabled,22,mean_unique_peer_partners,9.487777777777778,9.455615169721739,9.519940385833817,30
AI-enabled,22,mean_peer_marginal,0.0056127874946360805,0.004656207113363418,0.006569367875908743,30
AI-enabled,22,ai_reliability,0.7800000000000001,0.7800000000000001,0.7800000000000001,30
AI-enabled,23,peer_share,0.35555555555555546,0.342954647697011,0.3681564634140999,30
AI-enabled,23,ai_share,0.37666666666666665,0.3630644921098239,0.3902688412235094,30
AI-enabled,23,hybrid_share,0.2677777777777778,0.2576091109508655,0.27794644460469003,30
AI-enabled,23,human_interaction_rate,0.6233333333333334,0.6097311587764906,0.6369355078901762,30
AI-enabled,23,ai_use_rate,0.6444444444444443,0.6318435365858999,0.6570453523029887,30
AI-enabled,23,mean_quality,0.5198647640490119,0.5168702409644761,0.5228592871335478,30
AI-enabled,23,success_rate,0.2614814814814815,0.24838472305714893,0.27457823990581404,30
AI-enabled,23,mean_knowledge,0.5433844980378026,0.5398378987639687,0.5469310973116366,30
AI-enabled,23,knowledge_rank_corr_with_initial,0.999489382191026,0.9994546540501787,0.9995241103318733,30
AI-enabled,23,mean_ai_trust,0.5778069075540386,0.5769105618257495,0.5787032532823277,30
AI-enabled,23,mean_peer_trust,0.5057609180609385,0.5051241883176653,0.5063976478042117,30
AI-enabled,23,mean_tie_strength,0.5284401893615722,0.5272148519263948,0.5296655267967496,30
AI-enabled,23,network_density,0.056079039933788474,0.056036568975245116,0.05612151089233183,30
AI-enabled,23,mean_weighted_degree,5.304546647160142,5.292484663352984,5.316608630967299,30
AI-enabled,23,recent_active_tie_fraction,0.9156171212629228,0.9121718757616399,0.9190623667642057,30
AI-enabled,23,mean_unique_peer_partners,9.555555555555554,9.525676706736588,9.585434404374519,30
AI-enabled,23,mean_peer_marginal,0.0050893514940002745,0.004148480277835525,0.006030222710165024,30
AI-enabled,23,ai_reliability,0.7800000000000001,0.7800000000000001,0.7800000000000001,30
AI-enabled,24,peer_share,0.3407407407407407,0.3310054915604291,0.3504759899210523,30
AI-enabled,24,ai_share,0.3857407407407407,0.3752519245506745,0.3962295569308069,30
AI-enabled,24,hybrid_share,0.27351851851851844,0.2632875343347242,0.2837495027023127,30
AI-enabled,24,human_interaction_rate,0.6142592592592595,0.6037704430691933,0.6247480754493258,30
AI-enabled,24,ai_use_rate,0.6592592592592592,0.6495240100789476,0.6689945084395709,30
AI-enabled,24,mean_quality,0.5185621164425853,0.5149816294253149,0.5221426034598557,30
AI-enabled,24,success_rate,0.25240740740740736,0.23990482480212671,0.264909990012688,30
AI-enabled,24,mean_knowledge,0.5444233960979087,0.5408832525747242,0.5479635396210931,30
AI-enabled,24,knowledge_rank_corr_with_initial,0.9994516638444227,0.9994164510834227,0.9994868766054228,30
AI-enabled,24,mean_ai_trust,0.5789071550106504,0.5780420001341224,0.5797723098871783,30
AI-enabled,24,mean_peer_trust,0.5060652037461598,0.5054092107466689,0.5067211967456507,30
AI-enabled,24,mean_tie_strength,0.5275273064772288,0.5263037085234865,0.5287509044309711,30
AI-enabled,24,network_density,0.056085247258431566,0.056041466110884654,0.05612902840597848,30
AI-enabled,24,mean_weighted_degree,5.295968464480506,5.283924670708326,5.308012258252686,30
AI-enabled,24,recent_active_tie_fraction,0.9135609394190076,0.9100246387952681,0.9170972400427472,30
AI-enabled,24,mean_unique_peer_partners,9.615185185185185,9.58839676477018,9.641973605600189,30
AI-enabled,24,mean_peer_marginal,0.005000235315093444,0.004205286102114825,0.005795184528072063,30
AI-enabled,24,ai_reliability,0.7800000000000001,0.7800000000000001,0.7800000000000001,30
AI-enabled,25,peer_share,0.3462962962962963,0.33063590602387366,0.361956686568719,30
AI-enabled,25,ai_share,0.3888888888888888,0.3764539456694495,0.40132383210832806,30
AI-enabled,25,hybrid_share,0.2648148148148148,0.25136697853318735,0.2782626510964422,30
AI-enabled,25,human_interaction_rate,0.6111111111111113,0.598676167891672,0.6235460543305505,30
AI-enabled,25,ai_use_rate,0.6537037037037037,0.6380433134312811,0.6693640939761263,30
AI-enabled,25,mean_quality,0.5197611501947564,0.516689471968125,0.5228328284213879,30
AI-enabled,25,success_rate,0.2616666666666666,0.25109798285584833,0.27223535047748487,30
AI-enabled,25,mean_knowledge,0.545466389603097,0.5419314058311449,0.5490013733750492,30
AI-enabled,25,knowledge_rank_corr_with_initial,0.9994127578891554,0.9993758517724856,0.9994496640058252,30
AI-enabled,25,mean_ai_trust,0.5800492124708662,0.5791697805573264,0.580928644384406,30
AI-enabled,25,mean_peer_trust,0.5063754359881083,0.5056902889889168,0.5070605829872998,30
AI-enabled,25,mean_tie_strength,0.5266119281450907,0.5253961423381155,0.527827713952066,30
AI-enabled,25,network_density,0.056093523691289,0.05604948939012051,0.05613755799245748,30
AI-enabled,25,mean_weighted_degree,5.287561688114096,5.275415252300074,5.299708123928117,30
AI-enabled,25,recent_active_tie_fraction,0.9129124064103447,0.908944241887249,0.9168805709334403,30
AI-enabled,25,mean_unique_peer_partners,9.674814814814814,9.648917571280858,9.70071205834877,30
AI-enabled,25,mean_peer_marginal,0.00587310484024898,0.004921085080790525,0.006825124599707436,30
AI-enabled,25,ai_reliability,0.7800000000000001,0.7800000000000001,0.7800000000000001,30
AI-enabled,26,peer_share,0.34814814814814804,0.33695241276972987,0.3593438835265662,30
AI-enabled,26,ai_share,0.38722222222222225,0.3743515743262337,0.40009287011821076,30
AI-enabled,26,hybrid_share,0.2646296296296296,0.25270041911045044,0.27655884014880877,30
AI-enabled,26,human_interaction_rate,0.6127777777777778,0.5999071298817892,0.6256484256737663,30
AI-enabled,26,ai_use_rate,0.6518518518518518,0.6406561164734337,0.6630475872302699,30
AI-enabled,26,mean_quality,0.5232994746968055,0.5198662208015604,0.5267327285920506,30
AI-enabled,26,success_rate,0.26555555555555554,0.25128261088304193,0.27982850022806915,30
AI-enabled,26,mean_knowledge,0.5465190480661045,0.5429917876859474,0.5500463084462617,30
AI-enabled,26,knowledge_rank_corr_with_initial,0.9993706296504985,0.999330507558198,0.999410751742799,30
AI-enabled,26,mean_ai_trust,0.5812890981777347,0.580455817092241,0.5821223792632283,30
AI-enabled,26,mean_peer_trust,0.5066937188307444,0.505989976404876,0.5073974612566129,30
AI-enabled,26,mean_tie_strength,0.5257095774014791,0.524489464195505,0.5269296906074531,30
AI-enabled,26,network_density,0.05609766190771772,0.056054220593104075,0.056141103222331366,30
AI-enabled,26,mean_weighted_degree,5.278888364103105,5.266872685276974,5.290904042929236,30
AI-enabled,26,recent_active_tie_fraction,0.9121817989323833,0.9084947417588368,0.9158688561059297,30
AI-enabled,26,mean_unique_peer_partners,9.733703703703704,9.708584852945343,9.758822554462064,30
AI-enabled,26,mean_peer_marginal,0.00513134927680312,0.004363116495309143,0.005899582058297097,30
AI-enabled,26,ai_reliability,0.7800000000000001,0.7800000000000001,0.7800000000000001,30
AI-enabled,27,peer_share,0.35666666666666663,0.34477587359841744,0.3685574597349158,30
AI-enabled,27,ai_share,0.37888888888888883,0.3634858285448147,0.39429194923296296,30
AI-enabled,27,hybrid_share,0.2644444444444444,0.2535678335517517,0.27532105533713713,30
AI-enabled,27,human_interaction_rate,0.6211111111111111,0.6057080507670369,0.6365141714551852,30
AI-enabled,27,ai_use_rate,0.6433333333333334,0.6314425402650843,0.6552241264015826,30
AI-enabled,27,mean_quality,0.5218002243793626,0.5185965484972408,0.5250039002614844,30
AI-enabled,27,success_rate,0.2633333333333333,0.24941624192866668,0.27725042473799993,30
AI-enabled,27,mean_knowledge,0.547549678607627,0.5440294228596155,0.5510699343556386,30
AI-enabled,27,knowledge_rank_corr_with_initial,0.9993315808869381,0.9992885527087815,0.9993746090650947,30
AI-enabled,27,mean_ai_trust,0.5821969075159595,0.5813664971034247,0.5830273179284944,30
AI-enabled,27,mean_peer_trust,0.5070213417212168,0.5063003201336169,0.5077423633088167,30
AI-enabled,27,mean_tie_strength,0.5248069107532501,0.5235849193662291,0.5260289021402712,30
AI-enabled,27,network_density,0.056103869232360805,0.05605952052124101,0.0561482179434806,30
AI-enabled,27,mean_weighted_degree,5.270405176701369,5.25848044725863,5.282329906144109,30
AI-enabled,27,recent_active_tie_fraction,0.912518821971954,0.9087500551456074,0.9162875887983006,30
AI-enabled,27,mean_unique_peer_partners,9.781851851851851,9.756033805551759,9.807669898151943,30
AI-enabled,27,mean_peer_marginal,0.005598134936061069,0.00466366935720139,0.006532600514920749,30
AI-enabled,27,ai_reliability,0.7800000000000001,0.7800000000000001,0.7800000000000001,30
AI-enabled,28,peer_share,0.35500000000000004,0.34144208159626516,0.3685579184037349,30
AI-enabled,28,ai_share,0.38,0.36729821758419745,0.39270178241580256,30
AI-enabled,28,hybrid_share,0.26499999999999996,0.2506363700316506,0.2793636299683493,30
AI-enabled,28,human_interaction_rate,0.62,0.6072982175841974,0.6327017824158025,30
AI-enabled,28,ai_use_rate,0.645,0.6314420815962651,0.6585579184037349,30
AI-enabled,28,mean_quality,0.5223585855451773,0.519013647592795,0.5257035234975597,30
AI-enabled,28,success_rate,0.2638888888888889,0.25150476786426074,0.27627300991351705,30
AI-enabled,28,mean_knowledge,0.5485884002250107,0.5450724545661191,0.5521043458839022,30
AI-enabled,28,knowledge_rank_corr_with_initial,0.9992893872476514,0.9992447788833362,0.9993339956119666,30
AI-enabled,28,mean_ai_trust,0.5831644956088845,0.5824020675230382,0.5839269236947308,30
AI-enabled,28,mean_peer_trust,0.507353804508845,0.5066143507939991,0.508093258223691,30
AI-enabled,28,mean_tie_strength,0.5239115476608276,0.52269272047693,0.5251303748447251,30
AI-enabled,28,network_density,0.05610800744878952,0.05606354748328075,0.056152467414298295,30
AI-enabled,28,mean_weighted_degree,5.261801533787338,5.24990282031669,5.273700247257986,30
AI-enabled,28,recent_active_tie_fraction,0.9123786787837728,0.909272229914385,0.9154851276531605,30
AI-enabled,28,mean_unique_peer_partners,9.823333333333334,9.796086469733353,9.850580196933315,30
AI-enabled,28,mean_peer_marginal,0.005626015131679209,0.0049675053214904685,0.00628452494186795,30
AI-enabled,28,ai_reliability,0.7800000000000001,0.7800000000000001,0.7800000000000001,30
AI-enabled,29,peer_share,0.3587037037037037,0.34435523433445525,0.37305217307295213,30
AI-enabled,29,ai_share,0.3837037037037037,0.36654572251930734,0.4008616848881001,30
AI-enabled,29,hybrid_share,0.25759259259259254,0.24455773266262196,0.27062745252256315,30
AI-enabled,29,human_interaction_rate,0.6162962962962962,0.5991383151118999,0.6334542774806926,30
AI-enabled,29,ai_use_rate,0.6412962962962963,0.6269478269270479,0.6556447656655446,30
AI-enabled,29,mean_quality,0.5214924080277531,0.5181161987042445,0.5248686173512617,30
AI-enabled,29,success_rate,0.25833333333333325,0.24605753031672115,0.2706091363499454,30
AI-enabled,29,mean_knowledge,0.5496199556737077,0.5461110346982854,0.55312887664913,30
AI-enabled,29,knowledge_rank_corr_with_initial,0.9992443890202859,0.9991968772638693,0.9992919007767025,30
AI-enabled,29,mean_ai_trust,0.5841717837915085,0.5834405787218035,0.5849029888612134,30
AI-enabled,29,mean_peer_trust,0.5076904277006785,0.5069324000453728,0.5084484553559843,30
AI-enabled,29,mean_tie_strength,0.5230124493439993,0.5217861010918539,0.5242387975961447,30
AI-enabled,29,network_density,0.05611421477343259,0.056067459789144784,0.0561609697577204,30
AI-enabled,29,mean_weighted_degree,5.253347988746783,5.241594973684336,5.26510100380923,30
AI-enabled,29,recent_active_tie_fraction,0.9127202511797045,0.9097799316652003,0.9156605706942086,30
AI-enabled,29,mean_unique_peer_partners,9.865555555555556,9.837962328788585,9.893148782322527,30
AI-enabled,29,mean_peer_marginal,0.0059672135278398064,0.005132253565433257,0.0068021734902463556,30
AI-enabled,29,ai_reliability,0.7800000000000001,0.7800000000000001,0.7800000000000001,30
AI-enabled,30,peer_share,0.3577777777777777,0.3420675607284325,0.3734879948271229,30
AI-enabled,30,ai_share,0.38629629629629625,0.3734189244754607,0.3991736681171318,30
AI-enabled,30,hybrid_share,0.2559259259259259,0.24215533053866722,0.26969652131318456,30
AI-enabled,30,human_interaction_rate,0.6137037037037038,0.6008263318828683,0.6265810755245392,30
AI-enabled,30,ai_use_rate,0.6422222222222219,0.6265120051728766,0.6579324392715672,30
AI-enabled,30,mean_quality,0.524318077182253,0.5206510392987878,0.5279851150657182,30
AI-enabled,30,success_rate,0.26851851851851843,0.25377573983627005,0.2832612972007668,30
AI-enabled,30,mean_knowledge,0.5506454412664379,0.5471417101176524,0.5541491724152233,30
AI-enabled,30,knowledge_rank_corr_with_initial,0.9992010227017931,0.9991514228784429,0.9992506225251433,30
AI-enabled,30,mean_ai_trust,0.5847950675815482,0.5841060644550349,0.5854840707080615,30
AI-enabled,30,mean_peer_trust,0.508041512966156,0.5072606380489993,0.5088223878833126,30
AI-enabled,30,mean_tie_strength,0.522123376528422,0.520899190904108,0.523347562152736,30
AI-enabled,30,network_density,0.05611835298986132,0.056072424177509135,0.05616428180221351,30
AI-enabled,30,mean_weighted_degree,5.244805123629393,5.2330605280018245,5.256549719256962,30
AI-enabled,30,recent_active_tie_fraction,0.9119886749412308,0.908868057907147,0.9151092919753147,30
AI-enabled,30,mean_unique_peer_partners,9.898518518518522,9.872625859514185,9.924411177522858,30
AI-enabled,30,mean_peer_marginal,0.00659649268796894,0.005660796469193168,0.007532188906744713,30
AI-enabled,30,ai_reliability,0.7800000000000001,0.7800000000000001,0.7800000000000001,30
AI-enabled,31,peer_share,0.35055555555555556,0.33929352246603006,0.36181758864508107,30
AI-enabled,31,ai_share,0.389074074074074,0.37762732661658843,0.4005208215315596,30
AI-enabled,31,hybrid_share,0.26037037037037036,0.25055315361037456,0.27018758713036617,30
AI-enabled,31,human_interaction_rate,0.610925925925926,0.5994791784684405,0.6223726733834115,30
AI-enabled,31,ai_use_rate,0.6494444444444445,0.6381824113549189,0.66070647753397,30
AI-enabled,31,mean_quality,0.5242483971730855,0.5209178062608454,0.5275789880853256,30
AI-enabled,31,success_rate,0.2696296296296296,0.25734194540422295,0.28191731385503627,30
AI-enabled,31,mean_knowledge,0.551677131443664,0.5481804213841808,0.5551738415031473,30
AI-enabled,31,knowledge_rank_corr_with_initial,0.9991540021287445,0.9991016072423161,0.9992063970151729,30
AI-enabled,31,mean_ai_trust,0.5856777726770045,0.5849602155219956,0.5863953298320134,30
AI-enabled,31,mean_peer_trust,0.5083896696567536,0.5075974266225584,0.5091819126909488,30
AI-enabled,31,mean_tie_strength,0.5212303717931112,0.5200087543251821,0.5224519892610402,30
AI-enabled,31,network_density,0.05612249120629003,0.056076240834732116,0.056168741577847944,30
AI-enabled,31,mean_weighted_degree,5.236220868693459,5.224488643623021,5.247953093763897,30
AI-enabled,31,recent_active_tie_fraction,0.9117384651965309,0.908691691418181,0.9147852389748808,30
AI-enabled,31,mean_unique_peer_partners,9.924814814814816,9.899904783896266,9.949724845733366,30
AI-enabled,31,mean_peer_marginal,0.005355461349869324,0.0045082486345296375,0.006202674065209011,30
AI-enabled,31,ai_reliability,0.7800000000000001,0.7800000000000001,0.7800000000000001,30
AI-enabled,32,peer_share,0.36444444444444446,0.35360884140503235,0.37528004748385657,30
AI-enabled,32,ai_share,0.38296296296296295,0.3703275577809226,0.3955983681450033,30
AI-enabled,32,hybrid_share,0.25259259259259254,0.24019669417927525,0.2649884910059098,30
AI-enabled,32,human_interaction_rate,0.617037037037037,0.6044016318549966,0.6296724422190775,30
AI-enabled,32,ai_use_rate,0.6355555555555554,0.6247199525161433,0.6463911585949675,30
AI-enabled,32,mean_quality,0.5256549166725893,0.522272764199688,0.5290370691454906,30
AI-enabled,32,success_rate,0.2753703703703703,0.26172154606176695,0.2890191946789737,30
AI-enabled,32,mean_knowledge,0.552698749196092,0.5492060140658012,0.5561914843263828,30
AI-enabled,32,knowledge_rank_corr_with_initial,0.9991071614769561,0.9990553461455162,0.999158976808396,30
AI-enabled,32,mean_ai_trust,0.5861454063798012,0.5854247812174204,0.586866031542182,30
AI-enabled,32,mean_peer_trust,0.5087393720944723,0.50792386560981,0.5095548785791346,30
AI-enabled,32,mean_tie_strength,0.5203371822834015,0.5191259647963251,0.521548399770478,30
AI-enabled,32,network_density,0.05612869853093312,0.05608327671194967,0.056174120349916576,30
AI-enabled,32,mean_weighted_degree,5.227830242315929,5.215967990541356,5.2396924940905025,30
AI-enabled,32,recent_active_tie_fraction,0.912374414676493,0.909596457242219,0.915152372110767,30
AI-enabled,32,mean_unique_peer_partners,9.95962962962963,9.93496385190198,9.98429540735728,30
AI-enabled,32,mean_peer_marginal,0.00624106500772485,0.005475473174787467,0.0070066568406622325,30
AI-enabled,32,ai_reliability,0.7800000000000001,0.7800000000000001,0.7800000000000001,30
AI-enabled,33,peer_share,0.36018518518518516,0.34744277189223033,0.37292759847814,30
AI-enabled,33,ai_share,0.3844444444444444,0.37301174990675867,0.3958771389821302,30
AI-enabled,33,hybrid_share,0.2553703703703703,0.24359138151403814,0.26714935922670247,30
AI-enabled,33,human_interaction_rate,0.6155555555555556,0.6041228610178699,0.6269882500932413,30
AI-enabled,33,ai_use_rate,0.6398148148148147,0.6270724015218598,0.6525572281077696,30
AI-enabled,33,mean_quality,0.52673573074853,0.5233373854164795,0.5301340760805805,30
AI-enabled,33,success_rate,0.2816666666666666,0.2708372281985272,0.29249610513480606,30
AI-enabled,33,mean_knowledge,0.55371248395665,0.550221455298369,0.557203512614931,30
AI-enabled,33,knowledge_rank_corr_with_initial,0.9990582137106802,0.9990033510866698,0.9991130763346905,30
AI-enabled,33,mean_ai_trust,0.5865836193621138,0.5859248540752022,0.5872423846490253,30
AI-enabled,33,mean_peer_trust,0.5091018994649251,0.5082639957332276,0.5099398031966227,30
AI-enabled,33,mean_tie_strength,0.5194562097390493,0.5182416516888889,0.5206707677892096,30
AI-enabled,33,network_density,0.056130767639147476,0.056085652750904505,0.05617588252739045,30
AI-enabled,33,mean_weighted_degree,5.219168636489797,5.207464643803291,5.230872629176302,30
AI-enabled,33,recent_active_tie_fraction,0.9107553776036161,0.9077176839051506,0.9137930713020816,30
AI-enabled,33,mean_unique_peer_partners,9.984814814814817,9.960635125886133,10.0089945037435,30
AI-enabled,33,mean_peer_marginal,0.005531327371057399,0.004544984007471061,0.006517670734643737,30
AI-enabled,33,ai_reliability,0.7800000000000001,0.7800000000000001,0.7800000000000001,30
AI-enabled,34,peer_share,0.3577777777777778,0.34371219925591484,0.37184335629964077,30
AI-enabled,34,ai_share,0.3816666666666667,0.3660364702308301,0.39729686310250334,30
AI-enabled,34,hybrid_share,0.26055555555555554,0.24663046934445162,0.2744806417666595,30
AI-enabled,34,human_interaction_rate,0.6183333333333335,0.6027031368974969,0.6339635297691701,30
AI-enabled,34,ai_use_rate,0.6422222222222225,0.6281566437003595,0.6562878007440854,30
AI-enabled,34,mean_quality,0.5262357322267341,0.522414265025739,0.5300571994277293,30
AI-enabled,34,success_rate,0.27462962962962956,0.26069034175122474,0.2885689175080344,30
AI-enabled,34,mean_knowledge,0.5547378458283121,0.5512520277060906,0.5582236639505336,30
AI-enabled,34,knowledge_rank_corr_with_initial,0.9990081531793706,0.9989509249688329,0.9990653813899084,30
AI-enabled,34,mean_ai_trust,0.5871033432808217,0.5864425332982299,0.5877641532634135,30
AI-enabled,34,mean_peer_trust,0.5094636122385661,0.5085995859732524,0.5103276385038797,30
AI-enabled,34,mean_tie_strength,0.5185602962970733,0.5173466248325282,0.5197739677616184,30
AI-enabled,34,network_density,0.05613904407200491,0.0560932499090552,0.05618483823495462,30
AI-enabled,34,mean_weighted_degree,5.210934596679829,5.199253012641899,5.222616180717759,30
AI-enabled,34,recent_active_tie_fraction,0.9103637758338634,0.9068236064088387,0.9139039452588881,30
AI-enabled,34,mean_unique_peer_partners,10.010370370370369,9.985005778843957,10.03573496189678,30
AI-enabled,34,mean_peer_marginal,0.006386457818566066,0.0055278250999309,0.007245090537201233,30
AI-enabled,34,ai_reliability,0.7800000000000001,0.7800000000000001,0.7800000000000001,30
AI-enabled,35,peer_share,0.3561111111111111,0.34432120878546246,0.36790101343675974,30
AI-enabled,35,ai_share,0.3899999999999999,0.37624593810310314,0.40375406189689667,30
AI-enabled,35,hybrid_share,0.25388888888888883,0.24231750169933336,0.2654602760784443,30
AI-enabled,35,human_interaction_rate,0.6099999999999999,0.5962459381031031,0.6237540618968966,30
AI-enabled,35,ai_use_rate,0.6438888888888888,0.6320989865632402,0.6556787912145375,30
AI-enabled,35,mean_quality,0.5293552865542814,0.5264680795265564,0.5322424935820065,30
AI-enabled,35,success_rate,0.2875925925925926,0.2774929924262952,0.29769219275889003,30
AI-enabled,35,mean_knowledge,0.5557627030956187,0.5522793055508778,0.5592461006403596,30
AI-enabled,35,knowledge_rank_corr_with_initial,0.9989539083359951,0.9988937377302721,0.999014078941718,30
AI-enabled,35,mean_ai_trust,0.5877063560567662,0.5870814885332237,0.5883312235803088,30
AI-enabled,35,mean_peer_trust,0.5098458031813303,0.5089641528121048,0.5107274535505558,30
AI-enabled,35,mean_tie_strength,0.5176792164643605,0.5164700674038232,0.5188883655248979,30
AI-enabled,35,network_density,0.05614318228843364,0.05609613763377286,0.05619022694309442,30
AI-enabled,35,mean_weighted_degree,5.202464953440207,5.190738528040814,5.214191378839599,30
AI-enabled,35,recent_active_tie_fraction,0.9099629211086173,0.9067412797513555,0.9131845624658791,30
AI-enabled,35,mean_unique_peer_partners,10.036296296296294,10.009211488869523,10.063381103723065,30
AI-enabled,35,mean_peer_marginal,0.006697468350896534,0.00581573309887262,0.007579203602920448,30
AI-enabled,35,ai_reliability,0.7800000000000001,0.7800000000000001,0.7800000000000001,30
AI-enabled,36,peer_share,0.36351851851851846,0.35089780237086604,0.3761392346661709,30
AI-enabled,36,ai_share,0.3851851851851852,0.3738315084328348,0.39653886193753557,30
AI-enabled,36,hybrid_share,0.2512962962962963,0.24035055058457963,0.262242042008013,30
AI-enabled,36,human_interaction_rate,0.6148148148148149,0.6034611380624645,0.6261684915671654,30
AI-enabled,36,ai_use_rate,0.6364814814814814,0.6238607653338291,0.6491021976291338,30
AI-enabled,36,mean_quality,0.5296664847566147,0.526808897484175,0.5325240720290544,30
AI-enabled,36,success_rate,0.28388888888888886,0.27130742734208524,0.2964703504356925,30
AI-enabled,36,mean_knowledge,0.556777752808523,0.5533026894453136,0.5602528161717325,30
AI-enabled,36,knowledge_rank_corr_with_initial,0.9988990261096801,0.9988374568156774,0.9989605954036828,30
AI-enabled,36,mean_ai_trust,0.5880452197446949,0.5873867162875266,0.5887037232018633,30
AI-enabled,36,mean_peer_trust,0.5102013508478801,0.5092983621556558,0.5111043395401044,30
AI-enabled,36,mean_tie_strength,0.5167719999949137,0.5155692194795746,0.5179747805102529,30
AI-enabled,36,network_density,0.056155596937719786,0.05610753933692729,0.05620365453851228,30
AI-enabled,36,mean_weighted_degree,5.1944979596579515,5.182681476302516,5.206314443013387,30
AI-enabled,36,recent_active_tie_fraction,0.9103549425275543,0.9070234840735182,0.9136864009815905,30
AI-enabled,36,mean_unique_peer_partners,10.060740740740743,10.032861100421798,10.088620381059688,30
AI-enabled,36,mean_peer_marginal,0.005989877502525967,0.005044159216608715,0.00693559578844322,30
AI-enabled,36,ai_reliability,0.7800000000000001,0.7800000000000001,0.7800000000000001,30
AI-enabled,37,peer_share,0.36,0.34591544385063244,0.37408455614936753,30
AI-enabled,37,ai_share,0.37814814814814807,0.36785570447878113,0.388440591817515,30
AI-enabled,37,hybrid_share,0.26185185185185184,0.2495400378312106,0.2741636658724931,30
AI-enabled,37,human_interaction_rate,0.6218518518518519,0.611559408182485,0.6321442955212188,30
AI-enabled,37,ai_use_rate,0.64,0.6259154438506325,0.6540845561493676,30
AI-enabled,37,mean_quality,0.526719312762163,0.522961812216533,0.530476813307793,30
AI-enabled,37,success_rate,0.2644444444444444,0.25097161899366843,0.2779172698952204,30
AI-enabled,37,mean_knowledge,0.5577816933653829,0.5543096489335451,0.5612537377972207,30
AI-enabled,37,knowledge_rank_corr_with_initial,0.9988437864238844,0.9987803663796346,0.9989072064681341,30
AI-enabled,37,mean_ai_trust,0.5883456835812947,0.5877508228330665,0.5889405443295229,30
AI-enabled,37,mean_peer_trust,0.5105695406595866,0.5096454823556715,0.5114935989635017,30
AI-enabled,37,mean_tie_strength,0.5158998072147369,0.5147050796359157,0.5170945347935582,30
AI-enabled,37,network_density,0.056157666045934154,0.05610929465375567,0.05620603743811264,30
AI-enabled,37,mean_weighted_degree,5.185923694151419,5.174064546461363,5.197782841841475,30
AI-enabled,37,recent_active_tie_fraction,0.9094749464676017,0.9059028035437028,0.9130470893915007,30
AI-enabled,37,mean_unique_peer_partners,10.075185185185184,10.048726737101317,10.10164363326905,30
AI-enabled,37,mean_peer_marginal,0.00601772817726595,0.005054875788880983,0.006980580565650918,30
AI-enabled,37,ai_reliability,0.7800000000000001,0.7800000000000001,0.7800000000000001,30
AI-enabled,38,peer_share,0.3587037037037037,0.3457923816655085,0.37161502574189886,30
AI-enabled,38,ai_share,0.38944444444444437,0.3732619528579454,0.40562693603094335,30
AI-enabled,38,hybrid_share,0.2518518518518518,0.23967821831037273,0.2640254853933309,30
AI-enabled,38,human_interaction_rate,0.6105555555555555,0.5943730639690565,0.6267380471420545,30
AI-enabled,38,ai_use_rate,0.6412962962962963,0.628384974258101,0.6542076183344915,30
AI-enabled,38,mean_quality,0.5297428717814392,0.5256774684734797,0.5338082750893987,30
AI-enabled,38,success_rate,0.27611111111111103,0.25947821607596167,0.2927440061462604,30
AI-enabled,38,mean_knowledge,0.558795296209521,0.5553250699106904,0.5622655225083515,30
AI-enabled,38,knowledge_rank_corr_with_initial,0.9987896258306448,0.9987243853505701,0.9988548663107195,30
AI-enabled,38,mean_ai_trust,0.5886067950830899,0.5880030811092216,0.5892105090569582,30
AI-enabled,38,mean_peer_trust,0.5109596252441406,0.5100168514962613,0.51190239899202,30
AI-enabled,38,mean_tie_strength,0.5150374889373779,0.5138444191800021,0.5162305586947536,30
AI-enabled,38,network_density,0.056157666045934154,0.05610929465375567,0.05620603743811264,30
AI-enabled,38,mean_weighted_degree,5.177255592434494,5.165411934029885,5.189099250839103,30
AI-enabled,38,recent_active_tie_fraction,0.910101507646292,0.906469385769605,0.9137336295229791,30
AI-enabled,38,mean_unique_peer_partners,10.088148148148148,10.062388795431312,10.113907500864984,30
AI-enabled,38,mean_peer_marginal,0.006951345071912717,0.005977817584174047,0.007924872559651387,30
AI-enabled,38,ai_reliability,0.7800000000000001,0.7800000000000001,0.7800000000000001,30
AI-enabled,39,peer_share,0.3557407407407407,0.34408841589975514,0.36739306558172624,30
AI-enabled,39,ai_share,0.38981481481481484,0.3771073868592784,0.40252224277035126,30
AI-enabled,39,hybrid_share,0.25444444444444436,0.24003697328585075,0.26885191560303795,30
AI-enabled,39,human_interaction_rate,0.6101851851851853,0.5974777572296489,0.6228926131407216,30
AI-enabled,39,ai_use_rate,0.6442592592592592,0.6326069344182736,0.6559115841002447,30
AI-enabled,39,mean_quality,0.5303409939058527,0.5274443804191395,0.5332376073925658,30
AI-enabled,39,success_rate,0.2840740740740741,0.2719321756026648,0.2962159725454834,30
AI-enabled,39,mean_knowledge,0.5597975775254952,0.556329852630136,0.5632653024208544,30
AI-enabled,39,knowledge_rank_corr_with_initial,0.9987297087318426,0.998660297507087,0.9987991199565983,30
AI-enabled,39,mean_ai_trust,0.5889482780495781,0.5883422290855763,0.5895543270135798,30
AI-enabled,39,mean_peer_trust,0.5113355100154877,0.5103731548793408,0.5122978651516347,30
AI-enabled,39,mean_tie_strength,0.5141551276048024,0.5129624450198709,0.515347810189734,30
AI-enabled,39,network_density,0.05616387337057723,0.05611316476772852,0.056214581973425944,30
AI-enabled,39,mean_weighted_degree,5.168955468557499,5.1571348146367395,5.1807761224782585,30
AI-enabled,39,recent_active_tie_fraction,0.9087080594188935,0.9054438768166507,0.9119722420211364,30
AI-enabled,39,mean_unique_peer_partners,10.104074074074072,10.07686790674308,10.131280241405063,30
AI-enabled,39,mean_peer_marginal,0.006378956651188633,0.005286033283477145,0.007471880018900121,30
AI-enabled,39,ai_reliability,0.7800000000000001,0.7800000000000001,0.7800000000000001,30
AI-enabled,40,peer_share,0.34888888888888886,0.3346889094300935,0.3630888683476842,30
AI-enabled,40,ai_share,0.3929629629629629,0.3775066856514558,0.40841924027447,30
AI-enabled,40,hybrid_share,0.2581481481481481,0.24669816015853016,0.2695981361377661,30
AI-enabled,40,human_interaction_rate,0.6070370370370372,0.59158075972553,0.6224933143485443,30
AI-enabled,40,ai_use_rate,0.6511111111111111,0.6369111316523157,0.6653110905699064,30
AI-enabled,40,mean_quality,0.5316773002541362,0.5279710225639683,0.535383577944304,30
AI-enabled,40,success_rate,0.2912962962962962,0.278293352006783,0.3042992405858094,30
AI-enabled,40,mean_knowledge,0.5607998829765343,0.5573340646884065,0.564265701264662,30
AI-enabled,40,knowledge_rank_corr_with_initial,0.9986752482980986,0.9986050203652387,0.9987454762309586,30
AI-enabled,40,mean_ai_trust,0.5892533933699564,0.5885988610801669,0.5899079256597459,30
AI-enabled,40,mean_peer_trust,0.5117140690485636,0.5107270703627703,0.512701067734357,30
AI-enabled,40,mean_tie_strength,0.5132648587226868,0.5120720236494553,0.5144576937959183,30
AI-enabled,40,network_density,0.05617214980343467,0.05611945844009831,0.05622484116677103,30
AI-enabled,40,mean_weighted_degree,5.160763706807737,5.148994237943841,5.172533175671633,30
AI-enabled,40,recent_active_tie_fraction,0.9083893206814488,0.9050313244008493,0.9117473169620484,30
AI-enabled,40,mean_unique_peer_partners,10.11814814814815,10.090295134089077,10.146001162207222,30
AI-enabled,40,mean_peer_marginal,0.005716561290876284,0.004906354940777366,0.006526767640975203,30
AI-enabled,40,ai_reliability,0.7800000000000001,0.7800000000000001,0.7800000000000001,30
AI-enabled,41,peer_share,0.37240740740740724,0.35730513945726755,0.38750967535754693,30
AI-enabled,41,ai_share,0.3783333333333333,0.363291452380004,0.3933752142866626,30
AI-enabled,41,hybrid_share,0.24925925925925926,0.23747712124935033,0.2610413972691682,30
AI-enabled,41,human_interaction_rate,0.6216666666666667,0.6066247857133373,0.6367085476199961,30
AI-enabled,41,ai_use_rate,0.6275925925925926,0.6124903246424529,0.6426948605427323,30
AI-enabled,41,mean_quality,0.5331848236692723,0.5298550915857442,0.5365145557528005,30
AI-enabled,41,success_rate,0.2922222222222221,0.2801432249834568,0.3043012194609874,30
AI-enabled,41,mean_knowledge,0.5617986457884023,0.5583394197568425,0.5652578718199621,30
AI-enabled,41,knowledge_rank_corr_with_initial,0.9986230099953273,0.998552321497784,0.9986936984928706,30
AI-enabled,41,mean_ai_trust,0.5896796512064959,0.5890372858690758,0.590322016543916,30
AI-enabled,41,mean_peer_trust,0.5120991388956706,0.5110957795286681,0.5131024982626731,30
AI-enabled,41,mean_tie_strength,0.5123832623163859,0.511194408760958,0.5135721158718137,30
AI-enabled,41,network_density,0.05618042623629211,0.056129160512417085,0.056231691960167134,30
AI-enabled,41,mean_weighted_degree,5.152659377654396,5.140930913943488,5.164387841365303,30
AI-enabled,41,recent_active_tie_fraction,0.9096934662118782,0.9066147596715898,0.9127721727521666,30
AI-enabled,41,mean_unique_peer_partners,10.130740740740741,10.103118846423099,10.158362635058383,30
AI-enabled,41,mean_peer_marginal,0.006619300785791567,0.005758558277049389,0.007480043294533745,30
AI-enabled,41,ai_reliability,0.7800000000000001,0.7800000000000001,0.7800000000000001,30
AI-enabled,42,peer_share,0.3644444444444445,0.3506236514384021,0.37826523745048696,30
AI-enabled,42,ai_share,0.3822222222222222,0.3685005660765398,0.39594387836790457,30
AI-enabled,42,hybrid_share,0.2533333333333333,0.2424567224406406,0.264209944226026,30
AI-enabled,42,human_interaction_rate,0.6177777777777779,0.6040561216320954,0.6314994339234603,30
AI-enabled,42,ai_use_rate,0.6355555555555555,0.6217347625495131,0.649376348561598,30
AI-enabled,42,mean_quality,0.5323182166556181,0.5289333611293049,0.5357030721819313,30
AI-enabled,42,success_rate,0.28444444444444444,0.272793180922225,0.2960957079666639,30
AI-enabled,42,mean_knowledge,0.5628036516638215,0.5593504288939739,0.5662568744336691,30
AI-enabled,42,knowledge_rank_corr_with_initial,0.9985613067642414,0.9984887772755037,0.9986338362529791,30
AI-enabled,42,mean_ai_trust,0.5901607654655586,0.589529432994757,0.5907920979363602,30
AI-enabled,42,mean_peer_trust,0.5124936739603678,0.5114707370592828,0.5135166108614528,30
AI-enabled,42,mean_tie_strength,0.511508438984553,0.5103247334550671,0.5126921445140389,30
AI-enabled,42,network_density,0.05618663356093519,0.056134596700854515,0.05623867042101586,30
AI-enabled,42,mean_weighted_degree,5.144431185148379,5.132668431402474,5.156193938894284,30
AI-enabled,42,recent_active_tie_fraction,0.9101839933975531,0.9073848740489168,0.9129831127461894,30
AI-enabled,42,mean_unique_peer_partners,10.141851851851852,10.115415847742009,10.168287855961696,30
AI-enabled,42,mean_peer_marginal,0.006463049528236767,0.005589168750145135,0.0073369303063283995,30
AI-enabled,42,ai_reliability,0.7800000000000001,0.7800000000000001,0.7800000000000001,30
AI-enabled,43,peer_share,0.3562962962962963,0.3435230589947319,0.36906953359786066,30
AI-enabled,43,ai_share,0.3835185185185185,0.3691617777469338,0.39787525929010314,30
AI-enabled,43,hybrid_share,0.26018518518518513,0.24768972610817633,0.2726806442621939,30
AI-enabled,43,human_interaction_rate,0.6164814814814814,0.6021247407098967,0.6308382222530661,30
AI-enabled,43,ai_use_rate,0.6437037037037037,0.6309304664021393,0.656476941005268,30
AI-enabled,43,mean_quality,0.5334058848005885,0.5302268348504846,0.5365849347506924,30
AI-enabled,43,success_rate,0.28777777777777774,0.2760756795310828,0.2994798760244727,30
AI-enabled,43,mean_knowledge,0.5638114011803255,0.5603587937464292,0.5672640086142218,30
AI-enabled,43,knowledge_rank_corr_with_initial,0.9984957891422256,0.9984198904746523,0.9985716878097989,30
AI-enabled,43,mean_ai_trust,0.5907996625368716,0.5901402329222721,0.591459092151471,30
AI-enabled,43,mean_peer_trust,0.5129167139530182,0.5118797791479854,0.5139536487580509,30
AI-enabled,43,mean_tie_strength,0.5106268088022868,0.5094388175445795,0.5118148000599941,30
AI-enabled,43,network_density,0.05619490999379264,0.05614109957144635,0.05624872041613893,30
AI-enabled,43,mean_weighted_degree,5.136317409674326,5.124658237657966,5.147976581690685,30
AI-enabled,43,recent_active_tie_fraction,0.9099711481672689,0.9067463300943928,0.913195966240145,30
AI-enabled,43,mean_unique_peer_partners,10.154814814814813,10.129333482199401,10.180296147430225,30
AI-enabled,43,mean_peer_marginal,0.005882410751370368,0.004841087981385035,0.006923733521355701,30
AI-enabled,43,ai_reliability,0.7800000000000001,0.7800000000000001,0.7800000000000001,30
AI-enabled,44,peer_share,0.3572222222222222,0.3434062617553067,0.37103818268913774,30
AI-enabled,44,ai_share,0.3814814814814814,0.3695292797637108,0.39343368319925204,30
AI-enabled,44,hybrid_share,0.26129629629629625,0.24974630275614002,0.2728462898364525,30
AI-enabled,44,human_interaction_rate,0.6185185185185186,0.606566316800748,0.6304707202362891,30
AI-enabled,44,ai_use_rate,0.6427777777777778,0.6289618173108622,0.6565937382446934,30
AI-enabled,44,mean_quality,0.5331062280871827,0.5300088238754399,0.5362036322989254,30
AI-enabled,44,success_rate,0.2877777777777777,0.277321315967383,0.29823423958817236,30
AI-enabled,44,mean_knowledge,0.5648071896333758,0.5613598803413269,0.5682544989254248,30
AI-enabled,44,knowledge_rank_corr_with_initial,0.9984286053971175,0.9983502607481157,0.9985069500461193,30
AI-enabled,44,mean_ai_trust,0.5911034039496725,0.5904693344683666,0.5917374734309785,30
AI-enabled,44,mean_peer_trust,0.5133333086967469,0.5122863136202532,0.5143803037732405,30
AI-enabled,44,mean_tie_strength,0.5097481548786164,0.5085701498072626,0.5109261599499701,30
AI-enabled,44,network_density,0.05620318642665007,0.056148510792898815,0.05625786206040133,30
AI-enabled,44,mean_weighted_degree,5.128237433963351,5.116446828895713,5.140028039030989,30
AI-enabled,44,recent_active_tie_fraction,0.9098026556048796,0.9067568990054844,0.9128484122042748,30
AI-enabled,44,mean_unique_peer_partners,10.167037037037035,10.142012888368672,10.192061185705398,30
AI-enabled,44,mean_peer_marginal,0.006299785154473486,0.005335924191504241,0.00726364611744273,30
AI-enabled,44,ai_reliability,0.7800000000000001,0.7800000000000001,0.7800000000000001,30
AI-enabled,45,peer_share,0.3562962962962962,0.3386286879152778,0.37396390467731466,30
AI-enabled,45,ai_share,0.37925925925925913,0.36617383642323464,0.3923446820952836,30
AI-enabled,45,hybrid_share,0.26444444444444437,0.24932139238332676,0.279567496505562,30
AI-enabled,45,human_interaction_rate,0.6207407407407407,0.6076553179047163,0.6338261635767651,30
AI-enabled,45,ai_use_rate,0.6437037037037038,0.6260360953226853,0.6613713120847222,30
AI-enabled,45,mean_quality,0.5333994120883622,0.5300361241861119,0.5367626999906124,30
AI-enabled,45,success_rate,0.287962962962963,0.27675729102932173,0.2991686348966042,30
AI-enabled,45,mean_knowledge,0.5657892431377837,0.5623485952358555,0.5692298910397119,30
AI-enabled,45,knowledge_rank_corr_with_initial,0.9983646371673259,0.9982820452960486,0.9984472290386033,30
AI-enabled,45,mean_ai_trust,0.5911695640343737,0.5905243524374372,0.5918147756313102,30
AI-enabled,45,mean_peer_trust,0.5137308061122894,0.512671605843526,0.5147900063810528,30
AI-enabled,45,mean_tie_strength,0.5088700910409292,0.5076844249560399,0.5100557571258184,30
AI-enabled,45,network_density,0.05621146285950751,0.0561571271107352,0.05626579860827982,30
AI-enabled,45,mean_weighted_degree,5.120152272957343,5.108636284968951,5.131668260945735,30
AI-enabled,45,recent_active_tie_fraction,0.908563399784056,0.9056696552336492,0.9114571443344628,30
AI-enabled,45,mean_unique_peer_partners,10.17814814814815,10.154066854373864,10.202229441922436,30
AI-enabled,45,mean_peer_marginal,0.005645109667268977,0.004685646849120275,0.006604572485417679,30
AI-enabled,45,ai_reliability,0.7800000000000001,0.7800000000000001,0.7800000000000001,30
AI-enabled,46,peer_share,0.3624074074074074,0.34983381148704656,0.37498100332776824,30
AI-enabled,46,ai_share,0.37722222222222224,0.3641774994668437,0.3902669449776008,30
AI-enabled,46,hybrid_share,0.2603703703703703,0.24740113645181336,0.27333960428892723,30
AI-enabled,46,human_interaction_rate,0.6227777777777777,0.609733055022399,0.6358225005331563,30
AI-enabled,46,ai_use_rate,0.6375925925925927,0.6250189966722318,0.6501661885129536,30
AI-enabled,46,mean_quality,0.53589063592694,0.5323192512400997,0.5394620206137802,30
AI-enabled,46,success_rate,0.2994444444444444,0.28610722798497146,0.31278166090391735,30
AI-enabled,46,mean_knowledge,0.566785569459272,0.5633499618705582,0.5702211770479859,30
AI-enabled,46,knowledge_rank_corr_with_initial,0.998301194847629,0.9982179259137824,0.9983844637814756,30
AI-enabled,46,mean_ai_trust,0.5912905506390269,0.5906830931406579,0.5918980081373959,30
AI-enabled,46,mean_peer_trust,0.5141534407933553,0.5130740795429278,0.5152328020437829,30
AI-enabled,46,mean_tie_strength,0.5079890201489131,0.5068031798086405,0.5091748604891857,30
AI-enabled,46,network_density,0.05622180840057931,0.05616440545282755,0.056279211348331075,30
AI-enabled,46,mean_weighted_degree,5.112226233570664,5.1006814662490365,5.123771000892291,30
AI-enabled,46,recent_active_tie_fraction,0.9083606016235671,0.9051247994337307,0.9115964038134036,30
AI-enabled,46,mean_unique_peer_partners,10.186296296296296,10.161649778052517,10.210942814540076,30
AI-enabled,46,mean_peer_marginal,0.006011536976746959,0.005128637625215841,0.006894436328278077,30
AI-enabled,46,ai_reliability,0.7800000000000001,0.7800000000000001,0.7800000000000001,30
AI-enabled,47,peer_share,0.35537037037037034,0.3428582960361887,0.36788244470455195,30
AI-enabled,47,ai_share,0.37907407407407406,0.3637068623271991,0.394441285820949,30
AI-enabled,47,hybrid_share,0.26555555555555554,0.253405511984638,0.2777055991264731,30
AI-enabled,47,human_interaction_rate,0.620925925925926,0.605558714179051,0.6362931376728009,30
AI-enabled,47,ai_use_rate,0.6446296296296297,0.6321175552954481,0.6571417039638112,30
AI-enabled,47,mean_quality,0.5360671333325104,0.5322358277035851,0.5398984389614357,30
AI-enabled,47,success_rate,0.29555555555555557,0.2791178548207754,0.31199325629033575,30
AI-enabled,47,mean_knowledge,0.567767292287432,0.5643387738843851,0.5711958106904788,30
AI-enabled,47,knowledge_rank_corr_with_initial,0.9982381949657694,0.9981523482074374,0.9983240417241014,30
AI-enabled,47,mean_ai_trust,0.5914970759066495,0.5909211642756041,0.5920729875376948,30
AI-enabled,47,mean_peer_trust,0.5145619134108226,0.5134624884963184,0.5156613383253268,30
AI-enabled,47,mean_tie_strength,0.5071276615063349,0.5059409097686166,0.5083144132440532,30
AI-enabled,47,network_density,0.056225946617008034,0.056167435566544924,0.056284457667471144,30
AI-enabled,47,mean_weighted_degree,5.103932062078406,5.092424126066241,5.1154399980905705,30
AI-enabled,47,recent_active_tie_fraction,0.9077419662425014,0.9045952229350447,0.910888709549958,30
AI-enabled,47,mean_unique_peer_partners,10.195185185185185,10.170951549212589,10.219418821157781,30
AI-enabled,47,mean_peer_marginal,0.006059924314029291,0.005148720580983432,0.006971128047075149,30
AI-enabled,47,ai_reliability,0.7800000000000001,0.7800000000000001,0.7800000000000001,30
AI-enabled,48,peer_share,0.3488888888888889,0.3343175515436037,0.3634602262341741,30
AI-enabled,48,ai_share,0.38685185185185184,0.3742570300135522,0.39944667369015147,30
AI-enabled,48,hybrid_share,0.2642592592592592,0.2531253284540848,0.2753931900644336,30
AI-enabled,48,human_interaction_rate,0.6131481481481483,0.6005533263098487,0.625742969986448,30
AI-enabled,48,ai_use_rate,0.6511111111111111,0.6365397737658258,0.6656824484563963,30
AI-enabled,48,mean_quality,0.5357454809164375,0.5322927845619811,0.5391981772708938,30
AI-enabled,48,success_rate,0.3011111111111111,0.28707933396828944,0.3151428882539328,30
AI-enabled,48,mean_knowledge,0.5687458929460075,0.5653203389555921,0.572171446936423,30
AI-enabled,48,knowledge_rank_corr_with_initial,0.9981728264200679,0.9980854778892166,0.9982601749509191,30
AI-enabled,48,mean_ai_trust,0.5913798362733877,0.5907053295826932,0.5920543429640823,30
AI-enabled,48,mean_peer_trust,0.5149869481722514,0.5138704991136905,0.5161033972308123,30
AI-enabled,48,mean_tie_strength,0.5062418748935064,0.5050578063266796,0.5074259434603331,30
AI-enabled,48,network_density,0.05623836126629418,0.05617749146142064,0.05629923107116772,30
AI-enabled,48,mean_weighted_degree,5.096142154932023,5.084555239579549,5.107729070284497,30
AI-enabled,48,recent_active_tie_fraction,0.9080950129342935,0.9043987274618576,0.9117912984067295,30
AI-enabled,48,mean_unique_peer_partners,10.204814814814814,10.181101132761636,10.228528496867991,30
AI-enabled,48,mean_peer_marginal,0.00638163021161119,0.005513800979060912,0.007249459444161467,30
AI-enabled,48,ai_reliability,0.7800000000000001,0.7800000000000001,0.7800000000000001,30
AI-enabled,49,peer_share,0.3531481481481481,0.33884110752022084,0.36745518877607536,30
AI-enabled,49,ai_share,0.3877777777777778,0.370719837239998,0.40483571831555754,30
AI-enabled,49,hybrid_share,0.259074074074074,0.24716976885472813,0.2709783792934199,30
AI-enabled,49,human_interaction_rate,0.6122222222222222,0.5951642816844425,0.629280162760002,30
AI-enabled,49,ai_use_rate,0.6468518518518519,0.6325448112239246,0.6611588924797792,30
AI-enabled,49,mean_quality,0.5365788232834919,0.5326635481827713,0.5404940983842126,30
AI-enabled,49,success_rate,0.2985185185185184,0.28384030116980746,0.31319673586722935,30
AI-enabled,49,mean_knowledge,0.5697321000976056,0.5663112394388913,0.5731529607563198,30
AI-enabled,49,knowledge_rank_corr_with_initial,0.9981064827164776,0.9980162654716506,0.9981966999613047,30
AI-enabled,49,mean_ai_trust,0.5917015164037168,0.591092772083373,0.5923102607240607,30
AI-enabled,49,mean_peer_trust,0.5154168645540873,0.5142850778627017,0.5165486512454729,30
AI-enabled,49,mean_tie_strength,0.5053648004929224,0.5041873082806205,0.5065422927052243,30
AI-enabled,49,network_density,0.056248706807365975,0.05618484183988903,0.05631257177484292,30
AI-enabled,49,mean_weighted_degree,5.088250276909935,5.076508113849261,5.09999243997061,30
AI-enabled,49,recent_active_tie_fraction,0.9079317449759919,0.9041610317586796,0.9117024581933043,30
AI-enabled,49,mean_unique_peer_partners,10.213703703703702,10.190191123606434,10.23721628380097,30
AI-enabled,49,mean_peer_marginal,0.006453622247691338,0.005617553670448789,0.0072896908249338865,30
AI-enabled,49,ai_reliability,0.7800000000000001,0.7800000000000001,0.7800000000000001,30
AI-enabled,50,peer_share,0.35462962962962963,0.3371702911009114,0.37208896815834785,30
AI-enabled,50,ai_share,0.39351851851851843,0.3782734656329647,0.40876357140407216,30
AI-enabled,50,hybrid_share,0.2518518518518518,0.23864901460956148,0.26505468909414215,30
AI-enabled,50,human_interaction_rate,0.6064814814814814,0.5912364285959277,0.6217265343670351,30
AI-enabled,50,ai_use_rate,0.6453703703703703,0.6279110318416521,0.6628297088990884,30
AI-enabled,50,mean_quality,0.5379530778971907,0.5346794766555634,0.5412266791388181,30
AI-enabled,50,success_rate,0.29796296296296293,0.2829197666712446,0.3130061592546813,30
AI-enabled,50,mean_knowledge,0.5707136272149415,0.567299762334777,0.5741274920951059,30
AI-enabled,50,knowledge_rank_corr_with_initial,0.9980330559780306,0.9979369344016332,0.998129177554428,30
AI-enabled,50,mean_ai_trust,0.5917748832339099,0.5911340412938274,0.5924157251739924,30
AI-enabled,50,mean_peer_trust,0.5158418277899425,0.5146936331103291,0.5169900224695558,30
AI-enabled,50,mean_tie_strength,0.5044926851987839,0.5033265480623073,0.5056588223352605,30
AI-enabled,50,network_density,0.056256983240223414,0.05619426961464028,0.05631969686580655,30
AI-enabled,50,mean_weighted_degree,5.080220567120447,5.068399116412199,5.092042017828695,30
AI-enabled,50,recent_active_tie_fraction,0.9082377948535044,0.9045790764820101,0.9118965132249988,30
AI-enabled,50,mean_unique_peer_partners,10.221481481481481,10.198038428605951,10.244924534357011,30
AI-enabled,50,mean_peer_marginal,0.006142216399396161,0.005255602446820699,0.007028830351971623,30
AI-enabled,50,ai_reliability,0.7800000000000001,0.7800000000000001,0.7800000000000001,30
AI-enabled,51,peer_share,0.3540740740740741,0.3438105066712876,0.3643376414768606,30
AI-enabled,51,ai_share,0.3937037037037036,0.38053012195331415,0.4068772854540931,30
AI-enabled,51,hybrid_share,0.25222222222222224,0.23950876215164488,0.2649356822927996,30
AI-enabled,51,human_interaction_rate,0.6062962962962964,0.593122714545907,0.6194698780466859,30
AI-enabled,51,ai_use_rate,0.645925925925926,0.6356623585231396,0.6561894933287125,30
AI-enabled,51,mean_quality,0.5370932487881731,0.5336603039879508,0.5405261935883954,30
AI-enabled,51,success_rate,0.2998148148148148,0.2867685753634738,0.31286105426615585,30
AI-enabled,51,mean_knowledge,0.5716845950778462,0.5682784780945268,0.5750907120611656,30
AI-enabled,51,knowledge_rank_corr_with_initial,0.9979608963207364,0.9978612609988305,0.9980605316426422,30
AI-enabled,51,mean_ai_trust,0.5918762555722039,0.5912061492323424,0.5925463619120654,30
AI-enabled,51,mean_peer_trust,0.5162711401780447,0.515104084389987,0.5174381959661023,30
AI-enabled,51,mean_tie_strength,0.503628996014595,0.5024604856414366,0.5047975063877533,30
AI-enabled,51,network_density,0.05626319056486649,0.05619888715445769,0.05632749397527529,30
AI-enabled,51,mean_weighted_degree,5.07208023265556,5.060331053709478,5.083829411601642,30
AI-enabled,51,recent_active_tie_fraction,0.9090596579294966,0.9056184586055186,0.9125008572534746,30
AI-enabled,51,mean_unique_peer_partners,10.228518518518516,10.205336449573185,10.251700587463848,30
AI-enabled,51,mean_peer_marginal,0.006185077795416616,0.005311901391921323,0.007058254198911909,30
AI-enabled,51,ai_reliability,0.7800000000000001,0.7800000000000001,0.7800000000000001,30
AI-enabled,52,peer_share,0.36777777777777776,0.3554941197932555,0.3800614357623,30
AI-enabled,52,ai_share,0.3807407407407407,0.36699387352022517,0.39448760796125626,30
AI-enabled,52,hybrid_share,0.2514814814814815,0.23897593193702682,0.2639870310259361,30
AI-enabled,52,human_interaction_rate,0.6192592592592592,0.6055123920387436,0.6330061264797747,30
AI-enabled,52,ai_use_rate,0.6322222222222222,0.6199385642377,0.6445058802067445,30
AI-enabled,52,mean_quality,0.5403343527739597,0.5366769164651138,0.5439917890828055,30
AI-enabled,52,success_rate,0.3033333333333334,0.28953403123285304,0.31713263543381376,30
AI-enabled,52,mean_knowledge,0.5726549783052332,0.5692538795817148,0.5760560770287515,30
AI-enabled,52,knowledge_rank_corr_with_initial,0.9978940567536825,0.9977909071473607,0.9979972063600042,30
AI-enabled,52,mean_ai_trust,0.5920005446458363,0.5912826252537597,0.5927184640379128,30
AI-enabled,52,mean_peer_trust,0.5166928172111511,0.5155140896253185,0.5178715447969837,30
AI-enabled,52,mean_tie_strength,0.5027669111887614,0.5015962778807642,0.5039375444967585,30
AI-enabled,52,network_density,0.05627146699772393,0.05620542022069091,0.05633751377475695,30
AI-enabled,52,mean_weighted_degree,5.064139545714413,5.0525004933290765,5.07577859809975,30
AI-enabled,52,recent_active_tie_fraction,0.9087445111227196,0.9054680032032634,0.9120210190421758,30
AI-enabled,52,mean_unique_peer_partners,10.234444444444444,10.210440508590462,10.258448380298425,30
AI-enabled,52,mean_peer_marginal,0.006713561048309313,0.005903101077588586,0.00752402101903004,30
AI-enabled,52,ai_reliability,0.7800000000000001,0.7800000000000001,0.7800000000000001,30
AI-enabled,53,peer_share,0.362037037037037,0.3479137265185953,0.37616034755547867,30
AI-enabled,53,ai_share,0.38222222222222224,0.3698783085146662,0.3945661359297783,30
AI-enabled,53,hybrid_share,0.2557407407407407,0.2445562774634996,0.26692520401798187,30
AI-enabled,53,human_interaction_rate,0.6177777777777778,0.6054338640702217,0.6301216914853338,30
AI-enabled,53,ai_use_rate,0.6379629629629628,0.6238396524445212,0.6520862734814045,30
AI-enabled,53,mean_quality,0.5401651991214942,0.5370041649339564,0.543326233309032,30
AI-enabled,53,success_rate,0.3051851851851852,0.2888513305102764,0.32151903986009406,30
AI-enabled,53,mean_knowledge,0.5736240027840355,0.5702254669421342,0.5770225386259368,30
AI-enabled,53,knowledge_rank_corr_with_initial,0.9978238588589777,0.9977160256065213,0.9979316921114342,30
AI-enabled,53,mean_ai_trust,0.5921272261161726,0.5914552334112361,0.5927992188211092,30
AI-enabled,53,mean_peer_trust,0.5171397070089976,0.5159425256275728,0.5183368883904224,30
AI-enabled,53,mean_tie_strength,0.5019084592660268,0.5007424475331574,0.5030744709988961,30
AI-enabled,53,network_density,0.056277674322367,0.05621141750947172,0.05634393113526228,30
AI-enabled,53,mean_weighted_degree,5.056052335500717,5.044327233113125,5.067777437888309,30
AI-enabled,53,recent_active_tie_fraction,0.9077243434376869,0.9049927653983639,0.9104559214770099,30
AI-enabled,53,mean_unique_peer_partners,10.242962962962961,10.219423890283116,10.266502035642807,30
AI-enabled,53,mean_peer_marginal,0.006203626389289666,0.0054035024435071565,0.007003750335072175,30
AI-enabled,53,ai_reliability,0.7800000000000001,0.7800000000000001,0.7800000000000001,30
AI-enabled,54,peer_share,0.3511111111111111,0.335892200183076,0.3663300220391462,30
AI-enabled,54,ai_share,0.3972222222222222,0.3825965016991608,0.4118479427452836,30
AI-enabled,54,hybrid_share,0.25166666666666665,0.24005687025269223,0.26327646308064107,30
AI-enabled,54,human_interaction_rate,0.6027777777777779,0.5881520572547164,0.6174034983008393,30
AI-enabled,54,ai_use_rate,0.6488888888888888,0.6336699779608537,0.664107799816924,30
AI-enabled,54,mean_quality,0.5402394481359644,0.5370156920766397,0.543463204195289,30
AI-enabled,54,success_rate,0.30037037037037045,0.2881772486090386,0.3125634921317023,30
AI-enabled,54,mean_knowledge,0.5745901686350827,0.5711966195287131,0.5779837177414523,30
AI-enabled,54,knowledge_rank_corr_with_initial,0.9977534587540958,0.9976428681548121,0.9978640493533796,30
AI-enabled,54,mean_ai_trust,0.5921666863032151,0.5915362006723566,0.5927971719340737,30
AI-enabled,54,mean_peer_trust,0.5175803085168202,0.5163640629217908,0.5187965541118497,30
AI-enabled,54,mean_tie_strength,0.5010283331076304,0.49987065037907635,0.5021860158361844,30
AI-enabled,54,network_density,0.05629215807986752,0.05622639239409601,0.05635792376563902,30
AI-enabled,54,mean_weighted_degree,5.0484884570263056,5.036672493969149,5.060304420083462,30
AI-enabled,54,recent_active_tie_fraction,0.907454373889279,0.9045484047397684,0.9103603430387895,30
AI-enabled,54,mean_unique_peer_partners,10.250740740740742,10.22653161124914,10.274949870232344,30
AI-enabled,54,mean_peer_marginal,0.007072225617562047,0.0062029899406083585,0.007941461294515735,30
AI-enabled,54,ai_reliability,0.7800000000000001,0.7800000000000001,0.7800000000000001,30
AI-enabled,55,peer_share,0.367962962962963,0.3570036682952693,0.3789222576306567,30
AI-enabled,55,ai_share,0.37611111111111106,0.36553120043874376,0.38669102178347836,30
AI-enabled,55,hybrid_share,0.2559259259259259,0.24339666616070593,0.26845518569114585,30
AI-enabled,55,human_interaction_rate,0.6238888888888888,0.6133089782165215,0.6344687995612561,30
AI-enabled,55,ai_use_rate,0.6320370370370372,0.6210777423693435,0.6429963317047308,30
AI-enabled,55,mean_quality,0.5380194781720442,0.5351838603739527,0.5408550959701357,30
AI-enabled,55,success_rate,0.29000000000000004,0.27960046001588806,0.300399539984112,30
AI-enabled,55,mean_knowledge,0.5755480893727312,0.572160086516185,0.5789360922292773,30
AI-enabled,55,knowledge_rank_corr_with_initial,0.9976789567405935,0.997565077580603,0.997792835900584,30
AI-enabled,55,mean_ai_trust,0.5920984856739779,0.5915166200504447,0.5926803512975112,30
AI-enabled,55,mean_peer_trust,0.5180306255817413,0.5167930151187711,0.5192682360447115,30
AI-enabled,55,mean_tie_strength,0.5001784294843674,0.4990251056684908,0.501331753300244,30
AI-enabled,55,network_density,0.0562983654045106,0.056230451685397594,0.05636627912362361,30
AI-enabled,55,mean_weighted_degree,5.040480586731876,5.028597062197137,5.052364111266615,30
AI-enabled,55,recent_active_tie_fraction,0.9075790464246506,0.9044803122839671,0.9106777805653341,30
AI-enabled,55,mean_unique_peer_partners,10.258148148148148,10.233792349639215,10.282503946657082,30
AI-enabled,55,mean_peer_marginal,0.006898602183198946,0.006077884062660769,0.007719320303737122,30
AI-enabled,55,ai_reliability,0.7800000000000001,0.7800000000000001,0.7800000000000001,30
AI-enabled,56,peer_share,0.3583333333333333,0.3449140340948347,0.3717526325718319,30
AI-enabled,56,ai_share,0.3833333333333334,0.369295212232471,0.3973714544341958,30
AI-enabled,56,hybrid_share,0.2583333333333333,0.24638837631571525,0.27027829035095136,30
AI-enabled,56,human_interaction_rate,0.6166666666666666,0.6026285455658041,0.630704787767529,30
AI-enabled,56,ai_use_rate,0.6416666666666665,0.6282473674281679,0.6550859659051651,30
AI-enabled,56,mean_quality,0.5423717003630649,0.5389761761419305,0.5457672245841994,30
AI-enabled,56,success_rate,0.3062962962962963,0.2938526047546202,0.31873998783797236,30
AI-enabled,56,mean_knowledge,0.5765149319848479,0.5731305689550006,0.5798992950146953,30
AI-enabled,56,knowledge_rank_corr_with_initial,0.9976003342261123,0.9974813266431,0.9977193418091246,30
AI-enabled,56,mean_ai_trust,0.5922826557609165,0.5917268204353182,0.5928384910865149,30
AI-enabled,56,mean_peer_trust,0.5184874852498372,0.5172254467533813,0.5197495237462931,30
AI-enabled,56,mean_tie_strength,0.4993197609980901,0.498170395270596,0.5004691267255842,30
AI-enabled,56,network_density,0.05630664183736805,0.05623958828360784,0.056373695391128256,30
AI-enabled,56,mean_weighted_degree,5.03256742724666,5.020747792488459,5.04438706200486,30
AI-enabled,56,recent_active_tie_fraction,0.9076630528328882,0.9049140871376135,0.9104120185281629,30
AI-enabled,56,mean_unique_peer_partners,10.267037037037037,10.242881909321026,10.291192164753047,30
AI-enabled,56,mean_peer_marginal,0.0064371238047974694,0.005749754609236125,0.007124493000358814,30
AI-enabled,56,ai_reliability,0.7800000000000001,0.7800000000000001,0.7800000000000001,30
AI-enabled,57,peer_share,0.3744444444444444,0.3632849971689602,0.38560389171992865,30
AI-enabled,57,ai_share,0.37166666666666665,0.3596894527475218,0.3836438805858115,30
AI-enabled,57,hybrid_share,0.25388888888888883,0.24438789901373842,0.26338987876403924,30
AI-enabled,57,human_interaction_rate,0.6283333333333334,0.6163561194141886,0.6403105472524783,30
AI-enabled,57,ai_use_rate,0.6255555555555555,0.6143961082800713,0.6367150028310398,30
AI-enabled,57,mean_quality,0.540768256839669,0.5370481292802892,0.5444883843990488,30
AI-enabled,57,success_rate,0.31018518518518523,0.2955865462185567,0.3247838241518138,30
AI-enabled,57,mean_knowledge,0.5774663533197271,0.5740849938235894,0.5808477128158648,30
AI-enabled,57,knowledge_rank_corr_with_initial,0.9975206248912705,0.9973999524462424,0.9976412973362986,30
AI-enabled,57,mean_ai_trust,0.5923790880778614,0.5918740128102346,0.5928841633454883,30
AI-enabled,57,mean_peer_trust,0.5189538955688476,0.5176776146024663,0.520230176535229,30
AI-enabled,57,mean_tie_strength,0.4984823117653529,0.4973376693499594,0.49962695418074643,30
AI-enabled,57,network_density,0.05630871094558241,0.05624182798249905,0.05637559390866577,30
AI-enabled,57,mean_weighted_degree,5.024312186638514,5.012507235740124,5.036117137536904,30
AI-enabled,57,recent_active_tie_fraction,0.9070743142289522,0.9043241322303164,0.9098244962275881,30
AI-enabled,57,mean_unique_peer_partners,10.272962962962964,10.248124521884069,10.29780140404186,30
AI-enabled,57,mean_peer_marginal,0.006120745058996633,0.005253360967589762,0.006988129150403503,30
AI-enabled,57,ai_reliability,0.7800000000000001,0.7800000000000001,0.7800000000000001,30
AI-enabled,58,peer_share,0.36314814814814805,0.34850485147150534,0.37779144482479077,30
AI-enabled,58,ai_share,0.38222222222222224,0.3665138944419656,0.3979305500024789,30
AI-enabled,58,hybrid_share,0.2546296296296296,0.24222954196368937,0.26702971729556985,30
AI-enabled,58,human_interaction_rate,0.6177777777777778,0.6020694499975211,0.6334861055580344,30
AI-enabled,58,ai_use_rate,0.6368518518518517,0.622208555175209,0.6514951485284943,30
AI-enabled,58,mean_quality,0.5426309666388506,0.5395393628317143,0.5457225704459868,30
AI-enabled,58,success_rate,0.3042592592592593,0.2911426871280227,0.31737583139049586,30
AI-enabled,58,mean_knowledge,0.578423259327049,0.5750440569064744,0.5818024617476235,30
AI-enabled,58,knowledge_rank_corr_with_initial,0.9974477879624051,0.9973230777300414,0.9975724981947688,30
AI-enabled,58,mean_ai_trust,0.5924587904229518,0.5920127431869247,0.592904837658979,30
AI-enabled,58,mean_peer_trust,0.5194114824136098,0.5181144559848142,0.5207085088424054,30
AI-enabled,58,mean_tie_strength,0.49761703312397004,0.49647924205374344,0.49875482419419664,30
AI-enabled,58,network_density,0.056321125594868564,0.05625661125873619,0.05638563993100094,30
AI-enabled,58,mean_weighted_degree,5.016698866861838,5.00492630475883,5.0284714289648464,30
AI-enabled,58,recent_active_tie_fraction,0.9076070219699385,0.9047331901958278,0.9104808537440492,30
AI-enabled,58,mean_unique_peer_partners,10.278888888888892,10.254541215479767,10.303236562298016,30
AI-enabled,58,mean_peer_marginal,0.00660851901759233,0.005824955544143555,0.007392082491041105,30
AI-enabled,58,ai_reliability,0.7800000000000001,0.7800000000000001,0.7800000000000001,30
AI-enabled,59,peer_share,0.37259259259259253,0.3609600241300045,0.38422516105518056,30
AI-enabled,59,ai_share,0.37462962962962965,0.36207966016699883,0.38717959909226046,30
AI-enabled,59,hybrid_share,0.2527777777777777,0.24179053487987986,0.26376502067567553,30
AI-enabled,59,human_interaction_rate,0.6253703703703705,0.6128204009077397,0.6379203398330012,30
AI-enabled,59,ai_use_rate,0.6274074074074072,0.6157748389448191,0.6390399758699953,30
AI-enabled,59,mean_quality,0.5445965652758389,0.5413364052321896,0.5478567253194881,30
AI-enabled,59,success_rate,0.31500000000000006,0.3019575526192691,0.328042447380731,30
AI-enabled,59,mean_knowledge,0.5793791131611379,0.5760061585618873,0.5827520677603885,30
AI-enabled,59,knowledge_rank_corr_with_initial,0.9973715248524955,0.9972416178405309,0.99750143186446,30
AI-enabled,59,mean_ai_trust,0.5926171533644697,0.5921534866808044,0.5930808200481351,30
AI-enabled,59,mean_peer_trust,0.519874769449234,0.5185592011348359,0.5211903377636322,30
AI-enabled,59,mean_tie_strength,0.49678105612595874,0.49564820032586177,0.4979139119260557,30
AI-enabled,59,network_density,0.05632526381129728,0.05625925444393989,0.056391273178654666,30
AI-enabled,59,mean_weighted_degree,5.0086398537070655,4.996802842254871,5.02047686515926,30
AI-enabled,59,recent_active_tie_fraction,0.9072808004863613,0.9046280624810532,0.9099335384916694,30
AI-enabled,59,mean_unique_peer_partners,10.283703703703704,10.25839064882016,10.309016758587248,30
AI-enabled,59,mean_peer_marginal,0.007159583208765163,0.006428179725331702,0.007890986692198624,30
AI-enabled,59,ai_reliability,0.7800000000000001,0.7800000000000001,0.7800000000000001,30
AI-enabled,60,peer_share,0.3625925925925925,0.34869328388845594,0.3764919012967291,30
AI-enabled,60,ai_share,0.38148148148148153,0.36624373083834205,0.396719232124621,30
AI-enabled,60,hybrid_share,0.2559259259259259,0.2436117015262971,0.2682401503255547,30
AI-enabled,60,human_interaction_rate,0.6185185185185186,0.6032807678753791,0.6337562691616581,30
AI-enabled,60,ai_use_rate,0.6374074074074073,0.6235080987032707,0.6513067161115439,30
AI-enabled,60,mean_quality,0.542463004620359,0.5395789915586636,0.5453470176820544,30
AI-enabled,60,success_rate,0.3059259259259259,0.29270511748124867,0.3191467343706031,30
AI-enabled,60,mean_knowledge,0.5803263278939982,0.5769622705631469,0.5836903852248495,30
AI-enabled,60,knowledge_rank_corr_with_initial,0.9972961595623085,0.9971629655261104,0.9974293535985067,30
AI-enabled,60,mean_ai_trust,0.5925600812260979,0.592152018570463,0.5929681438817329,30
AI-enabled,60,mean_peer_trust,0.5203499535719553,0.519015311362748,0.5216845957811627,30
AI-enabled,60,mean_tie_strength,0.4959478259086609,0.49481931075600927,0.4970763410613125,30
AI-enabled,60,network_density,0.056327332919511634,0.05626186367843638,0.05639280216058689,30
AI-enabled,60,mean_weighted_degree,5.000424232747819,4.988563199770117,5.012285265725521,30
AI-enabled,60,recent_active_tie_fraction,0.9096318564194992,0.9070752547911419,0.9121884580478564,30
AI-enabled,60,mean_unique_peer_partners,10.287037037037036,10.262046118883019,10.312027955191054,30
AI-enabled,60,mean_peer_marginal,0.006674592704546667,0.005949421511257105,0.007399763897836228,30
AI-enabled,60,ai_reliability,0.7800000000000001,0.7800000000000001,0.7800000000000001,30
AI-enabled,61,peer_share,0.3746296296296296,0.35739613797624925,0.39186312128300993,30
AI-enabled,61,ai_share,0.3781481481481482,0.3655716020413882,0.39072469425490813,30
AI-enabled,61,hybrid_share,0.24722222222222223,0.2327802876870309,0.26166415675741356,30
AI-enabled,61,human_interaction_rate,0.6218518518518519,0.6092753057450919,0.6344283979586118,30
AI-enabled,61,ai_use_rate,0.6253703703703705,0.6081368787169902,0.6426038620237507,30
AI-enabled,61,mean_quality,0.5459246534101106,0.5428270814014443,0.549022225418777,30
AI-enabled,61,success_rate,0.32203703703703707,0.3092203075296225,0.33485376654445165,30
AI-enabled,61,mean_knowledge,0.5812794699627692,0.5779209746615585,0.58463796526398,30
AI-enabled,61,knowledge_rank_corr_with_initial,0.9972137976344396,0.997076594926829,0.9973510003420503,30
AI-enabled,61,mean_ai_trust,0.5926229087322631,0.5920938795603733,0.5931519379041529,30
AI-enabled,61,mean_peer_trust,0.5208327452341716,0.5194793196839301,0.522186170784413,30
AI-enabled,61,mean_tie_strength,0.49511258403460184,0.4939870963368042,0.4962380717323995,30
AI-enabled,61,network_density,0.05633147113594036,0.05626403189709599,0.05639891037478473,30
AI-enabled,61,mean_weighted_degree,4.992368919672789,4.980486113237129,5.00425172610845,30
AI-enabled,61,recent_active_tie_fraction,0.9103402513302422,0.9075314026973511,0.9131490999631333,30
AI-enabled,61,mean_unique_peer_partners,10.292222222222222,10.26604646279559,10.318397981648854,30
AI-enabled,61,mean_peer_marginal,0.006887200588191066,0.005964244317576191,0.007810156858805941,30
AI-enabled,61,ai_reliability,0.7800000000000001,0.7800000000000001,0.7800000000000001,30
AI-enabled,62,peer_share,0.36592592592592593,0.35356599363687363,0.37828585821497823,30
AI-enabled,62,ai_share,0.3781481481481481,0.36669556839300343,0.3896007279032928,30
AI-enabled,62,hybrid_share,0.2559259259259259,0.24621204050330156,0.2656398113485502,30
AI-enabled,62,human_interaction_rate,0.621851851851852,0.6103992720967073,0.6333044316069967,30
AI-enabled,62,ai_use_rate,0.6340740740740739,0.6217141417850216,0.6464340063631262,30
AI-enabled,62,mean_quality,0.543489315336764,0.5406352316379723,0.5463433990355557,30
AI-enabled,62,success_rate,0.3025925925925925,0.290244672291498,0.3149405128936871,30
AI-enabled,62,mean_knowledge,0.5822193850876515,0.5788639864485529,0.5855747837267501,30
AI-enabled,62,knowledge_rank_corr_with_initial,0.9971336590198848,0.9969930111333629,0.9972743069064067,30
AI-enabled,62,mean_ai_trust,0.5926046670570086,0.5920733482900142,0.5931359858240031,30
AI-enabled,62,mean_peer_trust,0.5213026364644369,0.5199312944975362,0.5226739784313376,30
AI-enabled,62,mean_tie_strength,0.49425630768140155,0.4931232223167225,0.4953893930460806,30
AI-enabled,62,network_density,0.05634388578522651,0.05627744283117813,0.056410328739274894,30
AI-enabled,62,mean_weighted_degree,4.98482854768082,4.973201357516249,4.996455737845391,30
AI-enabled,62,recent_active_tie_fraction,0.9101015447080553,0.9074524843233612,0.9127506050927493,30
AI-enabled,62,mean_unique_peer_partners,10.29925925925926,10.273293344913906,10.325225173604615,30
AI-enabled,62,mean_peer_marginal,0.006854041449194031,0.00605617169966012,0.007651911198727942,30
AI-enabled,62,ai_reliability,0.7800000000000001,0.7800000000000001,0.7800000000000001,30
AI-enabled,63,peer_share,0.36222222222222217,0.3489178691329171,0.3755265753115272,30
AI-enabled,63,ai_share,0.39222222222222225,0.37736647040370586,0.40707797404073864,30
AI-enabled,63,hybrid_share,0.24555555555555555,0.23627180953221957,0.25483930157889156,30
AI-enabled,63,human_interaction_rate,0.6077777777777779,0.5929220259592615,0.6226335295962943,30
AI-enabled,63,ai_use_rate,0.6377777777777778,0.6244734246884728,0.6510821308670828,30
AI-enabled,63,mean_quality,0.5482616524783196,0.5451880103750176,0.5513352945816216,30
AI-enabled,63,success_rate,0.3205555555555556,0.30503014586958216,0.33608096524152903,30
AI-enabled,63,mean_knowledge,0.5831727310332734,0.579822667696757,0.5865227943697897,30
AI-enabled,63,knowledge_rank_corr_with_initial,0.9970497824208727,0.996906750789856,0.9971928140518894,30
AI-enabled,63,mean_ai_trust,0.5926985574326056,0.592193581818285,0.5932035330469262,30
AI-enabled,63,mean_peer_trust,0.5217939694722493,0.5204162047881682,0.5231717341563304,30
AI-enabled,63,mean_tie_strength,0.493418229619662,0.49228656541121724,0.4945498938281067,30
AI-enabled,63,network_density,0.05635009310986959,0.05628527319790715,0.056414913021832026,30
AI-enabled,63,mean_weighted_degree,4.976923971661815,4.965408004398821,4.9884399389248095,30
AI-enabled,63,recent_active_tie_fraction,0.9091145169877417,0.9064260032910759,0.9118030306844075,30
AI-enabled,63,mean_unique_peer_partners,10.304444444444446,10.279322836899937,10.329566051988955,30
AI-enabled,63,mean_peer_marginal,0.007650964020820671,0.0068436774310151015,0.008458250610626241,30
AI-enabled,63,ai_reliability,0.7800000000000001,0.7800000000000001,0.7800000000000001,30
AI-enabled,64,peer_share,0.365,0.3540886536072826,0.3759113463927174,30
AI-enabled,64,ai_share,0.3835185185185184,0.37074818596391623,0.3962888510731206,30
AI-enabled,64,hybrid_share,0.2514814814814815,0.2404513278397974,0.26251163512316555,30
AI-enabled,64,human_interaction_rate,0.6164814814814814,0.6037111489268793,0.6292518140360835,30
AI-enabled,64,ai_use_rate,0.6349999999999999,0.6240886536072825,0.6459113463927173,30
AI-enabled,64,mean_quality,0.5455829418221992,0.5425456300341023,0.5486202536102962,30
AI-enabled,64,success_rate,0.31407407407407406,0.30205501445144706,0.32609313369670107,30
AI-enabled,64,mean_knowledge,0.5841099772449084,0.5807670514656625,0.5874529030241543,30
AI-enabled,64,knowledge_rank_corr_with_initial,0.9969654675379352,0.9968168734515116,0.9971140616243589,30
AI-enabled,64,mean_ai_trust,0.5927461375284865,0.59227371647694,0.5932185585800329,30
AI-enabled,64,mean_peer_trust,0.5222568531831105,0.5208648226389854,0.5236488837272357,30
AI-enabled,64,mean_tie_strength,0.4925577104091644,0.49142547765892625,0.49368994315940257,30
AI-enabled,64,network_density,0.05636457686737011,0.056299164244271206,0.05642998949046902,30
AI-enabled,64,mean_weighted_degree,4.969519810764878,4.958055204960792,4.9809844165689645,30
AI-enabled,64,recent_active_tie_fraction,0.9088072320830463,0.9054933765259485,0.912121087640144,30
AI-enabled,64,mean_unique_peer_partners,10.312222222222221,10.287391748310927,10.337052696133515,30
AI-enabled,64,mean_peer_marginal,0.00673629987319197,0.006024130679890888,0.0074484690664930525,30
AI-enabled,64,ai_reliability,0.7800000000000001,0.7800000000000001,0.7800000000000001,30
AI-enabled,65,peer_share,0.36814814814814817,0.3509728781595963,0.3853234181367,30
AI-enabled,65,ai_share,0.37277777777777776,0.35934079683945647,0.38621475871609906,30
AI-enabled,65,hybrid_share,0.259074074074074,0.24721973642727796,0.27092841172087007,30
AI-enabled,65,human_interaction_rate,0.6272222222222222,0.613785241283901,0.6406592031605435,30
AI-enabled,65,ai_use_rate,0.6318518518518518,0.6146765818633,0.6490271218404036,30
AI-enabled,65,mean_quality,0.5491661890768819,0.5455146925779807,0.552817685575783,30
AI-enabled,65,success_rate,0.327037037037037,0.3109798972661363,0.34309417680793775,30
AI-enabled,65,mean_knowledge,0.5850563943379395,0.5817141359192366,0.5883986527566425,30
AI-enabled,65,knowledge_rank_corr_with_initial,0.9968830214656308,0.9967286025403762,0.9970374403908854,30
AI-enabled,65,mean_ai_trust,0.5928926113028059,0.5923050146703871,0.5934802079352247,30
AI-enabled,65,mean_peer_trust,0.522751796245575,0.5213491343261802,0.5241544581649697,30
AI-enabled,65,mean_tie_strength,0.49172512590885165,0.4906004403654308,0.49284981145227247,30
AI-enabled,65,network_density,0.05637078419201318,0.05630501850624168,0.05643654987778469,30
AI-enabled,65,mean_weighted_degree,4.961668632251245,4.950101274146292,4.973235990356197,30
AI-enabled,65,recent_active_tie_fraction,0.9093695726852394,0.9060939226091698,0.9126452227613091,30
AI-enabled,65,mean_unique_peer_partners,10.31962962962963,10.293738116884537,10.345521142374722,30
AI-enabled,65,mean_peer_marginal,0.00709103949711263,0.006434051001866309,0.007748027992358951,30
AI-enabled,65,ai_reliability,0.7800000000000001,0.7800000000000001,0.7800000000000001,30
AI-enabled,66,peer_share,0.36000000000000004,0.3458628618856729,0.3741371381143272,30
AI-enabled,66,ai_share,0.3885185185185185,0.3744283442771248,0.4026086927599122,30
AI-enabled,66,hybrid_share,0.2514814814814815,0.2374970220398339,0.26546594092312903,30
AI-enabled,66,human_interaction_rate,0.6114814814814815,0.5973913072400878,0.6255716557228752,30
AI-enabled,66,ai_use_rate,0.6400000000000001,0.625862861885673,0.6541371381143273,30
AI-enabled,66,mean_quality,0.5489916772809551,0.545473339786701,0.5525100147752092,30
AI-enabled,66,success_rate,0.32518518518518513,0.3107948907311877,0.33957547963918255,30
AI-enabled,66,mean_knowledge,0.585998753412099,0.582659861768543,0.5893376450556549,30
AI-enabled,66,knowledge_rank_corr_with_initial,0.9968017029364643,0.9966455178997545,0.9969578879731741,30
AI-enabled,66,mean_ai_trust,0.5930193651346876,0.5924511749605208,0.5935875553088543,30
AI-enabled,66,mean_peer_trust,0.523237963517507,0.5218250428491992,0.5246508841858147,30
AI-enabled,66,mean_tie_strength,0.490880157550176,0.4897544117956871,0.4920059033046649,30
AI-enabled,66,network_density,0.05638112973308499,0.0563133070023825,0.056448952463787484,30
AI-enabled,66,mean_weighted_degree,4.954049396868105,4.942518993151,4.96557980058521,30
AI-enabled,66,recent_active_tie_fraction,0.9098613239037537,0.9063328840391168,0.9133897637683907,30
AI-enabled,66,mean_unique_peer_partners,10.325185185185186,10.298901179178761,10.35146919119161,30
AI-enabled,66,mean_peer_marginal,0.007093924790926104,0.0061683496505709964,0.008019499931281211,30
AI-enabled,66,ai_reliability,0.7800000000000001,0.7800000000000001,0.7800000000000001,30
AI-enabled,67,peer_share,0.3618518518518518,0.34527630383661545,0.3784273998670882,30
AI-enabled,67,ai_share,0.3796296296296296,0.36526410571136997,0.3939951535478892,30
AI-enabled,67,hybrid_share,0.2585185185185185,0.24575690417180274,0.2712801328652342,30
AI-enabled,67,human_interaction_rate,0.6203703703703705,0.6060048464521108,0.6347358942886301,30
AI-enabled,67,ai_use_rate,0.638148148148148,0.6215726001329116,0.6547236961633844,30
AI-enabled,67,mean_quality,0.5491405258344279,0.5452202916578233,0.5530607600110324,30
AI-enabled,67,success_rate,0.3298148148148147,0.3145367022043591,0.34509292742527037,30
AI-enabled,67,mean_knowledge,0.58692599265759,0.5835924400530289,0.5902595452621512,30
AI-enabled,67,knowledge_rank_corr_with_initial,0.9967264155294882,0.9965687713135009,0.9968840597454754,30
AI-enabled,67,mean_ai_trust,0.5929891602055545,0.592391865911893,0.593586454499216,30
AI-enabled,67,mean_peer_trust,0.5237213412920634,0.5222975021192436,0.5251451804648831,30
AI-enabled,67,mean_tie_strength,0.4900466799736023,0.4889238598457262,0.49116950010147836,30
AI-enabled,67,network_density,0.05638733705772806,0.05631750901737699,0.05645716509807913,30
AI-enabled,67,mean_weighted_degree,4.946181488081262,4.934634591443783,4.957728384718741,30
AI-enabled,67,recent_active_tie_fraction,0.9085129874456198,0.9051445208782962,0.9118814540129434,30
AI-enabled,67,mean_unique_peer_partners,10.330000000000002,10.302932365267633,10.35706763473237,30
AI-enabled,67,mean_peer_marginal,0.006443020246896433,0.0055749723711397865,0.007311068122653079,30
AI-enabled,67,ai_reliability,0.7800000000000001,0.7800000000000001,0.7800000000000001,30
AI-enabled,68,peer_share,0.36944444444444435,0.35859310341120526,0.38029578547768345,30
AI-enabled,68,ai_share,0.38092592592592595,0.37147923681678524,0.39037261503506665,30
AI-enabled,68,hybrid_share,0.2496296296296296,0.24011641280024948,0.2591428464590097,30
AI-enabled,68,human_interaction_rate,0.6190740740740741,0.6096273849649334,0.6285207631832148,30
AI-enabled,68,ai_use_rate,0.6305555555555556,0.6197042145223166,0.6414068965887947,30
AI-enabled,68,mean_quality,0.5484202045480201,0.5453533128699966,0.5514870962260436,30
AI-enabled,68,success_rate,0.325925925925926,0.3110628505911558,0.3407890012606962,30
AI-enabled,68,mean_knowledge,0.5878552040569788,0.5845260443155765,0.591184363798381,30
AI-enabled,68,knowledge_rank_corr_with_initial,0.9966387958393482,0.9964776073408407,0.9967999843378558,30
AI-enabled,68,mean_ai_trust,0.5930211914785504,0.5923949653707377,0.5936474175863631,30
AI-enabled,68,mean_peer_trust,0.5242230554421743,0.5227854007171331,0.5256607101672155,30
AI-enabled,68,mean_tie_strength,0.48920625150203706,0.48808231833395843,0.4903301846701157,30
AI-enabled,68,network_density,0.05639768259879986,0.05632625885751627,0.05646910634008345,30
AI-enabled,68,mean_weighted_degree,4.938602663411035,4.927097517980361,4.950107808841709,30
AI-enabled,68,recent_active_tie_fraction,0.908603157566477,0.9052510297022305,0.9119552854307236,30
AI-enabled,68,mean_unique_peer_partners,10.33740740740741,10.311224090158992,10.363590724655827,30
AI-enabled,68,mean_peer_marginal,0.00696720551596899,0.006073803375604613,0.007860607656333366,30
AI-enabled,68,ai_reliability,0.7800000000000001,0.7800000000000001,0.7800000000000001,30
AI-enabled,69,peer_share,0.3651851851851851,0.35384982152988154,0.3765205488404887,30
AI-enabled,69,ai_share,0.37444444444444436,0.3621221888534579,0.3867667000354308,30
AI-enabled,69,hybrid_share,0.2603703703703703,0.24858823236046138,0.27215250838027927,30
AI-enabled,69,human_interaction_rate,0.6255555555555556,0.6132332999645692,0.6378778111465421,30
AI-enabled,69,ai_use_rate,0.6348148148148147,0.6234794511595112,0.6461501784701182,30
AI-enabled,69,mean_quality,0.5514247647897428,0.5478209299150233,0.5550285996644623,30
AI-enabled,69,success_rate,0.3329629629629629,0.31977587061295926,0.34615005531296655,30
AI-enabled,69,mean_knowledge,0.5887815050490005,0.5854536456473378,0.5921093644506632,30
AI-enabled,69,knowledge_rank_corr_with_initial,0.9965584883829991,0.9963897893299274,0.9967271874360708,30
AI-enabled,69,mean_ai_trust,0.5930074889990079,0.5924806065015018,0.593534371496514,30
AI-enabled,69,mean_peer_trust,0.5247164825598399,0.5232635291271766,0.5261694359925033,30
AI-enabled,69,mean_tie_strength,0.4883740892012914,0.48725182841933995,0.4894963499832428,30
AI-enabled,69,network_density,0.05640595903165731,0.056333131165441426,0.05647878689787319,30
AI-enabled,69,mean_weighted_degree,4.930925071990048,4.919386810636461,4.9424633333436345,30
AI-enabled,69,recent_active_tie_fraction,0.9090581814245459,0.9060932000266885,0.9120231628224033,30
AI-enabled,69,mean_unique_peer_partners,10.344074074074078,10.317620113261668,10.370528034886487,30
AI-enabled,69,mean_peer_marginal,0.00694015927883067,0.006207113193060462,0.007673205364600878,30
AI-enabled,69,ai_reliability,0.7800000000000001,0.7800000000000001,0.7800000000000001,30
AI-enabled,70,peer_share,0.3768518518518518,0.36242705298303585,0.3912766507206678,30
AI-enabled,70,ai_share,0.37,0.35799494141091137,0.3820050585890886,30
AI-enabled,70,hybrid_share,0.2531481481481481,0.23985179107869753,0.2664445052175987,30
AI-enabled,70,human_interaction_rate,0.63,0.6179949414109114,0.6420050585890886,30
AI-enabled,70,ai_use_rate,0.6231481481481481,0.6087233492793321,0.6375729470169641,30
AI-enabled,70,mean_quality,0.5493893480375078,0.5464656730772265,0.5523130229977892,30
AI-enabled,70,success_rate,0.3211111111111112,0.30857632541433966,0.3336458968078827,30
AI-enabled,70,mean_knowledge,0.5897081979035346,0.5863844825441874,0.5930319132628817,30
AI-enabled,70,knowledge_rank_corr_with_initial,0.9964734001045699,0.9963007890660922,0.9966460111430475,30
AI-enabled,70,mean_ai_trust,0.5930897892235021,0.5925602736449764,0.5936193048020277,30
AI-enabled,70,mean_peer_trust,0.5252147157986958,0.5237529141303607,0.5266765174670309,30
AI-enabled,70,mean_tie_strength,0.4875327914953232,0.4864167024181984,0.488648880572448,30
AI-enabled,70,network_density,0.05641837368094346,0.05634498832118584,0.056491759040701084,30
AI-enabled,70,mean_weighted_degree,4.923516505382679,4.911870711066844,4.935162299698514,30
AI-enabled,70,recent_active_tie_fraction,0.9108067614566361,0.9077943480078776,0.9138191749053945,30
AI-enabled,70,mean_unique_peer_partners,10.350740740740743,10.32471203730596,10.376769444175526,30
AI-enabled,70,mean_peer_marginal,0.007025833054863706,0.006223336301579936,0.007828329808147476,30
AI-enabled,70,ai_reliability,0.7800000000000001,0.7800000000000001,0.7800000000000001,30
AI-enabled,71,peer_share,0.37888888888888883,0.3656740681295027,0.39210370964827496,30
AI-enabled,71,ai_share,0.382962962962963,0.3723301191780818,0.3935958067478442,30
AI-enabled,71,hybrid_share,0.23814814814814816,0.22593313930424389,0.2503631569920524,30
AI-enabled,71,human_interaction_rate,0.617037037037037,0.6064041932521559,0.6276698808219182,30
AI-enabled,71,ai_use_rate,0.621111111111111,0.6078962903517249,0.634325931870497,30
AI-enabled,71,mean_quality,0.5500953965940312,0.5463599811123668,0.5538308120756955,30
AI-enabled,71,success_rate,0.32351851851851854,0.30982627375302363,0.33721076328401345,30
AI-enabled,71,mean_knowledge,0.5906322862170341,0.58731174345735,0.5939528289767182,30
AI-enabled,71,knowledge_rank_corr_with_initial,0.9963824609865285,0.9962063967595899,0.9965585252134671,30
AI-enabled,71,mean_ai_trust,0.5931559239804262,0.5926296873919057,0.5936821605689466,30
AI-enabled,71,mean_peer_trust,0.5257210115591685,0.5242433001775633,0.5271987229407737,30
AI-enabled,71,mean_tie_strength,0.4867032468318939,0.485594238708289,0.48781225495549885,30
AI-enabled,71,network_density,0.056426650113800894,0.05635198012075449,0.056501320106847296,30
AI-enabled,71,mean_weighted_degree,4.915862638243922,4.904074193457602,4.927651083030242,30
AI-enabled,71,recent_active_tie_fraction,0.911920886377209,0.9091108121327096,0.9147309606217084,30
AI-enabled,71,mean_unique_peer_partners,10.354814814814814,10.328894660795825,10.380734968833803,30
AI-enabled,71,mean_peer_marginal,0.00723548938058355,0.006356748687069153,0.008114230074097947,30
AI-enabled,71,ai_reliability,0.7800000000000001,0.7800000000000001,0.7800000000000001,30
AI-enabled,72,peer_share,0.3646296296296297,0.35431486245580834,0.37494439680345104,30
AI-enabled,72,ai_share,0.3794444444444444,0.369943454569294,0.38894543431959483,30
AI-enabled,72,hybrid_share,0.2559259259259259,0.24619677588948138,0.26565507596237037,30
AI-enabled,72,human_interaction_rate,0.6205555555555556,0.6110545656804053,0.630056545430706,30
AI-enabled,72,ai_use_rate,0.6353703703703705,0.6250556031965492,0.6456851375441918,30
AI-enabled,72,mean_quality,0.5518652110008399,0.5490486925185741,0.5546817294831056,30
AI-enabled,72,success_rate,0.3374074074074073,0.32595482765226264,0.348859987162552,30
AI-enabled,72,mean_knowledge,0.5915513818242403,0.5882372842652221,0.5948654793832584,30
AI-enabled,72,knowledge_rank_corr_with_initial,0.9962994552824299,0.996119904497616,0.9964790060672438,30
AI-enabled,72,mean_ai_trust,0.593146183040506,0.5925570852430747,0.5937352808379374,30
AI-enabled,72,mean_peer_trust,0.5262284994125366,0.5247388963919576,0.5277181024331156,30
AI-enabled,72,mean_tie_strength,0.4858777532974879,0.48476613081123426,0.4869893757837415,30
AI-enabled,72,network_density,0.05643285743844398,0.05635689608411377,0.05650881879277419,30
AI-enabled,72,mean_weighted_degree,4.908062593539555,4.896316420348697,4.919808766730414,30
AI-enabled,72,recent_active_tie_fraction,0.9109851554028564,0.9081097435979105,0.9138605672078023,30
AI-enabled,72,mean_unique_peer_partners,10.36111111111111,10.335241004527793,10.386981217694428,30
AI-enabled,72,mean_peer_marginal,0.006585319526183423,0.005832708866234262,0.0073379301861325845,30
AI-enabled,72,ai_reliability,0.7800000000000001,0.7800000000000001,0.7800000000000001,30
AI-enabled,73,peer_share,0.37037037037037035,0.35306255503257045,0.38767818570817025,30
AI-enabled,73,ai_share,0.36481481481481476,0.35026453972648613,0.3793650899031434,30
AI-enabled,73,hybrid_share,0.2648148148148148,0.25299997536619107,0.2766296542634385,30
AI-enabled,73,human_interaction_rate,0.6351851851851851,0.6206349100968565,0.6497354602735137,30
AI-enabled,73,ai_use_rate,0.6296296296296295,0.6123218142918296,0.6469374449674294,30
AI-enabled,73,mean_quality,0.5523684271063299,0.5486275179572097,0.5561093362554502,30
AI-enabled,73,success_rate,0.3262962962962963,0.31279779502299865,0.33979479756959396,30
AI-enabled,73,mean_knowledge,0.592477115492336,0.5891648911704698,0.5957893398142021,30
AI-enabled,73,knowledge_rank_corr_with_initial,0.9962107137338416,0.9960277467121657,0.9963936807555176,30
AI-enabled,73,mean_ai_trust,0.5934505424240425,0.5928530687361192,0.5940480161119658,30
AI-enabled,73,mean_peer_trust,0.5267453630765279,0.5252309028779384,0.5282598232751173,30
AI-enabled,73,mean_tie_strength,0.48506947656472527,0.483956866139671,0.48618208698977955,30
AI-enabled,73,network_density,0.05643492654665834,0.05635839421374868,0.056511458879568,30
AI-enabled,73,mean_weighted_degree,4.900076670116848,4.8883457577130045,4.911807582520691,30
AI-enabled,73,recent_active_tie_fraction,0.9101469909548207,0.9067103976068953,0.913583584302746,30
AI-enabled,73,mean_unique_peer_partners,10.366296296296298,10.340709192168578,10.391883400424017,30
AI-enabled,73,mean_peer_marginal,0.006514425773102315,0.005688972744157681,0.007339878802046948,30
AI-enabled,73,ai_reliability,0.7800000000000001,0.7800000000000001,0.7800000000000001,30
AI-enabled,74,peer_share,0.36629629629629623,0.3548307665014841,0.37776182609110837,30
AI-enabled,74,ai_share,0.3759259259259259,0.36309935868718896,0.3887524931646628,30
AI-enabled,74,hybrid_share,0.2577777777777778,0.24760619269371634,0.26794936286183924,30
AI-enabled,74,human_interaction_rate,0.6240740740740741,0.6112475068353371,0.6369006413128111,30
AI-enabled,74,ai_use_rate,0.6337037037037038,0.6222381739088916,0.645169233498516,30
AI-enabled,74,mean_quality,0.5565993086025393,0.553229525106285,0.5599690920987935,30
AI-enabled,74,success_rate,0.35018518518518515,0.33594259725753106,0.36442777311283925,30
AI-enabled,74,mean_knowledge,0.5934027047099805,0.5900966039105836,0.5967088055093773,30
AI-enabled,74,knowledge_rank_corr_with_initial,0.996114221044596,0.9959252748123578,0.9963031672768342,30
AI-enabled,74,mean_ai_trust,0.5935560282127064,0.5929793338217956,0.5941327226036172,30
AI-enabled,74,mean_peer_trust,0.52726149559021,0.5257346320427997,0.5287883591376202,30
AI-enabled,74,mean_tie_strength,0.48425468703111013,0.48314414860039995,0.4853652254618203,30
AI-enabled,74,network_density,0.056439064763087056,0.05636190563243893,0.05651622389373518,30
AI-enabled,74,mean_weighted_degree,4.892205106329035,4.880428448603249,4.903981764054821,30
AI-enabled,74,recent_active_tie_fraction,0.9100437056929273,0.907037548662398,0.9130498627234565,30
AI-enabled,74,mean_unique_peer_partners,10.371481481481482,10.345658837405091,10.397304125557872,30
AI-enabled,74,mean_peer_marginal,0.006733537090019688,0.00596741300469638,0.0074996611753429965,30
AI-enabled,74,ai_reliability,0.7800000000000001,0.7800000000000001,0.7800000000000001,30
AI-enabled,75,peer_share,0.3609259259259259,0.3463843223939069,0.37546752945794487,30
AI-enabled,75,ai_share,0.38962962962962955,0.3760784624961854,0.4031807967630737,30
AI-enabled,75,hybrid_share,0.2494444444444444,0.2371131600153824,0.2617757288735064,30
AI-enabled,75,human_interaction_rate,0.6103703703703705,0.5968192032369263,0.6239215375038146,30
AI-enabled,75,ai_use_rate,0.6390740740740741,0.6245324705420552,0.6536156776060931,30
AI-enabled,75,mean_quality,0.5511710041301655,0.5480274892472493,0.5543145190130817,30
AI-enabled,75,success_rate,0.33092592592592596,0.31871152452695145,0.34314032732490046,30
AI-enabled,75,mean_knowledge,0.5943191832177438,0.5910171069959044,0.5976212594395832,30
AI-enabled,75,knowledge_rank_corr_with_initial,0.9960210433645413,0.9958261521185057,0.996215934610577,30
AI-enabled,75,mean_ai_trust,0.5936091283822126,0.5930703036291625,0.5941479531352627,30
AI-enabled,75,mean_peer_trust,0.5277698477109273,0.5262247011562935,0.5293149942655611,30
AI-enabled,75,mean_tie_strength,0.4834308316310247,0.4823219758009913,0.4845396874610581,30
AI-enabled,75,network_density,0.056447341195944495,0.056371930574305965,0.056522751817583025,30
AI-enabled,75,mean_weighted_degree,4.884599155055153,4.872872732795465,4.896325577314841,30
AI-enabled,75,recent_active_tie_fraction,0.9116001008474997,0.9081872248592878,0.9150129768357115,30
AI-enabled,75,mean_unique_peer_partners,10.37703703703704,10.351579009812879,10.4024950642612,30
AI-enabled,75,mean_peer_marginal,0.0073513038880127736,0.006566308335282578,0.00813629944074297,30
AI-enabled,75,ai_reliability,0.7800000000000001,0.7800000000000001,0.7800000000000001,30
AI-enabled,76,peer_share,0.3801851851851851,0.36826593054117845,0.3921044398291918,30
AI-enabled,76,ai_share,0.3722222222222223,0.3607170698639279,0.3837273745805167,30
AI-enabled,76,hybrid_share,0.24759259259259256,0.23795924321358342,0.2572259419716017,30
AI-enabled,76,human_interaction_rate,0.6277777777777778,0.6162726254194834,0.6392829301360722,30
AI-enabled,76,ai_use_rate,0.6198148148148149,0.6078955601708083,0.6317340694588216,30
AI-enabled,76,mean_quality,0.5543051724804304,0.5508933994850377,0.5577169454758232,30
AI-enabled,76,success_rate,0.34481481481481485,0.33180901773031724,0.35782061189931247,30
AI-enabled,76,mean_knowledge,0.5952295728523538,0.5919316876334269,0.5985274580712807,30
AI-enabled,76,knowledge_rank_corr_with_initial,0.9959307827858103,0.9957342588335242,0.9961273067380964,30
AI-enabled,76,mean_ai_trust,0.5935846134929604,0.5929933368868457,0.5941758900990751,30
AI-enabled,76,mean_peer_trust,0.5282947401205699,0.526738770212617,0.5298507100285228,30
AI-enabled,76,mean_tie_strength,0.48262040317058563,0.4815138596282893,0.48372694671288197,30
AI-enabled,76,network_density,0.056451479412373225,0.05637528672167024,0.05652767210307621,30
AI-enabled,76,mean_weighted_degree,4.87676791327971,4.865036423842493,4.888499402716927,30
AI-enabled,76,recent_active_tie_fraction,0.9107982327050553,0.9073513774640448,0.9142450879460658,30
AI-enabled,76,mean_unique_peer_partners,10.382222222222222,10.35644751187407,10.407996932570374,30
AI-enabled,76,mean_peer_marginal,0.006917220708207374,0.006165714517488777,0.007668726898925971,30
AI-enabled,76,ai_reliability,0.7800000000000001,0.7800000000000001,0.7800000000000001,30
AI-enabled,77,peer_share,0.36222222222222217,0.34703259159629374,0.3774118528481506,30
AI-enabled,77,ai_share,0.37981481481481477,0.36594168806181354,0.393687941567816,30
AI-enabled,77,hybrid_share,0.25796296296296295,0.24563970384107298,0.2702862220848529,30
AI-enabled,77,human_interaction_rate,0.6201851851851853,0.606312058432184,0.6340583119381865,30
AI-enabled,77,ai_use_rate,0.6377777777777778,0.6225881471518494,0.6529674084037062,30
AI-enabled,77,mean_quality,0.556580840270356,0.552846322995746,0.5603153575449661,30
AI-enabled,77,success_rate,0.34370370370370373,0.3292722195047778,0.35813518790262966,30
AI-enabled,77,mean_knowledge,0.59614292315018,0.5928524429424518,0.5994334033579083,30
AI-enabled,77,knowledge_rank_corr_with_initial,0.9958395233726148,0.9956391758427693,0.9960398709024604,30
AI-enabled,77,mean_ai_trust,0.5937658847610539,0.5931880908886755,0.5943436786334322,30
AI-enabled,77,mean_peer_trust,0.5288141369819641,0.5272509967074998,0.5303772772564285,30
AI-enabled,77,mean_tie_strength,0.4817867070436478,0.48068454833760216,0.4828888657496934,30
AI-enabled,77,network_density,0.05646389406165938,0.056388729505354854,0.056539058617963905,30
AI-enabled,77,mean_weighted_degree,4.869415196489404,4.85771586192975,4.881114531049059,30
AI-enabled,77,recent_active_tie_fraction,0.909533837020869,0.9063096985640773,0.9127579754776607,30
AI-enabled,77,mean_unique_peer_partners,10.388518518518518,10.363024377018982,10.414012660018054,30
AI-enabled,77,mean_peer_marginal,0.006421703286184073,0.005628730343493529,0.007214676228874617,30
AI-enabled,77,ai_reliability,0.7800000000000001,0.7800000000000001,0.7800000000000001,30
AI-enabled,78,peer_share,0.38425925925925924,0.369989607336764,0.3985289111817545,30
AI-enabled,78,ai_share,0.38074074074074077,0.36626818402484057,0.39521329745664097,30
AI-enabled,78,hybrid_share,0.235,0.22298814475350592,0.24701185524649405,30
AI-enabled,78,human_interaction_rate,0.6192592592592593,0.6047867025433591,0.6337318159751595,30
AI-enabled,78,ai_use_rate,0.6157407407407408,0.6014710888182456,0.630010392663236,30
AI-enabled,78,mean_quality,0.5556384115475026,0.5523177236021033,0.5589590994929019,30
AI-enabled,78,success_rate,0.33833333333333326,0.3260140888255458,0.35065257784112075,30
AI-enabled,78,mean_knowledge,0.5970458272336786,0.5937583407123846,0.6003333137549726,30
AI-enabled,78,knowledge_rank_corr_with_initial,0.9957532349170525,0.9955487723812476,0.9959576974528573,30
AI-enabled,78,mean_ai_trust,0.5935894078113684,0.5930578376544079,0.5941209779683289,30
AI-enabled,78,mean_peer_trust,0.5293285191059113,0.5277516961617699,0.5309053420500527,30
AI-enabled,78,mean_tie_strength,0.4809528609116872,0.4798499636541764,0.482055758169198,30
AI-enabled,78,network_density,0.05647837781915989,0.05639977952402782,0.05655697611429196,30
AI-enabled,78,mean_weighted_degree,4.862231657151822,4.850526146683498,4.873937167620147,30
AI-enabled,78,recent_active_tie_fraction,0.9093021962103248,0.9062943173830754,0.9123100750375742,30
AI-enabled,78,mean_unique_peer_partners,10.395555555555557,10.369896251492982,10.421214859618132,30
AI-enabled,78,mean_peer_marginal,0.007453071590987578,0.006731649890320415,0.008174493291654742,30
AI-enabled,78,ai_reliability,0.7800000000000001,0.7800000000000001,0.7800000000000001,30
AI-enabled,79,peer_share,0.3672222222222222,0.3547235966314113,0.37972084781303317,30
AI-enabled,79,ai_share,0.3796296296296296,0.36330122694337835,0.39595803231588084,30
AI-enabled,79,hybrid_share,0.2531481481481481,0.23686206025709142,0.2694342360392048,30
AI-enabled,79,human_interaction_rate,0.6203703703703703,0.6040419676841191,0.6366987730566216,30
AI-enabled,79,ai_use_rate,0.6327777777777778,0.6202791521869668,0.6452764033685887,30
AI-enabled,79,mean_quality,0.5562618708237407,0.5531398095053092,0.5593839321421722,30
AI-enabled,79,success_rate,0.3407407407407408,0.32731499235184625,0.35416648912963533,30
AI-enabled,79,mean_knowledge,0.5979492263791113,0.5946645623349731,0.6012338904232495,30
AI-enabled,79,knowledge_rank_corr_with_initial,0.9956599519486267,0.9954503874176784,0.9958695164795749,30
AI-enabled,79,mean_ai_trust,0.5936523596209619,0.5931436358258934,0.5941610834160304,30
AI-enabled,79,mean_peer_trust,0.5298648516337077,0.528269066368199,0.5314606368992163,30
AI-enabled,79,mean_tie_strength,0.48014670809110005,0.4790425192017039,0.4812508969804962,30
AI-enabled,79,network_density,0.05648251603558861,0.05640316708311714,0.05656186498806008,30
AI-enabled,79,mean_weighted_degree,4.854434440224258,4.842860132151616,4.866008748296901,30
AI-enabled,79,recent_active_tie_fraction,0.9099671667966845,0.9068469693964426,0.9130873641969265,30
AI-enabled,79,mean_unique_peer_partners,10.398888888888889,10.373235368768876,10.424542409008902,30
AI-enabled,79,mean_peer_marginal,0.007028839939357452,0.006283181984707156,0.007774497894007749,30
AI-enabled,79,ai_reliability,0.7800000000000001,0.7800000000000001,0.7800000000000001,30
AI-enabled,80,peer_share,0.3655555555555555,0.35509909374516085,0.3760120173659502,30
AI-enabled,80,ai_share,0.3807407407407407,0.36861107017381123,0.3928704113076702,30
AI-enabled,80,hybrid_share,0.2537037037037037,0.2439837095589018,0.2634236978485056,30
AI-enabled,80,human_interaction_rate,0.6192592592592592,0.6071295886923297,0.6313889298261887,30
AI-enabled,80,ai_use_rate,0.6344444444444444,0.6239879826340496,0.6449009062548391,30
AI-enabled,80,mean_quality,0.5562065761844646,0.5526054082916103,0.5598077440773188,30
AI-enabled,80,success_rate,0.3374074074074074,0.320554851122025,0.3542599636927898,30
AI-enabled,80,mean_knowledge,0.5988598652793455,0.595579098470514,0.602140632088177,30
AI-enabled,80,knowledge_rank_corr_with_initial,0.9955635974375393,0.9953502437787483,0.9957769510963304,30
AI-enabled,80,mean_ai_trust,0.59362132004753,0.5930378648137338,0.5942047752813262,30
AI-enabled,80,mean_peer_trust,0.530389940738678,0.5287838503572851,0.5319960311200708,30
AI-enabled,80,mean_tie_strength,0.47932289242744447,0.4782229719241107,0.48042281293077826,30
AI-enabled,80,network_density,0.056494930684874774,0.05641469944832789,0.05657516192142166,30
AI-enabled,80,mean_weighted_degree,4.847171405377212,4.835545637364264,4.85879717339016,30
AI-enabled,80,recent_active_tie_fraction,0.9100194851547491,0.90664360129126,0.9133953690182381,30
AI-enabled,80,mean_unique_peer_partners,10.403703703703705,10.378969435940409,10.428437971467002,30
AI-enabled,80,mean_peer_marginal,0.007499326423311271,0.006942941873240162,0.00805571097338238,30
AI-enabled,80,ai_reliability,0.7800000000000001,0.7800000000000001,0.7800000000000001,30
AI-enabled,81,peer_share,0.3827777777777778,0.37122949744170114,0.3943260581138544,30
AI-enabled,81,ai_share,0.37074074074074076,0.3572312504819266,0.3842502309995549,30
AI-enabled,81,hybrid_share,0.24648148148148147,0.23657773017844244,0.2563852327845205,30
AI-enabled,81,human_interaction_rate,0.6292592592592592,0.6157497690004451,0.6427687495180733,30
AI-enabled,81,ai_use_rate,0.6172222222222222,0.6056739418861457,0.6287705025582988,30
AI-enabled,81,mean_quality,0.5570736849318499,0.5535453371813331,0.5606020326823667,30
AI-enabled,81,success_rate,0.3412962962962963,0.3246141070629458,0.35797848552964684,30
AI-enabled,81,mean_knowledge,0.5997593819992478,0.5964869439093177,0.603031820089178,30
AI-enabled,81,knowledge_rank_corr_with_initial,0.9954671491373115,0.9952483721316983,0.9956859261429247,30
AI-enabled,81,mean_ai_trust,0.5935440889643514,0.592880628003095,0.5942075499256078,30
AI-enabled,81,mean_peer_trust,0.5309349894523621,0.5293149066696935,0.5325550722350306,30
AI-enabled,81,mean_tie_strength,0.4785234769185384,0.47742305166489674,0.4796239021721801,30
AI-enabled,81,network_density,0.05649906890130349,0.05641868387654466,0.05657945392606232,30
AI-enabled,81,mean_weighted_degree,4.839440622947834,4.827870154994776,4.851011090900893,30
AI-enabled,81,recent_active_tie_fraction,0.9092959049368476,0.9058687045120397,0.9127231053616556,30
AI-enabled,81,mean_unique_peer_partners,10.407037037037039,10.381941828296931,10.432132245777147,30
AI-enabled,81,mean_peer_marginal,0.0076165978985771815,0.006836233405279754,0.00839696239187461,30
AI-enabled,81,ai_reliability,0.7800000000000001,0.7800000000000001,0.7800000000000001,30
AI-enabled,82,peer_share,0.3794444444444443,0.36640199706371335,0.39248689182517527,30
AI-enabled,82,ai_share,0.3664814814814816,0.35313166105678495,0.3798313019061782,30
AI-enabled,82,hybrid_share,0.25407407407407406,0.24307086052058857,0.26507728762755955,30
AI-enabled,82,human_interaction_rate,0.6335185185185185,0.6201686980938218,0.6468683389432152,30
AI-enabled,82,ai_use_rate,0.6205555555555555,0.6075131081748245,0.6335980029362865,30
AI-enabled,82,mean_quality,0.5556557251410367,0.5520988462277628,0.5592126040543105,30
AI-enabled,82,success_rate,0.3375925925925926,0.3220239126274651,0.3531612725577201,30
AI-enabled,82,mean_knowledge,0.600655473272068,0.5973870014071814,0.6039239451369547,30
AI-enabled,82,knowledge_rank_corr_with_initial,0.9953760151260378,0.9951533380859724,0.9955986921661032,30
AI-enabled,82,mean_ai_trust,0.5934329661695074,0.5928057606297188,0.5940601717092959,30
AI-enabled,82,mean_peer_trust,0.531477032105128,0.5298473217270524,0.5331067424832036,30
AI-enabled,82,mean_tie_strength,0.4777212123076121,0.47662150118307267,0.47882092343215155,30
AI-enabled,82,network_density,0.05650527622594657,0.0564226747569091,0.05658787769498404,30
AI-enabled,82,mean_weighted_degree,4.831855787171258,4.820310794803445,4.8434007795390706,30
AI-enabled,82,recent_active_tie_fraction,0.9080262237360571,0.9048234180150694,0.9112290294570449,30
AI-enabled,82,mean_unique_peer_partners,10.411851851851853,10.386069466118537,10.43763423758517,30
AI-enabled,82,mean_peer_marginal,0.007247714098023112,0.006550120891760562,0.007945307304285661,30
AI-enabled,82,ai_reliability,0.7800000000000001,0.7800000000000001,0.7800000000000001,30
AI-enabled,83,peer_share,0.3738888888888888,0.3608806198881412,0.38689715788963647,30
AI-enabled,83,ai_share,0.3709259259259259,0.35809531004906475,0.383756541802787,30
AI-enabled,83,hybrid_share,0.2551851851851852,0.24361657693276675,0.26675379343760364,30
AI-enabled,83,human_interaction_rate,0.6290740740740741,0.6162434581972129,0.6419046899509353,30
AI-enabled,83,ai_use_rate,0.6261111111111112,0.6131028421103636,0.6391193801118588,30
AI-enabled,83,mean_quality,0.5569386451145241,0.5539453273469561,0.559931962882092,30
AI-enabled,83,success_rate,0.3442592592592592,0.3318903256346177,0.35662819288390074,30
AI-enabled,83,mean_knowledge,0.6015429996545152,0.5982797558720637,0.6048062434369667,30
AI-enabled,83,knowledge_rank_corr_with_initial,0.9952795155412951,0.9950503318518313,0.9955086992307589,30
AI-enabled,83,mean_ai_trust,0.5934442548896901,0.5928032209291596,0.5940852888502206,30
AI-enabled,83,mean_peer_trust,0.5320145805676778,0.5303721125166219,0.5336570486187338,30
AI-enabled,83,mean_tie_strength,0.4769173512856166,0.47581863940047453,0.4780160631707586,30
AI-enabled,83,network_density,0.056511483550589645,0.05643013634536671,0.056592830755812576,30
AI-enabled,83,mean_weighted_degree,4.8242547610512485,4.812801257506739,4.835708264595758,30
AI-enabled,83,recent_active_tie_fraction,0.9088372393899381,0.9054663101611854,0.9122081686186908,30
AI-enabled,83,mean_unique_peer_partners,10.417407407407408,10.391723054644892,10.443091760169924,30
AI-enabled,83,mean_peer_marginal,0.006919371497300674,0.006089356921438629,0.007749386073162719,30
AI-enabled,83,ai_reliability,0.7800000000000001,0.7800000000000001,0.7800000000000001,30
AI-enabled,84,peer_share,0.36962962962962964,0.3576724626544056,0.3815867966048537,30
AI-enabled,84,ai_share,0.3738888888888889,0.3605873245629174,0.38719045321486034,30
AI-enabled,84,hybrid_share,0.2564814814814814,0.2438325774536111,0.26913038550935175,30
AI-enabled,84,human_interaction_rate,0.6261111111111111,0.6128095467851395,0.6394126754370826,30
AI-enabled,84,ai_use_rate,0.6303703703703704,0.6184132033951463,0.6423275373455944,30
AI-enabled,84,mean_quality,0.5611181140563286,0.557538472815488,0.5646977552971693,30
AI-enabled,84,success_rate,0.3542592592592592,0.33817487958877834,0.3703436389297401,30
AI-enabled,84,mean_knowledge,0.6024505577906049,0.5991924875456442,0.6057086280355655,30
AI-enabled,84,knowledge_rank_corr_with_initial,0.995184107473264,0.9949501220944811,0.995418092852047,30
AI-enabled,84,mean_ai_trust,0.5935993154031518,0.5930071138553432,0.5941915169509604,30
AI-enabled,84,mean_peer_trust,0.5325572450955709,0.5308971424969999,0.5342173476941419,30
AI-enabled,84,mean_tie_strength,0.4761052777369817,0.475013185133965,0.4771973703399984,30
AI-enabled,84,network_density,0.05652182909166145,0.05644091955733064,0.056602738625992265,30
AI-enabled,84,mean_weighted_degree,4.816924241781235,4.805424480679495,4.828424002882976,30
AI-enabled,84,recent_active_tie_fraction,0.9095861276294458,0.9060165719764204,0.9131556832824712,30
AI-enabled,84,mean_unique_peer_partners,10.424074074074072,10.39749475601949,10.450653392128654,30
AI-enabled,84,mean_peer_marginal,0.007454677275219727,0.006554960858644285,0.00835439369179517,30
AI-enabled,84,ai_reliability,0.7800000000000001,0.7800000000000001,0.7800000000000001,30
AI-enabled,85,peer_share,0.3692592592592592,0.35652092263791213,0.3819975958806062,30
AI-enabled,85,ai_share,0.3785185185185186,0.3628070420826589,0.39422999495437827,30
AI-enabled,85,hybrid_share,0.2522222222222222,0.2404543671245534,0.263990077319891,30
AI-enabled,85,human_interaction_rate,0.6214814814814816,0.605770005045622,0.6371929579173413,30
AI-enabled,85,ai_use_rate,0.6307407407407408,0.6180024041193938,0.6434790773620879,30
AI-enabled,85,mean_quality,0.55825766635088,0.5550997695214085,0.5614155631803516,30
AI-enabled,85,success_rate,0.3525925925925925,0.33956627382737253,0.3656189113578125,30
AI-enabled,85,mean_knowledge,0.6033343922160582,0.6000797962330442,0.6065889881990723,30
AI-enabled,85,knowledge_rank_corr_with_initial,0.9950897137175657,0.9948513958119147,0.9953280316232167,30
AI-enabled,85,mean_ai_trust,0.5934641088294538,0.5928567217659925,0.5940714958929151,30
AI-enabled,85,mean_peer_trust,0.5330805679162344,0.5314044903469461,0.5347566454855226,30
AI-enabled,85,mean_tie_strength,0.4752869645754496,0.4741952207886061,0.4763787083622931,30
AI-enabled,85,network_density,0.056534243740947614,0.05645129909236369,0.05661718838953154,30
AI-enabled,85,mean_weighted_degree,4.809699850259005,4.798182435646771,4.821217264871239,30
AI-enabled,85,recent_active_tie_fraction,0.9086548493801716,0.9051844822258818,0.9121252165344614,30
AI-enabled,85,mean_unique_peer_partners,10.430000000000001,10.4032855420675,10.456714457932502,30
AI-enabled,85,mean_peer_marginal,0.006918883240156923,0.006273159094238756,0.0075646073860750895,30
AI-enabled,85,ai_reliability,0.7800000000000001,0.7800000000000001,0.7800000000000001,30
AI-enabled,86,peer_share,0.37518518518518523,0.3619890934535495,0.38838127691682095,30
AI-enabled,86,ai_share,0.36759259259259264,0.3537666109629712,0.3814185742222141,30
AI-enabled,86,hybrid_share,0.2572222222222222,0.24408906734225008,0.27035537710219426,30
AI-enabled,86,human_interaction_rate,0.6324074074074074,0.618581425777786,0.6462333890370289,30
AI-enabled,86,ai_use_rate,0.6248148148148149,0.6116187230831792,0.6380109065464507,30
AI-enabled,86,mean_quality,0.5595711224818126,0.5558745996766156,0.5632676452870097,30
AI-enabled,86,success_rate,0.3572222222222223,0.34305624722083455,0.37138819722361,30
AI-enabled,86,mean_knowledge,0.6042209732963602,0.6009714998244678,0.6074704467682525,30
AI-enabled,86,knowledge_rank_corr_with_initial,0.9949914582802698,0.9947496018083973,0.9952333147521423,30
AI-enabled,86,mean_ai_trust,0.5936599584042096,0.5930503150860925,0.5942696017223267,30
AI-enabled,86,mean_peer_trust,0.5336238642533621,0.5319368484344011,0.535310880072323,30
AI-enabled,86,mean_tie_strength,0.47447718878587086,0.47339739290825694,0.4755569846634848,30
AI-enabled,86,network_density,0.05654458928201941,0.05646339404256569,0.05662578452147313,30
AI-enabled,86,mean_weighted_degree,4.802389062775506,4.790769854276736,4.814008271274277,30
AI-enabled,86,recent_active_tie_fraction,0.9082624556825298,0.90398243592709,0.9125424754379696,30
AI-enabled,86,mean_unique_peer_partners,10.436666666666667,10.409489605409783,10.463843727923551,30
AI-enabled,86,mean_peer_marginal,0.00671534064683843,0.005869156590015348,0.007561524703661513,30
AI-enabled,86,ai_reliability,0.7800000000000001,0.7800000000000001,0.7800000000000001,30
AI-enabled,87,peer_share,0.37074074074074065,0.3591081722781526,0.3823733092033287,30
AI-enabled,87,ai_share,0.38296296296296295,0.3712667840495027,0.3946591418764232,30
AI-enabled,87,hybrid_share,0.2462962962962963,0.2340861478579869,0.2585064447346057,30
AI-enabled,87,human_interaction_rate,0.617037037037037,0.6053408581235769,0.6287332159504972,30
AI-enabled,87,ai_use_rate,0.6292592592592593,0.6176266907966712,0.6408918277218474,30
AI-enabled,87,mean_quality,0.5610534956555242,0.5574878206406159,0.5646191706704325,30
AI-enabled,87,success_rate,0.3531481481481481,0.33742770150369933,0.36886859479259687,30
AI-enabled,87,mean_knowledge,0.6051049444792171,0.601858446524428,0.6083514424340063,30
AI-enabled,87,knowledge_rank_corr_with_initial,0.994899142125152,0.9946511294181751,0.9951471548321288,30
AI-enabled,87,mean_ai_trust,0.593643699804262,0.593061050119754,0.5942263494887701,30
AI-enabled,87,mean_peer_trust,0.5341632703940074,0.5324669907601532,0.5358595500278615,30
AI-enabled,87,mean_tie_strength,0.47366011639436084,0.47257427035744975,0.47474596243127193,30
AI-enabled,87,network_density,0.05655700393130557,0.05647677269475868,0.056637235167852455,30
AI-enabled,87,mean_weighted_degree,4.795166284375721,4.783858543386934,4.806474025364508,30
AI-enabled,87,recent_active_tie_fraction,0.9073703696392101,0.9035273746305054,0.9112133646479149,30
AI-enabled,87,mean_unique_peer_partners,10.441111111111109,10.414307922691227,10.46791429953099,30
AI-enabled,87,mean_peer_marginal,0.006493897936670406,0.005740196456793833,0.00724759941654698,30
AI-enabled,87,ai_reliability,0.7800000000000001,0.7800000000000001,0.7800000000000001,30
AI-enabled,88,peer_share,0.3768518518518518,0.36135578174987193,0.3923479219538317,30
AI-enabled,88,ai_share,0.3742592592592592,0.360493514033261,0.38802500448525734,30
AI-enabled,88,hybrid_share,0.24888888888888885,0.23546240365147755,0.2623153741263001,30
AI-enabled,88,human_interaction_rate,0.6257407407407407,0.6119749955147425,0.6395064859667389,30
AI-enabled,88,ai_use_rate,0.6231481481481481,0.6076520780461683,0.638644218250128,30
AI-enabled,88,mean_quality,0.5620272417899088,0.5583554174116935,0.5656990661681242,30
AI-enabled,88,success_rate,0.3527777777777777,0.33891249741309926,0.3666430581424561,30
AI-enabled,88,mean_knowledge,0.6059930041230343,0.6027477639588565,0.609238244287212,30
AI-enabled,88,knowledge_rank_corr_with_initial,0.9948099065067365,0.9945583667815538,0.9950614462319192,30
AI-enabled,88,mean_ai_trust,0.5937511572550015,0.5931687693452267,0.5943335451647763,30
AI-enabled,88,mean_peer_trust,0.5347226738929749,0.5330074216158935,0.5364379261700563,30
AI-enabled,88,mean_tie_strength,0.47285666366418205,0.47177153462169835,0.47394179270666575,30
AI-enabled,88,network_density,0.05656734947237736,0.05648633315694044,0.056648365787814285,30
AI-enabled,88,mean_weighted_degree,4.787906592554516,4.776655405539361,4.799157779569671,30
AI-enabled,88,recent_active_tie_fraction,0.9076121670976174,0.9039288125786661,0.9112955216165687,30
AI-enabled,88,mean_unique_peer_partners,10.448148148148146,10.421208372238684,10.475087924057608,30
AI-enabled,88,mean_peer_marginal,0.00782733795679698,0.007214990630429143,0.008439685283164817,30
AI-enabled,88,ai_reliability,0.7800000000000001,0.7800000000000001,0.7800000000000001,30
AI-enabled,89,peer_share,0.36518518518518517,0.35318837013108567,0.37718200023928466,30
AI-enabled,89,ai_share,0.3744444444444444,0.3612161552044848,0.387672733684404,30
AI-enabled,89,hybrid_share,0.2603703703703703,0.24665592590130192,0.2740848148394387,30
AI-enabled,89,human_interaction_rate,0.6255555555555555,0.6123272663155959,0.6387838447955152,30
AI-enabled,89,ai_use_rate,0.6348148148148148,0.6228179997607154,0.6468116298689143,30
AI-enabled,89,mean_quality,0.561660417701642,0.5581055590259102,0.5652152763773738,30
AI-enabled,89,success_rate,0.35962962962962963,0.3454240777269981,0.37383518153226114,30
AI-enabled,89,mean_knowledge,0.606873139984781,0.6036299145532213,0.6101163654163406,30
AI-enabled,89,knowledge_rank_corr_with_initial,0.9947206718493659,0.9944632349813491,0.9949781087173826,30
AI-enabled,89,mean_ai_trust,0.5937985276914046,0.5932437154741523,0.5943533399086569,30
AI-enabled,89,mean_peer_trust,0.5352772235870361,0.5335495748980624,0.5370048722760098,30
AI-enabled,89,mean_tie_strength,0.47206124663352966,0.4709803895475543,0.47314210371950505,30
AI-enabled,89,network_density,0.05657355679702044,0.05649152922975222,0.05665558436428866,30
AI-enabled,89,mean_weighted_degree,4.780378027624554,4.7690628280563905,4.7916932271927175,30
AI-enabled,89,recent_active_tie_fraction,0.9073621781426522,0.9038530167145891,0.9108713395707153,30
AI-enabled,89,mean_unique_peer_partners,10.45185185185185,10.424627145640464,10.479076558063237,30
AI-enabled,89,mean_peer_marginal,0.006887482391872043,0.006146567962276541,0.007628396821467545,30
AI-enabled,89,ai_reliability,0.7800000000000001,0.7800000000000001,0.7800000000000001,30
AI-enabled,90,peer_share,0.3781481481481481,0.36430232457878203,0.3919939717175142,30
AI-enabled,90,ai_share,0.37037037037037035,0.35546741193527587,0.38527332880546483,30
AI-enabled,90,hybrid_share,0.2514814814814814,0.23642398830394878,0.26653897465901405,30
AI-enabled,90,human_interaction_rate,0.6296296296296297,0.6147266711945352,0.6445325880647241,30
AI-enabled,90,ai_use_rate,0.6218518518518519,0.6080060282824858,0.6356976754212179,30
AI-enabled,90,mean_quality,0.5636643057501345,0.5608302023745727,0.5664984091256963,30
AI-enabled,90,success_rate,0.3572222222222221,0.344881314313456,0.36956313013098824,30
AI-enabled,90,mean_knowledge,0.6077578310241499,0.6045221927263928,0.610993469321907,30
AI-enabled,90,knowledge_rank_corr_with_initial,0.9946127530828122,0.9943468474675046,0.9948786586981198,30
AI-enabled,90,mean_ai_trust,0.5939417304515284,0.5933858398997247,0.5944976210033321,30
AI-enabled,90,mean_peer_trust,0.5358310202757518,0.5340906434766799,0.5375713970748237,30
AI-enabled,90,mean_tie_strength,0.471264131863912,0.4701909668150981,0.47233729691272586,30
AI-enabled,90,network_density,0.05658183322987787,0.056500683635648107,0.05666298282410764,30
AI-enabled,90,mean_weighted_degree,4.773007329393317,4.761618910800355,4.784395747986279,30
AI-enabled,90,recent_active_tie_fraction,0.9073388362232359,0.9039566270034648,0.9107210454430069,30
AI-enabled,90,mean_unique_peer_partners,10.457777777777778,10.430119017743525,10.485436537812031,30
AI-enabled,90,mean_peer_marginal,0.007188862884130299,0.006409784077491282,0.007967941690769316,30
AI-enabled,90,ai_reliability,0.7800000000000001,0.7800000000000001,0.7800000000000001,30
AI-enabled,91,peer_share,0.38222222222222224,0.36986629263164245,0.39457815181280204,30
AI-enabled,91,ai_share,0.3655555555555555,0.35363982894542084,0.3774712821656902,30
AI-enabled,91,hybrid_share,0.25222222222222224,0.2413183584406725,0.26312608600377196,30
AI-enabled,91,human_interaction_rate,0.6344444444444444,0.6225287178343096,0.6463601710545791,30
AI-enabled,91,ai_use_rate,0.6177777777777779,0.605421848187198,0.6301337073683577,30
AI-enabled,91,mean_quality,0.5643502739432191,0.5611694014289688,0.5675311464574695,30
AI-enabled,91,success_rate,0.36759259259259264,0.3528523305302406,0.38233285465494465,30
AI-enabled,91,mean_knowledge,0.6086298026730017,0.6053991495330786,0.6118604558129248,30
AI-enabled,91,knowledge_rank_corr_with_initial,0.994518263893164,0.9942488386603653,0.9947876891259627,30
AI-enabled,91,mean_ai_trust,0.5936650550293604,0.5930790373480006,0.5942510727107202,30
AI-enabled,91,mean_peer_trust,0.5363935510317485,0.5346427721281347,0.5381443299353622,30
AI-enabled,91,mean_tie_strength,0.4704621056715647,0.46939442319427027,0.47152978814885915,30
AI-enabled,91,network_density,0.05659424787916403,0.05651351025319546,0.05667498550513259,30
AI-enabled,91,mean_weighted_degree,4.76593106256591,4.754538715049884,4.7773234100819355,30
AI-enabled,91,recent_active_tie_fraction,0.908269100865194,0.9048951771027482,0.9116430246276397,30
AI-enabled,91,mean_unique_peer_partners,10.463333333333335,10.434813448229084,10.491853218437585,30
AI-enabled,91,mean_peer_marginal,0.007799617084924906,0.007066705800945544,0.008532528368904268,30
AI-enabled,91,ai_reliability,0.7800000000000001,0.7800000000000001,0.7800000000000001,30
AI-enabled,92,peer_share,0.37518518518518523,0.3640239650210925,0.38634640534927794,30
AI-enabled,92,ai_share,0.3742592592592592,0.3613732475476053,0.38714527097091306,30
AI-enabled,92,hybrid_share,0.25055555555555553,0.2391755510230634,0.26193556008804764,30
AI-enabled,92,human_interaction_rate,0.6257407407407407,0.6128547290290869,0.6386267524523945,30
AI-enabled,92,ai_use_rate,0.6248148148148149,0.6136535946507222,0.6359760349789076,30
AI-enabled,92,mean_quality,0.5658221092416259,0.5632828292252327,0.5683613892580192,30
AI-enabled,92,success_rate,0.3616666666666667,0.34803234657225945,0.37530098676107393,30
AI-enabled,92,mean_knowledge,0.6095099969465545,0.6062850211286454,0.6127349727644636,30
AI-enabled,92,knowledge_rank_corr_with_initial,0.9944187751646237,0.9941417714655109,0.9946957788637366,30
AI-enabled,92,mean_ai_trust,0.593745168626038,0.593119861345767,0.594370475906309,30
AI-enabled,92,mean_peer_trust,0.5369462708632151,0.535190733028825,0.5387018086976052,30
AI-enabled,92,mean_tie_strength,0.4696657439072927,0.46860724919790386,0.47072423861668156,30
AI-enabled,92,network_density,0.05660252431202147,0.05652069271275801,0.056684355911284935,30
AI-enabled,92,mean_weighted_degree,4.758562792804505,4.74700555780833,4.77012002780068,30
AI-enabled,92,recent_active_tie_fraction,0.9087197719419254,0.9050489033510951,0.9123906405327558,30
AI-enabled,92,mean_unique_peer_partners,10.46851851851852,10.439382294439573,10.497654742597467,30
AI-enabled,92,mean_peer_marginal,0.0068698414133730136,0.006185207847889875,0.007554474978856152,30
AI-enabled,92,ai_reliability,0.7800000000000001,0.7800000000000001,0.7800000000000001,30
AI-enabled,93,peer_share,0.3794444444444444,0.3654364827324993,0.39345240615638954,30
AI-enabled,93,ai_share,0.3781481481481482,0.36412130717855756,0.3921749891177388,30
AI-enabled,93,hybrid_share,0.24240740740740738,0.22804033407947258,0.25677448073534215,30
AI-enabled,93,human_interaction_rate,0.6218518518518519,0.6078250108822613,0.6358786928214425,30
AI-enabled,93,ai_use_rate,0.6205555555555555,0.6065475938436105,0.6345635172675006,30
AI-enabled,93,mean_quality,0.564829600091727,0.5615348967535894,0.5681243034298646,30
AI-enabled,93,success_rate,0.36592592592592593,0.35177479895193803,0.38007705289991384,30
AI-enabled,93,mean_knowledge,0.6103843443753654,0.60716734009826,0.6136013486524707,30
AI-enabled,93,knowledge_rank_corr_with_initial,0.9943170432455298,0.9940333344667958,0.9946007520242639,30
AI-enabled,93,mean_ai_trust,0.5936010009142471,0.5929582906976276,0.5942437111308665,30
AI-enabled,93,mean_peer_trust,0.537496668100357,0.5357289918581412,0.5392643443425729,30
AI-enabled,93,mean_tie_strength,0.4688738316297531,0.4678212690652295,0.46992639419427673,30
AI-enabled,93,network_density,0.056610800744878904,0.05653050795770037,0.05669109353205744,30
AI-enabled,93,mean_weighted_degree,4.751236648559569,4.739653914759877,4.762819382359261,30
AI-enabled,93,recent_active_tie_fraction,0.9092412957678786,0.9056061227140815,0.9128764688216757,30
AI-enabled,93,mean_unique_peer_partners,10.472962962962963,10.443977888236194,10.501948037689733,30
AI-enabled,93,mean_peer_marginal,0.007790965352066203,0.007109541390980699,0.008472389313151708,30
AI-enabled,93,ai_reliability,0.7800000000000001,0.7800000000000001,0.7800000000000001,30
AI-enabled,94,peer_share,0.3733333333333333,0.36088169410512067,0.3857849725615459,30
AI-enabled,94,ai_share,0.3675925925925925,0.3558060471812236,0.37937913800396145,30
AI-enabled,94,hybrid_share,0.259074074074074,0.24835020610325248,0.26979794204489554,30
AI-enabled,94,human_interaction_rate,0.6324074074074073,0.6206208619960384,0.6441939528187762,30
AI-enabled,94,ai_use_rate,0.6266666666666666,0.6142150274384539,0.6391183058948793,30
AI-enabled,94,mean_quality,0.563285251971312,0.5603370932025571,0.5662334107400668,30
AI-enabled,94,success_rate,0.3579629629629629,0.3467625894284202,0.36916333649750566,30
AI-enabled,94,mean_knowledge,0.6112519332835085,0.6080424190887836,0.6144614474782333,30
AI-enabled,94,knowledge_rank_corr_with_initial,0.9942228316084436,0.9939316555580564,0.9945140076588308,30
AI-enabled,94,mean_ai_trust,0.5937347226987393,0.5930712938313907,0.5943981515660879,30
AI-enabled,94,mean_peer_trust,0.5380578319231669,0.5362721454373128,0.539843518409021,30
AI-enabled,94,mean_tie_strength,0.46807991762955986,0.46703203064847953,0.4691278046106402,30
AI-enabled,94,network_density,0.056621146285950705,0.056542465538854114,0.056699827033047295,30
AI-enabled,94,mean_weighted_degree,4.744060285577067,4.732495597817121,4.755624973337013,30
AI-enabled,94,recent_active_tie_fraction,0.9087862433775589,0.9051217034728336,0.9124507832822841,30
AI-enabled,94,mean_unique_peer_partners,10.47888888888889,10.44954425143763,10.508233526340149,30
AI-enabled,94,mean_peer_marginal,0.0073408213487421575,0.0065379304779644475,0.008143712219519867,30
AI-enabled,94,ai_reliability,0.7800000000000001,0.7800000000000001,0.7800000000000001,30
AI-enabled,95,peer_share,0.384074074074074,0.3721666528435015,0.39598149530464655,30
AI-enabled,95,ai_share,0.37333333333333324,0.3596224961250309,0.3870441705416356,30
AI-enabled,95,hybrid_share,0.24259259259259258,0.23405956353208765,0.2511256216530975,30
AI-enabled,95,human_interaction_rate,0.6266666666666666,0.6129558294583642,0.640377503874969,30
AI-enabled,95,ai_use_rate,0.6159259259259258,0.6040185046953532,0.6278333471564983,30
AI-enabled,95,mean_quality,0.5654841639173509,0.5623422100626577,0.5686261177720441,30
AI-enabled,95,success_rate,0.3657407407407407,0.35060314044287955,0.38087834103860185,30
AI-enabled,95,mean_knowledge,0.6121116649490134,0.6089060160236103,0.6153173138744165,30
AI-enabled,95,knowledge_rank_corr_with_initial,0.9941278329229755,0.9938299115219792,0.9944257543239717,30
AI-enabled,95,mean_ai_trust,0.5936323208086018,0.5930400201080779,0.5942246215091258,30
AI-enabled,95,mean_peer_trust,0.5386192500591278,0.5368216576740342,0.5404168424442214,30
AI-enabled,95,mean_tie_strength,0.4672850827376048,0.4662364415864504,0.46833372388875916,30
AI-enabled,95,network_density,0.05663356093523685,0.05655133411194871,0.056715787758524996,30
AI-enabled,95,mean_weighted_degree,4.737041561426939,4.7253821187846325,4.748701004069246,30
AI-enabled,95,recent_active_tie_fraction,0.9078903587970777,0.9044771719122048,0.9113035456819506,30
AI-enabled,95,mean_unique_peer_partners,10.485925925925926,10.455949230457811,10.51590262139404,30
AI-enabled,95,mean_peer_marginal,0.007946651023484196,0.007373976566201046,0.008519325480767347,30
AI-enabled,95,ai_reliability,0.7800000000000001,0.7800000000000001,0.7800000000000001,30
AI-enabled,96,peer_share,0.38055555555555554,0.3688743998263705,0.3922367112847406,30
AI-enabled,96,ai_share,0.3731481481481481,0.3613741996895176,0.3849220966067786,30
AI-enabled,96,hybrid_share,0.2462962962962963,0.23579828796866345,0.25679430462392916,30
AI-enabled,96,human_interaction_rate,0.6268518518518518,0.6150779033932213,0.6386258003104822,30
AI-enabled,96,ai_use_rate,0.6194444444444447,0.6077632887152596,0.6311256001736297,30
AI-enabled,96,mean_quality,0.5658867358213858,0.5627821147952959,0.5689913568474757,30
AI-enabled,96,success_rate,0.3631481481481481,0.3505415495757224,0.3757547467205738,30
AI-enabled,96,mean_knowledge,0.6129709947456808,0.6097684181689886,0.616173571322373,30
AI-enabled,96,knowledge_rank_corr_with_initial,0.9940252254843511,0.9937232952841941,0.9943271556845081,30
AI-enabled,96,mean_ai_trust,0.5935409760557578,0.5930206082019355,0.5940613439095802,30
AI-enabled,96,mean_peer_trust,0.5391811748345693,0.5373744985747341,0.5409878510944045,30
AI-enabled,96,mean_tie_strength,0.4664933999379476,0.46544997619041656,0.4675368236854786,30
AI-enabled,96,network_density,0.05664390647630865,0.05656184880165558,0.056725964150961726,30
AI-enabled,96,mean_weighted_degree,4.729881038842377,4.718208076280545,4.741554001404209,30
AI-enabled,96,recent_active_tie_fraction,0.9060101823707913,0.9029996985992694,0.9090206661423132,30
AI-enabled,96,mean_unique_peer_partners,10.490740740740739,10.460642512957174,10.520838968524304,30
AI-enabled,96,mean_peer_marginal,0.0075150873682781096,0.006758698902964539,0.00827147583359168,30
AI-enabled,96,ai_reliability,0.7800000000000001,0.7800000000000001,0.7800000000000001,30
AI-enabled,97,peer_share,0.3905555555555555,0.3798779133612461,0.4012331977498649,30
AI-enabled,97,ai_share,0.36185185185185187,0.3509597892833641,0.37274391442033966,30
AI-enabled,97,hybrid_share,0.24759259259259261,0.2398750222270387,0.2553101629581465,30
AI-enabled,97,human_interaction_rate,0.6381481481481482,0.6272560855796604,0.6490402107166361,30
AI-enabled,97,ai_use_rate,0.6094444444444446,0.5987668022501352,0.6201220866387539,30
AI-enabled,97,mean_quality,0.5679148360909725,0.5651014096274146,0.5707282625545304,30
AI-enabled,97,success_rate,0.37000000000000005,0.35567309315137907,0.38432690684862103,30
AI-enabled,97,mean_knowledge,0.613844214670693,0.6106476029688193,0.6170408263725666,30
AI-enabled,97,knowledge_rank_corr_with_initial,0.9939199726167872,0.9936127965432142,0.9942271486903602,30
AI-enabled,97,mean_ai_trust,0.5936326774790032,0.5930710357377686,0.5941943192202377,30
AI-enabled,97,mean_peer_trust,0.5397656500339508,0.5379519563091764,0.5415793437587253,30
AI-enabled,97,mean_tie_strength,0.46570863723754885,0.46466155305676043,0.46675572141833727,30
AI-enabled,97,network_density,0.05665425201738046,0.05657210032826671,0.05673640370649421,30
AI-enabled,97,mean_weighted_degree,4.722784066111953,4.7112229214446195,4.734345210779287,30
AI-enabled,97,recent_active_tie_fraction,0.9085152056000687,0.9055748306463564,0.9114555805537811,30
AI-enabled,97,mean_unique_peer_partners,10.495555555555553,10.465984229640139,10.525126881470968,30
AI-enabled,97,mean_peer_marginal,0.00786980315764348,0.006988020203626317,0.008751586111660643,30
AI-enabled,97,ai_reliability,0.7800000000000001,0.7800000000000001,0.7800000000000001,30
AI-enabled,98,peer_share,0.3829629629629629,0.37010635056925456,0.3958195753566712,30
AI-enabled,98,ai_share,0.3662962962962963,0.3528418407177855,0.37975075187480706,30
AI-enabled,98,hybrid_share,0.25074074074074076,0.23836880812624062,0.2631126733552409,30
AI-enabled,98,human_interaction_rate,0.6337037037037035,0.6202492481251928,0.6471581592822143,30
AI-enabled,98,ai_use_rate,0.6170370370370369,0.6041804246433287,0.6298936494307452,30
AI-enabled,98,mean_quality,0.5684416701977415,0.5650045194340035,0.5718788209614795,30
AI-enabled,98,success_rate,0.3772222222222223,0.3649270929269646,0.38951735151747996,30
AI-enabled,98,mean_knowledge,0.6147147768728466,0.6115196388823478,0.6179099148633453,30
AI-enabled,98,knowledge_rank_corr_with_initial,0.9938175961468279,0.9935026502157781,0.9941325420778776,30
AI-enabled,98,mean_ai_trust,0.5936428153198189,0.5929997943498747,0.5942858362897631,30
AI-enabled,98,mean_peer_trust,0.5403472085793813,0.5385211821051344,0.5421732350536282,30
AI-enabled,98,mean_tie_strength,0.464948379000028,0.4639017385005144,0.4659950194995416,30
AI-enabled,98,network_density,0.05665425201738046,0.05657210032826671,0.05673640370649421,30
AI-enabled,98,mean_weighted_degree,4.7150741822189755,4.70352631550909,4.726622048928861,30
AI-enabled,98,recent_active_tie_fraction,0.9084432666624243,0.9058757534918952,0.9110107798329533,30
AI-enabled,98,mean_unique_peer_partners,10.499629629629629,10.469523514297428,10.52973574496183,30
AI-enabled,98,mean_peer_marginal,0.008185570035738074,0.007479398038049465,0.008891742033426683,30
AI-enabled,98,ai_reliability,0.7800000000000001,0.7800000000000001,0.7800000000000001,30
AI-enabled,99,peer_share,0.3801851851851852,0.3680928860961979,0.39227748427417247,30
AI-enabled,99,ai_share,0.377037037037037,0.36448647637090126,0.38958759770317275,30
AI-enabled,99,hybrid_share,0.24277777777777773,0.23130944406845405,0.2542461114871014,30
AI-enabled,99,human_interaction_rate,0.6229629629629628,0.610412402296827,0.6355135236290986,30
AI-enabled,99,ai_use_rate,0.6198148148148148,0.6077225157258276,0.631907113903802,30
AI-enabled,99,mean_quality,0.5689790598638145,0.5652155727744079,0.572742546953221,30
AI-enabled,99,success_rate,0.3768518518518518,0.3614711267885729,0.39223257691513075,30
AI-enabled,99,mean_knowledge,0.6155749323377318,0.6123801532205742,0.6187697114548893,30
AI-enabled,99,knowledge_rank_corr_with_initial,0.9937097966392565,0.9933878612523351,0.9940317320261779,30
AI-enabled,99,mean_ai_trust,0.5937306497243806,0.5930998926903667,0.5943614067583946,30
AI-enabled,99,mean_peer_trust,0.5409243086973826,0.539089665237909,0.5427589521568562,30
AI-enabled,99,mean_tie_strength,0.46416568259398144,0.46311871380298153,0.46521265138498136,30
AI-enabled,99,network_density,0.05666252845023789,0.05657904948328094,0.05674600741719484,30
AI-enabled,99,mean_weighted_degree,4.707822545281163,4.696319454599763,4.719325635962562,30
AI-enabled,99,recent_active_tie_fraction,0.9083841993228823,0.906428542200079,0.9103398564456856,30
AI-enabled,99,mean_unique_peer_partners,10.504074074074076,10.474485022451775,10.533663125696377,30
AI-enabled,99,mean_peer_marginal,0.007595844457469131,0.006695500596344073,0.00849618831859419,30
AI-enabled,99,ai_reliability,0.7800000000000001,0.7800000000000001,0.7800000000000001,30
AI-enabled,100,peer_share,0.3859259259259259,0.3710788338294036,0.4007730180224482,30
AI-enabled,100,ai_share,0.36500000000000005,0.35038036845327375,0.37961963154672634,30
AI-enabled,100,hybrid_share,0.24907407407407406,0.23637832932170236,0.26176981882644573,30
AI-enabled,100,human_interaction_rate,0.6350000000000001,0.6203803684532738,0.6496196315467264,30
AI-enabled,100,ai_use_rate,0.614074074074074,0.5992269819775516,0.6289211661705963,30
AI-enabled,100,mean_quality,0.5695076645612036,0.5661347482438748,0.5728805808785324,30
AI-enabled,100,success_rate,0.3827777777777778,0.3669945257189405,0.39856102983661507,30
AI-enabled,100,mean_knowledge,0.6164302699499282,0.6132411588781037,0.6196193810217527,30
AI-enabled,100,knowledge_rank_corr_with_initial,0.9935997071448556,0.9932710885243126,0.9939283257653986,30
AI-enabled,100,mean_ai_trust,0.5936483183014659,0.5930119222223684,0.5942847143805634,30
AI-enabled,100,mean_peer_trust,0.5415228605270386,0.5396760690411985,0.5433696520128787,30
AI-enabled,100,mean_tie_strength,0.46339722275733947,0.46235445615132764,0.4644399893633513,30
AI-enabled,100,network_density,0.05666666666666662,0.056584020354265886,0.05674931297906736,30
AI-enabled,100,mean_weighted_degree,4.700373176998562,4.688861893709381,4.711884460287743,30
AI-enabled,100,recent_active_tie_fraction,0.9081013420681424,0.9053555064603062,0.9108471776759787,30
AI-enabled,100,mean_unique_peer_partners,10.506666666666664,10.476935191592519,10.53639814174081,30
AI-enabled,100,mean_peer_marginal,0.00785589949276009,0.007147146312183234,0.008564652673336944,30
AI-enabled,100,ai_reliability,0.7800000000000001,0.7800000000000001,0.7800000000000001,30
AI-enabled,101,peer_share,0.3775925925925926,0.3629898881906992,0.39219529699448596,30
AI-enabled,101,ai_share,0.37444444444444436,0.35867765459031786,0.39021123429857085,30
AI-enabled,101,hybrid_share,0.2479629629629629,0.23383545022464147,0.26209047570128435,30
AI-enabled,101,human_interaction_rate,0.6255555555555555,0.609788765701429,0.641322345409682,30
AI-enabled,101,ai_use_rate,0.6224074074074075,0.6078047030055141,0.6370101118093009,30
AI-enabled,101,mean_quality,0.5690534934787844,0.5659170584189481,0.5721899285386207,30
AI-enabled,101,success_rate,0.3701851851851851,0.3559009815816216,0.38446938878874864,30
AI-enabled,101,mean_knowledge,0.6172892566581811,0.6141029825397755,0.6204755307765868,30
AI-enabled,101,knowledge_rank_corr_with_initial,0.9934984547905381,0.9931660721349889,0.9938308374460874,30
AI-enabled,101,mean_ai_trust,0.593757684165634,0.5931444478045502,0.5943709205267178,30
AI-enabled,101,mean_peer_trust,0.5420924723148346,0.540243156448716,0.5439417881809532,30
AI-enabled,101,mean_tie_strength,0.462607537706693,0.4615648914810094,0.4636501839323766,30
AI-enabled,101,network_density,0.05667908131595278,0.05659756348786485,0.056760599144040705,30
AI-enabled,101,mean_weighted_degree,4.693391732109918,4.681909192439602,4.704874271780233,30
AI-enabled,101,recent_active_tie_fraction,0.9085979337226499,0.9056158459501648,0.911580021495135,30
AI-enabled,101,mean_unique_peer_partners,10.512962962962963,10.483082458668536,10.54284346725739,30
AI-enabled,101,mean_peer_marginal,0.007196627002842581,0.006258150002653655,0.008135104003031506,30
AI-enabled,101,ai_reliability,0.7800000000000001,0.7800000000000001,0.7800000000000001,30
AI-enabled,102,peer_share,0.38166666666666665,0.36998043051722224,0.39335290281611107,30
AI-enabled,102,ai_share,0.3744444444444444,0.3609056938302361,0.38798319505865275,30
AI-enabled,102,hybrid_share,0.24388888888888888,0.23096990684465768,0.2568078709331201,30
AI-enabled,102,human_interaction_rate,0.6255555555555555,0.6120168049413472,0.6390943061697638,30
AI-enabled,102,ai_use_rate,0.6183333333333334,0.606647097183889,0.6300195694827778,30
AI-enabled,102,mean_quality,0.5717850084769079,0.5683671415904034,0.5752028753634125,30
AI-enabled,102,success_rate,0.37740740740740736,0.3637776230452644,0.3910371917695503,30
AI-enabled,102,mean_knowledge,0.6181444868950372,0.6149619633232997,0.6213270104667747,30
AI-enabled,102,knowledge_rank_corr_with_initial,0.9933900623277125,0.9930561953242134,0.9937239293312117,30
AI-enabled,102,mean_ai_trust,0.5938251097616888,0.5931884573481591,0.5944617621752185,30
AI-enabled,102,mean_peer_trust,0.5426730473836263,0.5408140325672971,0.5445320621999555,30
AI-enabled,102,mean_tie_strength,0.4618354797363281,0.46079288387805145,0.46287807559460475,30
AI-enabled,102,network_density,0.05668528864059585,0.05660330625513622,0.05676727102605548,30
AI-enabled,102,mean_weighted_degree,4.686069830346991,4.6746916387315745,4.6974480219624075,30
AI-enabled,102,recent_active_tie_fraction,0.908100256360544,0.9048865224614834,0.9113139902596047,30
AI-enabled,102,mean_unique_peer_partners,10.518148148148148,10.488359163724066,10.54793713257223,30
AI-enabled,102,mean_peer_marginal,0.007917911225670697,0.007121083295736748,0.008714739155604646,30
AI-enabled,102,ai_reliability,0.7800000000000001,0.7800000000000001,0.7800000000000001,30
AI-enabled,103,peer_share,0.38759259259259254,0.3748781598682508,0.4003070253169343,30
AI-enabled,103,ai_share,0.3637037037037037,0.3477671588441311,0.3796402485632763,30
AI-enabled,103,hybrid_share,0.24870370370370368,0.2346689304455774,0.26273847696182995,30
AI-enabled,103,human_interaction_rate,0.6362962962962962,0.6203597514367236,0.6522328411558689,30
AI-enabled,103,ai_use_rate,0.6124074074074074,0.5996929746830656,0.6251218401317492,30
AI-enabled,103,mean_quality,0.5701595570450164,0.567040755423794,0.5732783586662389,30
AI-enabled,103,success_rate,0.36962962962962964,0.358166688672346,0.38109257058691326,30
AI-enabled,103,mean_knowledge,0.6189921060425412,0.6158154831857187,0.6221687288993637,30
AI-enabled,103,knowledge_rank_corr_with_initial,0.9932885133292729,0.9929463093405407,0.9936307173180051,30
AI-enabled,103,mean_ai_trust,0.5936964578308364,0.5930620740258424,0.5943308416358303,30
AI-enabled,103,mean_peer_trust,0.5432719767093659,0.5414066416568023,0.5451373117619295,30
AI-enabled,103,mean_tie_strength,0.46106783151626585,0.4600247270919244,0.4621109359406073,30
AI-enabled,103,network_density,0.05669149596523893,0.056611631162542704,0.05677136076793516,30
AI-enabled,103,mean_weighted_degree,4.6787922822104555,4.6675621428593095,4.6900224215616015,30
AI-enabled,103,recent_active_tie_fraction,0.907670336367495,0.9046480248714371,0.9106926478635528,30
AI-enabled,103,mean_unique_peer_partners,10.523333333333332,10.49338800651129,10.553278660155373,30
AI-enabled,103,mean_peer_marginal,0.007817521422921794,0.007088942891084701,0.008546099954758886,30
AI-enabled,103,ai_reliability,0.7800000000000001,0.7800000000000001,0.7800000000000001,30
AI-enabled,104,peer_share,0.3794444444444444,0.3668535506320132,0.39203533825687564,30
AI-enabled,104,ai_share,0.3740740740740741,0.36314664610093844,0.3850015020472098,30
AI-enabled,104,hybrid_share,0.24648148148148147,0.23399314999610935,0.25896981296685356,30
AI-enabled,104,human_interaction_rate,0.625925925925926,0.6149984979527904,0.6368533538990616,30
AI-enabled,104,ai_use_rate,0.6205555555555556,0.6079646617431245,0.6331464493679868,30
AI-enabled,104,mean_quality,0.572802829058119,0.5698562690758163,0.5757493890404216,30
AI-enabled,104,success_rate,0.38499999999999995,0.3743920741569889,0.395607925843011,30
AI-enabled,104,mean_knowledge,0.6198435901161791,0.6166724090719143,0.6230147711604438,30
AI-enabled,104,knowledge_rank_corr_with_initial,0.9931904643879002,0.9928406789762046,0.9935402497995957,30
AI-enabled,104,mean_ai_trust,0.5936844886256255,0.593064499845729,0.5943044774055221,30
AI-enabled,104,mean_peer_trust,0.5438611030578613,0.5419834994216154,0.5457387066941072,30
AI-enabled,104,mean_tie_strength,0.4602941821018855,0.45925526934744676,0.46133309485632423,30
AI-enabled,104,network_density,0.05669977239809638,0.0566216587836096,0.056777886012583156,30
AI-enabled,104,mean_weighted_degree,4.671625104921836,4.660420063900444,4.682830145943228,30
AI-enabled,104,recent_active_tie_fraction,0.909178748913178,0.9060003924333563,0.9123571053929996,30
AI-enabled,104,mean_unique_peer_partners,10.52888888888889,10.499117511132617,10.558660266645163,30
AI-enabled,104,mean_peer_marginal,0.007941266373416555,0.007206519551052061,0.00867601319578105,30
AI-enabled,104,ai_reliability,0.7800000000000001,0.7800000000000001,0.7800000000000001,30
AI-enabled,105,peer_share,0.36407407407407405,0.3492670155541817,0.3788811325939664,30
AI-enabled,105,ai_share,0.37796296296296295,0.36708794393028377,0.3888379819956421,30
AI-enabled,105,hybrid_share,0.25796296296296295,0.2460064165321578,0.26991950939376813,30
AI-enabled,105,human_interaction_rate,0.622037037037037,0.6111620180043579,0.6329120560697162,30
AI-enabled,105,ai_use_rate,0.6359259259259259,0.6211188674060335,0.6507329844458183,30
AI-enabled,105,mean_quality,0.5698737971740072,0.5663804484604344,0.57336714588758,30
AI-enabled,105,success_rate,0.37592592592592583,0.3612436651767391,0.39060818667511255,30
AI-enabled,105,mean_knowledge,0.6206861181162063,0.6175183240831423,0.6238539121492703,30
AI-enabled,105,knowledge_rank_corr_with_initial,0.9930874777192222,0.9927345281759005,0.993440427262544,30
AI-enabled,105,mean_ai_trust,0.5936881263063556,0.5930410805357221,0.594335172076989,30
AI-enabled,105,mean_peer_trust,0.5444272081057231,0.5425419765281222,0.546312439683324,30
AI-enabled,105,mean_tie_strength,0.45952399174372355,0.4584833753284942,0.4605646081589529,30
AI-enabled,105,network_density,0.056705979722739455,0.05662667747818088,0.05678528196729803,30
AI-enabled,105,mean_weighted_degree,4.6643175825366265,4.653119162628108,4.675516002445145,30
AI-enabled,105,recent_active_tie_fraction,0.9094437694544099,0.9068406588842594,0.9120468800245604,30
AI-enabled,105,mean_unique_peer_partners,10.534074074074075,10.503939383684479,10.564208764463672,30
AI-enabled,105,mean_peer_marginal,0.0074393475119576774,0.006876519406005248,0.008002175617910107,30
AI-enabled,105,ai_reliability,0.7800000000000001,0.7800000000000001,0.7800000000000001,30
AI-enabled,106,peer_share,0.3796296296296296,0.3676155096851163,0.3916437495741429,30
AI-enabled,106,ai_share,0.3559259259259259,0.34373280416459406,0.3681190476872578,30
AI-enabled,106,hybrid_share,0.2644444444444444,0.2531659526417127,0.27572293624717614,30
AI-enabled,106,human_interaction_rate,0.644074074074074,0.6318809523127421,0.6562671958354059,30
AI-enabled,106,ai_use_rate,0.6203703703703703,0.6083562504258571,0.6323844903148836,30
AI-enabled,106,mean_quality,0.570518244755329,0.5678890987924107,0.5731473907182473,30
AI-enabled,106,success_rate,0.37796296296296295,0.36566622451554776,0.39025970141037813,30
AI-enabled,106,mean_knowledge,0.6215292368269992,0.618366269638647,0.6246922040153514,30
AI-enabled,106,knowledge_rank_corr_with_initial,0.9929761412203493,0.9926181969091062,0.9933340855315923,30
AI-enabled,106,mean_ai_trust,0.5936735808860377,0.5930489012198427,0.5942982605522328,30
AI-enabled,106,mean_peer_trust,0.5450101554393768,0.5431181385361327,0.546902172342621,30
AI-enabled,106,mean_tie_strength,0.4587494393189748,0.45771286151076696,0.4597860171271827,30
AI-enabled,106,network_density,0.056716325263811256,0.056634852900215485,0.056797797627407026,30
AI-enabled,106,mean_weighted_degree,4.657305602806586,4.646012235010518,4.668598970602654,30
AI-enabled,106,recent_active_tie_fraction,0.9090587520381576,0.9067268056558965,0.9113906984204186,30
AI-enabled,106,mean_unique_peer_partners,10.537407407407407,10.507065619046651,10.567749195768164,30
AI-enabled,106,mean_peer_marginal,0.007081545101356558,0.006450735121560872,0.007712355081152245,30
AI-enabled,106,ai_reliability,0.7800000000000001,0.7800000000000001,0.7800000000000001,30
AI-enabled,107,peer_share,0.37666666666666676,0.362177030763446,0.39115630256988754,30
AI-enabled,107,ai_share,0.3688888888888889,0.3563991711643587,0.38137860661341905,30
AI-enabled,107,hybrid_share,0.2544444444444444,0.24377723065597723,0.2651116582329116,30
AI-enabled,107,human_interaction_rate,0.6311111111111111,0.6186213933865808,0.6436008288356413,30
AI-enabled,107,ai_use_rate,0.6233333333333334,0.6088436974301126,0.6378229692365542,30
AI-enabled,107,mean_quality,0.5740123409262453,0.5704551289899916,0.577569552862499,30
AI-enabled,107,success_rate,0.3888888888888889,0.37686653727506825,0.40091124050270954,30
AI-enabled,107,mean_knowledge,0.6223653276991429,0.6192076191514314,0.6255230362468543,30
AI-enabled,107,knowledge_rank_corr_with_initial,0.9928735082877211,0.9925047780166519,0.9932422385587903,30
AI-enabled,107,mean_ai_trust,0.5934735021143656,0.5928568443545528,0.5940901598741783,30
AI-enabled,107,mean_peer_trust,0.5455960770448048,0.5436932257904441,0.5474989282991656,30
AI-enabled,107,mean_tie_strength,0.4579729110002518,0.4569340287884297,0.45901179321207386,30
AI-enabled,107,network_density,0.05672873991309742,0.056645646498097516,0.05681183332809732,30
AI-enabled,107,mean_weighted_degree,4.650436295535829,4.63925628594283,4.6616163051288275,30
AI-enabled,107,recent_active_tie_fraction,0.9080929834586641,0.9055426001610681,0.91064336675626,30
AI-enabled,107,mean_unique_peer_partners,10.541481481481481,10.511425684735554,10.571537278227408,30
AI-enabled,107,mean_peer_marginal,0.007665532705264293,0.007081618140575143,0.008249447269953443,30
AI-enabled,107,ai_reliability,0.7800000000000001,0.7800000000000001,0.7800000000000001,30
AI-enabled,108,peer_share,0.37962962962962965,0.36552471854335483,0.39373454071590447,30
AI-enabled,108,ai_share,0.3783333333333333,0.3676946760105352,0.3889719906561314,30
AI-enabled,108,hybrid_share,0.24203703703703702,0.23107774236934336,0.2529963317047307,30
AI-enabled,108,human_interaction_rate,0.6216666666666666,0.6110280093438685,0.6323053239894647,30
AI-enabled,108,ai_use_rate,0.6203703703703703,0.6062654592840955,0.6344752814566452,30
AI-enabled,108,mean_quality,0.57561498902334,0.5723258680029708,0.5789041100437091,30
AI-enabled,108,success_rate,0.39629629629629626,0.38177664981772413,0.4108159427748684,30
AI-enabled,108,mean_knowledge,0.6232117715953976,0.6200566801818646,0.6263668630089307,30
AI-enabled,108,knowledge_rank_corr_with_initial,0.9927626686290018,0.9923884099095645,0.9931369273484391,30
AI-enabled,108,mean_ai_trust,0.5934715724336678,0.5928849255678894,0.5940582192994461,30
AI-enabled,108,mean_peer_trust,0.5461909890174865,0.5442741602918066,0.5481078177431664,30
AI-enabled,108,mean_tie_strength,0.45720840295155846,0.45617251681640675,0.45824428908671017,30
AI-enabled,108,network_density,0.056734947237740495,0.0566508234937225,0.056819070981758486,30
AI-enabled,108,mean_weighted_degree,4.643181557390426,4.6319587783433365,4.654404336437515,30
AI-enabled,108,recent_active_tie_fraction,0.9077787700951595,0.9046988683661189,0.9108586718242001,30
AI-enabled,108,mean_unique_peer_partners,10.547407407407407,10.516920221973578,10.577894592841236,30
AI-enabled,108,mean_peer_marginal,0.007922862242995347,0.007262033548523965,0.008583690937466729,30
AI-enabled,108,ai_reliability,0.7800000000000001,0.7800000000000001,0.7800000000000001,30
AI-enabled,109,peer_share,0.3731481481481481,0.3638694652356683,0.3824268310606279,30
AI-enabled,109,ai_share,0.37925925925925924,0.36579377875012425,0.3927247397683942,30
AI-enabled,109,hybrid_share,0.24759259259259253,0.2343409530862058,0.2608442320989793,30
AI-enabled,109,human_interaction_rate,0.6207407407407408,0.6072752602316058,0.6342062212498758,30
AI-enabled,109,ai_use_rate,0.6268518518518519,0.6175731689393721,0.6361305347643317,30
AI-enabled,109,mean_quality,0.5736783834236778,0.5703147133571851,0.5770420534901706,30
AI-enabled,109,success_rate,0.39037037037037037,0.3790219229159495,0.40171881782479124,30
AI-enabled,109,mean_knowledge,0.6240479035194205,0.6208941942605468,0.6272016127782942,30
AI-enabled,109,knowledge_rank_corr_with_initial,0.9926567370072766,0.9922785901764775,0.9930348838380758,30
AI-enabled,109,mean_ai_trust,0.593521730466455,0.592980558453636,0.594062902479274,30
AI-enabled,109,mean_peer_trust,0.5467692712942759,0.5448468627559253,0.5486916798326265,30
AI-enabled,109,mean_tie_strength,0.45643500089645384,0.4554023227048472,0.45746767908806046,30
AI-enabled,109,network_density,0.05674529277881229,0.05666005693790117,0.05683052861972341,30
AI-enabled,109,mean_weighted_degree,4.636173340876898,4.624880261989318,4.647466419764477,30
AI-enabled,109,recent_active_tie_fraction,0.9072849337966448,0.9038479066511014,0.9107219609421882,30
AI-enabled,109,mean_unique_peer_partners,10.552962962962965,10.523209867293133,10.582716058632798,30
AI-enabled,109,mean_peer_marginal,0.007712643674442421,0.0069579014850251085,0.008467385863859735,30
AI-enabled,109,ai_reliability,0.7800000000000001,0.7800000000000001,0.7800000000000001,30
AI-enabled,110,peer_share,0.3888888888888889,0.3746409187668689,0.4031368590109089,30
AI-enabled,110,ai_share,0.36185185185185187,0.34715544796158015,0.3765482557421236,30
AI-enabled,110,hybrid_share,0.2492592592592592,0.23846298703216945,0.26005553148634897,30
AI-enabled,110,human_interaction_rate,0.6381481481481482,0.6234517442578765,0.65284455203842,30
AI-enabled,110,ai_use_rate,0.6111111111111112,0.5968631409890912,0.6253590812331311,30
AI-enabled,110,mean_quality,0.5749300254144232,0.5709987000422402,0.5788613507866062,30
AI-enabled,110,success_rate,0.3981481481481481,0.381720079820134,0.41457621647616216,30
AI-enabled,110,mean_knowledge,0.6248759424906395,0.621723703867775,0.628028181113504,30
AI-enabled,110,knowledge_rank_corr_with_initial,0.9925511196098147,0.992167043162599,0.9929351960570304,30
AI-enabled,110,mean_ai_trust,0.5932792945132289,0.5927470041552952,0.5938115848711626,30
AI-enabled,110,mean_peer_trust,0.5473697940508525,0.5454294382097187,0.5493101498919863,30
AI-enabled,110,mean_tie_strength,0.4556729972362518,0.45463748066381765,0.456708513808686,30
AI-enabled,110,network_density,0.05675356921166973,0.056665749882123036,0.05684138854121642,30
AI-enabled,110,mean_weighted_degree,4.629105104296295,4.617854453725408,4.6403557548671825,30
AI-enabled,110,recent_active_tie_fraction,0.9086473269189084,0.9055225142087862,0.9117721396290306,30
AI-enabled,110,mean_unique_peer_partners,10.557407407407405,10.527132206811682,10.587682608003128,30
AI-enabled,110,mean_peer_marginal,0.00760157351970234,0.0070059159067005165,0.008197231132704163,30
AI-enabled,110,ai_reliability,0.7800000000000001,0.7800000000000001,0.7800000000000001,30
AI-enabled,111,peer_share,0.3824074074074075,0.37174459978589414,0.3930702150289208,30
AI-enabled,111,ai_share,0.3633333333333333,0.3492994412191916,0.377367225447475,30
AI-enabled,111,hybrid_share,0.25425925925925924,0.2415798890770109,0.2669386294415076,30
AI-enabled,111,human_interaction_rate,0.6366666666666666,0.6226327745525249,0.6507005587808083,30
AI-enabled,111,ai_use_rate,0.6175925925925927,0.6069297849710794,0.628255400214106,30
AI-enabled,111,mean_quality,0.5759935935444693,0.5725731417985876,0.579414045290351,30
AI-enabled,111,success_rate,0.3877777777777777,0.37061576098126664,0.4049397945742888,30
AI-enabled,111,mean_knowledge,0.625711727091934,0.6225632244401547,0.6288602297437134,30
AI-enabled,111,knowledge_rank_corr_with_initial,0.9924450747431189,0.9920546133906734,0.9928355360955645,30
AI-enabled,111,mean_ai_trust,0.5934263241513168,0.5928529763875183,0.5939996719151153,30
AI-enabled,111,mean_peer_trust,0.5479676246643066,0.5460161811651509,0.5499190681634623,30
AI-enabled,111,mean_tie_strength,0.45490173200766243,0.4538719980878105,0.4559314659275144,30
AI-enabled,111,network_density,0.05676598386095588,0.05667699104046923,0.056854976681442536,30
AI-enabled,111,mean_weighted_degree,4.622282406400752,4.610935348579114,4.633629464222391,30
AI-enabled,111,recent_active_tie_fraction,0.9077937352754005,0.9050302797470473,0.9105571908037537,30
AI-enabled,111,mean_unique_peer_partners,10.561851851851852,10.5317023918872,10.592001311816505,30
AI-enabled,111,mean_peer_marginal,0.007507658529188508,0.006713509796513743,0.008301807261863272,30
AI-enabled,111,ai_reliability,0.7800000000000001,0.7800000000000001,0.7800000000000001,30
AI-enabled,112,peer_share,0.3733333333333333,0.3617587405069073,0.3849079261597593,30
AI-enabled,112,ai_share,0.3714814814814815,0.3599539940046267,0.38300896895833636,30
AI-enabled,112,hybrid_share,0.2551851851851852,0.2433628120962736,0.2670075582740967,30
AI-enabled,112,human_interaction_rate,0.6285185185185185,0.6169910310416636,0.6400460059953733,30
AI-enabled,112,ai_use_rate,0.6266666666666667,0.6150920738402407,0.6382412594930927,30
AI-enabled,112,mean_quality,0.5772860211114031,0.5743639175343972,0.5802081246884091,30
AI-enabled,112,success_rate,0.3933333333333333,0.38081039190425153,0.4058562747624151,30
AI-enabled,112,mean_knowledge,0.6265505684982694,0.6234064945864993,0.6296946424100395,30
AI-enabled,112,knowledge_rank_corr_with_initial,0.9923199996135664,0.991923750323507,0.9927162489036259,30
AI-enabled,112,mean_ai_trust,0.5934906410117925,0.5929234099038353,0.5940578721197497,30
AI-enabled,112,mean_peer_trust,0.5485675474007924,0.54661381891477,0.5505212758868148,30
AI-enabled,112,mean_tie_strength,0.4541445255279541,0.4531230447031313,0.4551660063527769,30
AI-enabled,112,network_density,0.056772191185598966,0.056684276978890474,0.05686010539230746,30
AI-enabled,112,mean_weighted_degree,4.615096443935678,4.60367740202498,4.626515485846376,30
AI-enabled,112,recent_active_tie_fraction,0.9079484680511707,0.9049925676156417,0.9109043684866996,30
AI-enabled,112,mean_unique_peer_partners,10.566296296296295,10.536091760396015,10.596500832196575,30
AI-enabled,112,mean_peer_marginal,0.007927575017650257,0.0070941500451973324,0.008760999990103182,30
AI-enabled,112,ai_reliability,0.7800000000000001,0.7800000000000001,0.7800000000000001,30
AI-enabled,113,peer_share,0.3937037037037037,0.38053012195331426,0.4068772854540932,30
AI-enabled,113,ai_share,0.36018518518518516,0.34623100111172794,0.3741393692586424,30
AI-enabled,113,hybrid_share,0.24611111111111106,0.23530911330146173,0.2569131089207604,30
AI-enabled,113,human_interaction_rate,0.6398148148148147,0.6258606307413574,0.653768998888272,30
AI-enabled,113,ai_use_rate,0.6062962962962962,0.5931227145459068,0.6194698780466856,30
AI-enabled,113,mean_quality,0.5769479751371229,0.573419980085851,0.5804759701883948,30
AI-enabled,113,success_rate,0.39888888888888885,0.3841555077808573,0.4136222699969204,30
AI-enabled,113,mean_knowledge,0.6273794708799991,0.6242359184507937,0.6305230233092045,30
AI-enabled,113,knowledge_rank_corr_with_initial,0.9922158714024789,0.9918125913659416,0.9926191514390162,30
AI-enabled,113,mean_ai_trust,0.5933332214624171,0.5927393469519298,0.5939270959729044,30
AI-enabled,113,mean_peer_trust,0.5491880019505818,0.5472141434446489,0.5511618604565147,30
AI-enabled,113,mean_tie_strength,0.4533906350533167,0.45237292822127156,0.4544083418853619,30
AI-enabled,113,network_density,0.056780467618456405,0.05669227289346417,0.05686866234344864,30
AI-enabled,113,mean_weighted_degree,4.608108372555838,4.596632335455884,4.6195844096557925,30
AI-enabled,113,recent_active_tie_fraction,0.9082528910919444,0.9052692210134207,0.9112365611704681,30
AI-enabled,113,mean_unique_peer_partners,10.57037037037037,10.539239683310374,10.601501057430365,30
AI-enabled,113,mean_peer_marginal,0.008337329080987582,0.00759939883284567,0.009075259329129493,30
AI-enabled,113,ai_reliability,0.7800000000000001,0.7800000000000001,0.7800000000000001,30
AI-enabled,114,peer_share,0.384074074074074,0.36905802995470666,0.39909011819344137,30
AI-enabled,114,ai_share,0.3631481481481481,0.3520035598867258,0.3742927364095704,30
AI-enabled,114,hybrid_share,0.2527777777777777,0.24059906617595117,0.26495648937960425,30
AI-enabled,114,human_interaction_rate,0.6368518518518518,0.6257072635904295,0.6479964401132741,30
AI-enabled,114,ai_use_rate,0.6159259259259259,0.6009098818065585,0.6309419700452933,30
AI-enabled,114,mean_quality,0.5789081547489769,0.5759267819775322,0.5818895275204217,30
AI-enabled,114,success_rate,0.4085185185185185,0.3926099330761278,0.4244271039609092,30
AI-enabled,114,mean_knowledge,0.6282153618160194,0.6250773617936721,0.6313533618383668,30
AI-enabled,114,knowledge_rank_corr_with_initial,0.9920994840029479,0.9916900680808582,0.9925088999250375,30
AI-enabled,114,mean_ai_trust,0.59343860933338,0.592768812498213,0.594108406168547,30
AI-enabled,114,mean_peer_trust,0.5497937262058258,0.5478144447914427,0.5517730076202089,30
AI-enabled,114,mean_tie_strength,0.4526353418827057,0.45162551465839557,0.45364516910701586,30
AI-enabled,114,network_density,0.056788744051313844,0.056699132341307065,0.05687835576132062,30
AI-enabled,114,mean_weighted_degree,4.601106131430025,4.589416559296595,4.612795703563455,30
AI-enabled,114,recent_active_tie_fraction,0.9082302848061127,0.9049907232910278,0.9114698463211975,30
AI-enabled,114,mean_unique_peer_partners,10.576296296296295,10.544685007422077,10.607907585170514,30
AI-enabled,114,mean_peer_marginal,0.007921712429508183,0.007281565736148454,0.008561859122867914,30
AI-enabled,114,ai_reliability,0.7800000000000001,0.7800000000000001,0.7800000000000001,30
AI-enabled,115,peer_share,0.38592592592592595,0.37562195440862683,0.39622989744322507,30
AI-enabled,115,ai_share,0.3635185185185185,0.3532441130051872,0.3737929240318498,30
AI-enabled,115,hybrid_share,0.25055555555555553,0.23929352246603,0.2618175886450811,30
AI-enabled,115,human_interaction_rate,0.6364814814814815,0.6262070759681502,0.6467558869948129,30
AI-enabled,115,ai_use_rate,0.6140740740740741,0.603770102556775,0.6243780455913732,30
AI-enabled,115,mean_quality,0.5768543269612857,0.5739659002548828,0.5797427536676886,30
AI-enabled,115,success_rate,0.3927777777777777,0.3785595219115044,0.40699603364405107,30
AI-enabled,115,mean_knowledge,0.629039382745151,0.6259055512273364,0.6321732142629657,30
AI-enabled,115,knowledge_rank_corr_with_initial,0.9919941585909997,0.9915824960216113,0.9924058211603881,30
AI-enabled,115,mean_ai_trust,0.5934521649373415,0.5928120969499048,0.5940922329247783,30
AI-enabled,115,mean_peer_trust,0.5504002829392751,0.5484133127953192,0.552387253083231,30
AI-enabled,115,mean_tie_strength,0.45187605222066246,0.45086706042484065,0.4528850440164843,30
AI-enabled,115,network_density,0.056799089592385645,0.05670588058153564,0.05689229860323565,30
AI-enabled,115,mean_weighted_degree,4.594222873449326,4.582461945325045,4.605983801573606,30
AI-enabled,115,recent_active_tie_fraction,0.909632313520445,0.9068473785600186,0.9124172484808715,30
AI-enabled,115,mean_unique_peer_partners,10.58148148148148,10.549171872003392,10.61379109095957,30
AI-enabled,115,mean_peer_marginal,0.007754084306856809,0.00697142717425433,0.008536741439459287,30
AI-enabled,115,ai_reliability,0.7800000000000001,0.7800000000000001,0.7800000000000001,30
AI-enabled,116,peer_share,0.3803703703703703,0.3642394664575562,0.3965012742831844,30
AI-enabled,116,ai_share,0.3633333333333333,0.3473980300728323,0.37926863659383425,30
AI-enabled,116,hybrid_share,0.2562962962962963,0.2438526047546202,0.26873998783797237,30
AI-enabled,116,human_interaction_rate,0.6366666666666666,0.6207313634061656,0.6526019699271676,30
AI-enabled,116,ai_use_rate,0.6196296296296296,0.6034987257168155,0.6357605335424438,30
AI-enabled,116,mean_quality,0.5778264126901027,0.5751837724432827,0.5804690529369227,30
AI-enabled,116,success_rate,0.39425925925925925,0.383887105020084,0.4046314134984345,30
AI-enabled,116,mean_knowledge,0.6298670414804896,0.6267386623991019,0.6329954205618772,30
AI-enabled,116,knowledge_rank_corr_with_initial,0.9918877171613083,0.9914704383714518,0.9923049959511648,30
AI-enabled,116,mean_ai_trust,0.5933645049515512,0.592713434108213,0.5940155757948895,30
AI-enabled,116,mean_peer_trust,0.551009601354599,0.5490193025075596,0.5529999002016384,30
AI-enabled,116,mean_tie_strength,0.45113455057144164,0.4501280451683896,0.45214105597449367,30
AI-enabled,116,network_density,0.0568011587006,0.0567092607491396,0.056893056652060396,30
AI-enabled,116,mean_weighted_degree,4.586850826122143,4.575202685737747,4.59849896650654,30
AI-enabled,116,recent_active_tie_fraction,0.9100370440422003,0.9068178855783915,0.9132562025060091,30
AI-enabled,116,mean_unique_peer_partners,10.585925925925924,10.552789157244401,10.619062694607447,30
AI-enabled,116,mean_peer_marginal,0.00785174922446631,0.007286433148789759,0.00841706530014286,30
AI-enabled,116,ai_reliability,0.7800000000000001,0.7800000000000001,0.7800000000000001,30
AI-enabled,117,peer_share,0.37870370370370376,0.3651159011362691,0.3922915062711384,30
AI-enabled,117,ai_share,0.36814814814814817,0.3528075150713514,0.38348878122494495,30
AI-enabled,117,hybrid_share,0.2531481481481481,0.23920886026974333,0.26708743602655294,30
AI-enabled,117,human_interaction_rate,0.6318518518518519,0.6165112187750551,0.6471924849286487,30
AI-enabled,117,ai_use_rate,0.6212962962962962,0.6077084937288616,0.6348840988637309,30
AI-enabled,117,mean_quality,0.5778392802292316,0.5740609909205272,0.581617569537936,30
AI-enabled,117,success_rate,0.3964814814814813,0.3824171338746854,0.41054582908827725,30
AI-enabled,117,mean_knowledge,0.6306858084806156,0.6275595464411519,0.6338120705200794,30
AI-enabled,117,knowledge_rank_corr_with_initial,0.9917793330444059,0.991357242223217,0.9922014238655948,30
AI-enabled,117,mean_ai_trust,0.5933407123898087,0.5927254394210272,0.5939559853585902,30
AI-enabled,117,mean_peer_trust,0.5516086101531983,0.5496109600375979,0.5536062602687987,30
AI-enabled,117,mean_tie_strength,0.4503816097974777,0.4493805112797586,0.45138270831519683,30
AI-enabled,117,network_density,0.05680943513345744,0.05671684097544343,0.056902029291471444,30
AI-enabled,117,mean_weighted_degree,4.579864320755005,4.568136664936142,4.591591976573869,30
AI-enabled,117,recent_active_tie_fraction,0.9099790840140921,0.9071171607721111,0.9128410072560731,30
AI-enabled,117,mean_unique_peer_partners,10.589259259259258,10.556292203575092,10.622226314943424,30
AI-enabled,117,mean_peer_marginal,0.007883497645468229,0.00719852972429403,0.008568465566642428,30
AI-enabled,117,ai_reliability,0.7800000000000001,0.7800000000000001,0.7800000000000001,30
AI-enabled,118,peer_share,0.38407407407407407,0.3694383798732736,0.39870976827487453,30
AI-enabled,118,ai_share,0.36814814814814817,0.35251051640744235,0.383785779888854,30
AI-enabled,118,hybrid_share,0.24777777777777776,0.23487891295134586,0.26067664260420964,30
AI-enabled,118,human_interaction_rate,0.6318518518518518,0.6162142201111459,0.6474894835925576,30
AI-enabled,118,ai_use_rate,0.6159259259259258,0.6012902317251253,0.6305616201267262,30
AI-enabled,118,mean_quality,0.5791266279746637,0.5758710723672542,0.5823821835820733,30
AI-enabled,118,success_rate,0.40166666666666656,0.38796936514710256,0.41536396818623056,30
AI-enabled,118,mean_knowledge,0.6315045216461656,0.6283794619976378,0.6346295812946933,30
AI-enabled,118,knowledge_rank_corr_with_initial,0.991667449509485,0.9912390289506058,0.9920958700683643,30
AI-enabled,118,mean_ai_trust,0.5932786005371,0.5926537712984861,0.593903429775714,30
AI-enabled,118,mean_peer_trust,0.552219545841217,0.5502169952600237,0.5542220964224104,30
AI-enabled,118,mean_tie_strength,0.4496387074391047,0.4486399664116556,0.45063744846655385,30
AI-enabled,118,network_density,0.056813573349886154,0.056722282170201276,0.05690486452957103,30
AI-enabled,118,mean_weighted_degree,4.572644386335655,4.560925690184513,4.584363082486798,30
AI-enabled,118,recent_active_tie_fraction,0.9100616624721024,0.9069213199933227,0.9132020049508821,30
AI-enabled,118,mean_unique_peer_partners,10.591851851851851,10.559366353286288,10.624337350417415,30
AI-enabled,118,mean_peer_marginal,0.008156179688691883,0.007444535340033535,0.00886782403735023,30
AI-enabled,118,ai_reliability,0.7800000000000001,0.7800000000000001,0.7800000000000001,30
AI-enabled,119,peer_share,0.38962962962962955,0.37477254599419185,0.40448671326506724,30
AI-enabled,119,ai_share,0.36574074074074064,0.35360678900554915,0.37787469247593214,30
AI-enabled,119,hybrid_share,0.2446296296296296,0.2316061591641132,0.257653100095146,30
AI-enabled,119,human_interaction_rate,0.6342592592592592,0.6221253075240677,0.6463932109944507,30
AI-enabled,119,ai_use_rate,0.6103703703703703,0.5955132867349326,0.625227454005808,30
AI-enabled,119,mean_quality,0.5800841423649039,0.5771396389919531,0.5830286457378547,30
AI-enabled,119,success_rate,0.4009259259259259,0.38857380010030773,0.4132780517515441,30
AI-enabled,119,mean_knowledge,0.6323206948277351,0.6292014447356181,0.6354399449198521,30
AI-enabled,119,knowledge_rank_corr_with_initial,0.9915534384005136,0.9911137642585564,0.9919931125424708,30
AI-enabled,119,mean_ai_trust,0.5934684186073215,0.5928635302044865,0.5940733070101565,30
AI-enabled,119,mean_peer_trust,0.5528323551019033,0.5508153543848635,0.5548493558189431,30
AI-enabled,119,mean_tie_strength,0.4488807956377665,0.44788281298617666,0.44987877828935635,30
AI-enabled,119,network_density,0.05682598799917231,0.05673392891734015,0.056918047081004466,30
AI-enabled,119,mean_weighted_degree,4.565934294815417,4.554181361327397,4.577687228303437,30
AI-enabled,119,recent_active_tie_fraction,0.9106237283491692,0.9078593581706526,0.9133880985276858,30
AI-enabled,119,mean_unique_peer_partners,10.59851851851852,10.565278016467902,10.631759020569136,30
AI-enabled,119,mean_peer_marginal,0.007898394671707951,0.007111056319459636,0.008685733023956267,30
AI-enabled,119,ai_reliability,0.7800000000000001,0.7800000000000001,0.7800000000000001,30
AI-enabled,120,peer_share,0.39462962962962955,0.3823208292464925,0.4069384300127666,30
AI-enabled,120,ai_share,0.35537037037037034,0.3446880965968572,0.3660526441438835,30
AI-enabled,120,hybrid_share,0.24999999999999997,0.23921381218002724,0.2607861878199727,30
AI-enabled,120,human_interaction_rate,0.6446296296296296,0.6339473558561164,0.6553119034031427,30
AI-enabled,120,ai_use_rate,0.6053703703703703,0.5930615699872334,0.6176791707535073,30
AI-enabled,120,mean_quality,0.582867691863869,0.5796062684691193,0.5861291152586187,30
AI-enabled,120,success_rate,0.42240740740740734,0.40993096429004566,0.434883850524769,30
AI-enabled,120,mean_knowledge,0.633137223506652,0.6300220684804152,0.6362523785328889,30
AI-enabled,120,knowledge_rank_corr_with_initial,0.9914482214818893,0.9910035283322876,0.991892914631491,30
AI-enabled,120,mean_ai_trust,0.5935442976493029,0.5929285883078909,0.594160006990715,30
AI-enabled,120,mean_peer_trust,0.5534531871477762,0.5514215473265829,0.5554848269689696,30
AI-enabled,120,mean_tie_strength,0.4481351395448049,0.44713760074976094,0.4491326783398488,30
AI-enabled,120,network_density,0.056834264432029755,0.05674304092056238,0.05692548794349713,30
AI-enabled,120,mean_weighted_degree,4.559012988894074,4.547344865761841,4.570681112026308,30
AI-enabled,120,recent_active_tie_fraction,0.9104860052872952,0.9081113145456192,0.9128606960289711,30
AI-enabled,120,mean_unique_peer_partners,10.602962962962964,10.570495741718421,10.635430184207507,30
AI-enabled,120,mean_peer_marginal,0.007749347293769674,0.007098083295135646,0.0084006112924037,30
AI-enabled,120,ai_reliability,0.7800000000000001,0.7800000000000001,0.7800000000000001,30
AI-enabled,121,peer_share,0.40129629629629626,0.3873463666554408,0.4152462259371517,30
AI-enabled,121,ai_share,0.3540740740740741,0.3424287557244293,0.36571939242371887,30
AI-enabled,121,hybrid_share,0.2446296296296296,0.23297730478864406,0.2562819544706152,30
AI-enabled,121,human_interaction_rate,0.6459259259259259,0.6342806075762811,0.6575712442755707,30
AI-enabled,121,ai_use_rate,0.5987037037037037,0.5847537740628483,0.6126536333445591,30
AI-enabled,121,mean_quality,0.579785102426316,0.5769917815105247,0.5825784233421073,30
AI-enabled,121,success_rate,0.3938888888888888,0.3810968834810708,0.4066808942967068,30
AI-enabled,121,mean_knowledge,0.6339517360565269,0.6308417381190504,0.6370617339940033,30
AI-enabled,121,knowledge_rank_corr_with_initial,0.9913351353676702,0.9908869727167134,0.9917832980186269,30
AI-enabled,121,mean_ai_trust,0.593437851603667,0.5928465517514425,0.5940291514558915,30
AI-enabled,121,mean_peer_trust,0.5540774941444397,0.5520435405708197,0.5561114477180598,30
AI-enabled,121,mean_tie_strength,0.44738042950630186,0.44638975446039103,0.4483711045522127,30
AI-enabled,121,network_density,0.05684874818953027,0.05675783320437893,0.05693966317468161,30
AI-enabled,121,mean_weighted_degree,4.552498242987527,4.540721692440804,4.56427479353425,30
AI-enabled,121,recent_active_tie_fraction,0.910505256888536,0.9075601287805365,0.9134503849965355,30
AI-enabled,121,mean_unique_peer_partners,10.60888888888889,10.576285444345126,10.641492333432653,30
AI-enabled,121,mean_peer_marginal,0.008138289480147755,0.007459859226696362,0.008816719733599147,30
AI-enabled,121,ai_reliability,0.7800000000000001,0.7800000000000001,0.7800000000000001,30
AI-enabled,122,peer_share,0.3925925925925925,0.3797891849885876,0.4053960001965974,30
AI-enabled,122,ai_share,0.35685185185185175,0.3460700215780872,0.3676336821256163,30
AI-enabled,122,hybrid_share,0.25055555555555553,0.23864045164807393,0.26247065946303716,30
AI-enabled,122,human_interaction_rate,0.6431481481481481,0.6323663178743836,0.6539299784219127,30
AI-enabled,122,ai_use_rate,0.6074074074074073,0.5946039998034024,0.6202108150114122,30
AI-enabled,122,mean_quality,0.5798151638096217,0.5762006938367563,0.5834296337824871,30
AI-enabled,122,success_rate,0.4033333333333333,0.3888416492802821,0.41782501738638456,30
AI-enabled,122,mean_knowledge,0.6347576520387744,0.6316497436381351,0.6378655604394138,30
AI-enabled,122,knowledge_rank_corr_with_initial,0.9912287459713549,0.9907751868687926,0.9916823050739172,30
AI-enabled,122,mean_ai_trust,0.5934350606992157,0.5928369502489922,0.5940331711494392,30
AI-enabled,122,mean_peer_trust,0.5546969334284465,0.552651410502631,0.556742456354262,30
AI-enabled,122,mean_tie_strength,0.4466404547293981,0.44565074354593986,0.44763016591285637,30
AI-enabled,122,network_density,0.05685495551417335,0.05676489014069643,0.056945020887650265,30
AI-enabled,122,mean_weighted_degree,4.54546486708853,4.533725726546268,4.557204007630792,30
AI-enabled,122,recent_active_tie_fraction,0.9106598827894461,0.9072195573866908,0.9141002081922014,30
AI-enabled,122,mean_unique_peer_partners,10.612592592592591,10.580294007985833,10.64489117719935,30
AI-enabled,122,mean_peer_marginal,0.007696764461411093,0.0070470469709780865,0.008346481951844101,30
AI-enabled,122,ai_reliability,0.7800000000000001,0.7800000000000001,0.7800000000000001,30
AI-enabled,123,peer_share,0.39129629629629625,0.3770100150911116,0.4055825775014809,30
AI-enabled,123,ai_share,0.3648148148148148,0.3520346088141769,0.3775950208154527,30
AI-enabled,123,hybrid_share,0.24388888888888885,0.23187456308390578,0.2559032146938719,30
AI-enabled,123,human_interaction_rate,0.6351851851851852,0.6224049791845473,0.6479653911858231,30
AI-enabled,123,ai_use_rate,0.6087037037037037,0.5944174224985191,0.6229899849088884,30
AI-enabled,123,mean_quality,0.5827235538728306,0.5795827066484975,0.5858644010971636,30
AI-enabled,123,success_rate,0.4101851851851851,0.39700766141233934,0.42336270895803085,30
AI-enabled,123,mean_knowledge,0.6355667790728067,0.6324623591086729,0.6386711990369405,30
AI-enabled,123,knowledge_rank_corr_with_initial,0.9911178475433461,0.9906585137821695,0.9915771813045227,30
AI-enabled,123,mean_ai_trust,0.593427062512928,0.59287965339707,0.5939744716287859,30
AI-enabled,123,mean_peer_trust,0.5552976191043854,0.5532486117289103,0.5573466264798604,30
AI-enabled,123,mean_tie_strength,0.44589389860630035,0.4449041330617243,0.4468836641508764,30
AI-enabled,123,network_density,0.05686530105524515,0.056774535623782124,0.05695606648670817,30
AI-enabled,123,mean_weighted_degree,4.538691811649888,4.526983496593823,4.550400126705952,30
AI-enabled,123,recent_active_tie_fraction,0.910676903334974,0.9073346909976543,0.9140191156722937,30
AI-enabled,123,mean_unique_peer_partners,10.617407407407407,10.584908207596696,10.649906607218119,30
AI-enabled,123,mean_peer_marginal,0.00781138970704857,0.007120750076397604,0.008502029337699536,30
AI-enabled,123,ai_reliability,0.7800000000000001,0.7800000000000001,0.7800000000000001,30
AI-enabled,124,peer_share,0.38907407407407407,0.3736413370588146,0.40450681108933356,30
AI-enabled,124,ai_share,0.3709259259259259,0.355762859023415,0.3860889928284368,30
AI-enabled,124,hybrid_share,0.23999999999999996,0.2310914782153835,0.24890852178461642,30
AI-enabled,124,human_interaction_rate,0.629074074074074,0.6139110071715631,0.6442371409765849,30
AI-enabled,124,ai_use_rate,0.6109259259259259,0.5954931889106664,0.6263586629411854,30
AI-enabled,124,mean_quality,0.5810236638252417,0.5776606691479228,0.5843866585025607,30
AI-enabled,124,success_rate,0.3992592592592592,0.3870321078541103,0.4114864106644081,30
AI-enabled,124,mean_knowledge,0.6363671760914802,0.6332668508460345,0.6394675013369259,30
AI-enabled,124,knowledge_rank_corr_with_initial,0.9910043563497879,0.9905368606748747,0.9914718520247011,30
AI-enabled,124,mean_ai_trust,0.5934854791078819,0.5929779451789084,0.5939930130368553,30
AI-enabled,124,mean_peer_trust,0.5559045453866323,0.5538516961637435,0.557957394609521,30
AI-enabled,124,mean_tie_strength,0.44515400330225624,0.4441648774261077,0.44614312917840476,30
AI-enabled,124,network_density,0.05687150837988822,0.05677971800581496,0.05696329875396148,30
AI-enabled,124,mean_weighted_degree,4.531654663615756,4.519932463459948,4.543376863771564,30
AI-enabled,124,recent_active_tie_fraction,0.9100257562960152,0.9065178711673291,0.9135336414247014,30
AI-enabled,124,mean_unique_peer_partners,10.623703703703706,10.590786199761618,10.656621207645793,30
AI-enabled,124,mean_peer_marginal,0.0077835776223394125,0.007122256090888488,0.008444899153790337,30
AI-enabled,124,ai_reliability,0.7800000000000001,0.7800000000000001,0.7800000000000001,30
AI-enabled,125,peer_share,0.3987037037037037,0.38687192031005374,0.4105354870973537,30
AI-enabled,125,ai_share,0.3596296296296297,0.34865342228610446,0.3706058369731549,30
AI-enabled,125,hybrid_share,0.24166666666666667,0.23119106354943572,0.2521422697838976,30
AI-enabled,125,human_interaction_rate,0.6403703703703704,0.6293941630268451,0.6513465777138956,30
AI-enabled,125,ai_use_rate,0.6012962962962963,0.5894645129026463,0.6131280796899463,30
AI-enabled,125,mean_quality,0.5845287339049438,0.5808775329533707,0.5881799348565168,30
AI-enabled,125,success_rate,0.41666666666666663,0.39902203125712127,0.434311302076212,30
AI-enabled,125,mean_knowledge,0.6371772727604003,0.6340801825023297,0.6402743630184708,30
AI-enabled,125,knowledge_rank_corr_with_initial,0.9908855754497108,0.9904123170270073,0.9913588338724143,30
AI-enabled,125,mean_ai_trust,0.593536837686899,0.59300800164615,0.5940656737276481,30
AI-enabled,125,mean_peer_trust,0.5565292239189148,0.5544731945162343,0.5585852533215953,30
AI-enabled,125,mean_tie_strength,0.44441994825998943,0.44342743872608537,0.4454124577938935,30
AI-enabled,125,network_density,0.0568777157045313,0.056785774085712074,0.05696965732335052,30
AI-enabled,125,mean_weighted_degree,4.524672300109157,4.513113995898475,4.536230604319838,30
AI-enabled,125,recent_active_tie_fraction,0.9116707728572705,0.9086099783212305,0.9147315673933105,30
AI-enabled,125,mean_unique_peer_partners,10.62888888888889,10.595991827989197,10.661785949788582,30
AI-enabled,125,mean_peer_marginal,0.007993193630060583,0.007319907831594578,0.008666479428526587,30
AI-enabled,125,ai_reliability,0.7800000000000001,0.7800000000000001,0.7800000000000001,30
AI-enabled,126,peer_share,0.39203703703703696,0.3776989136307998,0.4063751604432741,30
AI-enabled,126,ai_share,0.35666666666666663,0.3416144305350052,0.3717189027983281,30
AI-enabled,126,hybrid_share,0.25129629629629624,0.2376583487021988,0.26493424389039366,30
AI-enabled,126,human_interaction_rate,0.6433333333333333,0.6282810972016718,0.6583855694649948,30
AI-enabled,126,ai_use_rate,0.6079629629629629,0.5936248395567257,0.6223010863692001,30
AI-enabled,126,mean_quality,0.5844829213609493,0.5810228599234664,0.5879429827984322,30
AI-enabled,126,success_rate,0.4161111111111111,0.3997462450101433,0.4324759772120789,30
AI-enabled,126,mean_knowledge,0.6379821204056834,0.6348871136110619,0.6410771272003049,30
AI-enabled,126,knowledge_rank_corr_with_initial,0.9907788557431705,0.9903004049365042,0.9912573065498368,30
AI-enabled,126,mean_ai_trust,0.593554597518779,0.5929882956766088,0.5941208993609493,30
AI-enabled,126,mean_peer_trust,0.557147091627121,0.5550776770668634,0.5592165061873785,30
AI-enabled,126,mean_tie_strength,0.44368885457515717,0.44269195578750803,0.4446857533628063,30
AI-enabled,126,network_density,0.05688392302917438,0.05679249666330603,0.05697534939504273,30
AI-enabled,126,mean_weighted_degree,4.517717199237258,4.506416965652566,4.52901743282195,30
AI-enabled,126,recent_active_tie_fraction,0.9113896379186512,0.9089678348331443,0.9138114410041582,30
AI-enabled,126,mean_unique_peer_partners,10.631481481481481,10.59882922050755,10.664133742455412,30
AI-enabled,126,mean_peer_marginal,0.008203518477704503,0.007533792974212803,0.008873243981196202,30
AI-enabled,126,ai_reliability,0.7800000000000001,0.7800000000000001,0.7800000000000001,30
AI-enabled,127,peer_share,0.3912962962962963,0.376630721759263,0.40596187083332963,30
AI-enabled,127,ai_share,0.3516666666666666,0.33477702132830134,0.3685563120050319,30
AI-enabled,127,hybrid_share,0.257037037037037,0.2456885895826161,0.2683854844914579,30
AI-enabled,127,human_interaction_rate,0.6483333333333332,0.6314436879949679,0.6652229786716986,30
AI-enabled,127,ai_use_rate,0.6087037037037039,0.5940381291666705,0.6233692782407372,30
AI-enabled,127,mean_quality,0.5823510268830269,0.5793308943178838,0.58537115944817,30
AI-enabled,127,success_rate,0.41037037037037033,0.39820405295935557,0.4225366877813851,30
AI-enabled,127,mean_knowledge,0.6387742666336137,0.6356830788117641,0.6418654544554633,30
AI-enabled,127,knowledge_rank_corr_with_initial,0.9906703958721432,0.9901849755929948,0.9911558161512917,30
AI-enabled,127,mean_ai_trust,0.5935333299022243,0.5929576847337688,0.5941089750706798,30
AI-enabled,127,mean_peer_trust,0.5577820678551991,0.5557012799152163,0.5598628557951819,30
AI-enabled,127,mean_tie_strength,0.44296370446681976,0.4419692870929993,0.4439581218406402,30
AI-enabled,127,network_density,0.056885992137388736,0.056795362877979684,0.05697662139679779,30
AI-enabled,127,mean_weighted_degree,4.51049874358707,4.499205881974103,4.521791605200037,30
AI-enabled,127,recent_active_tie_fraction,0.9106293215180901,0.9079789388281821,0.913279704207998,30
AI-enabled,127,mean_unique_peer_partners,10.634814814814815,10.602737523360162,10.666892106269469,30
AI-enabled,127,mean_peer_marginal,0.007519935091828439,0.00692432534289364,0.008115544840763239,30
AI-enabled,127,ai_reliability,0.7800000000000001,0.7800000000000001,0.7800000000000001,30
AI-enabled,128,peer_share,0.3944444444444443,0.38346733582347425,0.4054215530654144,30
AI-enabled,128,ai_share,0.3533333333333333,0.3407725295610784,0.36589413710558816,30
AI-enabled,128,hybrid_share,0.2522222222222222,0.23982792008711812,0.26461652435732624,30
AI-enabled,128,human_interaction_rate,0.6466666666666665,0.6341058628944116,0.6592274704389214,30
AI-enabled,128,ai_use_rate,0.6055555555555556,0.5945784469345855,0.6165326641765257,30
AI-enabled,128,mean_quality,0.585061621360859,0.5817520411803669,0.5883712015413511,30
AI-enabled,128,success_rate,0.4187037037037037,0.40643112469240417,0.4309762827150032,30
AI-enabled,128,mean_knowledge,0.6395688618308457,0.6364853424920662,0.6426523811696252,30
AI-enabled,128,knowledge_rank_corr_with_initial,0.9905583157122276,0.9900662818706564,0.9910503495537989,30
AI-enabled,128,mean_ai_trust,0.5933860726636415,0.5927853466838298,0.5939867986434533,30
AI-enabled,128,mean_peer_trust,0.5584105273087819,0.5563183636857093,0.5605026909318546,30
AI-enabled,128,mean_tie_strength,0.4422344535589218,0.44124345368885126,0.4432254534289924,30
AI-enabled,128,network_density,0.05689219946203181,0.056801764602070884,0.05698263432199274,30
AI-enabled,128,mean_weighted_degree,4.503564203182857,4.492328306093897,4.514800100271817,30
AI-enabled,128,recent_active_tie_fraction,0.9100929670498574,0.9070946221490761,0.9130913119506388,30
AI-enabled,128,mean_unique_peer_partners,10.639999999999997,10.607283872497998,10.672716127501996,30
AI-enabled,128,mean_peer_marginal,0.00806724617753878,0.007478379907523059,0.008656112447554503,30
AI-enabled,128,ai_reliability,0.7800000000000001,0.7800000000000001,0.7800000000000001,30
AI-enabled,129,peer_share,0.39888888888888885,0.3865089625198463,0.4112688152579314,30
AI-enabled,129,ai_share,0.34740740740740733,0.3351681254876128,0.35964668932720184,30
AI-enabled,129,hybrid_share,0.2537037037037037,0.24229786583408794,0.2651095415733195,30
AI-enabled,129,human_interaction_rate,0.6525925925925926,0.6403533106727981,0.6648318745123871,30
AI-enabled,129,ai_use_rate,0.601111111111111,0.5887311847420684,0.6134910374801537,30
AI-enabled,129,mean_quality,0.5849429448224369,0.5820853915966226,0.5878004980482512,30
AI-enabled,129,success_rate,0.4133333333333332,0.39990463779296226,0.4267620288737042,30
AI-enabled,129,mean_knowledge,0.64036669192929,0.6372853927705593,0.6434479910880206,30
AI-enabled,129,knowledge_rank_corr_with_initial,0.9904407246495178,0.9899381924232953,0.9909432568757404,30
AI-enabled,129,mean_ai_trust,0.5933834536614213,0.5927510165737317,0.5940158907491109,30
AI-enabled,129,mean_peer_trust,0.559052312374115,0.5569528130458008,0.5611518117024292,30
AI-enabled,129,mean_tie_strength,0.44149611989657084,0.4405077567118678,0.44248448308127386,30
AI-enabled,129,network_density,0.05690461411131797,0.05681475466457984,0.0569944735580561,30
AI-enabled,129,mean_weighted_degree,4.497027913243682,4.48575836707902,4.508297459408343,30
AI-enabled,129,recent_active_tie_fraction,0.9103347621046596,0.9073217757073757,0.9133477485019434,30
AI-enabled,129,mean_unique_peer_partners,10.642962962962963,10.609776075621065,10.676149850304862,30
AI-enabled,129,mean_peer_marginal,0.007831801837935087,0.007149216617022905,0.008514387058847269,30
AI-enabled,129,ai_reliability,0.7800000000000001,0.7800000000000001,0.7800000000000001,30
AI-enabled,130,peer_share,0.4077777777777777,0.3981765743705553,0.41737898118500005,30
AI-enabled,130,ai_share,0.3462962962962963,0.33422057560641505,0.3583720169861776,30
AI-enabled,130,hybrid_share,0.2459259259259259,0.23460366118912512,0.2572481906627267,30
AI-enabled,130,human_interaction_rate,0.6537037037037038,0.6416279830138225,0.6657794243935851,30
AI-enabled,130,ai_use_rate,0.5922222222222222,0.5826210188149998,0.6018234256294446,30
AI-enabled,130,mean_quality,0.5857259722584617,0.5820300156111962,0.5894219289057272,30
AI-enabled,130,success_rate,0.40944444444444444,0.39490624293463467,0.4239826459542542,30
AI-enabled,130,mean_knowledge,0.6411520043685409,0.6380745174735007,0.6442294912635811,30
AI-enabled,130,knowledge_rank_corr_with_initial,0.9903216184250988,0.989810471636449,0.9908327652137486,30
AI-enabled,130,mean_ai_trust,0.5933261843137113,0.5927290684389332,0.5939233001884894,30
AI-enabled,130,mean_peer_trust,0.5596918483575185,0.5575841040169064,0.5617995926981306,30
AI-enabled,130,mean_tie_strength,0.4407688508431117,0.4397840829835795,0.44175361870264385,30
AI-enabled,130,network_density,0.05691082143596105,0.05681970290954341,0.05700193996237869,30
AI-enabled,130,mean_weighted_degree,4.4901117162792765,4.478701863051535,4.501521569507018,30
AI-enabled,130,recent_active_tie_fraction,0.9100524118753762,0.9072154635822117,0.9128893601685407,30
AI-enabled,130,mean_unique_peer_partners,10.649999999999999,10.6166166500139,10.683383349986098,30
AI-enabled,130,mean_peer_marginal,0.007630623470659607,0.006990354881342174,0.008270892059977041,30
AI-enabled,130,ai_reliability,0.7800000000000001,0.7800000000000001,0.7800000000000001,30
AI-enabled,131,peer_share,0.3966666666666667,0.3829536649880362,0.41037966834529727,30
AI-enabled,131,ai_share,0.3522222222222222,0.33885999481249257,0.36558444963195186,30
AI-enabled,131,hybrid_share,0.25111111111111106,0.237806758021806,0.2644154642004161,30
AI-enabled,131,human_interaction_rate,0.6477777777777779,0.6344155503680483,0.6611400051875075,30
AI-enabled,131,ai_use_rate,0.6033333333333334,0.5896203316547028,0.6170463350119639,30
AI-enabled,131,mean_quality,0.5857230106923891,0.5815018540590554,0.5899441673257227,30
AI-enabled,131,success_rate,0.4144444444444444,0.39781645711840224,0.43107243177048654,30
AI-enabled,131,mean_knowledge,0.6419396202631371,0.6388630310587861,0.6450162094674882,30
AI-enabled,131,knowledge_rank_corr_with_initial,0.9902165166544329,0.9896976496907958,0.99073538361807,30
AI-enabled,131,mean_ai_trust,0.5932860572299106,0.592731116742354,0.5938409977174671,30
AI-enabled,131,mean_peer_trust,0.5603184441725413,0.5582048834914222,0.5624320048536604,30
AI-enabled,131,mean_tie_strength,0.44003641108671826,0.43905179936275496,0.44102102281068156,30
AI-enabled,131,network_density,0.05692116697703285,0.05683465472961324,0.05700767922445246,30
AI-enabled,131,mean_weighted_degree,4.483465631405513,4.472261344025943,4.494669918785082,30
AI-enabled,131,recent_active_tie_fraction,0.9105792171218664,0.90773343080861,0.9134250034351228,30
AI-enabled,131,mean_unique_peer_partners,10.653333333333332,10.620367778122775,10.68629888854389,30
AI-enabled,131,mean_peer_marginal,0.00779880155436793,0.007168703754048957,0.008428899354686903,30
AI-enabled,131,ai_reliability,0.7800000000000001,0.7800000000000001,0.7800000000000001,30
AI-enabled,132,peer_share,0.3901851851851852,0.3764604652244156,0.40390990514595476,30
AI-enabled,132,ai_share,0.36,0.34571666215296964,0.37428333784703033,30
AI-enabled,132,hybrid_share,0.24981481481481482,0.23699808530740024,0.2626315443222294,30
AI-enabled,132,human_interaction_rate,0.6399999999999999,0.6257166621529696,0.6542833378470302,30
AI-enabled,132,ai_use_rate,0.6098148148148148,0.5960900948540453,0.6235395347755843,30
AI-enabled,132,mean_quality,0.5850977746121511,0.5820589888459294,0.5881365603783727,30
AI-enabled,132,success_rate,0.4196296296296296,0.40644478808481116,0.432814471174448,30
AI-enabled,132,mean_knowledge,0.642725653041558,0.6396545637863644,0.6457967422967517,30
AI-enabled,132,knowledge_rank_corr_with_initial,0.9900950458135489,0.9895756419531869,0.9906144496739109,30
AI-enabled,132,mean_ai_trust,0.5933360057364826,0.5927176158558537,0.5939543956171115,30
AI-enabled,132,mean_peer_trust,0.5609510521094004,0.5588337885799504,0.5630683156388505,30
AI-enabled,132,mean_tie_strength,0.4393128792444865,0.43833155231774396,0.440294206171229,30
AI-enabled,132,network_density,0.05692530519346157,0.05683837992942553,0.057012230457497606,30
AI-enabled,132,mean_weighted_degree,4.476419788157498,4.465188961679378,4.487650614635618,30
AI-enabled,132,recent_active_tie_fraction,0.910008474718597,0.9067700196059842,0.9132469298312098,30
AI-enabled,132,mean_unique_peer_partners,10.657777777777776,10.624223282299427,10.691332273256124,30
AI-enabled,132,mean_peer_marginal,0.007547847888972367,0.006992954148314901,0.008102741629629833,30
AI-enabled,132,ai_reliability,0.7800000000000001,0.7800000000000001,0.7800000000000001,30
AI-enabled,133,peer_share,0.40444444444444444,0.3912521017090865,0.4176367871798024,30
AI-enabled,133,ai_share,0.3538888888888889,0.3405538978952181,0.3672238798825597,30
AI-enabled,133,hybrid_share,0.24166666666666667,0.23091147865226008,0.25242185468107325,30
AI-enabled,133,human_interaction_rate,0.6461111111111112,0.6327761201174404,0.6594461021047819,30
AI-enabled,133,ai_use_rate,0.5955555555555557,0.5823632128201978,0.6087478982909137,30
AI-enabled,133,mean_quality,0.5869656325253032,0.5838434982024645,0.5900877668481419,30
AI-enabled,133,success_rate,0.4168518518518518,0.40236136251768667,0.43134234118601694,30
AI-enabled,133,mean_knowledge,0.643507748308177,0.6404411179059614,0.6465743787103927,30
AI-enabled,133,knowledge_rank_corr_with_initial,0.9899839363628068,0.9894601274574302,0.9905077452681834,30
AI-enabled,133,mean_ai_trust,0.5932996341788985,0.5926655033770833,0.5939337649807137,30
AI-enabled,133,mean_peer_trust,0.5615814407666524,0.5594553171191915,0.5637075644141133,30
AI-enabled,133,mean_tie_strength,0.4385803729295731,0.43760302522293054,0.4395577206362156,30
AI-enabled,133,network_density,0.05693771984274774,0.05684806679574637,0.05702737288974911,30
AI-enabled,133,mean_weighted_degree,4.469931225246853,4.458564474369809,4.481297976123897,30
AI-enabled,133,recent_active_tie_fraction,0.9105706465315133,0.9073903433838605,0.9137509496791661,30
AI-enabled,133,mean_unique_peer_partners,10.663703703703703,10.630370473775073,10.697036933632333,30
AI-enabled,133,mean_peer_marginal,0.008186941960250112,0.007625849115322441,0.008748034805177782,30
AI-enabled,133,ai_reliability,0.7800000000000001,0.7800000000000001,0.7800000000000001,30
AI-enabled,134,peer_share,0.39703703703703697,0.3817759315171489,0.41229814255692504,30
AI-enabled,134,ai_share,0.34833333333333344,0.3343890782884531,0.3622775883782138,30
AI-enabled,134,hybrid_share,0.2546296296296296,0.23913355952764973,0.2701256997316095,30
AI-enabled,134,human_interaction_rate,0.6516666666666667,0.6377224116217863,0.6656109217115471,30
AI-enabled,134,ai_use_rate,0.6029629629629629,0.5877018574430749,0.6182240684828509,30
AI-enabled,134,mean_quality,0.588563344220504,0.5856710867077167,0.5914556017332914,30
AI-enabled,134,success_rate,0.4305555555555555,0.41679771795971987,0.4443133931513912,30
AI-enabled,134,mean_knowledge,0.6442921613724103,0.6412304640369925,0.6473538587078281,30
AI-enabled,134,knowledge_rank_corr_with_initial,0.9898596371280751,0.9893400184616343,0.9903792557945159,30
AI-enabled,134,mean_ai_trust,0.5932863496322196,0.5926272186016528,0.5939454806627864,30
AI-enabled,134,mean_peer_trust,0.5622140963872274,0.5600849619851029,0.5643432307893519,30
AI-enabled,134,mean_tie_strength,0.437847825884819,0.4368762281692986,0.43881942360033943,30
AI-enabled,134,network_density,0.05695013449203389,0.05685847876725429,0.05704179021681349,30
AI-enabled,134,mean_weighted_degree,4.463440709158226,4.451892759658912,4.47498865865754,30
AI-enabled,134,recent_active_tie_fraction,0.9112129364434595,0.90808461060793,0.9143412622789889,30
AI-enabled,134,mean_unique_peer_partners,10.668518518518516,10.635343259117395,10.701693777919637,30
AI-enabled,134,mean_peer_marginal,0.007558661358523603,0.006892252287999125,0.00822507042904808,30
AI-enabled,134,ai_reliability,0.7800000000000001,0.7800000000000001,0.7800000000000001,30
AI-enabled,135,peer_share,0.40092592592592596,0.3872076948539225,0.41464415699792945,30
AI-enabled,135,ai_share,0.35,0.33718886786581787,0.3628111321341821,30
AI-enabled,135,hybrid_share,0.24907407407407406,0.23756784691991026,0.26058030122823783,30
AI-enabled,135,human_interaction_rate,0.6499999999999999,0.6371888678658179,0.662811132134182,30
AI-enabled,135,ai_use_rate,0.5990740740740741,0.5853558430020707,0.6127923051460775,30
AI-enabled,135,mean_quality,0.5897427709895744,0.586200711568783,0.5932848304103658,30
AI-enabled,135,success_rate,0.4331481481481481,0.4166017218537745,0.44969457444252176,30
AI-enabled,135,mean_knowledge,0.6450743176302962,0.6420147454812368,0.6481338897793556,30
AI-enabled,135,knowledge_rank_corr_with_initial,0.989747992793676,0.9892179234430627,0.9902780621442893,30
AI-enabled,135,mean_ai_trust,0.5934088895416354,0.5927377583864024,0.5940800206968684,30
AI-enabled,135,mean_peer_trust,0.5628588537375132,0.5607230677715932,0.5649946397034332,30
AI-enabled,135,mean_tie_strength,0.43712987899780276,0.4361595043628919,0.4381002536327136,30
AI-enabled,135,network_density,0.05695634181667697,0.05686349125228977,0.05704919238106417,30
AI-enabled,135,mean_weighted_degree,4.456607247546867,4.445036394797747,4.4681781002959875,30
AI-enabled,135,recent_active_tie_fraction,0.9117681075708454,0.9086216850829676,0.9149145300587231,30
AI-enabled,135,mean_unique_peer_partners,10.672962962962963,10.639616380098175,10.70630954582775,30
AI-enabled,135,mean_peer_marginal,0.007968430243316556,0.007409502599331678,0.008527357887301435,30
AI-enabled,135,ai_reliability,0.7800000000000001,0.7800000000000001,0.7800000000000001,30
AI-enabled,136,peer_share,0.39018518518518513,0.37523897467954276,0.4051313956908275,30
AI-enabled,136,ai_share,0.3575925925925926,0.3428181412281172,0.37236704395706793,30
AI-enabled,136,hybrid_share,0.2522222222222222,0.24042917365727176,0.2640152707871726,30
AI-enabled,136,human_interaction_rate,0.6424074074074075,0.6276329560429321,0.657181858771883,30
AI-enabled,136,ai_use_rate,0.6098148148148149,0.5948686043091725,0.6247610253204573,30
AI-enabled,136,mean_quality,0.5877666228668655,0.5848363801168067,0.5906968656169244,30
AI-enabled,136,success_rate,0.42499999999999993,0.41190531903225963,0.43809468096774024,30
AI-enabled,136,mean_knowledge,0.6458563160166982,0.6427997482455179,0.6489128837878786,30
AI-enabled,136,knowledge_rank_corr_with_initial,0.9896290239836498,0.9890886259116265,0.9901694220556732,30
AI-enabled,136,mean_ai_trust,0.5934962233917158,0.5928049411533078,0.5941875056301238,30
AI-enabled,136,mean_peer_trust,0.5635000149408976,0.5613563668903044,0.5656436629914908,30
AI-enabled,136,mean_tie_strength,0.43641069332758586,0.4354399763127676,0.43738141034240413,30
AI-enabled,136,network_density,0.05696254914132004,0.05686956897852998,0.0570555293041101,30
AI-enabled,136,mean_weighted_degree,4.449759547003993,4.438205825440403,4.461313268567582,30
AI-enabled,136,recent_active_tie_fraction,0.911195881667196,0.907873830851071,0.914517932483321,30
AI-enabled,136,mean_unique_peer_partners,10.676666666666666,10.643792167983047,10.709541165350284,30
AI-enabled,136,mean_peer_marginal,0.007814093055181664,0.0071676605945886224,0.008460525515774706,30
AI-enabled,136,ai_reliability,0.7800000000000001,0.7800000000000001,0.7800000000000001,30
AI-enabled,137,peer_share,0.3907407407407408,0.38029942774208253,0.401182053739399,30
AI-enabled,137,ai_share,0.3572222222222223,0.345272296936939,0.36917214750750554,30
AI-enabled,137,hybrid_share,0.25203703703703695,0.239454002954959,0.2646200711191149,30
AI-enabled,137,human_interaction_rate,0.6427777777777777,0.6308278524924944,0.6547277030630609,30
AI-enabled,137,ai_use_rate,0.6092592592592592,0.5988179462606009,0.6197005722579174,30
AI-enabled,137,mean_quality,0.5909657654152023,0.5882523971269856,0.593679133703419,30
AI-enabled,137,success_rate,0.42666666666666664,0.41576552510804826,0.437567808225285,30
AI-enabled,137,mean_knowledge,0.6466327498555974,0.6435786719538559,0.6496868277573389,30
AI-enabled,137,knowledge_rank_corr_with_initial,0.9895137198660443,0.9889674801847991,0.9900599595472895,30
AI-enabled,137,mean_ai_trust,0.59343831342939,0.5927665923424594,0.5941100345163206,30
AI-enabled,137,mean_peer_trust,0.5641322672367096,0.5619859932364323,0.566278541236987,30
AI-enabled,137,mean_tie_strength,0.43568268020947776,0.4347099625555226,0.43665539786343294,30
AI-enabled,137,network_density,0.056972894682391834,0.05687760216528244,0.05706818719950123,30
AI-enabled,137,mean_weighted_degree,4.443140139138256,4.431635033337126,4.454645244939386,30
AI-enabled,137,recent_active_tie_fraction,0.9117992715316678,0.9085341586948062,0.9150643843685294,30
AI-enabled,137,mean_unique_peer_partners,10.682592592592592,10.648909500969804,10.716275684215379,30
AI-enabled,137,mean_peer_marginal,0.007430268964937894,0.006724755550851627,0.00813578237902416,30
AI-enabled,137,ai_reliability,0.7800000000000001,0.7800000000000001,0.7800000000000001,30
AI-enabled,138,peer_share,0.40611111111111103,0.38955691401533266,0.4226653082068894,30
AI-enabled,138,ai_share,0.34481481481481474,0.33246449118149496,0.3571651384481345,30
AI-enabled,138,hybrid_share,0.2490740740740741,0.23756784691991029,0.2605803012282379,30
AI-enabled,138,human_interaction_rate,0.655185185185185,0.6428348615518652,0.6675355088185048,30
AI-enabled,138,ai_use_rate,0.593888888888889,0.5773346917931107,0.6104430859846673,30
AI-enabled,138,mean_quality,0.5902722257581277,0.5870464021239904,0.5934980493922649,30
AI-enabled,138,success_rate,0.42925925925925923,0.4157827628388364,0.44273575567968204,30
AI-enabled,138,mean_knowledge,0.6474087248084677,0.644358294636618,0.6504591549803174,30
AI-enabled,138,knowledge_rank_corr_with_initial,0.9894083387892749,0.9888619986209538,0.989954678957596,30
AI-enabled,138,mean_ai_trust,0.5933476916419413,0.5926850370717964,0.5940103462120863,30
AI-enabled,138,mean_peer_trust,0.564777139822642,0.5626257275187814,0.5669285521265026,30
AI-enabled,138,mean_tie_strength,0.4349687447150548,0.43399691828452897,0.43594057114558066,30
AI-enabled,138,network_density,0.05697910200703492,0.05688345051054776,0.05707475350352208,30
AI-enabled,138,mean_weighted_degree,4.4363423543064675,4.424849326215423,4.447835382397512,30
AI-enabled,138,recent_active_tie_fraction,0.9131595956687882,0.9094284246934762,0.9168907666441003,30
AI-enabled,138,mean_unique_peer_partners,10.685925925925925,10.652539316295593,10.719312535556258,30
AI-enabled,138,mean_peer_marginal,0.00787145163525799,0.007224653317204417,0.008518249953311562,30
AI-enabled,138,ai_reliability,0.7800000000000001,0.7800000000000001,0.7800000000000001,30
AI-enabled,139,peer_share,0.39685185185185184,0.3844087565913071,0.4092949471123966,30
AI-enabled,139,ai_share,0.35888888888888887,0.3467241978821874,0.37105357989559035,30
AI-enabled,139,hybrid_share,0.24425925925925923,0.2313617366963538,0.25715678182216467,30
AI-enabled,139,human_interaction_rate,0.6411111111111111,0.6289464201044096,0.6532758021178126,30
AI-enabled,139,ai_use_rate,0.6031481481481481,0.5907050528876033,0.6155912434086929,30
AI-enabled,139,mean_quality,0.5927105792798353,0.5896272394224487,0.5957939191372219,30
AI-enabled,139,success_rate,0.4405555555555554,0.42708768750101245,0.4540234236100984,30
AI-enabled,139,mean_knowledge,0.648182205322748,0.6451383480152234,0.6512260626302725,30
AI-enabled,139,knowledge_rank_corr_with_initial,0.9892967103385755,0.9887440807666145,0.9898493399105365,30
AI-enabled,139,mean_ai_trust,0.5932956983110397,0.5926665625720887,0.5939248340499906,30
AI-enabled,139,mean_peer_trust,0.5654158512751262,0.5632597410155508,0.5675719615347016,30
AI-enabled,139,mean_tie_strength,0.43425172170003257,0.43328415957024863,0.4352192838298165,30
AI-enabled,139,network_density,0.056985309331678,0.05689013353108682,0.05708048513226918,30
AI-enabled,139,mean_weighted_degree,4.429512306584253,4.418054160084618,4.440970453083888,30
AI-enabled,139,recent_active_tie_fraction,0.9130199306575346,0.9092622306576317,0.9167776306574376,30
AI-enabled,139,mean_unique_peer_partners,10.690370370370372,10.656969540560665,10.72377120018008,30
AI-enabled,139,mean_peer_marginal,0.007804141706249882,0.007075490531566725,0.00853279288093304,30
AI-enabled,139,ai_reliability,0.7800000000000001,0.7800000000000001,0.7800000000000001,30
AI-enabled,140,peer_share,0.3938888888888889,0.38261368690678044,0.40516409087099736,30
AI-enabled,140,ai_share,0.3537037037037037,0.3409234977030658,0.3664839097043416,30
AI-enabled,140,hybrid_share,0.2524074074074074,0.2420897632995843,0.2627250515152305,30
AI-enabled,140,human_interaction_rate,0.6462962962962963,0.6335160902956584,0.6590765022969342,30
AI-enabled,140,ai_use_rate,0.6061111111111112,0.5948359091290026,0.6173863130932197,30
AI-enabled,140,mean_quality,0.5919609445738154,0.5889510167430728,0.594970872404558,30
AI-enabled,140,success_rate,0.43370370370370365,0.4190457200879245,0.4483616873194828,30
AI-enabled,140,mean_knowledge,0.6489566193596189,0.6459169722259033,0.6519962664933345,30
AI-enabled,140,knowledge_rank_corr_with_initial,0.989177897234568,0.9886142189168853,0.9897415755522506,30
AI-enabled,140,mean_ai_trust,0.5934086668049212,0.5927916106333547,0.5940257229764877,30
AI-enabled,140,mean_peer_trust,0.5660460511843364,0.5638837369627806,0.5682083654058921,30
AI-enabled,140,mean_tie_strength,0.43353447020053865,0.43256511931958314,0.43450382108149416,30
AI-enabled,140,network_density,0.05699358576453544,0.05689829324742605,0.057088878281644835,30
AI-enabled,140,mean_weighted_degree,4.422836330908315,4.411474637992228,4.434198023824402,30
AI-enabled,140,recent_active_tie_fraction,0.9129166761826384,0.9094311751099758,0.9164021772553009,30
AI-enabled,140,mean_unique_peer_partners,10.694444444444448,10.6612751496711,10.727613739217796,30
AI-enabled,140,mean_peer_marginal,0.007828491079687366,0.007144795067204803,0.008512187092169929,30
AI-enabled,140,ai_reliability,0.7800000000000001,0.7800000000000001,0.7800000000000001,30
AI-enabled,141,peer_share,0.3907407407407407,0.37733711664326786,0.4041443648382136,30
AI-enabled,141,ai_share,0.35648148148148145,0.34460713157385764,0.36835583138910527,30
AI-enabled,141,hybrid_share,0.25277777777777777,0.24177703703339234,0.26377851852216316,30
AI-enabled,141,human_interaction_rate,0.6435185185185185,0.6316441686108947,0.6553928684261423,30
AI-enabled,141,ai_use_rate,0.6092592592592594,0.5958556351617865,0.6226628833567323,30
AI-enabled,141,mean_quality,0.5924875668609093,0.589885801749235,0.5950893319725836,30
AI-enabled,141,success_rate,0.44074074074074066,0.4255615345001018,0.4559199469813795,30
AI-enabled,141,mean_knowledge,0.6497243666028474,0.6466888447543396,0.6527598884513551,30
AI-enabled,141,knowledge_rank_corr_with_initial,0.9890686780917632,0.9884963629900048,0.9896409931935217,30
AI-enabled,141,mean_ai_trust,0.5933569602915969,0.5927279454397655,0.5939859751434283,30
AI-enabled,141,mean_peer_trust,0.5666804353396098,0.5645139053834733,0.5688469652957462,30
AI-enabled,141,mean_tie_strength,0.4328209618727366,0.4318516646506328,0.4337902590948404,30
AI-enabled,141,network_density,0.056999793089178526,0.05690511493899082,0.05709447123936623,30
AI-enabled,141,mean_weighted_degree,4.416036587600355,4.404798464934469,4.427274710266241,30
AI-enabled,141,recent_active_tie_fraction,0.9131420386051787,0.910131525228658,0.9161525519816994,30
AI-enabled,141,mean_unique_peer_partners,10.697777777777778,10.665010888216543,10.730544667339014,30
AI-enabled,141,mean_peer_marginal,0.007734755630432153,0.007145545322103452,0.008323965938760853,30
AI-enabled,141,ai_reliability,0.7800000000000001,0.7800000000000001,0.7800000000000001,30
AI-enabled,142,peer_share,0.39333333333333326,0.3795792714364365,0.40708739523023,30
AI-enabled,142,ai_share,0.355925925925926,0.34193085906996346,0.3699209927818885,30
AI-enabled,142,hybrid_share,0.2507407407407407,0.23884578845271054,0.2626356930287709,30
AI-enabled,142,human_interaction_rate,0.6440740740740741,0.6300790072181116,0.6580691409300367,30
AI-enabled,142,ai_use_rate,0.6066666666666667,0.5929126047697699,0.6204207285635635,30
AI-enabled,142,mean_quality,0.596133988918212,0.5927691195556438,0.5994988582807802,30
AI-enabled,142,success_rate,0.45407407407407396,0.44066380885659895,0.467484339291549,30
AI-enabled,142,mean_knowledge,0.6504987921468037,0.6474670732089588,0.6535305110846487,30
AI-enabled,142,knowledge_rank_corr_with_initial,0.9889504335781589,0.9883757212244774,0.9895251459318405,30
AI-enabled,142,mean_ai_trust,0.5932408666846511,0.5926662382920898,0.5938154950772125,30
AI-enabled,142,mean_peer_trust,0.5673184911410014,0.5651485057684417,0.5694884765135612,30
AI-enabled,142,mean_tie_strength,0.43210348188877107,0.43113587172778955,0.4330710920497526,30
AI-enabled,142,network_density,0.057010138630250326,0.056915118674698825,0.05710515858580183,30
AI-enabled,142,mean_weighted_degree,4.409516125784979,4.398294090100642,4.420738161469315,30
AI-enabled,142,recent_active_tie_fraction,0.9130087019703921,0.9098637249342035,0.9161536790065806,30
AI-enabled,142,mean_unique_peer_partners,10.703333333333337,10.66992509957742,10.736741567089254,30
AI-enabled,142,mean_peer_marginal,0.008038711746832001,0.007385494714572523,0.00869192877909148,30
AI-enabled,142,ai_reliability,0.7800000000000001,0.7800000000000001,0.7800000000000001,30
AI-enabled,143,peer_share,0.39999999999999997,0.3848142776799708,0.41518572232002915,30
AI-enabled,143,ai_share,0.3509259259259259,0.33686579941747385,0.364986052434378,30
AI-enabled,143,hybrid_share,0.24907407407407406,0.23651937576292076,0.26162877238522736,30
AI-enabled,143,human_interaction_rate,0.649074074074074,0.635013947565622,0.663134200582526,30
AI-enabled,143,ai_use_rate,0.6,0.5848142776799707,0.6151857223200292,30
AI-enabled,143,mean_quality,0.5938090589362771,0.5909627626300938,0.5966553552424604,30
AI-enabled,143,success_rate,0.4468518518518517,0.4344326313124039,0.45927107239129955,30
AI-enabled,143,mean_knowledge,0.6512644260298501,0.6482358575297359,0.6542929945299644,30
AI-enabled,143,knowledge_rank_corr_with_initial,0.9888403482818237,0.988259185622837,0.9894215109408103,30
AI-enabled,143,mean_ai_trust,0.5932637506297204,0.5926371525506374,0.5938903487088033,30
AI-enabled,143,mean_peer_trust,0.5679706792036693,0.5657966262250883,0.5701447321822503,30
AI-enabled,143,mean_tie_strength,0.43139798641204835,0.4304333855166977,0.432362587307399,30
AI-enabled,143,network_density,0.05701427684667904,0.056918274145159556,0.05711027954819853,30
AI-enabled,143,mean_weighted_degree,4.402636813234399,4.3913649074050065,4.413908719063792,30
AI-enabled,143,recent_active_tie_fraction,0.9125819231181745,0.9092015928015252,0.9159622534348238,30
AI-enabled,143,mean_unique_peer_partners,10.708888888888891,10.675070083580705,10.742707694197078,30
AI-enabled,143,mean_peer_marginal,0.007935236793309118,0.007367282973287131,0.008503190613331105,30
AI-enabled,143,ai_reliability,0.7800000000000001,0.7800000000000001,0.7800000000000001,30
AI-enabled,144,peer_share,0.38018518518518524,0.36825348699521876,0.3921168833751517,30
AI-enabled,144,ai_share,0.3592592592592593,0.3449454783014824,0.37357304021703613,30
AI-enabled,144,hybrid_share,0.26055555555555554,0.24886678002404083,0.27224433108707025,30
AI-enabled,144,human_interaction_rate,0.6407407407407407,0.6264269597829639,0.6550545216985175,30
AI-enabled,144,ai_use_rate,0.6198148148148149,0.6078831166248484,0.6317465130047815,30
AI-enabled,144,mean_quality,0.5947758197052149,0.5913988728816553,0.5981527665287745,30
AI-enabled,144,success_rate,0.4427777777777777,0.4267723206542266,0.45878323490132883,30
AI-enabled,144,mean_knowledge,0.6520418906754796,0.6490158854379693,0.6550678959129899,30
AI-enabled,144,knowledge_rank_corr_with_initial,0.9887139963899336,0.9881226757243814,0.9893053170554859,30
AI-enabled,144,mean_ai_trust,0.5934594878441805,0.5928323753972566,0.5940866002911043,30
AI-enabled,144,mean_peer_trust,0.5686064938704173,0.5664322304420865,0.5707807572987481,30
AI-enabled,144,mean_tie_strength,0.43069143493970236,0.42972907147901923,0.4316537984003855,30
AI-enabled,144,network_density,0.05701841506310777,0.05692165632223084,0.0571151738039847,30
AI-enabled,144,mean_weighted_degree,4.395744510889053,4.384492505294985,4.4069965164831215,30
AI-enabled,144,recent_active_tie_fraction,0.9120798437286627,0.9085887779434165,0.9155709095139088,30
AI-enabled,144,mean_unique_peer_partners,10.712962962962964,10.67857529083475,10.747350635091177,30
AI-enabled,144,mean_peer_marginal,0.007629028808559904,0.007104997912392677,0.008153059704727132,30
AI-enabled,144,ai_reliability,0.7800000000000001,0.7800000000000001,0.7800000000000001,30
AI-enabled,145,peer_share,0.39981481481481473,0.3862335665527838,0.4133960630768457,30
AI-enabled,145,ai_share,0.35351851851851845,0.3379803697713966,0.3690566672656403,30
AI-enabled,145,hybrid_share,0.24666666666666665,0.23868598838719216,0.2546473449461411,30
AI-enabled,145,human_interaction_rate,0.6464814814814814,0.6309433327343597,0.6620196302286032,30
AI-enabled,145,ai_use_rate,0.6001851851851854,0.5866039369231544,0.6137664334472164,30
AI-enabled,145,mean_quality,0.5958155035312892,0.5924549758349716,0.5991760312276068,30
AI-enabled,145,success_rate,0.4477777777777777,0.43310293078050355,0.4624526247750519,30
AI-enabled,145,mean_knowledge,0.6528076407541904,0.6497851712603835,0.6558301102479973,30
AI-enabled,145,knowledge_rank_corr_with_initial,0.9885932017960942,0.9879955478371794,0.9891908557550091,30
AI-enabled,145,mean_ai_trust,0.5935040692115926,0.5928685300782129,0.5941396083449723,30
AI-enabled,145,mean_peer_trust,0.5692495127518972,0.5670710337638226,0.5714279917399717,30
AI-enabled,145,mean_tie_strength,0.4299841543038686,0.4290210363728058,0.4309472722349314,30
AI-enabled,145,network_density,0.05702462238775085,0.056926977405148835,0.057122267370352864,30
AI-enabled,145,mean_weighted_degree,4.3890024194010975,4.377765999880932,4.400238838921263,30
AI-enabled,145,recent_active_tie_fraction,0.9131761178017452,0.909381057013253,0.9169711785902375,30
AI-enabled,145,mean_unique_peer_partners,10.716296296296298,10.68133260103999,10.751259991552605,30
AI-enabled,145,mean_peer_marginal,0.0077107462393820846,0.006952829170942768,0.008468663307821402,30
AI-enabled,145,ai_reliability,0.7800000000000001,0.7800000000000001,0.7800000000000001,30
AI-enabled,146,peer_share,0.39537037037037037,0.385235567928007,0.40550517281273374,30
AI-enabled,146,ai_share,0.3494444444444445,0.33788332126594717,0.36100556762294184,30
AI-enabled,146,hybrid_share,0.2551851851851852,0.24521497920556545,0.2651553911648049,30
AI-enabled,146,human_interaction_rate,0.6505555555555556,0.6389944323770582,0.6621166787340529,30
AI-enabled,146,ai_use_rate,0.6046296296296296,0.5944948271872663,0.6147644320719929,30
AI-enabled,146,mean_quality,0.5953852029607037,0.5922354281141444,0.5985349778072631,30
AI-enabled,146,success_rate,0.4477777777777777,0.4347415897251352,0.4608139658304202,30
AI-enabled,146,mean_knowledge,0.6535692417285508,0.6505521137380694,0.6565863697190322,30
AI-enabled,146,knowledge_rank_corr_with_initial,0.9884804622442845,0.9878728072783056,0.9890881172102635,30
AI-enabled,146,mean_ai_trust,0.5937206690539252,0.5930695376462964,0.5943718004615539,30
AI-enabled,146,mean_peer_trust,0.5698994954427083,0.5677137146239429,0.5720852762614738,30
AI-enabled,146,mean_tie_strength,0.42927739918231966,0.4283201912590864,0.43023460710555295,30
AI-enabled,146,network_density,0.05703082971239393,0.05693387969812088,0.05712777972666697,30
AI-enabled,146,mean_weighted_degree,4.382268235815896,4.370962454065187,4.393574017566606,30
AI-enabled,146,recent_active_tie_fraction,0.9146725783789608,0.910764971498809,0.9185801852591126,30
AI-enabled,146,mean_unique_peer_partners,10.72,10.684889478488557,10.755110521511444,30
AI-enabled,146,mean_peer_marginal,0.00734067784633795,0.006784286669356915,0.007897069023318985,30
AI-enabled,146,ai_reliability,0.7800000000000001,0.7800000000000001,0.7800000000000001,30
AI-enabled,147,peer_share,0.40111111111111103,0.39011509272828443,0.41210712949393763,30
AI-enabled,147,ai_share,0.33907407407407403,0.3248002630146449,0.3533478851335032,30
AI-enabled,147,hybrid_share,0.2598148148148148,0.2470421584097952,0.27258747121983434,30
AI-enabled,147,human_interaction_rate,0.6609259259259261,0.646652114866497,0.6751997369853553,30
AI-enabled,147,ai_use_rate,0.5988888888888888,0.5878928705060622,0.6098849072717154,30
AI-enabled,147,mean_quality,0.5960184940586937,0.5933977494367613,0.5986392386806261,30
AI-enabled,147,success_rate,0.44518518518518513,0.4317550163116,0.45861535405877024,30
AI-enabled,147,mean_knowledge,0.6543235739848158,0.6513132601734547,0.6573338877961769,30
AI-enabled,147,knowledge_rank_corr_with_initial,0.9883610459886335,0.9877399243119289,0.9889821676653381,30
AI-enabled,147,mean_ai_trust,0.5936645229387455,0.5929702326979035,0.5943588131795875,30
AI-enabled,147,mean_peer_trust,0.5705634792645772,0.5683651818523503,0.5727617766768041,30
AI-enabled,147,mean_tie_strength,0.4285809149344762,0.4276254980397774,0.429536331829175,30
AI-enabled,147,network_density,0.05703496792882264,0.05693661405182586,0.057133321805819426,30
AI-enabled,147,mean_weighted_degree,4.3754750452218225,4.364151631797449,4.386798458646196,30
AI-enabled,147,recent_active_tie_fraction,0.9143123542336028,0.9103955481751967,0.9182291602920089,30
AI-enabled,147,mean_unique_peer_partners,10.722962962962963,10.687423394641224,10.758502531284703,30
AI-enabled,147,mean_peer_marginal,0.00794075449951607,0.007417996852860495,0.008463512146171645,30
AI-enabled,147,ai_reliability,0.7800000000000001,0.7800000000000001,0.7800000000000001,30
AI-enabled,148,peer_share,0.40388888888888885,0.392063796498294,0.4157139812794837,30
AI-enabled,148,ai_share,0.3464814814814815,0.33191948250682224,0.36104348045614076,30
AI-enabled,148,hybrid_share,0.2496296296296296,0.23591302125945604,0.26334623799980317,30
AI-enabled,148,human_interaction_rate,0.6535185185185185,0.6389565195438592,0.6680805174931778,30
AI-enabled,148,ai_use_rate,0.5961111111111111,0.5842860187205163,0.607936203501706,30
AI-enabled,148,mean_quality,0.5966083271573889,0.5940394921400989,0.5991771621746789,30
AI-enabled,148,success_rate,0.4501851851851851,0.43873843772769955,0.4616319326426706,30
AI-enabled,148,mean_knowledge,0.6550877966564355,0.6520819065630197,0.6580936867498512,30
AI-enabled,148,knowledge_rank_corr_with_initial,0.9882417713237212,0.987612621926381,0.9888709207210613,30
AI-enabled,148,mean_ai_trust,0.5937191380524391,0.5929857022048763,0.594452573900002,30
AI-enabled,148,mean_peer_trust,0.5712151288986206,0.5690100181758211,0.5734202396214201,30
AI-enabled,148,mean_tie_strength,0.427874755859375,0.42691988832421396,0.42882962339453606,30
AI-enabled,148,network_density,0.05704531346989442,0.05694547956703085,0.05714514737275799,30
AI-enabled,148,mean_weighted_degree,4.369057606767726,4.357697015839279,4.380418197696172,30
AI-enabled,148,recent_active_tie_fraction,0.9143276515688396,0.9104358992331189,0.9182194039045602,30
AI-enabled,148,mean_unique_peer_partners,10.727777777777778,10.691760129883951,10.763795425671605,30
AI-enabled,148,mean_peer_marginal,0.008144022045682901,0.007619437842156844,0.008668606249208958,30
AI-enabled,148,ai_reliability,0.7800000000000001,0.7800000000000001,0.7800000000000001,30
AI-enabled,149,peer_share,0.40129629629629626,0.38497380198610204,0.4176187906064905,30
AI-enabled,149,ai_share,0.35444444444444445,0.339254813818516,0.3696340750703729,30
AI-enabled,149,hybrid_share,0.24425925925925926,0.23371681795306556,0.254801700565453,30
AI-enabled,149,human_interaction_rate,0.6455555555555555,0.6303659249296272,0.6607451861814839,30
AI-enabled,149,ai_use_rate,0.5987037037037036,0.5823812093935093,0.6150261980138979,30
AI-enabled,149,mean_quality,0.5978675436788309,0.5947013577240686,0.6010337296335931,30
AI-enabled,149,success_rate,0.45444444444444443,0.440465645581633,0.4684232433072559,30
AI-enabled,149,mean_knowledge,0.6558437278920226,0.6528415402742912,0.658845915509754,30
AI-enabled,149,knowledge_rank_corr_with_initial,0.9881198206656862,0.9874868922968734,0.988752749034499,30
AI-enabled,149,mean_ai_trust,0.5938071892160759,0.593054616952026,0.5945597614801258,30
AI-enabled,149,mean_peer_trust,0.5718793352444966,0.569661012181829,0.5740976583071643,30
AI-enabled,149,mean_tie_strength,0.427180740237236,0.42622619037999165,0.42813529009448037,30
AI-enabled,149,network_density,0.057047382578108784,0.056945440040615865,0.0571493251156017,30
AI-enabled,149,mean_weighted_degree,4.362127710006856,4.3507426516704655,4.373512768343247,30
AI-enabled,149,recent_active_tie_fraction,0.9143282869650798,0.9106259330613447,0.918030640868815,30
AI-enabled,149,mean_unique_peer_partners,10.73111111111111,10.695530368444377,10.766691853777843,30
AI-enabled,149,mean_peer_marginal,0.008134056112178165,0.007590310896134111,0.008677801328222219,30
AI-enabled,149,ai_reliability,0.7800000000000001,0.7800000000000001,0.7800000000000001,30
AI-enabled,150,peer_share,0.39259259259259255,0.37792044243389616,0.40726474275128893,30
AI-enabled,150,ai_share,0.3568518518518518,0.34254481122392455,0.37115889247977907,30
AI-enabled,150,hybrid_share,0.25055555555555553,0.23633521245264935,0.2647758986584617,30
AI-enabled,150,human_interaction_rate,0.6431481481481481,0.6288411075202208,0.6574551887760754,30
AI-enabled,150,ai_use_rate,0.6074074074074075,0.5927352572487111,0.6220795575661039,30
AI-enabled,150,mean_quality,0.5955836357142795,0.5923211703250556,0.5988461011035034,30
AI-enabled,150,success_rate,0.4446296296296296,0.4302935763119647,0.4589656829472945,30
AI-enabled,150,mean_knowledge,0.6565981817974375,0.6535984587428587,0.6595979048520162,30
AI-enabled,150,knowledge_rank_corr_with_initial,0.9880003468670961,0.9873655121724363,0.988635181561756,30
AI-enabled,150,mean_ai_trust,0.5939274831445104,0.5931830080730826,0.5946719582159382,30
AI-enabled,150,mean_peer_trust,0.5725179274876913,0.5702895810029841,0.5747462739723984,30
AI-enabled,150,mean_tie_strength,0.4264776488145193,0.4255187636780518,0.42743653395098674,30
AI-enabled,150,network_density,0.05705565901096622,0.05695360749579194,0.05715771052614051,30
AI-enabled,150,mean_weighted_degree,4.355575902020489,4.344378489384355,4.366773314656624,30
AI-enabled,150,recent_active_tie_fraction,0.9147744108111805,0.9110380070621771,0.9185108145601839,30
AI-enabled,150,mean_unique_peer_partners,10.735555555555552,10.700041606157155,10.771069504953948,30
AI-enabled,150,mean_peer_marginal,0.007873099704392917,0.007433718720093929,0.008312480688691904,30
AI-enabled,150,ai_reliability,0.7800000000000001,0.7800000000000001,0.7800000000000001,30
Human-only benchmark,1,peer_share,1.0,1.0,1.0,30
Human-only benchmark,1,ai_share,0.0,0.0,0.0,30
Human-only benchmark,1,hybrid_share,0.0,0.0,0.0,30
Human-only benchmark,1,human_interaction_rate,1.0,1.0,1.0,30
Human-only benchmark,1,ai_use_rate,0.0,0.0,0.0,30
Human-only benchmark,1,mean_quality,0.49308007342661525,0.48953132433935304,0.49662882251387747,30
Human-only benchmark,1,success_rate,0.21,0.20073225217228954,0.21926774782771044,30
Human-only benchmark,1,mean_knowledge,0.5196765358364225,0.5160180757928013,0.5233349958800436,30
Human-only benchmark,1,knowledge_rank_corr_with_initial,0.9999958586946229,0.9999955109863986,0.9999962064028473,30
Human-only benchmark,1,mean_ai_trust,0.0,0.0,0.0,30
Human-only benchmark,1,mean_peer_trust,0.5006335745255153,0.5001861364617345,0.501081012589296,30
Human-only benchmark,1,mean_tie_strength,0.5492407739162445,0.5479946767537233,0.5504868710787657,30
Human-only benchmark,1,network_density,0.05588247465342427,0.05587204949608268,0.05589289981076585,30
Human-only benchmark,1,mean_weighted_degree,5.494036784392817,5.481428568996993,5.506644999788641,30
Human-only benchmark,1,recent_active_tie_fraction,0.18979557693098198,0.18872013554843164,0.19087101831353231,30
Human-only benchmark,1,mean_unique_peer_partners,1.9044444444444442,1.8943637181576087,1.9145251707312796,30
Human-only benchmark,1,mean_peer_marginal,0.017886688982409644,0.017210413316887267,0.018562964647932022,30
Human-only benchmark,1,ai_reliability,0.7800000000000001,0.7800000000000001,0.7800000000000001,30
Human-only benchmark,2,peer_share,1.0,1.0,1.0,30
Human-only benchmark,2,ai_share,0.0,0.0,0.0,30
Human-only benchmark,2,hybrid_share,0.0,0.0,0.0,30
Human-only benchmark,2,human_interaction_rate,1.0,1.0,1.0,30
Human-only benchmark,2,ai_use_rate,0.0,0.0,0.0,30
Human-only benchmark,2,mean_quality,0.4916262479785104,0.48773936659086853,0.49551312936615227,30
Human-only benchmark,2,success_rate,0.20537037037037037,0.19448171437484413,0.2162590263658966,30
Human-only benchmark,2,mean_knowledge,0.5205776276872499,0.516917918123326,0.5242373372511738,30
Human-only benchmark,2,knowledge_rank_corr_with_initial,0.9999910420062805,0.999990476382551,0.99999160763001,30
Human-only benchmark,2,mean_ai_trust,0.0,0.0,0.0,30
Human-only benchmark,2,mean_peer_trust,0.5008988628784815,0.5004440981633789,0.5013536275935842,30
Human-only benchmark,2,mean_tie_strength,0.5484357297420501,0.5471807894720297,0.5496906700120705,30
Human-only benchmark,2,network_density,0.05589902751913915,0.055883232616001755,0.05591482242227655,30
Human-only benchmark,2,mean_weighted_degree,5.48760399028107,5.47516112274868,5.50004685781346,30
Human-only benchmark,2,recent_active_tie_fraction,0.3446475541078015,0.3423218723952912,0.3469732358203118,30
Human-only benchmark,2,mean_unique_peer_partners,3.46,3.436439082867808,3.4835609171321917,30
Human-only benchmark,2,mean_peer_marginal,0.017802894326813968,0.017199979736828158,0.018405808916799778,30
Human-only benchmark,2,ai_reliability,0.7800000000000001,0.7800000000000001,0.7800000000000001,30
Human-only benchmark,3,peer_share,1.0,1.0,1.0,30
Human-only benchmark,3,ai_share,0.0,0.0,0.0,30
Human-only benchmark,3,hybrid_share,0.0,0.0,0.0,30
Human-only benchmark,3,human_interaction_rate,1.0,1.0,1.0,30
Human-only benchmark,3,ai_use_rate,0.0,0.0,0.0,30
Human-only benchmark,3,mean_quality,0.49176524184931547,0.4880824752318766,0.49544800846675435,30
Human-only benchmark,3,success_rate,0.20962962962962958,0.1967499532712111,0.22250930598804808,30
Human-only benchmark,3,mean_knowledge,0.5214808844806212,0.5178203180121915,0.525141450949051,30
Human-only benchmark,3,knowledge_rank_corr_with_initial,0.9999851283892254,0.9999843144502711,0.9999859423281796,30
Human-only benchmark,3,mean_ai_trust,0.0,0.0,0.0,30
Human-only benchmark,3,mean_peer_trust,0.5011445929606756,0.5006991478673104,0.5015900380540408,30
Human-only benchmark,3,mean_tie_strength,0.5476006845633189,0.5463624084390679,0.5488389606875699,30
Human-only benchmark,3,network_density,0.055923856817711476,0.055902829552347724,0.05594488408307523,30
Human-only benchmark,3,mean_weighted_degree,5.481688275204764,5.468960175671192,5.494416374738336,30
Human-only benchmark,3,recent_active_tie_fraction,0.4670329417949998,0.46317799052228287,0.4708878930677168,30
Human-only benchmark,3,mean_unique_peer_partners,4.6903703703703705,4.650698467813759,4.730042272926982,30
Human-only benchmark,3,mean_peer_marginal,0.017846804976485983,0.017286588768736132,0.018407021184235834,30
Human-only benchmark,3,ai_reliability,0.7800000000000001,0.7800000000000001,0.7800000000000001,30
Human-only benchmark,4,peer_share,1.0,1.0,1.0,30
Human-only benchmark,4,ai_share,0.0,0.0,0.0,30
Human-only benchmark,4,hybrid_share,0.0,0.0,0.0,30
Human-only benchmark,4,human_interaction_rate,1.0,1.0,1.0,30
Human-only benchmark,4,ai_use_rate,0.0,0.0,0.0,30
Human-only benchmark,4,mean_quality,0.4929075675776957,0.48960655613525883,0.4962085790201326,30
Human-only benchmark,4,success_rate,0.21222222222222223,0.1998903361056618,0.22455410833878267,30
Human-only benchmark,4,mean_knowledge,0.5223787924458637,0.5187183915652173,0.5260391933265102,30
Human-only benchmark,4,knowledge_rank_corr_with_initial,0.9999780932241972,0.9999768023251321,0.9999793841232623,30
Human-only benchmark,4,mean_ai_trust,0.0,0.0,0.0,30
Human-only benchmark,4,mean_peer_trust,0.5014218231042226,0.5009796724154512,0.501863973792994,30
Human-only benchmark,4,mean_tie_strength,0.5467720250288646,0.5455450009517179,0.5479990491060113,30
Human-only benchmark,4,network_density,0.055946617008069445,0.05591862351489263,0.05597461050124626,30
Human-only benchmark,4,mean_weighted_degree,5.47562414902228,5.46265671376437,5.488591584280189,30
Human-only benchmark,4,recent_active_tie_fraction,0.5662554668778855,0.562274824337797,0.5702361094179741,30
Human-only benchmark,4,mean_unique_peer_partners,5.689259259259259,5.64921875345812,5.729299765060398,30
Human-only benchmark,4,mean_peer_marginal,0.017557318286510873,0.016823250983426963,0.018291385589594783,30
Human-only benchmark,4,ai_reliability,0.7800000000000001,0.7800000000000001,0.7800000000000001,30
Human-only benchmark,5,peer_share,1.0,1.0,1.0,30
Human-only benchmark,5,ai_share,0.0,0.0,0.0,30
Human-only benchmark,5,hybrid_share,0.0,0.0,0.0,30
Human-only benchmark,5,human_interaction_rate,1.0,1.0,1.0,30
Human-only benchmark,5,ai_use_rate,0.0,0.0,0.0,30
Human-only benchmark,5,mean_quality,0.49362452612281577,0.49014348370314215,0.4971055685424894,30
Human-only benchmark,5,success_rate,0.21722222222222218,0.20508500965812698,0.22935943478631737,30
Human-only benchmark,5,mean_knowledge,0.5232700033865224,0.5196091935970764,0.5269308131759685,30
Human-only benchmark,5,knowledge_rank_corr_with_initial,0.9999706694870714,0.9999690389012379,0.9999723000729048,30
Human-only benchmark,5,mean_ai_trust,0.0,0.0,0.0,30
Human-only benchmark,5,mean_peer_trust,0.501704270641009,0.5012643029788455,0.5021442383031725,30
Human-only benchmark,5,mean_tie_strength,0.5459649701913197,0.544746207483292,0.5471837328993474,30
Human-only benchmark,5,network_density,0.05596316987378433,0.055928371008625584,0.055997968738943076,30
Human-only benchmark,5,mean_weighted_degree,5.469160965107105,5.456038082355132,5.482283847859078,30
Human-only benchmark,5,recent_active_tie_fraction,0.6476818932054549,0.6437041564732275,0.6516596299376822,30
Human-only benchmark,5,mean_unique_peer_partners,6.513703703703703,6.471593803895695,6.5558136035117105,30
Human-only benchmark,5,mean_peer_marginal,0.01717151379634837,0.016569332187413854,0.017773695405282883,30
Human-only benchmark,5,ai_reliability,0.7800000000000001,0.7800000000000001,0.7800000000000001,30
Human-only benchmark,6,peer_share,1.0,1.0,1.0,30
Human-only benchmark,6,ai_share,0.0,0.0,0.0,30
Human-only benchmark,6,hybrid_share,0.0,0.0,0.0,30
Human-only benchmark,6,human_interaction_rate,1.0,1.0,1.0,30
Human-only benchmark,6,ai_use_rate,0.0,0.0,0.0,30
Human-only benchmark,6,mean_quality,0.4957287967723639,0.4922838986229463,0.49917369492178154,30
Human-only benchmark,6,success_rate,0.22388888888888886,0.2155882926568147,0.23218948512096302,30
Human-only benchmark,6,mean_knowledge,0.5241656844528987,0.5205046184062889,0.5278267504995084,30
Human-only benchmark,6,knowledge_rank_corr_with_initial,0.9999619604488144,0.9999598587144911,0.9999640621831376,30
Human-only benchmark,6,mean_ai_trust,0.0,0.0,0.0,30
Human-only benchmark,6,mean_peer_trust,0.5019820868968964,0.5015367865400883,0.5024273872537045,30
Human-only benchmark,6,mean_tie_strength,0.5450929840405782,0.5438489072731223,0.546337060808034,30
Human-only benchmark,6,network_density,0.055998344713428454,0.05595855367301175,0.056038135753845156,30
Human-only benchmark,6,mean_weighted_degree,5.463845699142526,5.451084059407476,5.476607338877576,30
Human-only benchmark,6,recent_active_tie_fraction,0.71264111588682,0.7088360399142944,0.7164461918593455,30
Human-only benchmark,6,mean_unique_peer_partners,7.174814814814814,7.135380024370006,7.2142496052596226,30
Human-only benchmark,6,mean_peer_marginal,0.017223315596397715,0.01668420082806925,0.017762430364726182,30
Human-only benchmark,6,ai_reliability,0.7800000000000001,0.7800000000000001,0.7800000000000001,30
Human-only benchmark,7,peer_share,1.0,1.0,1.0,30
Human-only benchmark,7,ai_share,0.0,0.0,0.0,30
Human-only benchmark,7,hybrid_share,0.0,0.0,0.0,30
Human-only benchmark,7,human_interaction_rate,1.0,1.0,1.0,30
Human-only benchmark,7,ai_use_rate,0.0,0.0,0.0,30
Human-only benchmark,7,mean_quality,0.4941485944724712,0.4905235756518976,0.49777361329304487,30
Human-only benchmark,7,success_rate,0.2162962962962963,0.20587489953112778,0.2267176930614648,30
Human-only benchmark,7,mean_knowledge,0.5250535445897581,0.5213899240906633,0.5287171650888528,30
Human-only benchmark,7,knowledge_rank_corr_with_initial,0.9999526729419863,0.9999501674097624,0.9999551784742102,30
Human-only benchmark,7,mean_ai_trust,0.0,0.0,0.0,30
Human-only benchmark,7,mean_peer_trust,0.5022816717624664,0.5018143239731198,0.5027490195518131,30
Human-only benchmark,7,mean_tie_strength,0.5442748725414276,0.5430136150218187,0.5455361300610365,30
Human-only benchmark,7,network_density,0.056019035795572054,0.055976981264844544,0.056061090326299565,30
Human-only benchmark,7,mean_weighted_degree,5.457651624988626,5.445225946143729,5.4700773038335235,30
Human-only benchmark,7,recent_active_tie_fraction,0.7663046802716305,0.7622636700218006,0.7703456905214603,30
Human-only benchmark,7,mean_unique_peer_partners,7.72074074074074,7.678363163032276,7.763118318449204,30
Human-only benchmark,7,mean_peer_marginal,0.017161188866001525,0.01647465862233251,0.017847719109670538,30
Human-only benchmark,7,ai_reliability,0.7800000000000001,0.7800000000000001,0.7800000000000001,30
Human-only benchmark,8,peer_share,1.0,1.0,1.0,30
Human-only benchmark,8,ai_share,0.0,0.0,0.0,30
Human-only benchmark,8,hybrid_share,0.0,0.0,0.0,30
Human-only benchmark,8,human_interaction_rate,1.0,1.0,1.0,30
Human-only benchmark,8,ai_use_rate,0.0,0.0,0.0,30
Human-only benchmark,8,mean_quality,0.49637143315788185,0.4930210658121598,0.4997218005036039,30
Human-only benchmark,8,success_rate,0.21814814814814815,0.20695771587354614,0.22933858042275015,30
Human-only benchmark,8,mean_knowledge,0.5259535758474777,0.5222879276941187,0.5296192240008367,30
Human-only benchmark,8,knowledge_rank_corr_with_initial,0.9999425693199508,0.9999393253167334,0.9999458133231683,30
Human-only benchmark,8,mean_ai_trust,0.0,0.0,0.0,30
Human-only benchmark,8,mean_peer_trust,0.5025956690311432,0.5021180264709145,0.5030733115913718,30
Human-only benchmark,8,mean_tie_strength,0.5434837977091471,0.5422270062033773,0.544740589214917,30
Human-only benchmark,8,network_density,0.056033519553072564,0.055992168386866804,0.05607487071927832,30
Human-only benchmark,8,mean_weighted_degree,5.451129893991682,5.438667536142442,5.463592251840923,30
Human-only benchmark,8,recent_active_tie_fraction,0.8089795825178093,0.8046100332064635,0.8133491318291551,30
Human-only benchmark,8,mean_unique_peer_partners,8.155925925925926,8.111353565235738,8.200498286616114,30
Human-only benchmark,8,mean_peer_marginal,0.01753885386371528,0.01699531682671338,0.018082390900717178,30
Human-only benchmark,8,ai_reliability,0.7800000000000001,0.7800000000000001,0.7800000000000001,30
Human-only benchmark,9,peer_share,1.0,1.0,1.0,30
Human-only benchmark,9,ai_share,0.0,0.0,0.0,30
Human-only benchmark,9,hybrid_share,0.0,0.0,0.0,30
Human-only benchmark,9,human_interaction_rate,1.0,1.0,1.0,30
Human-only benchmark,9,ai_use_rate,0.0,0.0,0.0,30
Human-only benchmark,9,mean_quality,0.49582076384589563,0.49227426123523377,0.4993672664565575,30
Human-only benchmark,9,success_rate,0.21685185185185185,0.20720618688772027,0.22649751681598343,30
Human-only benchmark,9,mean_knowledge,0.5268574247418482,0.5231893690164812,0.5305254804672151,30
Human-only benchmark,9,knowledge_rank_corr_with_initial,0.9999313229785556,0.9999271307110306,0.9999355152460806,30
Human-only benchmark,9,mean_ai_trust,0.0,0.0,0.0,30
Human-only benchmark,9,mean_peer_trust,0.5029291113217672,0.5024282973666427,0.5034299252768917,30
Human-only benchmark,9,mean_tie_strength,0.5426920016606649,0.5414355755907332,0.5439484277305966,30
Human-only benchmark,9,network_density,0.05605007241878744,0.0560076887892437,0.056092456048331185,30
Human-only benchmark,9,mean_weighted_degree,5.444794868893093,5.43237593672272,5.4572138010634665,30
Human-only benchmark,9,recent_active_tie_fraction,0.846137794252909,0.8419836455660368,0.8502919429397813,30
Human-only benchmark,9,mean_unique_peer_partners,8.534814814814814,8.494196614436515,8.575433015193113,30
Human-only benchmark,9,mean_peer_marginal,0.018156101714218567,0.017396160226949783,0.01891604320148735,30
Human-only benchmark,9,ai_reliability,0.7800000000000001,0.7800000000000001,0.7800000000000001,30
Human-only benchmark,10,peer_share,1.0,1.0,1.0,30
Human-only benchmark,10,ai_share,0.0,0.0,0.0,30
Human-only benchmark,10,hybrid_share,0.0,0.0,0.0,30
Human-only benchmark,10,human_interaction_rate,1.0,1.0,1.0,30
Human-only benchmark,10,ai_use_rate,0.0,0.0,0.0,30
Human-only benchmark,10,mean_quality,0.4987110161611697,0.4949818899360288,0.5024401423863105,30
Human-only benchmark,10,success_rate,0.22296296296296295,0.21148708365818,0.2344388422677459,30
Human-only benchmark,10,mean_knowledge,0.527759495044552,0.5240894578563632,0.5314295322327408,30
Human-only benchmark,10,knowledge_rank_corr_with_initial,0.9999184268835523,0.9999132351144863,0.9999236186526183,30
Human-only benchmark,10,mean_ai_trust,0.0,0.0,0.0,30
Human-only benchmark,10,mean_peer_trust,0.5032697200775147,0.5027423550926643,0.5037970850623651,30
Human-only benchmark,10,mean_tie_strength,0.5418939669926961,0.5406427203757874,0.5431452136096048,30
Human-only benchmark,10,network_density,0.05606869439271667,0.05602482869829819,0.056112560087135145,30
Human-only benchmark,10,mean_weighted_degree,5.438595098610278,5.426142827898022,5.451047369322533,30
Human-only benchmark,10,recent_active_tie_fraction,0.8755262626380288,0.8711080697783143,0.8799444554977432,30
Human-only benchmark,10,mean_unique_peer_partners,8.835555555555553,8.791872106350837,8.879239004760269,30
Human-only benchmark,10,mean_peer_marginal,0.017968336680484157,0.017366878961181036,0.018569794399787277,30
Human-only benchmark,10,ai_reliability,0.7800000000000001,0.7800000000000001,0.7800000000000001,30
Human-only benchmark,11,peer_share,1.0,1.0,1.0,30
Human-only benchmark,11,ai_share,0.0,0.0,0.0,30
Human-only benchmark,11,hybrid_share,0.0,0.0,0.0,30
Human-only benchmark,11,human_interaction_rate,1.0,1.0,1.0,30
Human-only benchmark,11,ai_use_rate,0.0,0.0,0.0,30
Human-only benchmark,11,mean_quality,0.49858332718947945,0.49498869934143125,0.5021779550375277,30
Human-only benchmark,11,success_rate,0.22537037037037033,0.21483919587023412,0.23590154487050655,30
Human-only benchmark,11,mean_knowledge,0.5286534487311235,0.524982685616215,0.5323242118460321,30
Human-only benchmark,11,knowledge_rank_corr_with_initial,0.9999059955456634,0.9998999549703158,0.999912036121011,30
Human-only benchmark,11,mean_ai_trust,0.0,0.0,0.0,30
Human-only benchmark,11,mean_peer_trust,0.5036079744497935,0.5030615508875803,0.5041543980120068,30
Human-only benchmark,11,mean_tie_strength,0.5410791595776876,0.5398114397958091,0.542346879359566,30
Human-only benchmark,11,network_density,0.056091454583074636,0.056041822980043274,0.056141086186106,30
Human-only benchmark,11,mean_weighted_degree,5.432612541869835,5.420377174800071,5.444847908939599,30
Human-only benchmark,11,recent_active_tie_fraction,0.8994059705384615,0.8953130476281995,0.9034988934487235,30
Human-only benchmark,11,mean_unique_peer_partners,9.084444444444445,9.041692202744057,9.127196686144833,30
Human-only benchmark,11,mean_peer_marginal,0.017374994348767284,0.01684037996670136,0.017909608730833207,30
Human-only benchmark,11,ai_reliability,0.7800000000000001,0.7800000000000001,0.7800000000000001,30
Human-only benchmark,12,peer_share,1.0,1.0,1.0,30
Human-only benchmark,12,ai_share,0.0,0.0,0.0,30
Human-only benchmark,12,hybrid_share,0.0,0.0,0.0,30
Human-only benchmark,12,human_interaction_rate,1.0,1.0,1.0,30
Human-only benchmark,12,ai_use_rate,0.0,0.0,0.0,30
Human-only benchmark,12,mean_quality,0.5013131825465886,0.49802184908594876,0.5046045160072286,30
Human-only benchmark,12,success_rate,0.2398148148148148,0.22766863948511812,0.25196099014451145,30
Human-only benchmark,12,mean_knowledge,0.5295563221020603,0.5258832309616029,0.5332294132425176,30
Human-only benchmark,12,knowledge_rank_corr_with_initial,0.9998905102806734,0.9998835201067829,0.9998975004545639,30
Human-only benchmark,12,mean_ai_trust,0.0,0.0,0.0,30
Human-only benchmark,12,mean_peer_trust,0.50397403438886,0.5034012702410317,0.5045467985366884,30
Human-only benchmark,12,mean_tie_strength,0.5402896801630656,0.5390287329804521,0.541550627345679,30
Human-only benchmark,12,network_density,0.056108007448789514,0.05605768391051127,0.05615833098706776,30
Human-only benchmark,12,mean_weighted_degree,5.42628851334254,5.413973138810522,5.4386038878745575,30
Human-only benchmark,12,recent_active_tie_fraction,0.9172104466214038,0.9137379299434779,0.9206829632993297,30
Human-only benchmark,12,mean_unique_peer_partners,9.271851851851853,9.235165004018736,9.30853869968497,30
Human-only benchmark,12,mean_peer_marginal,0.0177187259933259,0.017115065456609475,0.018322386530042322,30
Human-only benchmark,12,ai_reliability,0.7800000000000001,0.7800000000000001,0.7800000000000001,30
Human-only benchmark,13,peer_share,1.0,1.0,1.0,30
Human-only benchmark,13,ai_share,0.0,0.0,0.0,30
Human-only benchmark,13,hybrid_share,0.0,0.0,0.0,30
Human-only benchmark,13,human_interaction_rate,1.0,1.0,1.0,30
Human-only benchmark,13,ai_use_rate,0.0,0.0,0.0,30
Human-only benchmark,13,mean_quality,0.4982229187872539,0.4945917218003533,0.5018541157741545,30
Human-only benchmark,13,success_rate,0.21703703703703703,0.20743068304556608,0.22664339102850797,30
Human-only benchmark,13,mean_knowledge,0.5304512458955861,0.5267772120637503,0.534125279727422,30
Human-only benchmark,13,knowledge_rank_corr_with_initial,0.9998750936615267,0.9998671541334041,0.9998830331896493,30
Human-only benchmark,13,mean_ai_trust,0.0,0.0,0.0,30
Human-only benchmark,13,mean_peer_trust,0.5042963067690531,0.5036999241418162,0.5048926893962901,30
Human-only benchmark,13,mean_tie_strength,0.539463359117508,0.5381977097957151,0.5407290084393008,30
Human-only benchmark,13,network_density,0.0561349058555762,0.05608034894070657,0.05618946277044583,30
Human-only benchmark,13,mean_weighted_degree,5.420582814172462,5.408312419594315,5.432853208750609,30
Human-only benchmark,13,recent_active_tie_fraction,0.9323638070529016,0.9294904165271501,0.935237197578653,30
Human-only benchmark,13,mean_unique_peer_partners,9.434444444444445,9.403161273944244,9.465727614944646,30
Human-only benchmark,13,mean_peer_marginal,0.017483570693566992,0.01692115809821605,0.018045983288917936,30
Human-only benchmark,13,ai_reliability,0.7800000000000001,0.7800000000000001,0.7800000000000001,30
Human-only benchmark,14,peer_share,1.0,1.0,1.0,30
Human-only benchmark,14,ai_share,0.0,0.0,0.0,30
Human-only benchmark,14,hybrid_share,0.0,0.0,0.0,30
Human-only benchmark,14,human_interaction_rate,1.0,1.0,1.0,30
Human-only benchmark,14,ai_use_rate,0.0,0.0,0.0,30
Human-only benchmark,14,mean_quality,0.5015233338007468,0.49746388777871514,0.5055827798227783,30
Human-only benchmark,14,success_rate,0.23148148148148145,0.21969178893497263,0.24327117402799028,30
Human-only benchmark,14,mean_knowledge,0.5313534170979045,0.5276758412148269,0.5350309929809821,30
Human-only benchmark,14,knowledge_rank_corr_with_initial,0.9998578685249918,0.999848443911214,0.9998672931387697,30
Human-only benchmark,14,mean_ai_trust,0.0,0.0,0.0,30
Human-only benchmark,14,mean_peer_trust,0.5046704451243083,0.5040434470465638,0.5052974432020527,30
Human-only benchmark,14,mean_tie_strength,0.538701868057251,0.5374364430465485,0.5399672930679534,30
Human-only benchmark,14,network_density,0.05614525139664799,0.05608790764662681,0.05620259514666918,30
Human-only benchmark,14,mean_weighted_degree,5.413927450268358,5.4016294971436185,5.426225403393097,30
Human-only benchmark,14,recent_active_tie_fraction,0.9458274849935245,0.9433644792468459,0.9482904907402032,30
Human-only benchmark,14,mean_unique_peer_partners,9.575555555555555,9.54761919736633,9.60349191374478,30
Human-only benchmark,14,mean_peer_marginal,0.01795139982321064,0.017255317733351785,0.018647481913069492,30
Human-only benchmark,14,ai_reliability,0.7800000000000001,0.7800000000000001,0.7800000000000001,30
Human-only benchmark,15,peer_share,1.0,1.0,1.0,30
Human-only benchmark,15,ai_share,0.0,0.0,0.0,30
Human-only benchmark,15,hybrid_share,0.0,0.0,0.0,30
Human-only benchmark,15,human_interaction_rate,1.0,1.0,1.0,30
Human-only benchmark,15,ai_use_rate,0.0,0.0,0.0,30
Human-only benchmark,15,mean_quality,0.5026671661490093,0.4987651891107813,0.5065691431872372,30
Human-only benchmark,15,success_rate,0.2361111111111111,0.22261462545569718,0.24960759676652503,30
Human-only benchmark,15,mean_knowledge,0.5322546655158457,0.5285747877561081,0.5359345432755832,30
Human-only benchmark,15,knowledge_rank_corr_with_initial,0.9998400022219307,0.9998294564304254,0.999850548013436,30
Human-only benchmark,15,mean_ai_trust,0.0,0.0,0.0,30
Human-only benchmark,15,mean_peer_trust,0.5050068477789561,0.50435532726762,0.5056583682902922,30
Human-only benchmark,15,mean_tie_strength,0.5378943959871928,0.5366294092674292,0.5391593827069564,30
Human-only benchmark,15,network_density,0.05616801158700595,0.05611003063489917,0.05622599253911272,30
Human-only benchmark,15,mean_weighted_degree,5.4080029639049805,5.395719671425006,5.420286256384955,30
Human-only benchmark,15,recent_active_tie_fraction,0.9550236445451106,0.9526116530210663,0.9574356360691548,30
Human-only benchmark,15,mean_unique_peer_partners,9.677407407407406,9.649257617778881,9.705557197035931,30
Human-only benchmark,15,mean_peer_marginal,0.017589860330303506,0.01690977669062428,0.01826994396998273,30
Human-only benchmark,15,ai_reliability,0.7800000000000001,0.7800000000000001,0.7800000000000001,30
Human-only benchmark,16,peer_share,1.0,1.0,1.0,30
Human-only benchmark,16,ai_share,0.0,0.0,0.0,30
Human-only benchmark,16,hybrid_share,0.0,0.0,0.0,30
Human-only benchmark,16,human_interaction_rate,1.0,1.0,1.0,30
Human-only benchmark,16,ai_use_rate,0.0,0.0,0.0,30
Human-only benchmark,16,mean_quality,0.5030293026149233,0.4997179211188919,0.5063406841109547,30
Human-only benchmark,16,success_rate,0.23499999999999996,0.22456129291734245,0.24543870708265747,30
Human-only benchmark,16,mean_knowledge,0.5331540499309947,0.5294790649563178,0.5368290349056716,30
Human-only benchmark,16,knowledge_rank_corr_with_initial,0.9998210946112941,0.9998093280898983,0.9998328611326899,30
Human-only benchmark,16,mean_ai_trust,0.0,0.0,0.0,30
Human-only benchmark,16,mean_peer_trust,0.5053662518660228,0.5046920305467822,0.5060404731852634,30
Human-only benchmark,16,mean_tie_strength,0.5370808025201161,0.5358159936992716,0.5383456113409607,30
Human-only benchmark,16,network_density,0.056192840885578264,0.05613447777732526,0.05625120399383127,30
Human-only benchmark,16,mean_weighted_degree,5.402208811927726,5.389986874406766,5.414430749448686,30
Human-only benchmark,16,recent_active_tie_fraction,0.9633998936968646,0.9613199621589373,0.9654798252347919,30
Human-only benchmark,16,mean_unique_peer_partners,9.76888888888889,9.74234719038698,9.7954305873908,30
Human-only benchmark,16,mean_peer_marginal,0.017624231057869526,0.01707716376372198,0.01817129835201707,30
Human-only benchmark,16,ai_reliability,0.7800000000000001,0.7800000000000001,0.7800000000000001,30
Human-only benchmark,17,peer_share,1.0,1.0,1.0,30
Human-only benchmark,17,ai_share,0.0,0.0,0.0,30
Human-only benchmark,17,hybrid_share,0.0,0.0,0.0,30
Human-only benchmark,17,human_interaction_rate,1.0,1.0,1.0,30
Human-only benchmark,17,ai_use_rate,0.0,0.0,0.0,30
Human-only benchmark,17,mean_quality,0.5007321837574519,0.4975135131641526,0.5039508543507512,30
Human-only benchmark,17,success_rate,0.2275925925925926,0.21943020908479804,0.23575497610038715,30
Human-only benchmark,17,mean_knowledge,0.5340403448491916,0.5303653634987384,0.5377153261996448,30
Human-only benchmark,17,knowledge_rank_corr_with_initial,0.9998021699223504,0.9997889773496336,0.9998153624950672,30
Human-only benchmark,17,mean_ai_trust,0.0,0.0,0.0,30
Human-only benchmark,17,mean_peer_trust,0.5057394584019979,0.5050388891420791,0.5064400276619166,30
Human-only benchmark,17,mean_tie_strength,0.5362954755624135,0.5350349486286313,0.5375560024961957,30
Human-only benchmark,17,network_density,0.05620939375129314,0.05615046205522415,0.056268325447362134,30
Human-only benchmark,17,mean_weighted_degree,5.395899265209833,5.38365375354675,5.408144776872915,30
Human-only benchmark,17,recent_active_tie_fraction,0.9701821125321265,0.9684038599072248,0.9719603651570282,30
Human-only benchmark,17,mean_unique_peer_partners,9.844074074074076,9.819240412989018,9.868907735159134,30
Human-only benchmark,17,mean_peer_marginal,0.017264591934238585,0.016654066532151634,0.017875117336325536,30
Human-only benchmark,17,ai_reliability,0.7800000000000001,0.7800000000000001,0.7800000000000001,30
Human-only benchmark,18,peer_share,1.0,1.0,1.0,30
Human-only benchmark,18,ai_share,0.0,0.0,0.0,30
Human-only benchmark,18,hybrid_share,0.0,0.0,0.0,30
Human-only benchmark,18,human_interaction_rate,1.0,1.0,1.0,30
Human-only benchmark,18,ai_use_rate,0.0,0.0,0.0,30
Human-only benchmark,18,mean_quality,0.5028519324826006,0.49917051569316995,0.5065333492720313,30
Human-only benchmark,18,success_rate,0.23166666666666663,0.21712846515685685,0.2462048681764764,30
Human-only benchmark,18,mean_knowledge,0.5349342222896996,0.5312611239755881,0.538607320603811,30
Human-only benchmark,18,knowledge_rank_corr_with_initial,0.9997820926858926,0.9997673015501385,0.9997968838216467,30
Human-only benchmark,18,mean_ai_trust,0.0,0.0,0.0,30
Human-only benchmark,18,mean_peer_trust,0.5061119337876637,0.5053850571555168,0.5068388104198106,30
Human-only benchmark,18,mean_tie_strength,0.5354708552360534,0.53420978534723,0.5367319251248769,30
Human-only benchmark,18,network_density,0.05623836126629419,0.056180615099055066,0.05629610743353331,30
Human-only benchmark,18,mean_weighted_degree,5.3903778598043655,5.378234245514351,5.40252147409438,30
Human-only benchmark,18,recent_active_tie_fraction,0.9754207320837172,0.973956117630454,0.9768853465369803,30
Human-only benchmark,18,mean_unique_peer_partners,9.905925925925926,9.88191251269211,9.929939339159741,30
Human-only benchmark,18,mean_peer_marginal,0.017535690661729244,0.01690202094845336,0.018169360375005127,30
Human-only benchmark,18,ai_reliability,0.7800000000000001,0.7800000000000001,0.7800000000000001,30
Human-only benchmark,19,peer_share,1.0,1.0,1.0,30
Human-only benchmark,19,ai_share,0.0,0.0,0.0,30
Human-only benchmark,19,hybrid_share,0.0,0.0,0.0,30
Human-only benchmark,19,human_interaction_rate,1.0,1.0,1.0,30
Human-only benchmark,19,ai_use_rate,0.0,0.0,0.0,30
Human-only benchmark,19,mean_quality,0.5051663229982347,0.501248767341056,0.5090838786554135,30
Human-only benchmark,19,success_rate,0.23648148148148146,0.2215452028937207,0.2514177600692422,30
Human-only benchmark,19,mean_knowledge,0.5358253794926339,0.5321515445433647,0.5394992144419031,30
Human-only benchmark,19,knowledge_rank_corr_with_initial,0.9997615274450685,0.9997457451399531,0.999777309750184,30
Human-only benchmark,19,mean_ai_trust,0.0,0.0,0.0,30
Human-only benchmark,19,mean_peer_trust,0.5064796169598897,0.5057217225631895,0.50723751135659,30
Human-only benchmark,19,mean_tie_strength,0.5346743325392406,0.5334231174581413,0.5359255476203398,30
Human-only benchmark,19,network_density,0.056259052348437776,0.056199932338285206,0.056318172358590345,30
Human-only benchmark,19,mean_weighted_degree,5.384343328917468,5.372022734039953,5.396663923794983,30
Human-only benchmark,19,recent_active_tie_fraction,0.979918683241391,0.9785489819816953,0.9812883845010867,30
Human-only benchmark,19,mean_unique_peer_partners,9.958888888888888,9.93682275248472,9.980955025293056,30
Human-only benchmark,19,mean_peer_marginal,0.01714706641875785,0.016376309925332958,0.017917822912182742,30
Human-only benchmark,19,ai_reliability,0.7800000000000001,0.7800000000000001,0.7800000000000001,30
Human-only benchmark,20,peer_share,1.0,1.0,1.0,30
Human-only benchmark,20,ai_share,0.0,0.0,0.0,30
Human-only benchmark,20,hybrid_share,0.0,0.0,0.0,30
Human-only benchmark,20,human_interaction_rate,1.0,1.0,1.0,30
Human-only benchmark,20,ai_use_rate,0.0,0.0,0.0,30
Human-only benchmark,20,mean_quality,0.5055758586044559,0.5008553631508341,0.5102963540580776,30
Human-only benchmark,20,success_rate,0.23888888888888887,0.22385046124619928,0.25392731653157846,30
Human-only benchmark,20,mean_knowledge,0.536716473704935,0.5330401536042026,0.5403927938056674,30
Human-only benchmark,20,knowledge_rank_corr_with_initial,0.9997386195712061,0.9997222033047641,0.9997550358376481,30
Human-only benchmark,20,mean_ai_trust,0.0,0.0,0.0,30
Human-only benchmark,20,mean_peer_trust,0.5068635106086731,0.5060713666127584,0.5076556546045877,30
Human-only benchmark,20,mean_tie_strength,0.5338432371616364,0.5325756584344826,0.5351108158887902,30
Human-only benchmark,20,network_density,0.05629008897165318,0.056228890343500655,0.0563512875998057,30
Human-only benchmark,20,mean_weighted_degree,5.378930035564634,5.366950238581565,5.390909832547703,30
Human-only benchmark,20,recent_active_tie_fraction,0.9833489186087434,0.9819349577859587,0.9847628794315281,30
Human-only benchmark,20,mean_unique_peer_partners,10.004074074074076,9.98199897279735,10.026149175350803,30
Human-only benchmark,20,mean_peer_marginal,0.016984619119380744,0.01645822237396442,0.01751101586479707,30
Human-only benchmark,20,ai_reliability,0.7800000000000001,0.7800000000000001,0.7800000000000001,30
Human-only benchmark,21,peer_share,1.0,1.0,1.0,30
Human-only benchmark,21,ai_share,0.0,0.0,0.0,30
Human-only benchmark,21,hybrid_share,0.0,0.0,0.0,30
Human-only benchmark,21,human_interaction_rate,1.0,1.0,1.0,30
Human-only benchmark,21,ai_use_rate,0.0,0.0,0.0,30
Human-only benchmark,21,mean_quality,0.5036228320996943,0.5002893924735698,0.5069562717258187,30
Human-only benchmark,21,success_rate,0.23425925925925925,0.2238072924607672,0.2447112260577513,30
Human-only benchmark,21,mean_knowledge,0.5376038458791724,0.5339266019722588,0.541281089786086,30
Human-only benchmark,21,knowledge_rank_corr_with_initial,0.9997168985563405,0.9996985806302959,0.9997352164823851,30
Human-only benchmark,21,mean_ai_trust,0.0,0.0,0.0,30
Human-only benchmark,21,mean_peer_trust,0.5072388966878255,0.506417310306955,0.508060483068696,30
Human-only benchmark,21,mean_tie_strength,0.5330790917078654,0.531816828582134,0.5343413548335968,30
Human-only benchmark,21,network_density,0.05630250362093933,0.05624179126669882,0.05636321597517984,30
Human-only benchmark,21,mean_weighted_degree,5.37241652978791,5.360425211640634,5.384407847935186,30
Human-only benchmark,21,recent_active_tie_fraction,0.9831331515477184,0.9817351509049772,0.9845311521904596,30
Human-only benchmark,21,mean_unique_peer_partners,10.041851851851852,10.02034331557467,10.063360388129034,30
Human-only benchmark,21,mean_peer_marginal,0.017123495461265625,0.016487249907812532,0.01775974101471872,30
Human-only benchmark,21,ai_reliability,0.7800000000000001,0.7800000000000001,0.7800000000000001,30
Human-only benchmark,22,peer_share,1.0,1.0,1.0,30
Human-only benchmark,22,ai_share,0.0,0.0,0.0,30
Human-only benchmark,22,hybrid_share,0.0,0.0,0.0,30
Human-only benchmark,22,human_interaction_rate,1.0,1.0,1.0,30
Human-only benchmark,22,ai_use_rate,0.0,0.0,0.0,30
Human-only benchmark,22,mean_quality,0.5074027011280269,0.5033745612986847,0.511430840957369,30
Human-only benchmark,22,success_rate,0.24518518518518514,0.23149239853528766,0.25887797183508265,30
Human-only benchmark,22,mean_knowledge,0.5385022640761356,0.534822415009713,0.5421821131425582,30
Human-only benchmark,22,knowledge_rank_corr_with_initial,0.9996917390579988,0.9996717318226259,0.9997117462933717,30
Human-only benchmark,22,mean_ai_trust,0.0,0.0,0.0,30
Human-only benchmark,22,mean_peer_trust,0.5076489806175232,0.5068021841227368,0.5084957771123095,30
Human-only benchmark,22,mean_tie_strength,0.5323056995868682,0.5310438343125666,0.5335675648611699,30
Human-only benchmark,22,network_density,0.05631905648665421,0.056257235415493795,0.056380877557814624,30
Human-only benchmark,22,mean_weighted_degree,5.366198048061795,5.3542437808421885,5.378152315281402,30
Human-only benchmark,22,recent_active_tie_fraction,0.9826624219729408,0.9812733197638689,0.9840515241820128,30
Human-only benchmark,22,mean_unique_peer_partners,10.069629629629627,10.04924759207764,10.090011667181615,30
Human-only benchmark,22,mean_peer_marginal,0.017621952776412115,0.0168930954981596,0.01835081005466463,30
Human-only benchmark,22,ai_reliability,0.7800000000000001,0.7800000000000001,0.7800000000000001,30
Human-only benchmark,23,peer_share,1.0,1.0,1.0,30
Human-only benchmark,23,ai_share,0.0,0.0,0.0,30
Human-only benchmark,23,hybrid_share,0.0,0.0,0.0,30
Human-only benchmark,23,human_interaction_rate,1.0,1.0,1.0,30
Human-only benchmark,23,ai_use_rate,0.0,0.0,0.0,30
Human-only benchmark,23,mean_quality,0.5085983717547626,0.5043333112221073,0.5128634322874179,30
Human-only benchmark,23,success_rate,0.23925925925925923,0.2266003870752974,0.25191813144322106,30
Human-only benchmark,23,mean_knowledge,0.5393996989554396,0.5357160117054718,0.5430833862054074,30
Human-only benchmark,23,knowledge_rank_corr_with_initial,0.9996663984494675,0.9996449012044483,0.9996878956944867,30
Human-only benchmark,23,mean_ai_trust,0.0,0.0,0.0,30
Human-only benchmark,23,mean_peer_trust,0.5080741763114929,0.5072010244310632,0.5089473281919226,30
Human-only benchmark,23,mean_tie_strength,0.5314846654733022,0.5302318799294016,0.5327374510172028,30
Human-only benchmark,23,network_density,0.05635009310986961,0.05628555963285679,0.056414626586882434,30
Human-only benchmark,23,mean_weighted_degree,5.360875607905565,5.348765432351022,5.372985783460108,30
Human-only benchmark,23,recent_active_tie_fraction,0.9823809810468638,0.9807902809122898,0.9839716811814377,30
Human-only benchmark,23,mean_unique_peer_partners,10.100740740740742,10.082060633702795,10.119420847778688,30
Human-only benchmark,23,mean_peer_marginal,0.017543472273785117,0.01691835089283422,0.018168593654736016,30
Human-only benchmark,23,ai_reliability,0.7800000000000001,0.7800000000000001,0.7800000000000001,30
Human-only benchmark,24,peer_share,1.0,1.0,1.0,30
Human-only benchmark,24,ai_share,0.0,0.0,0.0,30
Human-only benchmark,24,hybrid_share,0.0,0.0,0.0,30
Human-only benchmark,24,human_interaction_rate,1.0,1.0,1.0,30
Human-only benchmark,24,ai_use_rate,0.0,0.0,0.0,30
Human-only benchmark,24,mean_quality,0.5060971707712619,0.5014898154496927,0.5107045260928311,30
Human-only benchmark,24,success_rate,0.2357407407407407,0.22178017744936193,0.24970130403211946,30
Human-only benchmark,24,mean_knowledge,0.5402888659067154,0.5366028303192365,0.5439749014941944,30
Human-only benchmark,24,knowledge_rank_corr_with_initial,0.9996415000155682,0.9996180686000485,0.9996649314310878,30
Human-only benchmark,24,mean_ai_trust,0.0,0.0,0.0,30
Human-only benchmark,24,mean_peer_trust,0.5084980348745982,0.5075917973535466,0.5094042723956498,30
Human-only benchmark,24,mean_tie_strength,0.5306930323441823,0.5294305068576908,0.5319555578306738,30
Human-only benchmark,24,network_density,0.05637285330022756,0.05630642893682141,0.056439277663633707,30
Human-only benchmark,24,mean_weighted_degree,5.355046807571694,5.343117447146649,5.3669761679967385,30
Human-only benchmark,24,recent_active_tie_fraction,0.9819840166999846,0.9802925724849705,0.9836754609149987,30
Human-only benchmark,24,mean_unique_peer_partners,10.126296296296296,10.106639202133264,10.145953390459328,30
Human-only benchmark,24,mean_peer_marginal,0.017434375363224897,0.016741972542538945,0.018126778183910848,30
Human-only benchmark,24,ai_reliability,0.7800000000000001,0.7800000000000001,0.7800000000000001,30
Human-only benchmark,25,peer_share,1.0,1.0,1.0,30
Human-only benchmark,25,ai_share,0.0,0.0,0.0,30
Human-only benchmark,25,hybrid_share,0.0,0.0,0.0,30
Human-only benchmark,25,human_interaction_rate,1.0,1.0,1.0,30
Human-only benchmark,25,ai_use_rate,0.0,0.0,0.0,30
Human-only benchmark,25,mean_quality,0.5081687770546209,0.5030980725452596,0.5132394815639822,30
Human-only benchmark,25,success_rate,0.24962962962962962,0.23540320050233607,0.2638560587569232,30
Human-only benchmark,25,mean_knowledge,0.5411783710301808,0.5374891856811239,0.5448675563792378,30
Human-only benchmark,25,knowledge_rank_corr_with_initial,0.9996140357857831,0.9995895398845683,0.9996385316869979,30
Human-only benchmark,25,mean_ai_trust,0.0,0.0,0.0,30
Human-only benchmark,25,mean_peer_trust,0.5089253942171733,0.5079903710320154,0.5098604174023312,30
Human-only benchmark,25,mean_tie_strength,0.5299074788888295,0.5286335672659428,0.5311813905117162,30
Human-only benchmark,25,network_density,0.056393544382371166,0.05632583099914923,0.056461257765593104,30
Human-only benchmark,25,mean_weighted_degree,5.34907652152909,5.337355249918975,5.360797793139206,30
Human-only benchmark,25,recent_active_tie_fraction,0.9812567051402737,0.9797594259656524,0.9827539843148951,30
Human-only benchmark,25,mean_unique_peer_partners,10.145185185185182,10.125304397834528,10.165065972535837,30
Human-only benchmark,25,mean_peer_marginal,0.017158061026188068,0.01644462419364836,0.017871497858727776,30
Human-only benchmark,25,ai_reliability,0.7800000000000001,0.7800000000000001,0.7800000000000001,30
Human-only benchmark,26,peer_share,1.0,1.0,1.0,30
Human-only benchmark,26,ai_share,0.0,0.0,0.0,30
Human-only benchmark,26,hybrid_share,0.0,0.0,0.0,30
Human-only benchmark,26,human_interaction_rate,1.0,1.0,1.0,30
Human-only benchmark,26,ai_use_rate,0.0,0.0,0.0,30
Human-only benchmark,26,mean_quality,0.5077077292004504,0.5031470395150448,0.512268418885856,30
Human-only benchmark,26,success_rate,0.24055555555555552,0.22474599962407654,0.2563651114870345,30
Human-only benchmark,26,mean_knowledge,0.5420730071878006,0.5383801037031136,0.5457659106724876,30
Human-only benchmark,26,knowledge_rank_corr_with_initial,0.9995867308189043,0.9995610250249461,0.9996124366128624,30
Human-only benchmark,26,mean_ai_trust,0.0,0.0,0.0,30
Human-only benchmark,26,mean_peer_trust,0.5093503693739573,0.5083868905088604,0.5103138482390541,30
Human-only benchmark,26,mean_tie_strength,0.5291213691234589,0.5278440929956428,0.5303986452512749,30
Human-only benchmark,26,network_density,0.05641630457272911,0.05634257082625845,0.05649003831919976,30
Human-only benchmark,26,mean_weighted_degree,5.343292140960695,5.331509279602249,5.35507500231914,30
Human-only benchmark,26,recent_active_tie_fraction,0.9817392839984406,0.9803660927447817,0.9831124752520994,30
Human-only benchmark,26,mean_unique_peer_partners,10.165925925925926,10.143785044223295,10.188066807628557,30
Human-only benchmark,26,mean_peer_marginal,0.017718566323590885,0.01716181165779255,0.01827532098938922,30
Human-only benchmark,26,ai_reliability,0.7800000000000001,0.7800000000000001,0.7800000000000001,30
Human-only benchmark,27,peer_share,1.0,1.0,1.0,30
Human-only benchmark,27,ai_share,0.0,0.0,0.0,30
Human-only benchmark,27,hybrid_share,0.0,0.0,0.0,30
Human-only benchmark,27,human_interaction_rate,1.0,1.0,1.0,30
Human-only benchmark,27,ai_use_rate,0.0,0.0,0.0,30
Human-only benchmark,27,mean_quality,0.5106732903737182,0.5068079362123887,0.5145386445350477,30
Human-only benchmark,27,success_rate,0.24703703703703703,0.23228017321464434,0.2617939008594297,30
Human-only benchmark,27,mean_knowledge,0.5429697738497384,0.5392756802008429,0.5466638674986339,30
Human-only benchmark,27,knowledge_rank_corr_with_initial,0.999556937681494,0.9995297841515463,0.9995840912114418,30
Human-only benchmark,27,mean_ai_trust,0.0,0.0,0.0,30
Human-only benchmark,27,mean_peer_trust,0.5097879509131114,0.5087943638150398,0.5107815380111829,30
Human-only benchmark,27,mean_tie_strength,0.5283834238847097,0.5271130475188212,0.5296538002505983,30
Human-only benchmark,27,network_density,0.05642458100558655,0.0563515372397383,0.056497624771434794,30
Human-only benchmark,27,mean_weighted_degree,5.336625271726539,5.324794456747285,5.348456086705792,30
Human-only benchmark,27,recent_active_tie_fraction,0.9819276389313246,0.9803326636179114,0.9835226142447379,30
Human-only benchmark,27,mean_unique_peer_partners,10.180740740740738,10.158842471695674,10.202639009785802,30
Human-only benchmark,27,mean_peer_marginal,0.017487051136911697,0.01688882421831605,0.018085278055507345,30
Human-only benchmark,27,ai_reliability,0.7800000000000001,0.7800000000000001,0.7800000000000001,30
Human-only benchmark,28,peer_share,1.0,1.0,1.0,30
Human-only benchmark,28,ai_share,0.0,0.0,0.0,30
Human-only benchmark,28,hybrid_share,0.0,0.0,0.0,30
Human-only benchmark,28,human_interaction_rate,1.0,1.0,1.0,30
Human-only benchmark,28,ai_use_rate,0.0,0.0,0.0,30
Human-only benchmark,28,mean_quality,0.5109241841585702,0.5068660440235274,0.514982324293613,30
Human-only benchmark,28,success_rate,0.2446296296296296,0.23234496496117552,0.2569142942980837,30
Human-only benchmark,28,mean_knowledge,0.5438596955673883,0.5401668891876592,0.5475525019471175,30
Human-only benchmark,28,knowledge_rank_corr_with_initial,0.9995248751691228,0.9994958940392242,0.9995538562990214,30
Human-only benchmark,28,mean_ai_trust,0.0,0.0,0.0,30
Human-only benchmark,28,mean_peer_trust,0.510240113735199,0.509219808614553,0.511260418855845,30
Human-only benchmark,28,mean_tie_strength,0.5276239673296611,0.5263510344550998,0.5288969002042224,30
Human-only benchmark,28,network_density,0.056439064763087056,0.05636584789249619,0.05651228163367792,30
Human-only benchmark,28,mean_weighted_degree,5.330320268074672,5.31860693276124,5.342033603388105,30
Human-only benchmark,28,recent_active_tie_fraction,0.982478627706958,0.9810638291809912,0.9838934262329249,30
Human-only benchmark,28,mean_unique_peer_partners,10.195185185185183,10.171951962334957,10.21841840803541,30
Human-only benchmark,28,mean_peer_marginal,0.017226626675623476,0.01662643192490335,0.017826821426343602,30
Human-only benchmark,28,ai_reliability,0.7800000000000001,0.7800000000000001,0.7800000000000001,30
Human-only benchmark,29,peer_share,1.0,1.0,1.0,30
Human-only benchmark,29,ai_share,0.0,0.0,0.0,30
Human-only benchmark,29,hybrid_share,0.0,0.0,0.0,30
Human-only benchmark,29,human_interaction_rate,1.0,1.0,1.0,30
Human-only benchmark,29,ai_use_rate,0.0,0.0,0.0,30
Human-only benchmark,29,mean_quality,0.5119922336318261,0.5077198903400679,0.5162645769235843,30
Human-only benchmark,29,success_rate,0.25333333333333324,0.24004907240715048,0.26661759425951603,30
Human-only benchmark,29,mean_knowledge,0.5447528556602912,0.5410571204711274,0.548448590849455,30
Human-only benchmark,29,knowledge_rank_corr_with_initial,0.999493968239827,0.9994626624826662,0.9995252739969877,30
Human-only benchmark,29,mean_ai_trust,0.0,0.0,0.0,30
Human-only benchmark,29,mean_peer_trust,0.5106861174106598,0.5096293599499438,0.5117428748713758,30
Human-only benchmark,29,mean_tie_strength,0.5268803099791209,0.5256081406915026,0.5281524792667392,30
Human-only benchmark,29,network_density,0.056449410304158856,0.05637397102717898,0.05652484958113873,30
Human-only benchmark,29,mean_weighted_degree,5.32378201701023,5.312016398641508,5.335547635378952,30
Human-only benchmark,29,recent_active_tie_fraction,0.9814558299094593,0.9797046302007986,0.9832070296181201,30
Human-only benchmark,29,mean_unique_peer_partners,10.206666666666667,10.183461138184112,10.229872195149222,30
Human-only benchmark,29,mean_peer_marginal,0.017455562256095233,0.016895173593302722,0.018015950918887743,30
Human-only benchmark,29,ai_reliability,0.7800000000000001,0.7800000000000001,0.7800000000000001,30
Human-only benchmark,30,peer_share,1.0,1.0,1.0,30
Human-only benchmark,30,ai_share,0.0,0.0,0.0,30
Human-only benchmark,30,hybrid_share,0.0,0.0,0.0,30
Human-only benchmark,30,human_interaction_rate,1.0,1.0,1.0,30
Human-only benchmark,30,ai_use_rate,0.0,0.0,0.0,30
Human-only benchmark,30,mean_quality,0.5116197455127592,0.5068202393461461,0.5164192516793724,30
Human-only benchmark,30,success_rate,0.2509259259259259,0.23643953351882732,0.2654123183330245,30
Human-only benchmark,30,mean_knowledge,0.5456359101921217,0.5419379941641524,0.5493338262200909,30
Human-only benchmark,30,knowledge_rank_corr_with_initial,0.9994620342398619,0.9994290432277765,0.9994950252519473,30
Human-only benchmark,30,mean_ai_trust,0.0,0.0,0.0,30
Human-only benchmark,30,mean_peer_trust,0.5111213902632396,0.5100383466158711,0.512204433910608,30
Human-only benchmark,30,mean_tie_strength,0.526060156027476,0.5247727189660626,0.5273475930888895,30
Human-only benchmark,30,network_density,0.05648251603558862,0.05640410652766704,0.0565609255435102,30
Human-only benchmark,30,mean_weighted_degree,5.318603384318175,5.307079729083802,5.330127039552548,30
Human-only benchmark,30,recent_active_tie_fraction,0.9815408697362993,0.9799425841696987,0.9831391553028999,30
Human-only benchmark,30,mean_unique_peer_partners,10.222592592592592,10.199262486323857,10.245922698861328,30
Human-only benchmark,30,mean_peer_marginal,0.01680058498984443,0.016202335160965586,0.01739883481872327,30
Human-only benchmark,30,ai_reliability,0.7800000000000001,0.7800000000000001,0.7800000000000001,30
Human-only benchmark,31,peer_share,1.0,1.0,1.0,30
Human-only benchmark,31,ai_share,0.0,0.0,0.0,30
Human-only benchmark,31,hybrid_share,0.0,0.0,0.0,30
Human-only benchmark,31,human_interaction_rate,1.0,1.0,1.0,30
Human-only benchmark,31,ai_use_rate,0.0,0.0,0.0,30
Human-only benchmark,31,mean_quality,0.5121029042840566,0.5078827089344236,0.5163230996336896,30
Human-only benchmark,31,success_rate,0.2472222222222222,0.23280085292998082,0.2616435915144636,30
Human-only benchmark,31,mean_knowledge,0.5465324156665904,0.5428312631962737,0.550233568136907,30
Human-only benchmark,31,knowledge_rank_corr_with_initial,0.9994266938764457,0.9993925408332552,0.9994608469196361,30
Human-only benchmark,31,mean_ai_trust,0.0,0.0,0.0,30
Human-only benchmark,31,mean_peer_trust,0.5115805784861247,0.5104693217527418,0.5126918352195076,30
Human-only benchmark,31,mean_tie_strength,0.5253104706605275,0.5240251925385407,0.5265957487825143,30
Human-only benchmark,31,network_density,0.05649699979308913,0.05641879137090347,0.056575208215274786,30
Human-only benchmark,31,mean_weighted_degree,5.312386541454882,5.300838078451559,5.323935004458205,30
Human-only benchmark,31,recent_active_tie_fraction,0.9818778722026212,0.9803568042486215,0.983398940156621,30
Human-only benchmark,31,mean_unique_peer_partners,10.235555555555555,10.21053338365874,10.26057772745237,30
Human-only benchmark,31,mean_peer_marginal,0.017755919932221774,0.017036482738249835,0.018475357126193713,30
Human-only benchmark,31,ai_reliability,0.7800000000000001,0.7800000000000001,0.7800000000000001,30
Human-only benchmark,32,peer_share,1.0,1.0,1.0,30
Human-only benchmark,32,ai_share,0.0,0.0,0.0,30
Human-only benchmark,32,hybrid_share,0.0,0.0,0.0,30
Human-only benchmark,32,human_interaction_rate,1.0,1.0,1.0,30
Human-only benchmark,32,ai_use_rate,0.0,0.0,0.0,30
Human-only benchmark,32,mean_quality,0.5130548614880766,0.5091427437698782,0.5169669792062749,30
Human-only benchmark,32,success_rate,0.25425925925925924,0.2399729780540746,0.2685455404644439,30
Human-only benchmark,32,mean_knowledge,0.5474244316075534,0.5437240661407634,0.5511247970743434,30
Human-only benchmark,32,knowledge_rank_corr_with_initial,0.9993900334529824,0.9993535745314477,0.9994264923745171,30
Human-only benchmark,32,mean_ai_trust,0.0,0.0,0.0,30
Human-only benchmark,32,mean_peer_trust,0.5120299736658732,0.510901998644039,0.5131579486877075,30
Human-only benchmark,32,mean_tie_strength,0.5245050112406413,0.5232328931448883,0.5257771293363943,30
Human-only benchmark,32,network_density,0.05652803641630452,0.05645024363083745,0.056605829201771596,30
Human-only benchmark,32,mean_weighted_degree,5.307160571592825,5.295398739061603,5.318922404124048,30
Human-only benchmark,32,recent_active_tie_fraction,0.9817769015124622,0.9802336488870895,0.9833201541378349,30
Human-only benchmark,32,mean_unique_peer_partners,10.250000000000002,10.22520780413272,10.274792195867283,30
Human-only benchmark,32,mean_peer_marginal,0.01749382972329109,0.016895912662309092,0.018091746784273086,30
Human-only benchmark,32,ai_reliability,0.7800000000000001,0.7800000000000001,0.7800000000000001,30
Human-only benchmark,33,peer_share,1.0,1.0,1.0,30
Human-only benchmark,33,ai_share,0.0,0.0,0.0,30
Human-only benchmark,33,hybrid_share,0.0,0.0,0.0,30
Human-only benchmark,33,human_interaction_rate,1.0,1.0,1.0,30
Human-only benchmark,33,ai_use_rate,0.0,0.0,0.0,30
Human-only benchmark,33,mean_quality,0.5139449196069596,0.5093693487642879,0.5185204904496314,30
Human-only benchmark,33,success_rate,0.2546296296296296,0.24080364800000814,0.26845561125925105,30
Human-only benchmark,33,mean_knowledge,0.5483082490310022,0.5446028810696445,0.5520136169923598,30
Human-only benchmark,33,knowledge_rank_corr_with_initial,0.9993571379513437,0.999318956501505,0.9993953194011824,30
Human-only benchmark,33,mean_ai_trust,0.0,0.0,0.0,30
Human-only benchmark,33,mean_peer_trust,0.5124849200248718,0.5113246974881722,0.5136451425615713,30
Human-only benchmark,33,mean_tie_strength,0.5237378696600596,0.5224643217673749,0.5250114175527444,30
Human-only benchmark,33,network_density,0.05654665839023376,0.056467883517994845,0.05662543326247268,30
Human-only benchmark,33,mean_weighted_degree,5.301142616095366,5.289403394080997,5.312881838109735,30
Human-only benchmark,33,recent_active_tie_fraction,0.9820357236864481,0.9808183117412744,0.9832531356316218,30
Human-only benchmark,33,mean_unique_peer_partners,10.259259259259258,10.23367563513393,10.284842883384586,30
Human-only benchmark,33,mean_peer_marginal,0.016918107404580867,0.016261649415022315,0.01757456539413942,30
Human-only benchmark,33,ai_reliability,0.7800000000000001,0.7800000000000001,0.7800000000000001,30
Human-only benchmark,34,peer_share,1.0,1.0,1.0,30
Human-only benchmark,34,ai_share,0.0,0.0,0.0,30
Human-only benchmark,34,hybrid_share,0.0,0.0,0.0,30
Human-only benchmark,34,human_interaction_rate,1.0,1.0,1.0,30
Human-only benchmark,34,ai_use_rate,0.0,0.0,0.0,30
Human-only benchmark,34,mean_quality,0.5173534015486375,0.5138230010110844,0.5208838020861907,30
Human-only benchmark,34,success_rate,0.2622222222222222,0.2493141570630753,0.2751302873813691,30
Human-only benchmark,34,mean_knowledge,0.5492004345803777,0.5454939465017645,0.5529069226589909,30
Human-only benchmark,34,knowledge_rank_corr_with_initial,0.9993220968266185,0.9992802138444955,0.9993639798087416,30
Human-only benchmark,34,mean_ai_trust,0.0,0.0,0.0,30
Human-only benchmark,34,mean_peer_trust,0.5129667262236277,0.5117788190313022,0.5141546334159532,30
Human-only benchmark,34,mean_tie_strength,0.5229697525501251,0.5216836944533741,0.5242558106468761,30
Human-only benchmark,34,network_density,0.05656734947237737,0.0564858771087816,0.05664882183597314,30
Human-only benchmark,34,mean_weighted_degree,5.295296296676,5.2838028842404725,5.306789709111527,30
Human-only benchmark,34,recent_active_tie_fraction,0.982041688557511,0.980704405839123,0.9833789712758989,30
Human-only benchmark,34,mean_unique_peer_partners,10.26925925925926,10.243737193417097,10.294781325101422,30
Human-only benchmark,34,mean_peer_marginal,0.0173111048191075,0.016773455242146223,0.01784875439606878,30
Human-only benchmark,34,ai_reliability,0.7800000000000001,0.7800000000000001,0.7800000000000001,30
Human-only benchmark,35,peer_share,1.0,1.0,1.0,30
Human-only benchmark,35,ai_share,0.0,0.0,0.0,30
Human-only benchmark,35,hybrid_share,0.0,0.0,0.0,30
Human-only benchmark,35,human_interaction_rate,1.0,1.0,1.0,30
Human-only benchmark,35,ai_use_rate,0.0,0.0,0.0,30
Human-only benchmark,35,mean_quality,0.513674451677011,0.5089220724978955,0.5184268308561265,30
Human-only benchmark,35,success_rate,0.2527777777777777,0.2388804265598491,0.26667512899570633,30
Human-only benchmark,35,mean_knowledge,0.5500829734593764,0.5463738981846883,0.5537920487340645,30
Human-only benchmark,35,knowledge_rank_corr_with_initial,0.9992847354479231,0.9992398744137767,0.9993295964820694,30
Human-only benchmark,35,mean_ai_trust,0.0,0.0,0.0,30
Human-only benchmark,35,mean_peer_trust,0.5134243726730346,0.5122021359113497,0.5146466094347196,30
Human-only benchmark,35,mean_tie_strength,0.5222044030825297,0.5209202780322408,0.5234885281328185,30
Human-only benchmark,35,network_density,0.0565859714463066,0.05650371834227158,0.05666822455034162,30
Human-only benchmark,35,mean_weighted_degree,5.289287317902952,5.277780817793876,5.3007938180120275,30
Human-only benchmark,35,recent_active_tie_fraction,0.9823406268119865,0.9811551384709182,0.9835261151530549,30
Human-only benchmark,35,mean_unique_peer_partners,10.27962962962963,10.253478069910642,10.305781189348618,30
Human-only benchmark,35,mean_peer_marginal,0.016836957057548226,0.016306762662676604,0.01736715145241985,30
Human-only benchmark,35,ai_reliability,0.7800000000000001,0.7800000000000001,0.7800000000000001,30
Human-only benchmark,36,peer_share,1.0,1.0,1.0,30
Human-only benchmark,36,ai_share,0.0,0.0,0.0,30
Human-only benchmark,36,hybrid_share,0.0,0.0,0.0,30
Human-only benchmark,36,human_interaction_rate,1.0,1.0,1.0,30
Human-only benchmark,36,ai_use_rate,0.0,0.0,0.0,30
Human-only benchmark,36,mean_quality,0.5160557073850698,0.5117803729100633,0.5203310418600763,30
Human-only benchmark,36,success_rate,0.25888888888888884,0.2453172957813332,0.27246048199644446,30
Human-only benchmark,36,mean_knowledge,0.5509694346671442,0.5472574963648557,0.5546813729694328,30
Human-only benchmark,36,knowledge_rank_corr_with_initial,0.9992448018814977,0.9991969143464946,0.9992926894165007,30
Human-only benchmark,36,mean_ai_trust,0.0,0.0,0.0,30
Human-only benchmark,36,mean_peer_trust,0.513906721274058,0.5126486289093961,0.5151648136387199,30
Human-only benchmark,36,mean_tie_strength,0.5214639107386271,0.5201710870184506,0.5227567344588036,30
Human-only benchmark,36,network_density,0.056598386095592756,0.056513735475375936,0.05668303671580958,30
Human-only benchmark,36,mean_weighted_degree,5.282939525356999,5.271578903880208,5.294300146833789,30
Human-only benchmark,36,recent_active_tie_fraction,0.9821274817461478,0.9806631408117271,0.9835918226805686,30
Human-only benchmark,36,mean_unique_peer_partners,10.286666666666667,10.259593550103688,10.313739783229646,30
Human-only benchmark,36,mean_peer_marginal,0.017040810044506263,0.016410226716970486,0.01767139337204204,30
Human-only benchmark,36,ai_reliability,0.7800000000000001,0.7800000000000001,0.7800000000000001,30
Human-only benchmark,37,peer_share,1.0,1.0,1.0,30
Human-only benchmark,37,ai_share,0.0,0.0,0.0,30
Human-only benchmark,37,hybrid_share,0.0,0.0,0.0,30
Human-only benchmark,37,human_interaction_rate,1.0,1.0,1.0,30
Human-only benchmark,37,ai_use_rate,0.0,0.0,0.0,30
Human-only benchmark,37,mean_quality,0.5146302904871543,0.5096881578833635,0.519572423090945,30
Human-only benchmark,37,success_rate,0.2544444444444444,0.23859504640954715,0.2702938424793417,30
Human-only benchmark,37,mean_knowledge,0.5518489137172334,0.5481336489156031,0.5555641785188637,30
Human-only benchmark,37,knowledge_rank_corr_with_initial,0.9992052195897418,0.9991546014747937,0.99925583770469,30
Human-only benchmark,37,mean_ai_trust,0.0,0.0,0.0,30
Human-only benchmark,37,mean_peer_trust,0.5143963436285655,0.5131138107993021,0.5156788764578288,30
Human-only benchmark,37,mean_tie_strength,0.5206839899222057,0.5193900326459493,0.521977947198462,30
Human-only benchmark,37,network_density,0.05662321539416507,0.05653597811153583,0.056710452676794317,30
Human-only benchmark,37,mean_weighted_degree,5.277349906718289,5.265972279045058,5.28872753439152,30
Human-only benchmark,37,recent_active_tie_fraction,0.9824654891154555,0.9807318132738149,0.9841991649570961,30
Human-only benchmark,37,mean_unique_peer_partners,10.297037037037036,10.27004003449044,10.324034039583632,30
Human-only benchmark,37,mean_peer_marginal,0.01696280118444191,0.016383129084088573,0.017542473284795246,30
Human-only benchmark,37,ai_reliability,0.7800000000000001,0.7800000000000001,0.7800000000000001,30
Human-only benchmark,38,peer_share,1.0,1.0,1.0,30
Human-only benchmark,38,ai_share,0.0,0.0,0.0,30
Human-only benchmark,38,hybrid_share,0.0,0.0,0.0,30
Human-only benchmark,38,human_interaction_rate,1.0,1.0,1.0,30
Human-only benchmark,38,ai_use_rate,0.0,0.0,0.0,30
Human-only benchmark,38,mean_quality,0.5190309332002712,0.5152428715470017,0.5228189948535407,30
Human-only benchmark,38,success_rate,0.269074074074074,0.257781337456774,0.28036681069137404,30
Human-only benchmark,38,mean_knowledge,0.5527311026391131,0.5490141692664934,0.5564480360117328,30
Human-only benchmark,38,knowledge_rank_corr_with_initial,0.9991657287144405,0.9991128075438298,0.9992186498850513,30
Human-only benchmark,38,mean_ai_trust,0.0,0.0,0.0,30
Human-only benchmark,38,mean_peer_trust,0.5148767689863841,0.5135628598104706,0.5161906781622977,30
Human-only benchmark,38,mean_tie_strength,0.5199367960294088,0.5186407980257468,0.5212327940330708,30
Human-only benchmark,38,network_density,0.056637699151665596,0.05654565013221831,0.056729748171112884,30
Human-only benchmark,38,mean_weighted_degree,5.271121894430232,5.259573874312609,5.2826699145478555,30
Human-only benchmark,38,recent_active_tie_fraction,0.9821827181063342,0.9803284263655924,0.984037009847076,30
Human-only benchmark,38,mean_unique_peer_partners,10.305185185185186,10.277734664059135,10.332635706311237,30
Human-only benchmark,38,mean_peer_marginal,0.016731794840928398,0.016015475117305705,0.01744811456455109,30
Human-only benchmark,38,ai_reliability,0.7800000000000001,0.7800000000000001,0.7800000000000001,30
Human-only benchmark,39,peer_share,1.0,1.0,1.0,30
Human-only benchmark,39,ai_share,0.0,0.0,0.0,30
Human-only benchmark,39,hybrid_share,0.0,0.0,0.0,30
Human-only benchmark,39,human_interaction_rate,1.0,1.0,1.0,30
Human-only benchmark,39,ai_use_rate,0.0,0.0,0.0,30
Human-only benchmark,39,mean_quality,0.5194923510865279,0.5150730641993498,0.523911637973706,30
Human-only benchmark,39,success_rate,0.269074074074074,0.254756665022261,0.283391483125887,30
Human-only benchmark,39,mean_knowledge,0.5536111235504809,0.549890512139646,0.5573317349613158,30
Human-only benchmark,39,knowledge_rank_corr_with_initial,0.9991270615207938,0.9990708591162087,0.9991832639253788,30
Human-only benchmark,39,mean_ai_trust,0.0,0.0,0.0,30
Human-only benchmark,39,mean_peer_trust,0.5153592030207316,0.5140173210916693,0.5167010849497938,30
Human-only benchmark,39,mean_tie_strength,0.5191695511341095,0.5178674492466677,0.5204716530215512,30
Human-only benchmark,39,network_density,0.05665839023380919,0.056566140175204,0.05675064029241438,30
Human-only benchmark,39,mean_weighted_degree,5.26526197022862,5.253908542131679,5.276615398325561,30
Human-only benchmark,39,recent_active_tie_fraction,0.9817863863218388,0.9799390789350142,0.9836336937086634,30
Human-only benchmark,39,mean_unique_peer_partners,10.317037037037037,10.288050938386098,10.346023135687977,30
Human-only benchmark,39,mean_peer_marginal,0.016683949644216378,0.015969690517264597,0.01739820877116816,30
Human-only benchmark,39,ai_reliability,0.7800000000000001,0.7800000000000001,0.7800000000000001,30
Human-only benchmark,40,peer_share,1.0,1.0,1.0,30
Human-only benchmark,40,ai_share,0.0,0.0,0.0,30
Human-only benchmark,40,hybrid_share,0.0,0.0,0.0,30
Human-only benchmark,40,human_interaction_rate,1.0,1.0,1.0,30
Human-only benchmark,40,ai_use_rate,0.0,0.0,0.0,30
Human-only benchmark,40,mean_quality,0.520570060375014,0.5168148389397315,0.5243252818102965,30
Human-only benchmark,40,success_rate,0.26370370370370366,0.25175895374208396,0.27564845366532337,30
Human-only benchmark,40,mean_knowledge,0.5545064315906939,0.550784508955177,0.5582283542262108,30
Human-only benchmark,40,knowledge_rank_corr_with_initial,0.9990824711995845,0.9990224712465121,0.9991424711526569,30
Human-only benchmark,40,mean_ai_trust,0.0,0.0,0.0,30
Human-only benchmark,40,mean_peer_trust,0.5158376892407736,0.5144702383116975,0.5172051401698496,30
Human-only benchmark,40,mean_tie_strength,0.5183525582154592,0.51705113297228,0.5196539834586384,30
Human-only benchmark,40,network_density,0.05669770328988202,0.05660915916678203,0.056786247412982015,30
Human-only benchmark,40,mean_weighted_degree,5.260624150655887,5.249511891038159,5.271736410273615,30
Human-only benchmark,40,recent_active_tie_fraction,0.9826023051476187,0.9805810872825447,0.9846235230126927,30
Human-only benchmark,40,mean_unique_peer_partners,10.33074074074074,10.302671194224487,10.358810287256993,30
Human-only benchmark,40,mean_peer_marginal,0.01751312016173216,0.016981415417801946,0.018044824905662372,30
Human-only benchmark,40,ai_reliability,0.7800000000000001,0.7800000000000001,0.7800000000000001,30
Human-only benchmark,41,peer_share,1.0,1.0,1.0,30
Human-only benchmark,41,ai_share,0.0,0.0,0.0,30
Human-only benchmark,41,hybrid_share,0.0,0.0,0.0,30
Human-only benchmark,41,human_interaction_rate,1.0,1.0,1.0,30
Human-only benchmark,41,ai_use_rate,0.0,0.0,0.0,30
Human-only benchmark,41,mean_quality,0.5194027405429698,0.5153977656038107,0.5234077154821288,30
Human-only benchmark,41,success_rate,0.2631481481481481,0.24970969478498733,0.2765866015113088,30
Human-only benchmark,41,mean_knowledge,0.5553887447901559,0.5516656299118067,0.5591118596685051,30
Human-only benchmark,41,knowledge_rank_corr_with_initial,0.9990395948089942,0.9989779328846682,0.9991012567333202,30
Human-only benchmark,41,mean_ai_trust,0.0,0.0,0.0,30
Human-only benchmark,41,mean_peer_trust,0.516334056854248,0.5149436336724406,0.5177244800360555,30
Human-only benchmark,41,mean_tie_strength,0.5176044483979543,0.5163122282288456,0.518896668567063,30
Human-only benchmark,41,network_density,0.0567142561555969,0.056627033031416606,0.056801479279777196,30
Human-only benchmark,41,mean_weighted_degree,5.2545698604760345,5.243346716168194,5.265793004783875,30
Human-only benchmark,41,recent_active_tie_fraction,0.982351130003482,0.9801976556074248,0.9845046043995391,30
Human-only benchmark,41,mean_unique_peer_partners,10.33851851851852,10.310490238580368,10.366546798456671,30
Human-only benchmark,41,mean_peer_marginal,0.016914650666763377,0.01635052600614412,0.017478775327382633,30
Human-only benchmark,41,ai_reliability,0.7800000000000001,0.7800000000000001,0.7800000000000001,30
Human-only benchmark,42,peer_share,1.0,1.0,1.0,30
Human-only benchmark,42,ai_share,0.0,0.0,0.0,30
Human-only benchmark,42,hybrid_share,0.0,0.0,0.0,30
Human-only benchmark,42,human_interaction_rate,1.0,1.0,1.0,30
Human-only benchmark,42,ai_use_rate,0.0,0.0,0.0,30
Human-only benchmark,42,mean_quality,0.5198299361768421,0.5153983077765449,0.5242615645771393,30
Human-only benchmark,42,success_rate,0.26666666666666666,0.2508022951772869,0.2825310381560464,30
Human-only benchmark,42,mean_knowledge,0.5562692104211977,0.5525415753096174,0.559996845532778,30
Human-only benchmark,42,knowledge_rank_corr_with_initial,0.9989959774289101,0.9989306309259117,0.9990613239319085,30
Human-only benchmark,42,mean_ai_trust,0.0,0.0,0.0,30
Human-only benchmark,42,mean_peer_trust,0.5168527086575826,0.5154357320308094,0.5182696852843558,30
Human-only benchmark,42,mean_tie_strength,0.5168705344200134,0.5155782918079078,0.518162777032119,30
Human-only benchmark,42,network_density,0.05672667080488306,0.056637266066536116,0.05681607554323001,30
Human-only benchmark,42,mean_weighted_degree,5.248265897521266,5.237029196384594,5.259502598657939,30
Human-only benchmark,42,recent_active_tie_fraction,0.9811135270932488,0.9789507304253448,0.9832763237611529,30
Human-only benchmark,42,mean_unique_peer_partners,10.343333333333334,10.31554717457014,10.371119492096527,30
Human-only benchmark,42,mean_peer_marginal,0.016932307410547142,0.016282115510710377,0.017582499310383908,30
Human-only benchmark,42,ai_reliability,0.7800000000000001,0.7800000000000001,0.7800000000000001,30
Human-only benchmark,43,peer_share,1.0,1.0,1.0,30
Human-only benchmark,43,ai_share,0.0,0.0,0.0,30
Human-only benchmark,43,hybrid_share,0.0,0.0,0.0,30
Human-only benchmark,43,human_interaction_rate,1.0,1.0,1.0,30
Human-only benchmark,43,ai_use_rate,0.0,0.0,0.0,30
Human-only benchmark,43,mean_quality,0.5202236422522486,0.5161650980566651,0.5242821864478321,30
Human-only benchmark,43,success_rate,0.25907407407407407,0.244604080974974,0.27354406717317414,30
Human-only benchmark,43,mean_knowledge,0.5571531903583453,0.553421913497325,0.5608844672193657,30
Human-only benchmark,43,knowledge_rank_corr_with_initial,0.9989521016649253,0.9988834065910891,0.9990207967387615,30
Human-only benchmark,43,mean_ai_trust,0.0,0.0,0.0,30
Human-only benchmark,43,mean_peer_trust,0.5173480451107025,0.5158974865091667,0.5187986037122384,30
Human-only benchmark,43,mean_tie_strength,0.5161089301109314,0.5148196865149971,0.5173981737068657,30
Human-only benchmark,43,network_density,0.05674943099524101,0.05665798774515197,0.056840874245330054,30
Human-only benchmark,43,mean_weighted_degree,5.242634651263555,5.231333477400605,5.253935825126505,30
Human-only benchmark,43,recent_active_tie_fraction,0.9807926919427128,0.9789409575381033,0.9826444263473223,30
Human-only benchmark,43,mean_unique_peer_partners,10.351851851851853,10.323895669593295,10.379808034110411,30
Human-only benchmark,43,mean_peer_marginal,0.017245270175114517,0.016584031600231156,0.017906508749997878,30
Human-only benchmark,43,ai_reliability,0.7800000000000001,0.7800000000000001,0.7800000000000001,30
Human-only benchmark,44,peer_share,1.0,1.0,1.0,30
Human-only benchmark,44,ai_share,0.0,0.0,0.0,30
Human-only benchmark,44,hybrid_share,0.0,0.0,0.0,30
Human-only benchmark,44,human_interaction_rate,1.0,1.0,1.0,30
Human-only benchmark,44,ai_use_rate,0.0,0.0,0.0,30
Human-only benchmark,44,mean_quality,0.5228426571733196,0.5196450304753613,0.5260402838712779,30
Human-only benchmark,44,success_rate,0.274074074074074,0.26468015651047405,0.283467991637674,30
Human-only benchmark,44,mean_knowledge,0.5580417106652409,0.5543074153616335,0.5617760059688482,30
Human-only benchmark,44,knowledge_rank_corr_with_initial,0.99890345155937,0.9988309547073031,0.9989759484114369,30
Human-only benchmark,44,mean_ai_trust,0.0,0.0,0.0,30
Human-only benchmark,44,mean_peer_trust,0.5178601761658986,0.5163840637644551,0.5193362885673422,30
Human-only benchmark,44,mean_tie_strength,0.5153045455614725,0.5140152265525085,0.5165938645704365,30
Human-only benchmark,44,network_density,0.05678667494309948,0.05669740499365713,0.05687594489254184,30
Human-only benchmark,44,mean_weighted_degree,5.237898831720705,5.226745147944949,5.249052515496461,30
Human-only benchmark,44,recent_active_tie_fraction,0.9808062246165116,0.9789425882835732,0.98266986094945,30
Human-only benchmark,44,mean_unique_peer_partners,10.364074074074075,10.337016675063705,10.391131473084446,30
Human-only benchmark,44,mean_peer_marginal,0.017297846889750616,0.016635611272849998,0.017960082506651234,30
Human-only benchmark,44,ai_reliability,0.7800000000000001,0.7800000000000001,0.7800000000000001,30
Human-only benchmark,45,peer_share,1.0,1.0,1.0,30
Human-only benchmark,45,ai_share,0.0,0.0,0.0,30
Human-only benchmark,45,hybrid_share,0.0,0.0,0.0,30
Human-only benchmark,45,human_interaction_rate,1.0,1.0,1.0,30
Human-only benchmark,45,ai_use_rate,0.0,0.0,0.0,30
Human-only benchmark,45,mean_quality,0.5230261381206386,0.5192171550695098,0.5268351211717673,30
Human-only benchmark,45,success_rate,0.27018518518518514,0.25725319154367804,0.28311717882669224,30
Human-only benchmark,45,mean_knowledge,0.5589243568400568,0.5551898845367963,0.5626588291433173,30
Human-only benchmark,45,knowledge_rank_corr_with_initial,0.9988589742180107,0.9987835618559022,0.9989343865801192,30
Human-only benchmark,45,mean_ai_trust,0.0,0.0,0.0,30
Human-only benchmark,45,mean_peer_trust,0.5183724125226339,0.5168763597457908,0.519868465299477,30
Human-only benchmark,45,mean_tie_strength,0.514568418264389,0.5132913816304608,0.5158454548983172,30
Human-only benchmark,45,network_density,0.0568011587006,0.0567127541710333,0.056889563230166695,30
Human-only benchmark,45,mean_weighted_degree,5.231756154563692,5.220406620158209,5.243105688969176,30
Human-only benchmark,45,recent_active_tie_fraction,0.9814261046301579,0.9798463883061803,0.9830058209541355,30
Human-only benchmark,45,mean_unique_peer_partners,10.372222222222222,10.344966645898827,10.399477798545616,30
Human-only benchmark,45,mean_peer_marginal,0.01694661280759715,0.01639384916895977,0.01749937644623453,30
Human-only benchmark,45,ai_reliability,0.7800000000000001,0.7800000000000001,0.7800000000000001,30
Human-only benchmark,46,peer_share,1.0,1.0,1.0,30
Human-only benchmark,46,ai_share,0.0,0.0,0.0,30
Human-only benchmark,46,hybrid_share,0.0,0.0,0.0,30
Human-only benchmark,46,human_interaction_rate,1.0,1.0,1.0,30
Human-only benchmark,46,ai_use_rate,0.0,0.0,0.0,30
Human-only benchmark,46,mean_quality,0.524420900961016,0.5209747361427282,0.5278670657793039,30
Human-only benchmark,46,success_rate,0.2779629629629629,0.2641756745245991,0.2917502514013267,30
Human-only benchmark,46,mean_knowledge,0.5598161217574652,0.5560821907086557,0.5635500528062747,30
Human-only benchmark,46,knowledge_rank_corr_with_initial,0.9988102559117717,0.9987314832021547,0.9988890286213888,30
Human-only benchmark,46,mean_ai_trust,0.0,0.0,0.0,30
Human-only benchmark,46,mean_peer_trust,0.5188903530438741,0.5173690964484405,0.5204116096393077,30
Human-only benchmark,46,mean_tie_strength,0.5138250211874644,0.5125393305987861,0.5151107117761428,30
Human-only benchmark,46,network_density,0.05681978067452923,0.05672716984519876,0.056912391503859704,30
Human-only benchmark,46,mean_weighted_degree,5.225903473650969,5.214630846585083,5.237176100716855,30
Human-only benchmark,46,recent_active_tie_fraction,0.9814299737031438,0.9801973136277813,0.9826626337785063,30
Human-only benchmark,46,mean_unique_peer_partners,10.38037037037037,10.352491794613561,10.408248946127179,30
Human-only benchmark,46,mean_peer_marginal,0.01735215692695898,0.016738985945036106,0.01796532790888185,30
Human-only benchmark,46,ai_reliability,0.7800000000000001,0.7800000000000001,0.7800000000000001,30
Human-only benchmark,47,peer_share,1.0,1.0,1.0,30
Human-only benchmark,47,ai_share,0.0,0.0,0.0,30
Human-only benchmark,47,hybrid_share,0.0,0.0,0.0,30
Human-only benchmark,47,human_interaction_rate,1.0,1.0,1.0,30
Human-only benchmark,47,ai_use_rate,0.0,0.0,0.0,30
Human-only benchmark,47,mean_quality,0.5241827168355225,0.5205524585564894,0.5278129751145557,30
Human-only benchmark,47,success_rate,0.27888888888888885,0.26625974893851273,0.291518028839265,30
Human-only benchmark,47,mean_knowledge,0.5606996055945508,0.556964669996072,0.5644345411930296,30
Human-only benchmark,47,knowledge_rank_corr_with_initial,0.9987550832759136,0.9986725031279984,0.9988376634238287,30
Human-only benchmark,47,mean_ai_trust,0.0,0.0,0.0,30
Human-only benchmark,47,mean_peer_trust,0.5194141606489817,0.5178673936228212,0.5209609276751422,30
Human-only benchmark,47,mean_tie_strength,0.5130611399809519,0.5117859792441446,0.5143363007177593,30
Human-only benchmark,47,network_density,0.05684460997310155,0.05675336953987485,0.056935850406328245,30
Human-only benchmark,47,mean_weighted_degree,5.220419169531928,5.209056526545352,5.231781812518504,30
Human-only benchmark,47,recent_active_tie_fraction,0.9808937930318611,0.9795220423130983,0.9822655437506239,30
Human-only benchmark,47,mean_unique_peer_partners,10.391111111111114,10.362920934641112,10.419301287581115,30
Human-only benchmark,47,mean_peer_marginal,0.017007609597528586,0.016543618857129395,0.017471600337927776,30
Human-only benchmark,47,ai_reliability,0.7800000000000001,0.7800000000000001,0.7800000000000001,30
Human-only benchmark,48,peer_share,1.0,1.0,1.0,30
Human-only benchmark,48,ai_share,0.0,0.0,0.0,30
Human-only benchmark,48,hybrid_share,0.0,0.0,0.0,30
Human-only benchmark,48,human_interaction_rate,1.0,1.0,1.0,30
Human-only benchmark,48,ai_use_rate,0.0,0.0,0.0,30
Human-only benchmark,48,mean_quality,0.5246503714414292,0.5203003728271947,0.5290003700556638,30
Human-only benchmark,48,success_rate,0.2805555555555555,0.266851755236866,0.294259355874245,30
Human-only benchmark,48,mean_knowledge,0.5615772857320621,0.5578389864802117,0.5653155849839125,30
Human-only benchmark,48,knowledge_rank_corr_with_initial,0.9987072718884477,0.9986212873698146,0.9987932564070807,30
Human-only benchmark,48,mean_ai_trust,0.0,0.0,0.0,30
Human-only benchmark,48,mean_peer_trust,0.5199471016724905,0.5183700229535813,0.5215241803913997,30
Human-only benchmark,48,mean_tie_strength,0.5123098293940226,0.5110381164608854,0.5135815423271598,30
Human-only benchmark,48,network_density,0.05686530105524515,0.05677453562378212,0.05695606648670818,30
Human-only benchmark,48,mean_weighted_degree,5.214673259214119,5.203296806219545,5.226049712208693,30
Human-only benchmark,48,recent_active_tie_fraction,0.9802107418558133,0.9787132229577908,0.9817082607538357,30
Human-only benchmark,48,mean_unique_peer_partners,10.397777777777778,10.370312844658754,10.425242710896802,30
Human-only benchmark,48,mean_peer_marginal,0.016736196900362245,0.016073277562836216,0.017399116237888274,30
Human-only benchmark,48,ai_reliability,0.7800000000000001,0.7800000000000001,0.7800000000000001,30
Human-only benchmark,49,peer_share,1.0,1.0,1.0,30
Human-only benchmark,49,ai_share,0.0,0.0,0.0,30
Human-only benchmark,49,hybrid_share,0.0,0.0,0.0,30
Human-only benchmark,49,human_interaction_rate,1.0,1.0,1.0,30
Human-only benchmark,49,ai_use_rate,0.0,0.0,0.0,30
Human-only benchmark,49,mean_quality,0.5249032480681535,0.5209571541780039,0.528849341958303,30
Human-only benchmark,49,success_rate,0.27444444444444444,0.26194285097536146,0.2869460379135274,30
Human-only benchmark,49,mean_knowledge,0.5624551036764729,0.5587166528032909,0.5661935545496549,30
Human-only benchmark,49,knowledge_rank_corr_with_initial,0.9986583263631542,0.9985691113587077,0.9987475413676007,30
Human-only benchmark,49,mean_ai_trust,0.0,0.0,0.0,30
Human-only benchmark,49,mean_peer_trust,0.5204664508501688,0.5188685582579727,0.522064343442365,30
Human-only benchmark,49,mean_tie_strength,0.5115423381328583,0.5102597716767802,0.5128249045889365,30
Human-only benchmark,49,network_density,0.056892199462031806,0.05680176460207087,0.05698263432199274,30
Human-only benchmark,49,mean_weighted_degree,5.209317464342823,5.1982714356365545,5.220363493049092,30
Human-only benchmark,49,recent_active_tie_fraction,0.9800021158917166,0.9786204099430029,0.9813838218404303,30
Human-only benchmark,49,mean_unique_peer_partners,10.40888888888889,10.380952530699666,10.436825247078115,30
Human-only benchmark,49,mean_peer_marginal,0.01674473368948027,0.016133959277471473,0.017355508101489066,30
Human-only benchmark,49,ai_reliability,0.7800000000000001,0.7800000000000001,0.7800000000000001,30
Human-only benchmark,50,peer_share,1.0,1.0,1.0,30
Human-only benchmark,50,ai_share,0.0,0.0,0.0,30
Human-only benchmark,50,hybrid_share,0.0,0.0,0.0,30
Human-only benchmark,50,human_interaction_rate,1.0,1.0,1.0,30
Human-only benchmark,50,ai_use_rate,0.0,0.0,0.0,30
Human-only benchmark,50,mean_quality,0.524691076216697,0.5202240645656263,0.5291580878677676,30
Human-only benchmark,50,success_rate,0.2788888888888888,0.26386625791825086,0.29391151985952674,30
Human-only benchmark,50,mean_knowledge,0.563330380695458,0.5595901013552845,0.5670706600356316,30
Human-only benchmark,50,knowledge_rank_corr_with_initial,0.9986101055308144,0.9985192921006631,0.9987009189609657,30
Human-only benchmark,50,mean_ai_trust,0.0,0.0,0.0,30
Human-only benchmark,50,mean_peer_trust,0.520996880531311,0.5193689281745887,0.5226248328880333,30
Human-only benchmark,50,mean_tie_strength,0.5108120759328206,0.5095341017403682,0.5120900501252731,30
Human-only benchmark,50,network_density,0.05690668321953233,0.05681403239128148,0.05699933404778318,30
Human-only benchmark,50,mean_weighted_degree,5.203205462870773,5.19202469957421,5.214386226167337,30
Human-only benchmark,50,recent_active_tie_fraction,0.980003513613836,0.9786404624315651,0.9813665647961068,30
Human-only benchmark,50,mean_unique_peer_partners,10.41777777777778,10.38842808378323,10.447127471772328,30
Human-only benchmark,50,mean_peer_marginal,0.016806943020822883,0.016134735263067117,0.01747915077857865,30
Human-only benchmark,50,ai_reliability,0.7800000000000001,0.7800000000000001,0.7800000000000001,30
Human-only benchmark,51,peer_share,1.0,1.0,1.0,30
Human-only benchmark,51,ai_share,0.0,0.0,0.0,30
Human-only benchmark,51,hybrid_share,0.0,0.0,0.0,30
Human-only benchmark,51,human_interaction_rate,1.0,1.0,1.0,30
Human-only benchmark,51,ai_use_rate,0.0,0.0,0.0,30
Human-only benchmark,51,mean_quality,0.5285273854553146,0.5235887611236486,0.5334660097869807,30
Human-only benchmark,51,success_rate,0.2835185185185185,0.26874406715404314,0.29829296988299386,30
Human-only benchmark,51,mean_knowledge,0.5642187957280008,0.5604765229848995,0.5679610684711022,30
Human-only benchmark,51,knowledge_rank_corr_with_initial,0.998557143555544,0.998461473566693,0.9986528135443951,30
Human-only benchmark,51,mean_ai_trust,0.0,0.0,0.0,30
Human-only benchmark,51,mean_peer_trust,0.5215535819530487,0.5199072811627745,0.5231998827433229,30
Human-only benchmark,51,mean_tie_strength,0.5101013064384461,0.5088262001988185,0.5113764126780737,30
Human-only benchmark,51,network_density,0.05691702876060414,0.056823929128642786,0.05701012839256549,30
Human-only benchmark,51,mean_weighted_degree,5.196910091152897,5.185727279166571,5.208092903139223,30
Human-only benchmark,51,recent_active_tie_fraction,0.9806226323067455,0.9792919422957613,0.9819533223177297,30
Human-only benchmark,51,mean_unique_peer_partners,10.424444444444445,10.394796939812556,10.454091949076334,30
Human-only benchmark,51,mean_peer_marginal,0.017542951053862513,0.01679925630879516,0.018286645798929864,30
Human-only benchmark,51,ai_reliability,0.7800000000000001,0.7800000000000001,0.7800000000000001,30
Human-only benchmark,52,peer_share,1.0,1.0,1.0,30
Human-only benchmark,52,ai_share,0.0,0.0,0.0,30
Human-only benchmark,52,hybrid_share,0.0,0.0,0.0,30
Human-only benchmark,52,human_interaction_rate,1.0,1.0,1.0,30
Human-only benchmark,52,ai_use_rate,0.0,0.0,0.0,30
Human-only benchmark,52,mean_quality,0.5265317742157694,0.5225761026564927,0.530487445775046,30
Human-only benchmark,52,success_rate,0.2753703703703703,0.2599549511735996,0.290785789567141,30
Human-only benchmark,52,mean_knowledge,0.565096487335773,0.5613534122560858,0.5688395624154602,30
Human-only benchmark,52,knowledge_rank_corr_with_initial,0.9985009781079767,0.9984042382150082,0.9985977180009451,30
Human-only benchmark,52,mean_ai_trust,0.0,0.0,0.0,30
Human-only benchmark,52,mean_peer_trust,0.5220842281977336,0.5204151190094447,0.5237533373860225,30
Human-only benchmark,52,mean_tie_strength,0.5093638042608897,0.5080952842910113,0.5106323242307681,30
Human-only benchmark,52,network_density,0.05693565073453336,0.0568410215144684,0.05703027995459833,30
Human-only benchmark,52,mean_weighted_degree,5.191095406479305,5.1797937921308606,5.20239702082775,30
Human-only benchmark,52,recent_active_tie_fraction,0.9800860768046353,0.9787148198726461,0.9814573337366246,30
Human-only benchmark,52,mean_unique_peer_partners,10.432222222222224,10.402776618888257,10.46166782555619,30
Human-only benchmark,52,mean_peer_marginal,0.016907553430142764,0.016336257860127913,0.017478849000157615,30
Human-only benchmark,52,ai_reliability,0.7800000000000001,0.7800000000000001,0.7800000000000001,30
Human-only benchmark,53,peer_share,1.0,1.0,1.0,30
Human-only benchmark,53,ai_share,0.0,0.0,0.0,30
Human-only benchmark,53,hybrid_share,0.0,0.0,0.0,30
Human-only benchmark,53,human_interaction_rate,1.0,1.0,1.0,30
Human-only benchmark,53,ai_use_rate,0.0,0.0,0.0,30
Human-only benchmark,53,mean_quality,0.5269807795113141,0.5231470683190498,0.5308144907035783,30
Human-only benchmark,53,success_rate,0.274074074074074,0.2622341411328659,0.28591400701528213,30
Human-only benchmark,53,mean_knowledge,0.5659723942627971,0.5622266445503148,0.5697181439752794,30
Human-only benchmark,53,knowledge_rank_corr_with_initial,0.9984469104897701,0.9983478152706685,0.9985460057088716,30
Human-only benchmark,53,mean_ai_trust,0.0,0.0,0.0,30
Human-only benchmark,53,mean_peer_trust,0.5226052582263947,0.5209123257774209,0.5242981906753685,30
Human-only benchmark,53,mean_tie_strength,0.5085841457049052,0.5073015499395158,0.5098667414702945,30
Human-only benchmark,53,network_density,0.05696875646596312,0.05686972682437268,0.05706778610755356,30
Human-only benchmark,53,mean_weighted_degree,5.186153323252997,5.175034706853725,5.197271939652269,30
Human-only benchmark,53,recent_active_tie_fraction,0.9793707417228352,0.9777173202531068,0.9810241631925637,30
Human-only benchmark,53,mean_unique_peer_partners,10.443333333333335,10.41260534825584,10.47406131841083,30
Human-only benchmark,53,mean_peer_marginal,0.016576089919587342,0.015986020629339442,0.017166159209835243,30
Human-only benchmark,53,ai_reliability,0.7800000000000001,0.7800000000000001,0.7800000000000001,30
Human-only benchmark,54,peer_share,1.0,1.0,1.0,30
Human-only benchmark,54,ai_share,0.0,0.0,0.0,30
Human-only benchmark,54,hybrid_share,0.0,0.0,0.0,30
Human-only benchmark,54,human_interaction_rate,1.0,1.0,1.0,30
Human-only benchmark,54,ai_use_rate,0.0,0.0,0.0,30
Human-only benchmark,54,mean_quality,0.5275134398594236,0.5229014035600178,0.5321254761588293,30
Human-only benchmark,54,success_rate,0.2794444444444444,0.26925027119276024,0.28963861769612853,30
Human-only benchmark,54,mean_knowledge,0.5668472757553427,0.5631008623267526,0.5705936891839327,30
Human-only benchmark,54,knowledge_rank_corr_with_initial,0.9983890370380374,0.9982860510025665,0.9984920230735083,30
Human-only benchmark,54,mean_ai_trust,0.0,0.0,0.0,30
Human-only benchmark,54,mean_peer_trust,0.5231479624907176,0.5214346989238163,0.5248612260576189,30
Human-only benchmark,54,mean_tie_strength,0.5078435162703197,0.506568162849767,0.5091188696908723,30
Human-only benchmark,54,network_density,0.056989447548106704,0.05689010660925156,0.05708878848696185,30
Human-only benchmark,54,mean_weighted_degree,5.180484389375758,5.16925693951306,5.191711839238456,30
Human-only benchmark,54,recent_active_tie_fraction,0.9791938356192763,0.9776493940819176,0.980738277156635,30
Human-only benchmark,54,mean_unique_peer_partners,10.45185185185185,10.420436455905056,10.483267247798645,30
Human-only benchmark,54,mean_peer_marginal,0.01682867407488174,0.016209242789861418,0.017448105359902065,30
Human-only benchmark,54,ai_reliability,0.7800000000000001,0.7800000000000001,0.7800000000000001,30
Human-only benchmark,55,peer_share,1.0,1.0,1.0,30
Human-only benchmark,55,ai_share,0.0,0.0,0.0,30
Human-only benchmark,55,hybrid_share,0.0,0.0,0.0,30
Human-only benchmark,55,human_interaction_rate,1.0,1.0,1.0,30
Human-only benchmark,55,ai_use_rate,0.0,0.0,0.0,30
Human-only benchmark,55,mean_quality,0.5295947670272151,0.5254142286875797,0.5337753053668505,30
Human-only benchmark,55,success_rate,0.28888888888888886,0.27428093497432254,0.3034968428034552,30
Human-only benchmark,55,mean_knowledge,0.567731090560185,0.5639830314328234,0.5714791496875467,30
Human-only benchmark,55,knowledge_rank_corr_with_initial,0.9983244347741207,0.9982171396095388,0.9984317299387026,30
Human-only benchmark,55,mean_ai_trust,0.0,0.0,0.0,30
Human-only benchmark,55,mean_peer_trust,0.523696380853653,0.5219566320860339,0.5254361296212721,30
Human-only benchmark,55,mean_tie_strength,0.5071065167586009,0.5058314780642456,0.5083815554529562,30
Human-only benchmark,55,network_density,0.0570101386302503,0.05691129623761395,0.05710898102288665,30
Human-only benchmark,55,mean_weighted_degree,5.174843755828009,5.163688867906959,5.185998643749059,30
Human-only benchmark,55,recent_active_tie_fraction,0.9790233404751123,0.97710501945538,0.9809416614948446,30
Human-only benchmark,55,mean_unique_peer_partners,10.462962962962965,10.431661139817544,10.494264786108387,30
Human-only benchmark,55,mean_peer_marginal,0.017080937673900298,0.016397335770575224,0.01776453957722537,30
Human-only benchmark,55,ai_reliability,0.7800000000000001,0.7800000000000001,0.7800000000000001,30
Human-only benchmark,56,peer_share,1.0,1.0,1.0,30
Human-only benchmark,56,ai_share,0.0,0.0,0.0,30
Human-only benchmark,56,hybrid_share,0.0,0.0,0.0,30
Human-only benchmark,56,human_interaction_rate,1.0,1.0,1.0,30
Human-only benchmark,56,ai_use_rate,0.0,0.0,0.0,30
Human-only benchmark,56,mean_quality,0.5317803558909812,0.5284735377735895,0.5350871740083728,30
Human-only benchmark,56,success_rate,0.2929629629629629,0.28069703613889807,0.3052288897870278,30
Human-only benchmark,56,mean_knowledge,0.5686053964878284,0.564853447635737,0.5723573453399198,30
Human-only benchmark,56,knowledge_rank_corr_with_initial,0.9982665859278422,0.9981564958471979,0.9983766760084866,30
Human-only benchmark,56,mean_ai_trust,0.0,0.0,0.0,30
Human-only benchmark,56,mean_peer_trust,0.5242425004641215,0.5224756857334036,0.5260093151948393,30
Human-only benchmark,56,mean_tie_strength,0.5063787490129471,0.5051053683002487,0.5076521297256456,30
Human-only benchmark,56,network_density,0.05702669149596518,0.056927201480396865,0.0571261815115335,30
Human-only benchmark,56,mean_weighted_degree,5.168917470508151,5.157734836896061,5.180100104120241,30
Human-only benchmark,56,recent_active_tie_fraction,0.9785562446211196,0.9767711623060868,0.9803413269361523,30
Human-only benchmark,56,mean_unique_peer_partners,10.46962962962963,10.438793978404522,10.500465280854737,30
Human-only benchmark,56,mean_peer_marginal,0.016425900308408747,0.01582186617126898,0.017029934445548515,30
Human-only benchmark,56,ai_reliability,0.7800000000000001,0.7800000000000001,0.7800000000000001,30
Human-only benchmark,57,peer_share,1.0,1.0,1.0,30
Human-only benchmark,57,ai_share,0.0,0.0,0.0,30
Human-only benchmark,57,hybrid_share,0.0,0.0,0.0,30
Human-only benchmark,57,human_interaction_rate,1.0,1.0,1.0,30
Human-only benchmark,57,ai_use_rate,0.0,0.0,0.0,30
Human-only benchmark,57,mean_quality,0.5331334200278183,0.5293887480440411,0.5368780920115954,30
Human-only benchmark,57,success_rate,0.292037037037037,0.2796657041623487,0.30440836991172526,30
Human-only benchmark,57,mean_knowledge,0.5694944420865705,0.5657421443498183,0.5732467398233227,30
Human-only benchmark,57,knowledge_rank_corr_with_initial,0.9982048712791743,0.998091301323666,0.9983184412346827,30
Human-only benchmark,57,mean_ai_trust,0.0,0.0,0.0,30
Human-only benchmark,57,mean_peer_trust,0.5247934480508168,0.5230089374539303,0.5265779586477034,30
Human-only benchmark,57,mean_tie_strength,0.5056517064571381,0.50437675406436,0.5069266588499162,30
Human-only benchmark,57,network_density,0.05704531346989442,0.056943823223348,0.05714680371644085,30
Human-only benchmark,57,mean_weighted_degree,5.163178754250208,5.152007971035439,5.174349537464978,30
Human-only benchmark,57,recent_active_tie_fraction,0.9790342663840746,0.9773644453411813,0.980704087426968,30
Human-only benchmark,57,mean_unique_peer_partners,10.47703703703704,10.445497183362884,10.508576890711195,30
Human-only benchmark,57,mean_peer_marginal,0.017264277831438593,0.01676273369573022,0.017765821967146968,30
Human-only benchmark,57,ai_reliability,0.7800000000000001,0.7800000000000001,0.7800000000000001,30
Human-only benchmark,58,peer_share,1.0,1.0,1.0,30
Human-only benchmark,58,ai_share,0.0,0.0,0.0,30
Human-only benchmark,58,hybrid_share,0.0,0.0,0.0,30
Human-only benchmark,58,human_interaction_rate,1.0,1.0,1.0,30
Human-only benchmark,58,ai_use_rate,0.0,0.0,0.0,30
Human-only benchmark,58,mean_quality,0.5308103405048055,0.5266671507672711,0.5349535302423398,30
Human-only benchmark,58,success_rate,0.2842592592592592,0.27108173548641346,0.29743678303210497,30
Human-only benchmark,58,mean_knowledge,0.5703682841298974,0.5666119537514831,0.5741246145083116,30
Human-only benchmark,58,knowledge_rank_corr_with_initial,0.9981454805608774,0.9980291401679577,0.998261820953797,30
Human-only benchmark,58,mean_ai_trust,0.0,0.0,0.0,30
Human-only benchmark,58,mean_peer_trust,0.5253426333268484,0.5235350948218421,0.5271501718318546,30
Human-only benchmark,58,mean_tie_strength,0.5049148917198181,0.5036504394901011,0.506179343949535,30
Human-only benchmark,58,network_density,0.05706600455203802,0.05696817002868965,0.05716383907538639,30
Human-only benchmark,58,mean_weighted_degree,5.15753157960044,5.146324293409617,5.168738865791263,30
Human-only benchmark,58,recent_active_tie_fraction,0.9786037359351462,0.9769343363090067,0.9802731355612856,30
Human-only benchmark,58,mean_unique_peer_partners,10.488148148148149,10.456327246283909,10.519969050012389,30
Human-only benchmark,58,mean_peer_marginal,0.01653608759499652,0.015732394424839927,0.01733978076515311,30
Human-only benchmark,58,ai_reliability,0.7800000000000001,0.7800000000000001,0.7800000000000001,30
Human-only benchmark,59,peer_share,1.0,1.0,1.0,30
Human-only benchmark,59,ai_share,0.0,0.0,0.0,30
Human-only benchmark,59,hybrid_share,0.0,0.0,0.0,30
Human-only benchmark,59,human_interaction_rate,1.0,1.0,1.0,30
Human-only benchmark,59,ai_use_rate,0.0,0.0,0.0,30
Human-only benchmark,59,mean_quality,0.5339811757723527,0.5300684753039187,0.5378938762407868,30
Human-only benchmark,59,success_rate,0.2988888888888888,0.285124042028446,0.31265373574933164,30
Human-only benchmark,59,mean_knowledge,0.5712526558149867,0.5674935499642394,0.5750117616657341,30
Human-only benchmark,59,knowledge_rank_corr_with_initial,0.9980799397621863,0.9979603309426618,0.9981995485817109,30
Human-only benchmark,59,mean_ai_trust,0.0,0.0,0.0,30
Human-only benchmark,59,mean_peer_trust,0.5259115278720856,0.5240824190294608,0.5277406367147104,30
Human-only benchmark,59,mean_tie_strength,0.504173094034195,0.5029181587264813,0.5054280293419087,30
Human-only benchmark,59,network_density,0.05709083385061033,0.05699157064454762,0.057190097056673043,30
Human-only benchmark,59,mean_weighted_degree,5.152198819275255,5.1407495171257285,5.163648121424782,30
Human-only benchmark,59,recent_active_tie_fraction,0.9786458215620145,0.976999410619533,0.980292232504496,30
Human-only benchmark,59,mean_unique_peer_partners,10.49703703703704,10.46462470959502,10.529449364479062,30
Human-only benchmark,59,mean_peer_marginal,0.017140748380242855,0.016511655251319656,0.017769841509166055,30
Human-only benchmark,59,ai_reliability,0.7800000000000001,0.7800000000000001,0.7800000000000001,30
Human-only benchmark,60,peer_share,1.0,1.0,1.0,30
Human-only benchmark,60,ai_share,0.0,0.0,0.0,30
Human-only benchmark,60,hybrid_share,0.0,0.0,0.0,30
Human-only benchmark,60,human_interaction_rate,1.0,1.0,1.0,30
Human-only benchmark,60,ai_use_rate,0.0,0.0,0.0,30
Human-only benchmark,60,mean_quality,0.5337995065796636,0.5298035564668364,0.5377954566924907,30
Human-only benchmark,60,success_rate,0.29407407407407404,0.27981638642855344,0.30833176171959464,30
Human-only benchmark,60,mean_knowledge,0.5721305759074531,0.5683698950128679,0.5758912568020382,30
Human-only benchmark,60,knowledge_rank_corr_with_initial,0.9980151010894324,0.9978912271249214,0.9981389750539433,30
Human-only benchmark,60,mean_ai_trust,0.0,0.0,0.0,30
Human-only benchmark,60,mean_peer_trust,0.5264851550261179,0.5246344914538644,0.5283358185983714,30
Human-only benchmark,60,mean_tie_strength,0.5034710069497427,0.502212929866105,0.5047290840333803,30
Human-only benchmark,60,network_density,0.05710117939168213,0.057002775298904684,0.05719958348445958,30
Human-only benchmark,60,mean_weighted_degree,5.1459538300832115,5.134696515079495,5.157211145086928,30
Human-only benchmark,60,recent_active_tie_fraction,0.9790136004899926,0.9775949274243411,0.9804322735556442,30
Human-only benchmark,60,mean_unique_peer_partners,10.50074074074074,10.467729601610516,10.533751879870964,30
Human-only benchmark,60,mean_peer_marginal,0.016759935368052654,0.0161566493628255,0.017363221373279808,30
Human-only benchmark,60,ai_reliability,0.7800000000000001,0.7800000000000001,0.7800000000000001,30
Human-only benchmark,61,peer_share,1.0,1.0,1.0,30
Human-only benchmark,61,ai_share,0.0,0.0,0.0,30
Human-only benchmark,61,hybrid_share,0.0,0.0,0.0,30
Human-only benchmark,61,human_interaction_rate,1.0,1.0,1.0,30
Human-only benchmark,61,ai_use_rate,0.0,0.0,0.0,30
Human-only benchmark,61,mean_quality,0.5349287030814107,0.5306802501585054,0.539177156004316,30
Human-only benchmark,61,success_rate,0.29574074074074075,0.2799449575653753,0.3115365239161062,30
Human-only benchmark,61,mean_knowledge,0.5730032699282778,0.5692395475214733,0.5767669923350822,30
Human-only benchmark,61,knowledge_rank_corr_with_initial,0.9979579903758433,0.9978330184153615,0.9980829623363251,30
Human-only benchmark,61,mean_ai_trust,0.0,0.0,0.0,30
Human-only benchmark,61,mean_peer_trust,0.5270422438780467,0.525165222292876,0.5289192654632173,30
Human-only benchmark,61,mean_tie_strength,0.5027414937814076,0.5014860684261152,0.5039969191367001,30
Human-only benchmark,61,network_density,0.057119801365611365,0.057022143735514626,0.057217458995708105,30
Human-only benchmark,61,mean_weighted_degree,5.140173146724702,5.129004246208716,5.1513420472406874,30
Human-only benchmark,61,recent_active_tie_fraction,0.9786617367712407,0.9773862967425894,0.979937176799892,30
Human-only benchmark,61,mean_unique_peer_partners,10.508148148148146,10.475172991086309,10.541123305209984,30
Human-only benchmark,61,mean_peer_marginal,0.016289020308666254,0.015738933150800282,0.016839107466532225,30
Human-only benchmark,61,ai_reliability,0.7800000000000001,0.7800000000000001,0.7800000000000001,30
Human-only benchmark,62,peer_share,1.0,1.0,1.0,30
Human-only benchmark,62,ai_share,0.0,0.0,0.0,30
Human-only benchmark,62,hybrid_share,0.0,0.0,0.0,30
Human-only benchmark,62,human_interaction_rate,1.0,1.0,1.0,30
Human-only benchmark,62,ai_use_rate,0.0,0.0,0.0,30
Human-only benchmark,62,mean_quality,0.5346636051994677,0.5307802287270561,0.5385469816718792,30
Human-only benchmark,62,success_rate,0.30092592592592593,0.28851387675784823,0.31333797509400363,30
Human-only benchmark,62,mean_knowledge,0.5738764894230849,0.5701102043174411,0.5776427745287287,30
Human-only benchmark,62,knowledge_rank_corr_with_initial,0.997895961380987,0.9977651013043283,0.9980268214576458,30
Human-only benchmark,62,mean_ai_trust,0.0,0.0,0.0,30
Human-only benchmark,62,mean_peer_trust,0.5276248912016551,0.5257255703236903,0.52952421207962,30
Human-only benchmark,62,mean_tie_strength,0.5020173043012619,0.5007608465040032,0.5032737620985206,30
Human-only benchmark,62,network_density,0.05713842333954062,0.0570388216628647,0.05723802501621654,30
Human-only benchmark,62,mean_weighted_degree,5.134439982219979,5.123263597679271,5.145616366760686,30
Human-only benchmark,62,recent_active_tie_fraction,0.9785949582710135,0.9769933875823218,0.9801965289597052,30
Human-only benchmark,62,mean_unique_peer_partners,10.515925925925922,10.482704179181049,10.549147672670795,30
Human-only benchmark,62,mean_peer_marginal,0.016671817194056922,0.016020542488179076,0.017323091899934768,30
Human-only benchmark,62,ai_reliability,0.7800000000000001,0.7800000000000001,0.7800000000000001,30
Human-only benchmark,63,peer_share,1.0,1.0,1.0,30
Human-only benchmark,63,ai_share,0.0,0.0,0.0,30
Human-only benchmark,63,hybrid_share,0.0,0.0,0.0,30
Human-only benchmark,63,human_interaction_rate,1.0,1.0,1.0,30
Human-only benchmark,63,ai_use_rate,0.0,0.0,0.0,30
Human-only benchmark,63,mean_quality,0.5362970559392398,0.5327898773288952,0.5398042345495845,30
Human-only benchmark,63,success_rate,0.3038888888888888,0.2913570632095616,0.316420714568216,30
Human-only benchmark,63,mean_knowledge,0.5747446442896096,0.5709808696759038,0.5785084189033154,30
Human-only benchmark,63,knowledge_rank_corr_with_initial,0.997829291338979,0.9976962631966062,0.9979623194813518,30
Human-only benchmark,63,mean_ai_trust,0.0,0.0,0.0,30
Human-only benchmark,63,mean_peer_trust,0.5281941950321197,0.5262828135788266,0.5301055764854129,30
Human-only benchmark,63,mean_tie_strength,0.5013036737839381,0.5000492856589395,0.5025580619089368,30
Human-only benchmark,63,network_density,0.05715290709704113,0.05705161174313071,0.057254202450951544,30
Human-only benchmark,63,mean_weighted_degree,5.12844020706636,5.117205388427746,5.139675025704974,30
Human-only benchmark,63,recent_active_tie_fraction,0.978711661718825,0.9772913605310699,0.98013196290658,30
Human-only benchmark,63,mean_unique_peer_partners,10.525185185185181,10.490990519792481,10.559379850577882,30
Human-only benchmark,63,mean_peer_marginal,0.016231526400666947,0.01562851524516119,0.016834537556172705,30
Human-only benchmark,63,ai_reliability,0.7800000000000001,0.7800000000000001,0.7800000000000001,30
Human-only benchmark,64,peer_share,1.0,1.0,1.0,30
Human-only benchmark,64,ai_share,0.0,0.0,0.0,30
Human-only benchmark,64,hybrid_share,0.0,0.0,0.0,30
Human-only benchmark,64,human_interaction_rate,1.0,1.0,1.0,30
Human-only benchmark,64,ai_use_rate,0.0,0.0,0.0,30
Human-only benchmark,64,mean_quality,0.5387211136724672,0.5348602614733727,0.5425819658715617,30
Human-only benchmark,64,success_rate,0.3057407407407407,0.29104686141297126,0.32043462006851015,30
Human-only benchmark,64,mean_knowledge,0.5756258431943556,0.5718602071312018,0.5793914792575094,30
Human-only benchmark,64,knowledge_rank_corr_with_initial,0.9977599762165318,0.997620607171516,0.9978993452615476,30
Human-only benchmark,64,mean_ai_trust,0.0,0.0,0.0,30
Human-only benchmark,64,mean_peer_trust,0.5287822186946869,0.5268502840225215,0.5307141533668522,30
Human-only benchmark,64,mean_tie_strength,0.5005786071221033,0.4993231152799546,0.501834098964252,30
Human-only benchmark,64,network_density,0.057173598179184736,0.057071573897517824,0.05727562246085165,30
Human-only benchmark,64,mean_weighted_degree,5.122874875421877,5.111679519725086,5.134070231118668,30
Human-only benchmark,64,recent_active_tie_fraction,0.9794757579651274,0.977892043301806,0.9810594726284488,30
Human-only benchmark,64,mean_unique_peer_partners,10.534814814814812,10.499698658399625,10.569930971229999,30
Human-only benchmark,64,mean_peer_marginal,0.016855331383130816,0.016150846412620753,0.01755981635364088,30
Human-only benchmark,64,ai_reliability,0.7800000000000001,0.7800000000000001,0.7800000000000001,30
Human-only benchmark,65,peer_share,1.0,1.0,1.0,30
Human-only benchmark,65,ai_share,0.0,0.0,0.0,30
Human-only benchmark,65,hybrid_share,0.0,0.0,0.0,30
Human-only benchmark,65,human_interaction_rate,1.0,1.0,1.0,30
Human-only benchmark,65,ai_use_rate,0.0,0.0,0.0,30
Human-only benchmark,65,mean_quality,0.5349934657362869,0.5314010100329473,0.5385859214396266,30
Human-only benchmark,65,success_rate,0.29314814814814816,0.27994137761572313,0.3063549186805732,30
Human-only benchmark,65,mean_knowledge,0.5764988906195865,0.5727305459843314,0.5802672352548416,30
Human-only benchmark,65,knowledge_rank_corr_with_initial,0.9976869520132545,0.9975462152319976,0.9978276887945114,30
Human-only benchmark,65,mean_ai_trust,0.0,0.0,0.0,30
Human-only benchmark,65,mean_peer_trust,0.5293520212173461,0.5274027803605905,0.5313012620741018,30
Human-only benchmark,65,mean_tie_strength,0.4998483677705129,0.49860024894644184,0.501096486594584,30
Human-only benchmark,65,network_density,0.057196358369542684,0.05709547535200224,0.05729724138708313,30
Human-only benchmark,65,mean_weighted_degree,5.1174407358964284,5.106228870166606,5.128652601626251,30
Human-only benchmark,65,recent_active_tie_fraction,0.9791609987764278,0.9773213268772517,0.9810006706756039,30
Human-only benchmark,65,mean_unique_peer_partners,10.54111111111111,10.506327553819384,10.575894668402837,30
Human-only benchmark,65,mean_peer_marginal,0.016728685079600267,0.016099985770984405,0.01735738438821613,30
Human-only benchmark,65,ai_reliability,0.7800000000000001,0.7800000000000001,0.7800000000000001,30
Human-only benchmark,66,peer_share,1.0,1.0,1.0,30
Human-only benchmark,66,ai_share,0.0,0.0,0.0,30
Human-only benchmark,66,hybrid_share,0.0,0.0,0.0,30
Human-only benchmark,66,human_interaction_rate,1.0,1.0,1.0,30
Human-only benchmark,66,ai_use_rate,0.0,0.0,0.0,30
Human-only benchmark,66,mean_quality,0.5364705588550217,0.5326835849583861,0.5402575327516573,30
Human-only benchmark,66,success_rate,0.29888888888888887,0.28689867274345926,0.3108791050343185,30
Human-only benchmark,66,mean_knowledge,0.577376706846629,0.573606013553223,0.581147400140035,30
Human-only benchmark,66,knowledge_rank_corr_with_initial,0.9976114238518536,0.9974652832350125,0.9977575644686948,30
Human-only benchmark,66,mean_ai_trust,0.0,0.0,0.0,30
Human-only benchmark,66,mean_peer_trust,0.5299212038516998,0.5279520605650216,0.531890347138378,30
Human-only benchmark,66,mean_tie_strength,0.4991229901711146,0.4978740625854668,0.5003719177567624,30
Human-only benchmark,66,network_density,0.05721911855990063,0.05711646672764541,0.05732177039215586,30
Human-only benchmark,66,mean_weighted_degree,5.112045187022952,5.100864108325361,5.123226265720543,30
Human-only benchmark,66,recent_active_tie_fraction,0.9791681895229869,0.977194005995684,0.9811423730502898,30
Human-only benchmark,66,mean_unique_peer_partners,10.548518518518518,10.514488289851217,10.58254874718582,30
Human-only benchmark,66,mean_peer_marginal,0.0170519395434088,0.016350025993586547,0.01775385309323105,30
Human-only benchmark,66,ai_reliability,0.7800000000000001,0.7800000000000001,0.7800000000000001,30
Human-only benchmark,67,peer_share,1.0,1.0,1.0,30
Human-only benchmark,67,ai_share,0.0,0.0,0.0,30
Human-only benchmark,67,hybrid_share,0.0,0.0,0.0,30
Human-only benchmark,67,human_interaction_rate,1.0,1.0,1.0,30
Human-only benchmark,67,ai_use_rate,0.0,0.0,0.0,30
Human-only benchmark,67,mean_quality,0.5382622601951553,0.5339381419874929,0.5425863784028178,30
Human-only benchmark,67,success_rate,0.2998148148148148,0.2825057134420818,0.3171239161875478,30
Human-only benchmark,67,mean_knowledge,0.5782380573370858,0.5744660174749572,0.5820100971992144,30
Human-only benchmark,67,knowledge_rank_corr_with_initial,0.9975468403855591,0.9973946941898444,0.9976989865812738,30
Human-only benchmark,67,mean_ai_trust,0.0,0.0,0.0,30
Human-only benchmark,67,mean_peer_trust,0.5304869910081228,0.5284967830952264,0.5324771989210192,30
Human-only benchmark,67,mean_tie_strength,0.4984005272388458,0.4971593545820525,0.4996416998956391,30
Human-only benchmark,67,network_density,0.05723774053382987,0.0571354593359689,0.057340021731690845,30
Human-only benchmark,67,mean_weighted_degree,5.1063099818317985,5.095051464568271,5.117568499095326,30
Human-only benchmark,67,recent_active_tie_fraction,0.978854341075334,0.9770853964826608,0.9806232856680072,30
Human-only benchmark,67,mean_unique_peer_partners,10.558888888888891,10.525356513269683,10.592421264508099,30
Human-only benchmark,67,mean_peer_marginal,0.015940076253374114,0.015404897694452132,0.016475254812296097,30
Human-only benchmark,67,ai_reliability,0.7800000000000001,0.7800000000000001,0.7800000000000001,30
Human-only benchmark,68,peer_share,1.0,1.0,1.0,30
Human-only benchmark,68,ai_share,0.0,0.0,0.0,30
Human-only benchmark,68,hybrid_share,0.0,0.0,0.0,30
Human-only benchmark,68,human_interaction_rate,1.0,1.0,1.0,30
Human-only benchmark,68,ai_use_rate,0.0,0.0,0.0,30
Human-only benchmark,68,mean_quality,0.5399705840170452,0.5371545744327253,0.5427865936013652,30
Human-only benchmark,68,success_rate,0.3098148148148148,0.30122372449515994,0.3184059051344697,30
Human-only benchmark,68,mean_knowledge,0.5791051509303905,0.5753348380116292,0.5828754638491518,30
Human-only benchmark,68,knowledge_rank_corr_with_initial,0.9974736200660851,0.9973152798953744,0.9976319602367958,30
Human-only benchmark,68,mean_ai_trust,0.0,0.0,0.0,30
Human-only benchmark,68,mean_peer_trust,0.5310555934906006,0.5290531834671143,0.5330580035140869,30
Human-only benchmark,68,mean_tie_strength,0.49765341480573017,0.49641886901496246,0.49888796059649787,30
Human-only benchmark,68,network_density,0.05726670804883091,0.057165458427147806,0.057367957670514017,30
Human-only benchmark,68,mean_weighted_degree,5.101238425087046,5.089957524323354,5.112519325850738,30
Human-only benchmark,68,recent_active_tie_fraction,0.9790790020156946,0.9771948436332193,0.98096316039817,30
Human-only benchmark,68,mean_unique_peer_partners,10.571111111111112,10.537872990100006,10.604349232122217,30
Human-only benchmark,68,mean_peer_marginal,0.016110650140581214,0.015607374614406474,0.016613925666755954,30
Human-only benchmark,68,ai_reliability,0.7800000000000001,0.7800000000000001,0.7800000000000001,30
Human-only benchmark,69,peer_share,1.0,1.0,1.0,30
Human-only benchmark,69,ai_share,0.0,0.0,0.0,30
Human-only benchmark,69,hybrid_share,0.0,0.0,0.0,30
Human-only benchmark,69,human_interaction_rate,1.0,1.0,1.0,30
Human-only benchmark,69,ai_use_rate,0.0,0.0,0.0,30
Human-only benchmark,69,mean_quality,0.5390325648852535,0.5352990587892874,0.5427660709812197,30
Human-only benchmark,69,success_rate,0.305,0.29415413046139,0.31584586953861,30
Human-only benchmark,69,mean_knowledge,0.5799734831250051,0.5762031931921743,0.5837437730578359,30
Human-only benchmark,69,knowledge_rank_corr_with_initial,0.9974025837966202,0.9972407750490789,0.9975643925441614,30
Human-only benchmark,69,mean_ai_trust,0.0,0.0,0.0,30
Human-only benchmark,69,mean_peer_trust,0.5316499590873718,0.5296327954998177,0.5336671226749259,30
Human-only benchmark,69,mean_tie_strength,0.49693921009699504,0.49571017340310497,0.4981682467908851,30
Human-only benchmark,69,network_density,0.05728533002276015,0.05718118512484959,0.05738947492067071,30
Human-only benchmark,69,mean_weighted_degree,5.095574662111422,5.08409343536855,5.107055888854293,30
Human-only benchmark,69,recent_active_tie_fraction,0.9797007727411688,0.9778751645713539,0.9815263809109838,30
Human-only benchmark,69,mean_unique_peer_partners,10.57962962962963,10.545001140515133,10.614258118744129,30
Human-only benchmark,69,mean_peer_marginal,0.016602245460657937,0.016013536052462096,0.01719095486885378,30
Human-only benchmark,69,ai_reliability,0.7800000000000001,0.7800000000000001,0.7800000000000001,30
Human-only benchmark,70,peer_share,1.0,1.0,1.0,30
Human-only benchmark,70,ai_share,0.0,0.0,0.0,30
Human-only benchmark,70,hybrid_share,0.0,0.0,0.0,30
Human-only benchmark,70,human_interaction_rate,1.0,1.0,1.0,30
Human-only benchmark,70,ai_use_rate,0.0,0.0,0.0,30
Human-only benchmark,70,mean_quality,0.5421057188305298,0.5384136307178145,0.5457978069432452,30
Human-only benchmark,70,success_rate,0.31537037037037036,0.30258610104950334,0.32815463969123737,30
Human-only benchmark,70,mean_knowledge,0.5808472366577578,0.5770775381401383,0.5846169351753774,30
Human-only benchmark,70,knowledge_rank_corr_with_initial,0.9973295467476245,0.9971632339524391,0.99749585954281,30
Human-only benchmark,70,mean_ai_trust,0.0,0.0,0.0,30
Human-only benchmark,70,mean_peer_trust,0.5322430352369945,0.5302061562780168,0.5342799141959721,30
Human-only benchmark,70,mean_tie_strength,0.4962422142426173,0.49500556147276203,0.4974788670124725,30
Human-only benchmark,70,network_density,0.057297744672046305,0.05719058384589328,0.05740490549819933,30
Human-only benchmark,70,mean_weighted_degree,5.089523579279581,5.078178912298731,5.100868246260432,30
Human-only benchmark,70,recent_active_tie_fraction,0.9794506552780322,0.9778277019242984,0.9810736086317661,30
Human-only benchmark,70,mean_unique_peer_partners,10.588888888888887,10.553802043855315,10.623975733922459,30
Human-only benchmark,70,mean_peer_marginal,0.016398198078322882,0.015829518423507383,0.01696687773313838,30
Human-only benchmark,70,ai_reliability,0.7800000000000001,0.7800000000000001,0.7800000000000001,30
Human-only benchmark,71,peer_share,1.0,1.0,1.0,30
Human-only benchmark,71,ai_share,0.0,0.0,0.0,30
Human-only benchmark,71,hybrid_share,0.0,0.0,0.0,30
Human-only benchmark,71,human_interaction_rate,1.0,1.0,1.0,30
Human-only benchmark,71,ai_use_rate,0.0,0.0,0.0,30
Human-only benchmark,71,mean_quality,0.5405889122129185,0.536874124559791,0.544303699866046,30
Human-only benchmark,71,success_rate,0.31425925925925924,0.3015565032955308,0.3269620152229877,30
Human-only benchmark,71,mean_knowledge,0.581712377687577,0.5779402803749203,0.5854844750002337,30
Human-only benchmark,71,knowledge_rank_corr_with_initial,0.9972550399110655,0.9970860710814241,0.9974240087407068,30
Human-only benchmark,71,mean_ai_trust,0.0,0.0,0.0,30
Human-only benchmark,71,mean_peer_trust,0.5328275601069132,0.53076886285108,0.5348862573627464,30
Human-only benchmark,71,mean_tie_strength,0.49551863272984825,0.49427315080734235,0.49676411465235415,30
Human-only benchmark,71,network_density,0.05732050486240426,0.057205868525475954,0.057435141199332566,30
Human-only benchmark,71,mean_weighted_degree,5.084112507104873,5.072646630609956,5.09557838359979,30
Human-only benchmark,71,recent_active_tie_fraction,0.9790276516992453,0.977145782330739,0.9809095210677516,30
Human-only benchmark,71,mean_unique_peer_partners,10.594074074074074,10.55825501164578,10.629893136502368,30
Human-only benchmark,71,mean_peer_marginal,0.016230732340712362,0.015546367180861765,0.01691509750056296,30
Human-only benchmark,71,ai_reliability,0.7800000000000001,0.7800000000000001,0.7800000000000001,30
Human-only benchmark,72,peer_share,1.0,1.0,1.0,30
Human-only benchmark,72,ai_share,0.0,0.0,0.0,30
Human-only benchmark,72,hybrid_share,0.0,0.0,0.0,30
Human-only benchmark,72,human_interaction_rate,1.0,1.0,1.0,30
Human-only benchmark,72,ai_use_rate,0.0,0.0,0.0,30
Human-only benchmark,72,mean_quality,0.542758615692344,0.5392970563512316,0.5462201750334563,30
Human-only benchmark,72,success_rate,0.3207407407407407,0.30845064140392237,0.33303084007755906,30
Human-only benchmark,72,mean_knowledge,0.582577096657766,0.5788031877442062,0.5863510055713258,30
Human-only benchmark,72,knowledge_rank_corr_with_initial,0.997174415088336,0.9970016256969323,0.9973472044797398,30
Human-only benchmark,72,mean_ai_trust,0.0,0.0,0.0,30
Human-only benchmark,72,mean_peer_trust,0.5334167877833048,0.5313415053199577,0.5354920702466519,30
Human-only benchmark,72,mean_tie_strength,0.4948169320821762,0.4935757768994513,0.4960580872649011,30
Human-only benchmark,72,network_density,0.057334988619904784,0.05721880327189194,0.05745117396791763,30
Human-only benchmark,72,mean_weighted_degree,5.078196905233242,5.066586543483021,5.089807266983463,30
Human-only benchmark,72,recent_active_tie_fraction,0.9790676644179908,0.9773186130700817,0.9808167157658998,30
Human-only benchmark,72,mean_unique_peer_partners,10.602592592592593,10.566990446970284,10.638194738214903,30
Human-only benchmark,72,mean_peer_marginal,0.016086649510867055,0.015477558541115282,0.01669574048061883,30
Human-only benchmark,72,ai_reliability,0.7800000000000001,0.7800000000000001,0.7800000000000001,30
Human-only benchmark,73,peer_share,1.0,1.0,1.0,30
Human-only benchmark,73,ai_share,0.0,0.0,0.0,30
Human-only benchmark,73,hybrid_share,0.0,0.0,0.0,30
Human-only benchmark,73,human_interaction_rate,1.0,1.0,1.0,30
Human-only benchmark,73,ai_use_rate,0.0,0.0,0.0,30
Human-only benchmark,73,mean_quality,0.5421059243660199,0.5375027605037325,0.5467090882283073,30
Human-only benchmark,73,success_rate,0.3068518518518518,0.2908971596456283,0.32280654405807535,30
Human-only benchmark,73,mean_knowledge,0.5834419953877416,0.5796658290253812,0.5872181617501019,30
Human-only benchmark,73,knowledge_rank_corr_with_initial,0.9970940100588666,0.9969168241628685,0.9972711959548646,30
Human-only benchmark,73,mean_ai_trust,0.0,0.0,0.0,30
Human-only benchmark,73,mean_peer_trust,0.5340012590090434,0.5319008852845004,0.5361016327335864,30
Human-only benchmark,73,mean_tie_strength,0.4940689911444982,0.4928184767274767,0.4953195055615197,30
Human-only benchmark,73,network_density,0.05736809435133453,0.05724720992253896,0.0574889787801301,30
Human-only benchmark,73,mean_weighted_degree,5.073440090197105,5.061890787348026,5.084989393046183,30
Human-only benchmark,73,recent_active_tie_fraction,0.9787191689946935,0.9771803693331549,0.980257968656232,30
Human-only benchmark,73,mean_unique_peer_partners,10.612592592592591,10.576051651874947,10.649133533310236,30
Human-only benchmark,73,mean_peer_marginal,0.01619574953264978,0.015588961078665683,0.016802537986633878,30
Human-only benchmark,73,ai_reliability,0.7800000000000001,0.7800000000000001,0.7800000000000001,30
Human-only benchmark,74,peer_share,1.0,1.0,1.0,30
Human-only benchmark,74,ai_share,0.0,0.0,0.0,30
Human-only benchmark,74,hybrid_share,0.0,0.0,0.0,30
Human-only benchmark,74,human_interaction_rate,1.0,1.0,1.0,30
Human-only benchmark,74,ai_use_rate,0.0,0.0,0.0,30
Human-only benchmark,74,mean_quality,0.5440576303282403,0.5403999817055903,0.5477152789508902,30
Human-only benchmark,74,success_rate,0.3287037037037038,0.3168168632422329,0.34059054416517465,30
Human-only benchmark,74,mean_knowledge,0.5843115884286555,0.5805373359592506,0.5880858408980604,30
Human-only benchmark,74,knowledge_rank_corr_with_initial,0.9970152846971965,0.996836043356821,0.997194526037572,30
Human-only benchmark,74,mean_ai_trust,0.0,0.0,0.0,30
Human-only benchmark,74,mean_peer_trust,0.5346011102199555,0.5324843553958384,0.5367178650440726,30
Human-only benchmark,74,mean_tie_strength,0.49336182872454326,0.4921183128038804,0.4946053446452061,30
Human-only benchmark,74,network_density,0.05738671632526378,0.05726516708249751,0.05750826556803005,30
Human-only benchmark,74,mean_weighted_degree,5.067825766757681,5.056119003002279,5.079532530513084,30
Human-only benchmark,74,recent_active_tie_fraction,0.9781104799109086,0.9762873480760766,0.9799336117457406,30
Human-only benchmark,74,mean_unique_peer_partners,10.618888888888886,10.58302980067715,10.654747977100623,30
Human-only benchmark,74,mean_peer_marginal,0.016352956192952347,0.015842578939673387,0.016863333446231307,30
Human-only benchmark,74,ai_reliability,0.7800000000000001,0.7800000000000001,0.7800000000000001,30
Human-only benchmark,75,peer_share,1.0,1.0,1.0,30
Human-only benchmark,75,ai_share,0.0,0.0,0.0,30
Human-only benchmark,75,hybrid_share,0.0,0.0,0.0,30
Human-only benchmark,75,human_interaction_rate,1.0,1.0,1.0,30
Human-only benchmark,75,ai_use_rate,0.0,0.0,0.0,30
Human-only benchmark,75,mean_quality,0.5437440753080643,0.5391986148813278,0.5482895357348009,30
Human-only benchmark,75,success_rate,0.3148148148148148,0.2983056493955735,0.3313239802340561,30
Human-only benchmark,75,mean_knowledge,0.585176584733418,0.5813988888674503,0.5889542805993858,30
Human-only benchmark,75,knowledge_rank_corr_with_initial,0.9969351075016376,0.9967503352289848,0.9971198797742904,30
Human-only benchmark,75,mean_ai_trust,0.0,0.0,0.0,30
Human-only benchmark,75,mean_peer_trust,0.5351973116397858,0.5330586074508807,0.5373360158286908,30
Human-only benchmark,75,mean_tie_strength,0.49263086219628655,0.49140428139176145,0.49385744300081164,30
Human-only benchmark,75,network_density,0.057413614732050436,0.05729372542262225,0.05753350404147862,30
Human-only benchmark,75,mean_weighted_degree,5.062698527221326,5.050723639250241,5.074673415192412,30
Human-only benchmark,75,recent_active_tie_fraction,0.9778356253269906,0.9759985153823855,0.9796727352715958,30
Human-only benchmark,75,mean_unique_peer_partners,10.63037037037037,10.59463094036612,10.66610980037462,30
Human-only benchmark,75,mean_peer_marginal,0.01626003776132277,0.015635558601238515,0.016884516921407026,30
Human-only benchmark,75,ai_reliability,0.7800000000000001,0.7800000000000001,0.7800000000000001,30
Human-only benchmark,76,peer_share,1.0,1.0,1.0,30
Human-only benchmark,76,ai_share,0.0,0.0,0.0,30
Human-only benchmark,76,hybrid_share,0.0,0.0,0.0,30
Human-only benchmark,76,human_interaction_rate,1.0,1.0,1.0,30
Human-only benchmark,76,ai_use_rate,0.0,0.0,0.0,30
Human-only benchmark,76,mean_quality,0.54694493207085,0.5431913093270082,0.5506985548146919,30
Human-only benchmark,76,success_rate,0.3309259259259259,0.31480468431445946,0.34704716753739234,30
Human-only benchmark,76,mean_knowledge,0.5860481504782405,0.582269409858169,0.5898268910983121,30
Human-only benchmark,76,knowledge_rank_corr_with_initial,0.9968541929942518,0.9966626224613846,0.997045763527119,30
Human-only benchmark,76,mean_ai_trust,0.0,0.0,0.0,30
Human-only benchmark,76,mean_peer_trust,0.5357895910739898,0.5336340278487227,0.5379451542992569,30
Human-only benchmark,76,mean_tie_strength,0.4919267028570175,0.49069900555504015,0.49315440015899487,30
Human-only benchmark,76,network_density,0.05743223670597968,0.05730724099024623,0.057557232421713136,30
Human-only benchmark,76,mean_weighted_degree,5.057097486654917,5.044967414928351,5.069227558381483,30
Human-only benchmark,76,recent_active_tie_fraction,0.9774454829280114,0.9755120540389327,0.97937891181709,30
Human-only benchmark,76,mean_unique_peer_partners,10.637037037037036,10.600960383146532,10.67311369092754,30
Human-only benchmark,76,mean_peer_marginal,0.016363280030888622,0.01577965227325979,0.016946907788517453,30
Human-only benchmark,76,ai_reliability,0.7800000000000001,0.7800000000000001,0.7800000000000001,30
Human-only benchmark,77,peer_share,1.0,1.0,1.0,30
Human-only benchmark,77,ai_share,0.0,0.0,0.0,30
Human-only benchmark,77,hybrid_share,0.0,0.0,0.0,30
Human-only benchmark,77,human_interaction_rate,1.0,1.0,1.0,30
Human-only benchmark,77,ai_use_rate,0.0,0.0,0.0,30
Human-only benchmark,77,mean_quality,0.5467931690856408,0.5426455364964483,0.5509408016748333,30
Human-only benchmark,77,success_rate,0.32555555555555554,0.31109462420898815,0.34001648690212294,30
Human-only benchmark,77,mean_knowledge,0.5869169410262931,0.583136496514212,0.5906973855383743,30
Human-only benchmark,77,knowledge_rank_corr_with_initial,0.996773674069684,0.9965769445706383,0.9969704035687297,30
Human-only benchmark,77,mean_ai_trust,0.0,0.0,0.0,30
Human-only benchmark,77,mean_peer_trust,0.536397131284078,0.5342231103968361,0.5385711521713198,30
Human-only benchmark,77,mean_tie_strength,0.4912128845850627,0.48998837986595123,0.49243738930417413,30
Human-only benchmark,77,network_density,0.05745499689633764,0.05733195554543531,0.05757803824723996,30
Human-only benchmark,77,mean_weighted_degree,5.051762355654328,5.0397061537693215,5.063818557539335,30
Human-only benchmark,77,recent_active_tie_fraction,0.977568923518407,0.9757352960337405,0.9794025510030734,30
Human-only benchmark,77,mean_unique_peer_partners,10.644814814814813,10.609132730386834,10.680496899242792,30
Human-only benchmark,77,mean_peer_marginal,0.016390222531654446,0.01566042870280823,0.017120016360500662,30
Human-only benchmark,77,ai_reliability,0.7800000000000001,0.7800000000000001,0.7800000000000001,30
Human-only benchmark,78,peer_share,1.0,1.0,1.0,30
Human-only benchmark,78,ai_share,0.0,0.0,0.0,30
Human-only benchmark,78,hybrid_share,0.0,0.0,0.0,30
Human-only benchmark,78,human_interaction_rate,1.0,1.0,1.0,30
Human-only benchmark,78,ai_use_rate,0.0,0.0,0.0,30
Human-only benchmark,78,mean_quality,0.5471866800033443,0.5435817911103559,0.5507915688963326,30
Human-only benchmark,78,success_rate,0.33388888888888885,0.3195853060724554,0.3481924717053223,30
Human-only benchmark,78,mean_knowledge,0.5877850659199922,0.5840068529653346,0.5915632788746499,30
Human-only benchmark,78,knowledge_rank_corr_with_initial,0.9966834199961825,0.9964805726946486,0.9968862672977163,30
Human-only benchmark,78,mean_ai_trust,0.0,0.0,0.0,30
Human-only benchmark,78,mean_peer_trust,0.5370137234528859,0.5348253384917806,0.5392021084139912,30
Human-only benchmark,78,mean_tie_strength,0.49051648477713267,0.48929511074364707,0.49173785881061827,30
Human-only benchmark,78,network_density,0.05747154976205251,0.05734773792551551,0.05759536159858951,30
Human-only benchmark,78,mean_weighted_degree,5.046054526081792,5.033924327089534,5.05818472507405,30
Human-only benchmark,78,recent_active_tie_fraction,0.9780053480842898,0.976234920491982,0.9797757756765977,30
Human-only benchmark,78,mean_unique_peer_partners,10.65111111111111,10.614588585204608,10.687633637017612,30
Human-only benchmark,78,mean_peer_marginal,0.016282856712337167,0.015673614641349705,0.01689209878332463,30
Human-only benchmark,78,ai_reliability,0.7800000000000001,0.7800000000000001,0.7800000000000001,30
Human-only benchmark,79,peer_share,1.0,1.0,1.0,30
Human-only benchmark,79,ai_share,0.0,0.0,0.0,30
Human-only benchmark,79,hybrid_share,0.0,0.0,0.0,30
Human-only benchmark,79,human_interaction_rate,1.0,1.0,1.0,30
Human-only benchmark,79,ai_use_rate,0.0,0.0,0.0,30
Human-only benchmark,79,mean_quality,0.5466057380265376,0.5423903247012173,0.5508211513518578,30
Human-only benchmark,79,success_rate,0.32907407407407413,0.314632824575148,0.34351532357300024,30
Human-only benchmark,79,mean_knowledge,0.588643499609152,0.5848633136443607,0.5924236855739432,30
Human-only benchmark,79,knowledge_rank_corr_with_initial,0.9966037823100091,0.9963973979542644,0.9968101666657538,30
Human-only benchmark,79,mean_ai_trust,0.0,0.0,0.0,30
Human-only benchmark,79,mean_peer_trust,0.5376333514849345,0.5354238733494248,0.5398428296204443,30
Human-only benchmark,79,mean_tie_strength,0.4898144354422887,0.4885848066915057,0.49104406419307167,30
Human-only benchmark,79,network_density,0.05749017173598176,0.05736089204656208,0.057619451425401445,30
Human-only benchmark,79,mean_weighted_degree,5.0404572322633525,5.028274586935127,5.052639877591578,30
Human-only benchmark,79,recent_active_tie_fraction,0.9773271397561858,0.9753156233330937,0.9793386561792778,30
Human-only benchmark,79,mean_unique_peer_partners,10.658148148148147,10.620566949369152,10.695729346927141,30
Human-only benchmark,79,mean_peer_marginal,0.01603327244052912,0.015409739217655597,0.016656805663402646,30
Human-only benchmark,79,ai_reliability,0.7800000000000001,0.7800000000000001,0.7800000000000001,30
Human-only benchmark,80,peer_share,1.0,1.0,1.0,30
Human-only benchmark,80,ai_share,0.0,0.0,0.0,30
Human-only benchmark,80,hybrid_share,0.0,0.0,0.0,30
Human-only benchmark,80,human_interaction_rate,1.0,1.0,1.0,30
Human-only benchmark,80,ai_use_rate,0.0,0.0,0.0,30
Human-only benchmark,80,mean_quality,0.5482472574474835,0.5442070089243739,0.5522875059705931,30
Human-only benchmark,80,success_rate,0.3253703703703704,0.31112569877140006,0.3396150419693408,30
Human-only benchmark,80,mean_knowledge,0.5895106162410914,0.5857295233702756,0.5932917091119071,30
Human-only benchmark,80,knowledge_rank_corr_with_initial,0.9965163092879126,0.9963041986669621,0.9967284199088631,30
Human-only benchmark,80,mean_ai_trust,0.0,0.0,0.0,30
Human-only benchmark,80,mean_peer_trust,0.5382519980271657,0.5360235726605501,0.5404804233937813,30
Human-only benchmark,80,mean_tie_strength,0.4891090939442317,0.4878864737429286,0.4903317141455348,30
Human-only benchmark,80,network_density,0.05751086281812534,0.0573822055900858,0.057639520046164884,30
Human-only benchmark,80,mean_weighted_degree,5.035013897154067,5.022742273459968,5.047285520848166,30
Human-only benchmark,80,recent_active_tie_fraction,0.9777698346571423,0.9760271790151146,0.97951249029917,30
Human-only benchmark,80,mean_unique_peer_partners,10.665555555555557,10.62829689821429,10.702814212896824,30
Human-only benchmark,80,mean_peer_marginal,0.01635776525000263,0.015727070467294164,0.016988460032711095,30
Human-only benchmark,80,ai_reliability,0.7800000000000001,0.7800000000000001,0.7800000000000001,30
Human-only benchmark,81,peer_share,1.0,1.0,1.0,30
Human-only benchmark,81,ai_share,0.0,0.0,0.0,30
Human-only benchmark,81,hybrid_share,0.0,0.0,0.0,30
Human-only benchmark,81,human_interaction_rate,1.0,1.0,1.0,30
Human-only benchmark,81,ai_use_rate,0.0,0.0,0.0,30
Human-only benchmark,81,mean_quality,0.5501521851579683,0.5459700299226933,0.5543343403932433,30
Human-only benchmark,81,success_rate,0.33814814814814814,0.32443370367907975,0.35186259261721653,30
Human-only benchmark,81,mean_knowledge,0.590384661537657,0.5866005634803928,0.5941687595949212,30
Human-only benchmark,81,knowledge_rank_corr_with_initial,0.9964223804248918,0.9962025549060375,0.9966422059437462,30
Human-only benchmark,81,mean_ai_trust,0.0,0.0,0.0,30
Human-only benchmark,81,mean_peer_trust,0.5388889273007711,0.5366398497211825,0.5411380048803597,30
Human-only benchmark,81,mean_tie_strength,0.48843497931957247,0.48721465572011774,0.4896553029190272,30
Human-only benchmark,81,network_density,0.05752120835919715,0.05739089389242739,0.05765152282596691,30
Human-only benchmark,81,mean_weighted_degree,5.0289791025938815,5.016592561857051,5.041365643330712,30
Human-only benchmark,81,recent_active_tie_fraction,0.977452813110813,0.9755996096004382,0.9793060166211878,30
Human-only benchmark,81,mean_unique_peer_partners,10.670740740740742,10.63389647889967,10.707585002581814,30
Human-only benchmark,81,mean_peer_marginal,0.016696696593961932,0.016160086641074784,0.01723330654684908,30
Human-only benchmark,81,ai_reliability,0.7800000000000001,0.7800000000000001,0.7800000000000001,30
Human-only benchmark,82,peer_share,1.0,1.0,1.0,30
Human-only benchmark,82,ai_share,0.0,0.0,0.0,30
Human-only benchmark,82,hybrid_share,0.0,0.0,0.0,30
Human-only benchmark,82,human_interaction_rate,1.0,1.0,1.0,30
Human-only benchmark,82,ai_use_rate,0.0,0.0,0.0,30
Human-only benchmark,82,mean_quality,0.5511183769280046,0.5469732378328551,0.555263516023154,30
Human-only benchmark,82,success_rate,0.33629629629629637,0.32537701940396496,0.3472155731886278,30
Human-only benchmark,82,mean_knowledge,0.5912547511998979,0.5874698118326098,0.595039690567186,30
Human-only benchmark,82,knowledge_rank_corr_with_initial,0.9963379258791822,0.9961133723313719,0.9965624794269926,30
Human-only benchmark,82,mean_ai_trust,0.0,0.0,0.0,30
Human-only benchmark,82,mean_peer_trust,0.5395074884096781,0.5372411666855795,0.5417738101337767,30
Human-only benchmark,82,mean_tie_strength,0.4877346078554789,0.48650627139009395,0.48896294432086385,30
Human-only benchmark,82,network_density,0.057541899441340756,0.057407020963652015,0.0576767779190295,30
Human-only benchmark,82,mean_weighted_degree,5.023566806846194,5.011170132306396,5.035963481385992,30
Human-only benchmark,82,recent_active_tie_fraction,0.9778558760551023,0.975997863445449,0.9797138886647555,30
Human-only benchmark,82,mean_unique_peer_partners,10.678148148148148,10.64096710423399,10.715329192062306,30
Human-only benchmark,82,mean_peer_marginal,0.016403003589428554,0.015820101353450668,0.01698590582540644,30
Human-only benchmark,82,ai_reliability,0.7800000000000001,0.7800000000000001,0.7800000000000001,30
Human-only benchmark,83,peer_share,1.0,1.0,1.0,30
Human-only benchmark,83,ai_share,0.0,0.0,0.0,30
Human-only benchmark,83,hybrid_share,0.0,0.0,0.0,30
Human-only benchmark,83,human_interaction_rate,1.0,1.0,1.0,30
Human-only benchmark,83,ai_use_rate,0.0,0.0,0.0,30
Human-only benchmark,83,mean_quality,0.5498992770014584,0.5458856318982659,0.5539129221046508,30
Human-only benchmark,83,success_rate,0.33129629629629626,0.3179353645997632,0.34465722799282933,30
Human-only benchmark,83,mean_knowledge,0.5921128116118911,0.5883282850651509,0.5958973381586313,30
Human-only benchmark,83,knowledge_rank_corr_with_initial,0.996243998311127,0.9960133739271586,0.9964746226950953,30
Human-only benchmark,83,mean_ai_trust,0.0,0.0,0.0,30
Human-only benchmark,83,mean_peer_trust,0.5401222964127859,0.5378407912360414,0.5424038015895303,30
Human-only benchmark,83,mean_tie_strength,0.48703568478425346,0.48581120986817505,0.4882601597003319,30
Human-only benchmark,83,network_density,0.05756052141526999,0.0574281173463099,0.05769292548423008,30
Human-only benchmark,83,mean_weighted_degree,5.017994076631686,5.0056850616643045,5.030303091599067,30
Human-only benchmark,83,recent_active_tie_fraction,0.9780798703956114,0.9764020622721934,0.9797576785190294,30
Human-only benchmark,83,mean_unique_peer_partners,10.687037037037037,10.649671262558307,10.724402811515766,30
Human-only benchmark,83,mean_peer_marginal,0.015778426918779214,0.015221990696515062,0.016334863141043366,30
Human-only benchmark,83,ai_reliability,0.7800000000000001,0.7800000000000001,0.7800000000000001,30
Human-only benchmark,84,peer_share,1.0,1.0,1.0,30
Human-only benchmark,84,ai_share,0.0,0.0,0.0,30
Human-only benchmark,84,hybrid_share,0.0,0.0,0.0,30
Human-only benchmark,84,human_interaction_rate,1.0,1.0,1.0,30
Human-only benchmark,84,ai_use_rate,0.0,0.0,0.0,30
Human-only benchmark,84,mean_quality,0.5526949802559602,0.5491192715072705,0.5562706890046499,30
Human-only benchmark,84,success_rate,0.342962962962963,0.32922473432764526,0.3567011915982808,30
Human-only benchmark,84,mean_knowledge,0.5929825223763034,0.5891989803207223,0.5967660644318846,30
Human-only benchmark,84,knowledge_rank_corr_with_initial,0.9961492740156566,0.9959122414101015,0.9963863066212116,30
Human-only benchmark,84,mean_ai_trust,0.0,0.0,0.0,30
Human-only benchmark,84,mean_peer_trust,0.5407417754332224,0.5384414954795211,0.5430420553869237,30
Human-only benchmark,84,mean_tie_strength,0.48632074097792305,0.4850882248757614,0.4875532570800847,30
Human-only benchmark,84,network_density,0.05758741982205666,0.05745077648718897,0.05772406315692435,30
Human-only benchmark,84,mean_weighted_degree,5.012962165143754,5.000644642683156,5.0252796876043515,30
Human-only benchmark,84,recent_active_tie_fraction,0.9778414806716468,0.9760961606525652,0.9795868006907283,30
Human-only benchmark,84,mean_unique_peer_partners,10.697037037037035,10.66002480297187,10.734049271102199,30
Human-only benchmark,84,mean_peer_marginal,0.01630379740376698,0.015688578871100044,0.016919015936433916,30
Human-only benchmark,84,ai_reliability,0.7800000000000001,0.7800000000000001,0.7800000000000001,30
Human-only benchmark,85,peer_share,1.0,1.0,1.0,30
Human-only benchmark,85,ai_share,0.0,0.0,0.0,30
Human-only benchmark,85,hybrid_share,0.0,0.0,0.0,30
Human-only benchmark,85,human_interaction_rate,1.0,1.0,1.0,30
Human-only benchmark,85,ai_use_rate,0.0,0.0,0.0,30
Human-only benchmark,85,mean_quality,0.5519554983123187,0.548076932441408,0.5558340641832294,30
Human-only benchmark,85,success_rate,0.3433333333333333,0.3307159490775372,0.35595071758912944,30
Human-only benchmark,85,mean_knowledge,0.5938505873115772,0.5900699053305684,0.5976312692925861,30
Human-only benchmark,85,knowledge_rank_corr_with_initial,0.9960448363941724,0.9958041254209344,0.9962855473674104,30
Human-only benchmark,85,mean_ai_trust,0.0,0.0,0.0,30
Human-only benchmark,85,mean_peer_trust,0.5413748641808828,0.5390640844430565,0.543685643918709,30
Human-only benchmark,85,mean_tie_strength,0.4856083740790685,0.48437379428504795,0.486842953873089,30
Human-only benchmark,85,network_density,0.057614318228843324,0.057476574374842104,0.057752062082844544,30
Human-only benchmark,85,mean_weighted_degree,5.007955387433369,4.995628242673017,5.020282532193721,30
Human-only benchmark,85,recent_active_tie_fraction,0.9782809813839265,0.9765547092999637,0.9800072534678893,30
Human-only benchmark,85,mean_unique_peer_partners,10.706296296296296,10.669000484321403,10.743592108271189,30
Human-only benchmark,85,mean_peer_marginal,0.016505155796906493,0.01586584252491691,0.017144469068896075,30
Human-only benchmark,85,ai_reliability,0.7800000000000001,0.7800000000000001,0.7800000000000001,30
Human-only benchmark,86,peer_share,1.0,1.0,1.0,30
Human-only benchmark,86,ai_share,0.0,0.0,0.0,30
Human-only benchmark,86,hybrid_share,0.0,0.0,0.0,30
Human-only benchmark,86,human_interaction_rate,1.0,1.0,1.0,30
Human-only benchmark,86,ai_use_rate,0.0,0.0,0.0,30
Human-only benchmark,86,mean_quality,0.55173944442487,0.5477358864775431,0.5557430023721969,30
Human-only benchmark,86,success_rate,0.3394444444444444,0.32536041510610164,0.3535284737827871,30
Human-only benchmark,86,mean_knowledge,0.5947103560155101,0.5909299346117609,0.5984907774192594,30
Human-only benchmark,86,knowledge_rank_corr_with_initial,0.9959534754517979,0.9957047221838181,0.9962022287197777,30
Human-only benchmark,86,mean_ai_trust,0.0,0.0,0.0,30
Human-only benchmark,86,mean_peer_trust,0.5420081535975139,0.5396773026829044,0.5443390045121234,30
Human-only benchmark,86,mean_tie_strength,0.4849222282568614,0.4836917719509604,0.48615268456276234,30
Human-only benchmark,86,network_density,0.0576308710945582,0.057495350883964826,0.05776639130515158,30
Human-only benchmark,86,mean_weighted_degree,5.002319017736999,4.990050176587006,5.014587858886993,30
Human-only benchmark,86,recent_active_tie_fraction,0.9784613751672244,0.9765597307836387,0.9803630195508102,30
Human-only benchmark,86,mean_unique_peer_partners,10.712222222222222,10.674425779994793,10.75001866444965,30
Human-only benchmark,86,mean_peer_marginal,0.016050927166807623,0.01553988267685471,0.016561971656760533,30
Human-only benchmark,86,ai_reliability,0.7800000000000001,0.7800000000000001,0.7800000000000001,30
Human-only benchmark,87,peer_share,1.0,1.0,1.0,30
Human-only benchmark,87,ai_share,0.0,0.0,0.0,30
Human-only benchmark,87,hybrid_share,0.0,0.0,0.0,30
Human-only benchmark,87,human_interaction_rate,1.0,1.0,1.0,30
Human-only benchmark,87,ai_use_rate,0.0,0.0,0.0,30
Human-only benchmark,87,mean_quality,0.5519830726823699,0.5473758736193263,0.5565902717454135,30
Human-only benchmark,87,success_rate,0.33555555555555555,0.32160651241815114,0.34950459869295997,30
Human-only benchmark,87,mean_knowledge,0.5955712769188731,0.5917911239488148,0.5993514298889314,30
Human-only benchmark,87,knowledge_rank_corr_with_initial,0.9958509078153516,0.9955982812818703,0.9961035343488328,30
Human-only benchmark,87,mean_ai_trust,0.0,0.0,0.0,30
Human-only benchmark,87,mean_peer_trust,0.5426340699195862,0.5402869757614891,0.5449811640776833,30
Human-only benchmark,87,mean_tie_strength,0.484248490134875,0.48302111104246875,0.4854758692272812,30
Human-only benchmark,87,network_density,0.057643285743844364,0.05750765621702798,0.057778915270660744,30
Human-only benchmark,87,mean_weighted_degree,4.996445668141047,4.984156809428471,5.0087345268536225,30
Human-only benchmark,87,recent_active_tie_fraction,0.9773148318573652,0.9757005509695184,0.9789291127452121,30
Human-only benchmark,87,mean_unique_peer_partners,10.717407407407405,10.680191257924808,10.754623556890003,30
Human-only benchmark,87,mean_peer_marginal,0.016217251025451452,0.015602842232590149,0.016831659818312753,30
Human-only benchmark,87,ai_reliability,0.7800000000000001,0.7800000000000001,0.7800000000000001,30
Human-only benchmark,88,peer_share,1.0,1.0,1.0,30
Human-only benchmark,88,ai_share,0.0,0.0,0.0,30
Human-only benchmark,88,hybrid_share,0.0,0.0,0.0,30
Human-only benchmark,88,human_interaction_rate,1.0,1.0,1.0,30
Human-only benchmark,88,ai_use_rate,0.0,0.0,0.0,30
Human-only benchmark,88,mean_quality,0.5559972052994464,0.5519399346477709,0.5600544759511219,30
Human-only benchmark,88,success_rate,0.3442592592592593,0.33120165020363573,0.3573168683148829,30
Human-only benchmark,88,mean_knowledge,0.5964320193601126,0.592650860230354,0.6002131784898712,30
Human-only benchmark,88,knowledge_rank_corr_with_initial,0.9957570217043851,0.9954960821279862,0.9960179612807839,30
Human-only benchmark,88,mean_ai_trust,0.0,0.0,0.0,30
Human-only benchmark,88,mean_peer_trust,0.5432582457860311,0.5408891055728968,0.5456273859991654,30
Human-only benchmark,88,mean_tie_strength,0.4835662672917048,0.48233587400770245,0.4847966605757072,30
Human-only benchmark,88,network_density,0.057657769501344866,0.05751860066145932,0.05779693834123041,30
Human-only benchmark,88,mean_weighted_degree,4.990656016711836,4.978285254169829,5.003026779253843,30
Human-only benchmark,88,recent_active_tie_fraction,0.9771418968000919,0.9752781283056793,0.9790056652945045,30
Human-only benchmark,88,mean_unique_peer_partners,10.723703703703704,10.686518668851301,10.760888738556107,30
Human-only benchmark,88,mean_peer_marginal,0.015610444226293011,0.015052923411673788,0.016167965040912235,30
Human-only benchmark,88,ai_reliability,0.7800000000000001,0.7800000000000001,0.7800000000000001,30
Human-only benchmark,89,peer_share,1.0,1.0,1.0,30
Human-only benchmark,89,ai_share,0.0,0.0,0.0,30
Human-only benchmark,89,hybrid_share,0.0,0.0,0.0,30
Human-only benchmark,89,human_interaction_rate,1.0,1.0,1.0,30
Human-only benchmark,89,ai_use_rate,0.0,0.0,0.0,30
Human-only benchmark,89,mean_quality,0.5563143593103343,0.5528354970368984,0.5597932215837703,30
Human-only benchmark,89,success_rate,0.35074074074074074,0.3349350963036315,0.36654638517785,30
Human-only benchmark,89,mean_knowledge,0.5972884067128219,0.5935096165539092,0.6010671968717346,30
Human-only benchmark,89,knowledge_rank_corr_with_initial,0.9956631855681889,0.9953999057883706,0.9959264653480072,30
Human-only benchmark,89,mean_ai_trust,0.0,0.0,0.0,30
Human-only benchmark,89,mean_peer_trust,0.5438782453536988,0.5414932125755104,0.5462632781318871,30
Human-only benchmark,89,mean_tie_strength,0.4828647017478943,0.48163161425952816,0.48409778923626046,30
Human-only benchmark,89,network_density,0.05768052969170283,0.05753964753975514,0.057821411843650514,30
Human-only benchmark,89,mean_weighted_degree,4.985379654080778,4.97301797463651,4.997741333525046,30
Human-only benchmark,89,recent_active_tie_fraction,0.9771549654322249,0.9753087579540948,0.979001172910355,30
Human-only benchmark,89,mean_unique_peer_partners,10.734444444444446,10.697812378707702,10.771076510181189,30
Human-only benchmark,89,mean_peer_marginal,0.015673023264450144,0.015182901787264301,0.016163144741635986,30
Human-only benchmark,89,ai_reliability,0.7800000000000001,0.7800000000000001,0.7800000000000001,30
Human-only benchmark,90,peer_share,1.0,1.0,1.0,30
Human-only benchmark,90,ai_share,0.0,0.0,0.0,30
Human-only benchmark,90,hybrid_share,0.0,0.0,0.0,30
Human-only benchmark,90,human_interaction_rate,1.0,1.0,1.0,30
Human-only benchmark,90,ai_use_rate,0.0,0.0,0.0,30
Human-only benchmark,90,mean_quality,0.556714307568178,0.5526577766977275,0.5607708384386284,30
Human-only benchmark,90,success_rate,0.3494444444444445,0.3332619528579456,0.36562693603094343,30
Human-only benchmark,90,mean_knowledge,0.5981388149727579,0.5943593067186678,0.601918323226848,30
Human-only benchmark,90,knowledge_rank_corr_with_initial,0.9955632146039615,0.9952928285353223,0.9958336006726006,30
Human-only benchmark,90,mean_ai_trust,0.0,0.0,0.0,30
Human-only benchmark,90,mean_peer_trust,0.5445120811462403,0.5421135654101218,0.5469105968823588,30
Human-only benchmark,90,mean_tie_strength,0.4821458121140798,0.4809117749829721,0.4833798492451875,30
Human-only benchmark,90,network_density,0.057709497206703854,0.05757255367302974,0.057846440740377966,30
Human-only benchmark,90,mean_weighted_degree,4.980457525518205,4.968408788866391,4.99250626217002,30
Human-only benchmark,90,recent_active_tie_fraction,0.9768777410310822,0.9746762305148201,0.9790792515473442,30
Human-only benchmark,90,mean_unique_peer_partners,10.742592592592592,10.70556192008368,10.779623265101504,30
Human-only benchmark,90,mean_peer_marginal,0.015261408672667646,0.014663372717587754,0.01585944462774754,30
Human-only benchmark,90,ai_reliability,0.7800000000000001,0.7800000000000001,0.7800000000000001,30
Human-only benchmark,91,peer_share,1.0,1.0,1.0,30
Human-only benchmark,91,ai_share,0.0,0.0,0.0,30
Human-only benchmark,91,hybrid_share,0.0,0.0,0.0,30
Human-only benchmark,91,human_interaction_rate,1.0,1.0,1.0,30
Human-only benchmark,91,ai_use_rate,0.0,0.0,0.0,30
Human-only benchmark,91,mean_quality,0.5566416700030401,0.5528369984515119,0.5604463415545683,30
Human-only benchmark,91,success_rate,0.3549999999999999,0.34111760596022506,0.3688823940397748,30
Human-only benchmark,91,mean_knowledge,0.5989952340966871,0.5952161702911508,0.6027742979022234,30
Human-only benchmark,91,knowledge_rank_corr_with_initial,0.995465685481323,0.9951939478575308,0.9957374231051151,30
Human-only benchmark,91,mean_ai_trust,0.0,0.0,0.0,30
Human-only benchmark,91,mean_peer_trust,0.5451622903347015,0.5427490302292335,0.5475755504401696,30
Human-only benchmark,91,mean_tie_strength,0.4814589579900106,0.4802265063050186,0.48269140967500257,30
Human-only benchmark,91,network_density,0.05772811918063309,0.05758918126756673,0.05786705709369946,30
Human-only benchmark,91,mean_weighted_degree,4.974966536142207,4.962810155400513,4.9871229168839015,30
Human-only benchmark,91,recent_active_tie_fraction,0.9768080554313237,0.9746394784090617,0.9789766324535856,30
Human-only benchmark,91,mean_unique_peer_partners,10.750740740740742,10.713812799131288,10.787668682350196,30
Human-only benchmark,91,mean_peer_marginal,0.016010546548430163,0.015425845243353038,0.01659524785350729,30
Human-only benchmark,91,ai_reliability,0.7800000000000001,0.7800000000000001,0.7800000000000001,30
Human-only benchmark,92,peer_share,1.0,1.0,1.0,30
Human-only benchmark,92,ai_share,0.0,0.0,0.0,30
Human-only benchmark,92,hybrid_share,0.0,0.0,0.0,30
Human-only benchmark,92,human_interaction_rate,1.0,1.0,1.0,30
Human-only benchmark,92,ai_use_rate,0.0,0.0,0.0,30
Human-only benchmark,92,mean_quality,0.5550866282490255,0.5510601390138963,0.5591131174841548,30
Human-only benchmark,92,success_rate,0.34629629629629627,0.3312940939781064,0.36129849861448615,30
Human-only benchmark,92,mean_knowledge,0.5998471726796976,0.5960672488400148,0.6036270965193803,30
Human-only benchmark,92,knowledge_rank_corr_with_initial,0.9953657424065324,0.9950882686991961,0.9956432161138687,30
Human-only benchmark,92,mean_ai_trust,0.0,0.0,0.0,30
Human-only benchmark,92,mean_peer_trust,0.5457991858323415,0.5433743011325466,0.5482240705321365,30
Human-only benchmark,92,mean_tie_strength,0.4807852327823639,0.47955543508473086,0.48201503047999694,30
Human-only benchmark,92,network_density,0.057740533829919255,0.057602076764754616,0.057878990895083894,30
Human-only benchmark,92,mean_weighted_degree,4.969073240756988,4.956981662907801,4.981164818606175,30
Human-only benchmark,92,recent_active_tie_fraction,0.9771012128182762,0.9749899928708193,0.9792124327657331,30
Human-only benchmark,92,mean_unique_peer_partners,10.75777777777778,10.720661979934281,10.79489357562128,30
Human-only benchmark,92,mean_peer_marginal,0.015587046182528328,0.015069607352143655,0.016104485012913,30
Human-only benchmark,92,ai_reliability,0.7800000000000001,0.7800000000000001,0.7800000000000001,30
Human-only benchmark,93,peer_share,1.0,1.0,1.0,30
Human-only benchmark,93,ai_share,0.0,0.0,0.0,30
Human-only benchmark,93,hybrid_share,0.0,0.0,0.0,30
Human-only benchmark,93,human_interaction_rate,1.0,1.0,1.0,30
Human-only benchmark,93,ai_use_rate,0.0,0.0,0.0,30
Human-only benchmark,93,mean_quality,0.5596779549408532,0.5548946859618834,0.5644612239198229,30
Human-only benchmark,93,success_rate,0.36037037037037034,0.3425272488696826,0.37821349187105807,30
Human-only benchmark,93,mean_knowledge,0.600711541354052,0.5969292217941984,0.6044938609139057,30
Human-only benchmark,93,knowledge_rank_corr_with_initial,0.9952600057061043,0.9949737723831198,0.9955462390290888,30
Human-only benchmark,93,mean_ai_trust,0.0,0.0,0.0,30
Human-only benchmark,93,mean_peer_trust,0.546457439661026,0.5440153177298076,0.5488995615922444,30
Human-only benchmark,93,mean_tie_strength,0.48011265993118285,0.4788847284220651,0.4813405914403006,30
Human-only benchmark,93,network_density,0.05775501758741977,0.057615589412033937,0.057894445762805606,30
Human-only benchmark,93,mean_weighted_degree,4.9633661484276805,4.95124299791219,4.975489298943171,30
Human-only benchmark,93,recent_active_tie_fraction,0.9767843045023595,0.9748473465829386,0.9787212624217805,30
Human-only benchmark,93,mean_unique_peer_partners,10.766296296296298,10.728940054443447,10.80365253814915,30
Human-only benchmark,93,mean_peer_marginal,0.01615977208961784,0.015636144315371265,0.016683399863864416,30
Human-only benchmark,93,ai_reliability,0.7800000000000001,0.7800000000000001,0.7800000000000001,30
Human-only benchmark,94,peer_share,1.0,1.0,1.0,30
Human-only benchmark,94,ai_share,0.0,0.0,0.0,30
Human-only benchmark,94,hybrid_share,0.0,0.0,0.0,30
Human-only benchmark,94,human_interaction_rate,1.0,1.0,1.0,30
Human-only benchmark,94,ai_use_rate,0.0,0.0,0.0,30
Human-only benchmark,94,mean_quality,0.5573618336894366,0.5538589575850362,0.560864709793837,30
Human-only benchmark,94,success_rate,0.3485185185185185,0.3329569889331682,0.3640800481038688,30
Human-only benchmark,94,mean_knowledge,0.6015496036656741,0.5977679167090164,0.6053312906223318,30
Human-only benchmark,94,knowledge_rank_corr_with_initial,0.9951647073111897,0.9948715037156488,0.9954579109067305,30
Human-only benchmark,94,mean_ai_trust,0.0,0.0,0.0,30
Human-only benchmark,94,mean_peer_trust,0.5470731596151988,0.5446233009380631,0.5495230182923344,30
Human-only benchmark,94,mean_tie_strength,0.47939963738123575,0.4781838423267971,0.4806154324356744,30
Human-only benchmark,94,network_density,0.05778191599420645,0.057641950734288815,0.057921881254124084,30
Human-only benchmark,94,mean_weighted_degree,4.958308188076372,4.945974719613401,4.9706416565393425,30
Human-only benchmark,94,recent_active_tie_fraction,0.977258226433293,0.9753983014065489,0.979118151460037,30
Human-only benchmark,94,mean_unique_peer_partners,10.774814814814816,10.7373245451195,10.81230508451013,30
Human-only benchmark,94,mean_peer_marginal,0.014717508776757898,0.014233987968545182,0.015201029584970615,30
Human-only benchmark,94,ai_reliability,0.7800000000000001,0.7800000000000001,0.7800000000000001,30
Human-only benchmark,95,peer_share,1.0,1.0,1.0,30
Human-only benchmark,95,ai_share,0.0,0.0,0.0,30
Human-only benchmark,95,hybrid_share,0.0,0.0,0.0,30
Human-only benchmark,95,human_interaction_rate,1.0,1.0,1.0,30
Human-only benchmark,95,ai_use_rate,0.0,0.0,0.0,30
Human-only benchmark,95,mean_quality,0.5601149217734844,0.5562883363044496,0.5639415072425192,30
Human-only benchmark,95,success_rate,0.3600000000000001,0.34727720552282704,0.37272279447717316,30
Human-only benchmark,95,mean_knowledge,0.6024108596349215,0.5986265471823192,0.6061951720875237,30
Human-only benchmark,95,knowledge_rank_corr_with_initial,0.9950589600373304,0.9947613162905008,0.99535660378416,30
Human-only benchmark,95,mean_ai_trust,0.0,0.0,0.0,30
Human-only benchmark,95,mean_peer_trust,0.547728164990743,0.5452625446008776,0.5501937853806083,30
Human-only benchmark,95,mean_tie_strength,0.478744700551033,0.47752665605571964,0.4799627450463464,30
Human-only benchmark,95,network_density,0.05779019242706388,0.05765005961266869,0.05793032524145907,30
Human-only benchmark,95,mean_weighted_degree,4.952241291381695,4.939999517803843,4.964483064959547,30
Human-only benchmark,95,recent_active_tie_fraction,0.9769751322606465,0.9751846997115542,0.9787655648097388,30
Human-only benchmark,95,mean_unique_peer_partners,10.78,10.741843282079138,10.81815671792086,30
Human-only benchmark,95,mean_peer_marginal,0.016032679402652728,0.015430297970468052,0.016635060834837404,30
Human-only benchmark,95,ai_reliability,0.7800000000000001,0.7800000000000001,0.7800000000000001,30
Human-only benchmark,96,peer_share,1.0,1.0,1.0,30
Human-only benchmark,96,ai_share,0.0,0.0,0.0,30
Human-only benchmark,96,hybrid_share,0.0,0.0,0.0,30
Human-only benchmark,96,human_interaction_rate,1.0,1.0,1.0,30
Human-only benchmark,96,ai_use_rate,0.0,0.0,0.0,30
Human-only benchmark,96,mean_quality,0.5598943807108941,0.5557170004358165,0.5640717609859718,30
Human-only benchmark,96,success_rate,0.3503703703703704,0.33624863600676763,0.36449210473397314,30
Human-only benchmark,96,mean_knowledge,0.6032669079025103,0.5994830815856896,0.6070507342193309,30
Human-only benchmark,96,knowledge_rank_corr_with_initial,0.9949513829121328,0.9946494134781703,0.9952533523460954,30
Human-only benchmark,96,mean_ai_trust,0.0,0.0,0.0,30
Human-only benchmark,96,mean_peer_trust,0.5483874619007111,0.5459078990680054,0.5508670247334168,30
Human-only benchmark,96,mean_tie_strength,0.4780832201242447,0.4768706916576295,0.4792957485908599,30
Human-only benchmark,96,network_density,0.05780053796813568,0.0576636034533982,0.05793747248287316,30
Human-only benchmark,96,mean_weighted_degree,4.946288021582146,4.934145080635253,4.958430962529039,30
Human-only benchmark,96,recent_active_tie_fraction,0.9764044747240191,0.9747269526892431,0.9780819967587951,30
Human-only benchmark,96,mean_unique_peer_partners,10.783703703703702,10.745948377740682,10.821459029666723,30
Human-only benchmark,96,mean_peer_marginal,0.01573284424692458,0.015095314692560612,0.01637037380128855,30
Human-only benchmark,96,ai_reliability,0.7800000000000001,0.7800000000000001,0.7800000000000001,30
Human-only benchmark,97,peer_share,1.0,1.0,1.0,30
Human-only benchmark,97,ai_share,0.0,0.0,0.0,30
Human-only benchmark,97,hybrid_share,0.0,0.0,0.0,30
Human-only benchmark,97,human_interaction_rate,1.0,1.0,1.0,30
Human-only benchmark,97,ai_use_rate,0.0,0.0,0.0,30
Human-only benchmark,97,mean_quality,0.5594696717751778,0.5547735601942806,0.564165783356075,30
Human-only benchmark,97,success_rate,0.3616666666666666,0.346823406443298,0.37650992689003515,30
Human-only benchmark,97,mean_knowledge,0.6041100112552985,0.6003244890208729,0.6078955334897241,30
Human-only benchmark,97,knowledge_rank_corr_with_initial,0.9948596690517226,0.9945550969216094,0.9951642411818359,30
Human-only benchmark,97,mean_ai_trust,0.0,0.0,0.0,30
Human-only benchmark,97,mean_peer_trust,0.5490343610445658,0.5465348289961267,0.5515338930930049,30
Human-only benchmark,97,mean_tie_strength,0.4773970752954483,0.4761784383089437,0.4786157122819529,30
Human-only benchmark,97,network_density,0.057821229050279276,0.05767876899691829,0.05796368910364026,30
Human-only benchmark,97,mean_weighted_degree,4.940949771889933,4.928712459927781,4.953187083852085,30
Human-only benchmark,97,recent_active_tie_fraction,0.9752395979408759,0.973556167941262,0.9769230279404898,30
Human-only benchmark,97,mean_unique_peer_partners,10.79074074074074,10.752325367033864,10.829156114447615,30
Human-only benchmark,97,mean_peer_marginal,0.015302264062890626,0.014690365138016512,0.01591416298776474,30
Human-only benchmark,97,ai_reliability,0.7800000000000001,0.7800000000000001,0.7800000000000001,30
Human-only benchmark,98,peer_share,1.0,1.0,1.0,30
Human-only benchmark,98,ai_share,0.0,0.0,0.0,30
Human-only benchmark,98,hybrid_share,0.0,0.0,0.0,30
Human-only benchmark,98,human_interaction_rate,1.0,1.0,1.0,30
Human-only benchmark,98,ai_use_rate,0.0,0.0,0.0,30
Human-only benchmark,98,mean_quality,0.5618653256843481,0.5580942296531329,0.5656364217155633,30
Human-only benchmark,98,success_rate,0.369074074074074,0.3572297552375167,0.3809183929106313,30
Human-only benchmark,98,mean_knowledge,0.6049646344137126,0.6011768363290274,0.6087524324983978,30
Human-only benchmark,98,knowledge_rank_corr_with_initial,0.9947491116852798,0.9944364797799607,0.9950617435905988,30
Human-only benchmark,98,mean_ai_trust,0.0,0.0,0.0,30
Human-only benchmark,98,mean_peer_trust,0.5497020145257314,0.5471819829135182,0.5522220461379447,30
Human-only benchmark,98,mean_tie_strength,0.4767251620690028,0.4755043273750977,0.4779459967629079,30
Human-only benchmark,98,network_density,0.05783778191599415,0.05769559086827333,0.057979972963714974,30
Human-only benchmark,98,mean_weighted_degree,4.935406001673804,4.92329241907816,4.947519584269448,30
Human-only benchmark,98,recent_active_tie_fraction,0.9745661585885894,0.9730209417960072,0.9761113753811717,30
Human-only benchmark,98,mean_unique_peer_partners,10.796666666666665,10.758265717206502,10.835067616126828,30
Human-only benchmark,98,mean_peer_marginal,0.015730668132474927,0.015079081575927026,0.016382254689022827,30
Human-only benchmark,98,ai_reliability,0.7800000000000001,0.7800000000000001,0.7800000000000001,30
Human-only benchmark,99,peer_share,1.0,1.0,1.0,30
Human-only benchmark,99,ai_share,0.0,0.0,0.0,30
Human-only benchmark,99,hybrid_share,0.0,0.0,0.0,30
Human-only benchmark,99,human_interaction_rate,1.0,1.0,1.0,30
Human-only benchmark,99,ai_use_rate,0.0,0.0,0.0,30
Human-only benchmark,99,mean_quality,0.5601106053123355,0.5562728018483978,0.5639484087762732,30
Human-only benchmark,99,success_rate,0.35611111111111104,0.3412978736940131,0.370924348528209,30
Human-only benchmark,99,mean_knowledge,0.60581128872758,0.6020253088982163,0.6095972685569438,30
Human-only benchmark,99,knowledge_rank_corr_with_initial,0.9946447337182025,0.9943293381624635,0.9949601292739415,30
Human-only benchmark,99,mean_ai_trust,0.0,0.0,0.0,30
Human-only benchmark,99,mean_peer_trust,0.5503720800081889,0.5478394971231427,0.5529046628932351,30
Human-only benchmark,99,mean_tie_strength,0.4760514815648397,0.4748378673335337,0.4772650957961456,30
Human-only benchmark,99,network_density,0.05785433478170902,0.05771190941020323,0.0579967601532148,30
Human-only benchmark,99,mean_weighted_degree,4.929845744062352,4.917572139691654,4.942119348433051,30
Human-only benchmark,99,recent_active_tie_fraction,0.9746139916380532,0.9727627618153925,0.9764652214607139,30
Human-only benchmark,99,mean_unique_peer_partners,10.803703703703702,10.76557914921508,10.841828258192324,30
Human-only benchmark,99,mean_peer_marginal,0.015526961805734372,0.015048270672707958,0.016005652938760787,30
Human-only benchmark,99,ai_reliability,0.7800000000000001,0.7800000000000001,0.7800000000000001,30
Human-only benchmark,100,peer_share,1.0,1.0,1.0,30
Human-only benchmark,100,ai_share,0.0,0.0,0.0,30
Human-only benchmark,100,hybrid_share,0.0,0.0,0.0,30
Human-only benchmark,100,human_interaction_rate,1.0,1.0,1.0,30
Human-only benchmark,100,ai_use_rate,0.0,0.0,0.0,30
Human-only benchmark,100,mean_quality,0.5607735459788953,0.5561499203323209,0.5653971716254697,30
Human-only benchmark,100,success_rate,0.3550000000000001,0.33811738505700195,0.37188261494299824,30
Human-only benchmark,100,mean_knowledge,0.6066564598359548,0.602870272933465,0.6104426467384447,30
Human-only benchmark,100,knowledge_rank_corr_with_initial,0.9945334431321228,0.9942129232365393,0.9948539630277062,30
Human-only benchmark,100,mean_ai_trust,0.0,0.0,0.0,30
Human-only benchmark,100,mean_peer_trust,0.551009871562322,0.5484628788662586,0.5535568642583854,30
Human-only benchmark,100,mean_tie_strength,0.4753583679596583,0.47415077663495864,0.47656595928435797,30
Human-only benchmark,100,network_density,0.05787916408028134,0.057735805243668364,0.05802252291689432,30
Human-only benchmark,100,mean_weighted_degree,4.924782787738024,4.912370679004471,4.937194896471576,30
Human-only benchmark,100,recent_active_tie_fraction,0.9749111270855584,0.9733787576222335,0.9764434965488833,30
Human-only benchmark,100,mean_unique_peer_partners,10.811851851851854,10.773640207546249,10.850063496157459,30
Human-only benchmark,100,mean_peer_marginal,0.015408122432208531,0.014936325409740756,0.015879919454676306,30
Human-only benchmark,100,ai_reliability,0.7800000000000001,0.7800000000000001,0.7800000000000001,30
Human-only benchmark,101,peer_share,1.0,1.0,1.0,30
Human-only benchmark,101,ai_share,0.0,0.0,0.0,30
Human-only benchmark,101,hybrid_share,0.0,0.0,0.0,30
Human-only benchmark,101,human_interaction_rate,1.0,1.0,1.0,30
Human-only benchmark,101,ai_use_rate,0.0,0.0,0.0,30
Human-only benchmark,101,mean_quality,0.5637731849799426,0.5604118307727208,0.5671345391871643,30
Human-only benchmark,101,success_rate,0.36407407407407405,0.3506549591425579,0.3774931890055902,30
Human-only benchmark,101,mean_knowledge,0.6075099733171732,0.6037230251580267,0.6112969214763196,30
Human-only benchmark,101,knowledge_rank_corr_with_initial,0.994418983442169,0.9940922934801698,0.9947456734041681,30
Human-only benchmark,101,mean_ai_trust,0.0,0.0,0.0,30
Human-only benchmark,101,mean_peer_trust,0.551677542924881,0.5491122161950642,0.5542428696546978,30
Human-only benchmark,101,mean_tie_strength,0.4746859351793925,0.47346952999173997,0.47590234036704504,30
Human-only benchmark,101,network_density,0.05789778605421059,0.05774857016995309,0.05804700193846808,30
Human-only benchmark,101,mean_weighted_degree,4.919389314607337,4.906921968057718,4.9318566611569565,30
Human-only benchmark,101,recent_active_tie_fraction,0.97545132268688,0.9736686496644448,0.9772339957093151,30
Human-only benchmark,101,mean_unique_peer_partners,10.819629629629633,10.780591959328888,10.858667299930378,30
Human-only benchmark,101,mean_peer_marginal,0.015770033127432657,0.015168517454444936,0.01637154880042038,30
Human-only benchmark,101,ai_reliability,0.7800000000000001,0.7800000000000001,0.7800000000000001,30
Human-only benchmark,102,peer_share,1.0,1.0,1.0,30
Human-only benchmark,102,ai_share,0.0,0.0,0.0,30
Human-only benchmark,102,hybrid_share,0.0,0.0,0.0,30
Human-only benchmark,102,human_interaction_rate,1.0,1.0,1.0,30
Human-only benchmark,102,ai_use_rate,0.0,0.0,0.0,30
Human-only benchmark,102,mean_quality,0.5628848162679778,0.5589292841400073,0.5668403483959483,30
Human-only benchmark,102,success_rate,0.36018518518518516,0.34601990856552733,0.374350461804843,30
Human-only benchmark,102,mean_knowledge,0.6083596147279836,0.6045697467356294,0.6121494827203379,30
Human-only benchmark,102,knowledge_rank_corr_with_initial,0.9943104278838047,0.9939760248050212,0.9946448309625883,30
Human-only benchmark,102,mean_ai_trust,0.0,0.0,0.0,30
Human-only benchmark,102,mean_peer_trust,0.5523439506689708,0.5497663595373157,0.5549215418006259,30
Human-only benchmark,102,mean_tie_strength,0.4740316033363342,0.4728152826488197,0.4752479240238487,30
Human-only benchmark,102,network_density,0.057908131595282394,0.05775923678618833,0.05805702640437646,30
Human-only benchmark,102,mean_weighted_degree,4.913485747619912,4.901055608043548,4.925915887196276,30
Human-only benchmark,102,recent_active_tie_fraction,0.9750978210765882,0.9734842802275687,0.9767113619256076,30
Human-only benchmark,102,mean_unique_peer_partners,10.825185185185187,10.78600711800038,10.864363252369994,30
Human-only benchmark,102,mean_peer_marginal,0.015647523071078404,0.015005294985823965,0.01628975115633284,30
Human-only benchmark,102,ai_reliability,0.7800000000000001,0.7800000000000001,0.7800000000000001,30
Human-only benchmark,103,peer_share,1.0,1.0,1.0,30
Human-only benchmark,103,ai_share,0.0,0.0,0.0,30
Human-only benchmark,103,hybrid_share,0.0,0.0,0.0,30
Human-only benchmark,103,human_interaction_rate,1.0,1.0,1.0,30
Human-only benchmark,103,ai_use_rate,0.0,0.0,0.0,30
Human-only benchmark,103,mean_quality,0.5629213898644722,0.5589113604551383,0.566931419273806,30
Human-only benchmark,103,success_rate,0.3694444444444445,0.3549819739094944,0.38390691497939466,30
Human-only benchmark,103,mean_knowledge,0.6092073594312668,0.6054177668446403,0.6129969520178933,30
Human-only benchmark,103,knowledge_rank_corr_with_initial,0.9941837635127045,0.9938457145889362,0.9945218124364729,30
Human-only benchmark,103,mean_ai_trust,0.0,0.0,0.0,30
Human-only benchmark,103,mean_peer_trust,0.5530018627643585,0.550411738730487,0.55559198679823,30
Human-only benchmark,103,mean_tie_strength,0.47336332698663075,0.4721402432456262,0.4745864107276353,30
Human-only benchmark,103,network_density,0.05792468446099727,0.057771045970550425,0.05807832295144412,30
Human-only benchmark,103,mean_weighted_degree,4.907954281700982,4.895450439802115,4.920458123599849,30
Human-only benchmark,103,recent_active_tie_fraction,0.9760296915506799,0.9740837681934222,0.9779756149079375,30
Human-only benchmark,103,mean_unique_peer_partners,10.832962962962965,10.79371601997217,10.87220990595376,30
Human-only benchmark,103,mean_peer_marginal,0.01545670215445195,0.014934487442340723,0.015978916866563178,30
Human-only benchmark,103,ai_reliability,0.7800000000000001,0.7800000000000001,0.7800000000000001,30
Human-only benchmark,104,peer_share,1.0,1.0,1.0,30
Human-only benchmark,104,ai_share,0.0,0.0,0.0,30
Human-only benchmark,104,hybrid_share,0.0,0.0,0.0,30
Human-only benchmark,104,human_interaction_rate,1.0,1.0,1.0,30
Human-only benchmark,104,ai_use_rate,0.0,0.0,0.0,30
Human-only benchmark,104,mean_quality,0.5647856373855519,0.5610729979429707,0.568498276828133,30
Human-only benchmark,104,success_rate,0.3761111111111111,0.3631028421103635,0.38911938011185876,30
Human-only benchmark,104,mean_knowledge,0.6100561533495871,0.6062674506450944,0.6138448560540798,30
Human-only benchmark,104,knowledge_rank_corr_with_initial,0.9940670397420699,0.9937203543249749,0.9944137251591649,30
Human-only benchmark,104,mean_ai_trust,0.0,0.0,0.0,30
Human-only benchmark,104,mean_peer_trust,0.5536672274271647,0.5510618125545009,0.5562726422998284,30
Human-only benchmark,104,mean_tie_strength,0.4726838568846385,0.4714585576485587,0.47390915612071827,30
Human-only benchmark,104,network_density,0.05794744465135523,0.05779336667399768,0.05810152262871277,30
Human-only benchmark,104,mean_weighted_degree,4.902832332584594,4.890408176082299,4.915256489086889,30
Human-only benchmark,104,recent_active_tie_fraction,0.9769672180487184,0.9748816810683301,0.9790527550291068,30
Human-only benchmark,104,mean_unique_peer_partners,10.843333333333335,10.803487998420216,10.883178668246455,30
Human-only benchmark,104,mean_peer_marginal,0.015742824360993727,0.015136081108530288,0.016349567613457166,30
Human-only benchmark,104,ai_reliability,0.7800000000000001,0.7800000000000001,0.7800000000000001,30
Human-only benchmark,105,peer_share,1.0,1.0,1.0,30
Human-only benchmark,105,ai_share,0.0,0.0,0.0,30
Human-only benchmark,105,hybrid_share,0.0,0.0,0.0,30
Human-only benchmark,105,human_interaction_rate,1.0,1.0,1.0,30
Human-only benchmark,105,ai_use_rate,0.0,0.0,0.0,30
Human-only benchmark,105,mean_quality,0.5666570372144342,0.5622859322332424,0.5710281421956259,30
Human-only benchmark,105,success_rate,0.3751851851851852,0.3599825341294479,0.39038783624092244,30
Human-only benchmark,105,mean_knowledge,0.61090010347177,0.6071093912705923,0.6146908156729478,30
Human-only benchmark,105,knowledge_rank_corr_with_initial,0.9939416945866697,0.9935854416680493,0.9942979475052901,30
Human-only benchmark,105,mean_ai_trust,0.0,0.0,0.0,30
Human-only benchmark,105,mean_peer_trust,0.5543177743752797,0.5516942053296121,0.5569413434209474,30
Human-only benchmark,105,mean_tie_strength,0.47198335925738016,0.4707580164703397,0.4732087020444206,30
Human-only benchmark,105,network_density,0.05797848127457063,0.05782204666553926,0.058134915883602,30
Human-only benchmark,105,mean_weighted_degree,4.898186503207242,4.8856776882051225,4.910695318209362,30
Human-only benchmark,105,recent_active_tie_fraction,0.977009874723096,0.9749140029687462,0.9791057464774457,30
Human-only benchmark,105,mean_unique_peer_partners,10.851481481481482,10.811426153914201,10.891536809048763,30
Human-only benchmark,105,mean_peer_marginal,0.01520899920813258,0.014653796269024312,0.015764202147240846,30
Human-only benchmark,105,ai_reliability,0.7800000000000001,0.7800000000000001,0.7800000000000001,30
Human-only benchmark,106,peer_share,1.0,1.0,1.0,30
Human-only benchmark,106,ai_share,0.0,0.0,0.0,30
Human-only benchmark,106,hybrid_share,0.0,0.0,0.0,30
Human-only benchmark,106,human_interaction_rate,1.0,1.0,1.0,30
Human-only benchmark,106,ai_use_rate,0.0,0.0,0.0,30
Human-only benchmark,106,mean_quality,0.5644022219231271,0.5599136609039249,0.5688907829423292,30
Human-only benchmark,106,success_rate,0.36666666666666664,0.3529061327773027,0.3804272005560306,30
Human-only benchmark,106,mean_knowledge,0.611736749413763,0.6079439634734031,0.6155295353541229,30
Human-only benchmark,106,knowledge_rank_corr_with_initial,0.9938183019299233,0.9934529145596752,0.9941836893001713,30
Human-only benchmark,106,mean_ai_trust,0.0,0.0,0.0,30
Human-only benchmark,106,mean_peer_trust,0.5549825032552084,0.5523495568037213,0.5576154497066954,30
Human-only benchmark,106,mean_tie_strength,0.47133403917153677,0.47010264052776696,0.4725654378153066,30
Human-only benchmark,106,network_density,0.05798675770742807,0.057831440276380756,0.05814207513847538,30
Human-only benchmark,106,mean_weighted_degree,4.892141485832355,4.879934790679548,4.904348180985163,30
Human-only benchmark,106,recent_active_tie_fraction,0.9769797037544562,0.9749593284095235,0.9790000790993889,30
Human-only benchmark,106,mean_unique_peer_partners,10.856666666666667,10.8162151605823,10.897118172751036,30
Human-only benchmark,106,mean_peer_marginal,0.014903386322292562,0.014374132034288818,0.015432640610296306,30
Human-only benchmark,106,ai_reliability,0.7800000000000001,0.7800000000000001,0.7800000000000001,30
Human-only benchmark,107,peer_share,1.0,1.0,1.0,30
Human-only benchmark,107,ai_share,0.0,0.0,0.0,30
Human-only benchmark,107,hybrid_share,0.0,0.0,0.0,30
Human-only benchmark,107,human_interaction_rate,1.0,1.0,1.0,30
Human-only benchmark,107,ai_use_rate,0.0,0.0,0.0,30
Human-only benchmark,107,mean_quality,0.5666777666934982,0.5631755333775866,0.5701800000094098,30
Human-only benchmark,107,success_rate,0.3764814814814814,0.3621640724296684,0.3907988905332944,30
Human-only benchmark,107,mean_knowledge,0.612585442838376,0.6087936719858456,0.6163772136909065,30
Human-only benchmark,107,knowledge_rank_corr_with_initial,0.9936997208963848,0.9933240603296499,0.9940753814631197,30
Human-only benchmark,107,mean_ai_trust,0.0,0.0,0.0,30
Human-only benchmark,107,mean_peer_trust,0.5556346197923024,0.5529838853111669,0.558285354273438,30
Human-only benchmark,107,mean_tie_strength,0.4706622024377187,0.4694251093203859,0.47189929555505156,30
Human-only benchmark,107,network_density,0.05800744878957166,0.05784494236971869,0.05816995520942463,30
Human-only benchmark,107,mean_weighted_degree,4.886903969976637,4.874409748541821,4.899398191411453,30
Human-only benchmark,107,recent_active_tie_fraction,0.9763459513722028,0.9741930259836153,0.9784988767607903,30
Human-only benchmark,107,mean_unique_peer_partners,10.864814814814814,10.822727474638667,10.906902154990961,30
Human-only benchmark,107,mean_peer_marginal,0.015467867010721021,0.014910970424629015,0.016024763596813027,30
Human-only benchmark,107,ai_reliability,0.7800000000000001,0.7800000000000001,0.7800000000000001,30
Human-only benchmark,108,peer_share,1.0,1.0,1.0,30
Human-only benchmark,108,ai_share,0.0,0.0,0.0,30
Human-only benchmark,108,hybrid_share,0.0,0.0,0.0,30
Human-only benchmark,108,human_interaction_rate,1.0,1.0,1.0,30
Human-only benchmark,108,ai_use_rate,0.0,0.0,0.0,30
Human-only benchmark,108,mean_quality,0.5694593647838645,0.5649663328225685,0.5739523967451605,30
Human-only benchmark,108,success_rate,0.3779629629629629,0.36148844021743426,0.3944374857084915,30
Human-only benchmark,108,mean_knowledge,0.6134300985432506,0.6096347941806376,0.6172254029058636,30
Human-only benchmark,108,knowledge_rank_corr_with_initial,0.9935716168924746,0.9931857496897292,0.9939574840952201,30
Human-only benchmark,108,mean_ai_trust,0.0,0.0,0.0,30
Human-only benchmark,108,mean_peer_trust,0.5562933385372162,0.5536313349996276,0.5589553420748048,30
Human-only benchmark,108,mean_tie_strength,0.47000613510608674,0.4687787059443168,0.4712335642678567,30
Human-only benchmark,108,network_density,0.058019863438857816,0.05785926056095302,0.05818046631676261,30
Human-only benchmark,108,mean_weighted_degree,4.881142083627207,4.868602818960618,4.893681348293796,30
Human-only benchmark,108,recent_active_tie_fraction,0.9752459972415664,0.9732057550099913,0.9772862394731414,30
Human-only benchmark,108,mean_unique_peer_partners,10.874444444444444,10.83221536720698,10.91667352168191,30
Human-only benchmark,108,mean_peer_marginal,0.015125947162472382,0.014449087791083321,0.01580280653386144,30
Human-only benchmark,108,ai_reliability,0.7800000000000001,0.7800000000000001,0.7800000000000001,30
Human-only benchmark,109,peer_share,1.0,1.0,1.0,30
Human-only benchmark,109,ai_share,0.0,0.0,0.0,30
Human-only benchmark,109,hybrid_share,0.0,0.0,0.0,30
Human-only benchmark,109,human_interaction_rate,1.0,1.0,1.0,30
Human-only benchmark,109,ai_use_rate,0.0,0.0,0.0,30
Human-only benchmark,109,mean_quality,0.5697262335262084,0.565961004584427,0.5734914624679899,30
Human-only benchmark,109,success_rate,0.3870370370370369,0.37620508665339664,0.39786898742067717,30
Human-only benchmark,109,mean_knowledge,0.614274848500697,0.6104789471700253,0.6180707498313688,30
Human-only benchmark,109,knowledge_rank_corr_with_initial,0.9934445204149435,0.993049250881349,0.9938397899485379,30
Human-only benchmark,109,mean_ai_trust,0.0,0.0,0.0,30
Human-only benchmark,109,mean_peer_trust,0.5569625457127889,0.5542862115425625,0.5596388798830153,30
Human-only benchmark,109,mean_tie_strength,0.46933969060579933,0.4681087630634031,0.47057061814819556,30
Human-only benchmark,109,network_density,0.05803848541278705,0.05787801524309769,0.058198955582476404,30
Human-only benchmark,109,mean_weighted_degree,4.875781860969685,4.863404825275128,4.888158896664241,30
Human-only benchmark,109,recent_active_tie_fraction,0.9756131081628607,0.9737960406341752,0.9774301756915462,30
Human-only benchmark,109,mean_unique_peer_partners,10.881111111111112,10.839533646955427,10.922688575266797,30
Human-only benchmark,109,mean_peer_marginal,0.015266366496384458,0.0146930012165287,0.015839731776240217,30
Human-only benchmark,109,ai_reliability,0.7800000000000001,0.7800000000000001,0.7800000000000001,30
Human-only benchmark,110,peer_share,1.0,1.0,1.0,30
Human-only benchmark,110,ai_share,0.0,0.0,0.0,30
Human-only benchmark,110,hybrid_share,0.0,0.0,0.0,30
Human-only benchmark,110,human_interaction_rate,1.0,1.0,1.0,30
Human-only benchmark,110,ai_use_rate,0.0,0.0,0.0,30
Human-only benchmark,110,mean_quality,0.5704623603600936,0.5668902804476968,0.5740344402724903,30
Human-only benchmark,110,success_rate,0.38722222222222225,0.37442093968116935,0.40002350476327514,30
Human-only benchmark,110,mean_knowledge,0.6151196614646285,0.6113246782475675,0.6189146446816894,30
Human-only benchmark,110,knowledge_rank_corr_with_initial,0.9933169862081238,0.9929148258389039,0.9937191465773437,30
Human-only benchmark,110,mean_ai_trust,0.0,0.0,0.0,30
Human-only benchmark,110,mean_peer_trust,0.5576316535472869,0.5549381686350124,0.5603251384595614,30
Human-only benchmark,110,mean_tie_strength,0.46866469383239745,0.4674409933727938,0.4698883942920011,30
Human-only benchmark,110,network_density,0.05806124560314501,0.057901066236467194,0.05822142496982283,30
Human-only benchmark,110,mean_weighted_degree,4.8706826814457225,4.8582011336292155,4.8831642292622295,30
Human-only benchmark,110,recent_active_tie_fraction,0.9763368353124855,0.9747202473243203,0.9779534233006507,30
Human-only benchmark,110,mean_unique_peer_partners,10.887037037037038,10.845546274074222,10.928527799999854,30
Human-only benchmark,110,mean_peer_marginal,0.015283084802712545,0.014789259061427149,0.01577691054399794,30
Human-only benchmark,110,ai_reliability,0.7800000000000001,0.7800000000000001,0.7800000000000001,30
Human-only benchmark,111,peer_share,1.0,1.0,1.0,30
Human-only benchmark,111,ai_share,0.0,0.0,0.0,30
Human-only benchmark,111,hybrid_share,0.0,0.0,0.0,30
Human-only benchmark,111,human_interaction_rate,1.0,1.0,1.0,30
Human-only benchmark,111,ai_use_rate,0.0,0.0,0.0,30
Human-only benchmark,111,mean_quality,0.5707702975688631,0.5670301782439356,0.5745104168937906,30
Human-only benchmark,111,success_rate,0.38166666666666665,0.36739632147050233,0.395937011862831,30
Human-only benchmark,111,mean_knowledge,0.6159600863684431,0.6121663445697696,0.6197538281671167,30
Human-only benchmark,111,knowledge_rank_corr_with_initial,0.9931935349445775,0.9927845654157329,0.9936025044734221,30
Human-only benchmark,111,mean_ai_trust,0.0,0.0,0.0,30
Human-only benchmark,111,mean_peer_trust,0.5583008050918579,0.5555990602512432,0.5610025499324726,30
Human-only benchmark,111,mean_tie_strength,0.46799955070018767,0.4667820101168681,0.46921709128350725,30
Human-only benchmark,111,network_density,0.05807986757707424,0.05791866790650178,0.0582410672476467,30
Human-only benchmark,111,mean_weighted_degree,4.865333512889014,4.852632807951985,4.878034217826042,30
Human-only benchmark,111,recent_active_tie_fraction,0.9758833880882296,0.974234595572019,0.9775321806044402,30
Human-only benchmark,111,mean_unique_peer_partners,10.895925925925924,10.85513637638101,10.936715475470839,30
Human-only benchmark,111,mean_peer_marginal,0.015098310516170561,0.014553194781677107,0.015643426250664016,30
Human-only benchmark,111,ai_reliability,0.7800000000000001,0.7800000000000001,0.7800000000000001,30
Human-only benchmark,112,peer_share,1.0,1.0,1.0,30
Human-only benchmark,112,ai_share,0.0,0.0,0.0,30
Human-only benchmark,112,hybrid_share,0.0,0.0,0.0,30
Human-only benchmark,112,human_interaction_rate,1.0,1.0,1.0,30
Human-only benchmark,112,ai_use_rate,0.0,0.0,0.0,30
Human-only benchmark,112,mean_quality,0.570789879808666,0.567032783174484,0.574546976442848,30
Human-only benchmark,112,success_rate,0.3862962962962963,0.3731565518219593,0.3994360407706333,30
Human-only benchmark,112,mean_knowledge,0.61679839973305,0.6130036837008952,0.6205931157652047,30
Human-only benchmark,112,knowledge_rank_corr_with_initial,0.9930621509007441,0.9926463465680702,0.9934779552334181,30
Human-only benchmark,112,mean_ai_trust,0.0,0.0,0.0,30
Human-only benchmark,112,mean_peer_trust,0.5589487512906393,0.5562398251183197,0.5616576774629588,30
Human-only benchmark,112,mean_tie_strength,0.46731790006160734,0.46610178171241673,0.46853401841079795,30
Human-only benchmark,112,network_density,0.05810676598386092,0.057946833539782576,0.058266698427939266,30
Human-only benchmark,112,mean_weighted_degree,4.860497435154738,4.847906188141168,4.873088682168308,30
Human-only benchmark,112,recent_active_tie_fraction,0.9756504764472596,0.9740460139967317,0.9772549388977874,30
Human-only benchmark,112,mean_unique_peer_partners,10.904074074074073,10.864480801242971,10.943667346905174,30
Human-only benchmark,112,mean_peer_marginal,0.015163421962131673,0.014665929913562047,0.0156609140107013,30
Human-only benchmark,112,ai_reliability,0.7800000000000001,0.7800000000000001,0.7800000000000001,30
Human-only benchmark,113,peer_share,1.0,1.0,1.0,30
Human-only benchmark,113,ai_share,0.0,0.0,0.0,30
Human-only benchmark,113,hybrid_share,0.0,0.0,0.0,30
Human-only benchmark,113,human_interaction_rate,1.0,1.0,1.0,30
Human-only benchmark,113,ai_use_rate,0.0,0.0,0.0,30
Human-only benchmark,113,mean_quality,0.5710110266569702,0.5670841328173402,0.5749379204966003,30
Human-only benchmark,113,success_rate,0.3859259259259259,0.3705582313559951,0.4012936204958567,30
Human-only benchmark,113,mean_knowledge,0.617638279326303,0.613844961182979,0.621431597469627,30
Human-only benchmark,113,knowledge_rank_corr_with_initial,0.99293230034185,0.9925035321640537,0.9933610685196462,30
Human-only benchmark,113,mean_ai_trust,0.0,0.0,0.0,30
Human-only benchmark,113,mean_peer_trust,0.559614509344101,0.5568979652556824,0.5623310534325195,30
Human-only benchmark,113,mean_tie_strength,0.4666736503442129,0.4654584194778396,0.46788888121058614,30
Human-only benchmark,113,network_density,0.058117111524932714,0.0579576915033285,0.058276531546536926,30
Human-only benchmark,113,mean_weighted_degree,4.8546611254745065,4.842111431845107,4.867210819103906,30
Human-only benchmark,113,recent_active_tie_fraction,0.9762957344370207,0.9744359545099197,0.9781555143641216,30
Human-only benchmark,113,mean_unique_peer_partners,10.910000000000002,10.870634259316212,10.949365740683792,30
Human-only benchmark,113,mean_peer_marginal,0.015217898511890903,0.014587536800984766,0.01584826022279704,30
Human-only benchmark,113,ai_reliability,0.7800000000000001,0.7800000000000001,0.7800000000000001,30
Human-only benchmark,114,peer_share,1.0,1.0,1.0,30
Human-only benchmark,114,ai_share,0.0,0.0,0.0,30
Human-only benchmark,114,hybrid_share,0.0,0.0,0.0,30
Human-only benchmark,114,human_interaction_rate,1.0,1.0,1.0,30
Human-only benchmark,114,ai_use_rate,0.0,0.0,0.0,30
Human-only benchmark,114,mean_quality,0.5713109783990971,0.5681058061658791,0.574516150632315,30
Human-only benchmark,114,success_rate,0.38333333333333336,0.37212876502622094,0.3945379016404458,30
Human-only benchmark,114,mean_knowledge,0.618473465463336,0.6146809750334461,0.622265955893226,30
Human-only benchmark,114,knowledge_rank_corr_with_initial,0.9927996647162165,0.9923616609505044,0.9932376684819286,30
Human-only benchmark,114,mean_ai_trust,0.0,0.0,0.0,30
Human-only benchmark,114,mean_peer_trust,0.5602940181891124,0.5575651660848588,0.563022870293366,30
Human-only benchmark,114,mean_tie_strength,0.46602583626906074,0.46480959092106305,0.46724208161705844,30
Human-only benchmark,114,network_density,0.05812952617421887,0.05796690769340352,0.05829214465503422,30
Human-only benchmark,114,mean_weighted_degree,4.848954348299238,4.83629905154431,4.861609645054167,30
Human-only benchmark,114,recent_active_tie_fraction,0.9761567314206124,0.9740915188962713,0.9782219439449535,30
Human-only benchmark,114,mean_unique_peer_partners,10.913703703703705,10.874152430643448,10.953254976763962,30
Human-only benchmark,114,mean_peer_marginal,0.015048057850628155,0.014540736633261254,0.015555379067995055,30
Human-only benchmark,114,ai_reliability,0.7800000000000001,0.7800000000000001,0.7800000000000001,30
Human-only benchmark,115,peer_share,1.0,1.0,1.0,30
Human-only benchmark,115,ai_share,0.0,0.0,0.0,30
Human-only benchmark,115,hybrid_share,0.0,0.0,0.0,30
Human-only benchmark,115,human_interaction_rate,1.0,1.0,1.0,30
Human-only benchmark,115,ai_use_rate,0.0,0.0,0.0,30
Human-only benchmark,115,mean_quality,0.5720086472230244,0.5678992414427785,0.5761180530032702,30
Human-only benchmark,115,success_rate,0.38462962962962965,0.36778808381823624,0.40147117544102306,30
Human-only benchmark,115,mean_knowledge,0.6193074186146657,0.6155164130591223,0.623098424170209,30
Human-only benchmark,115,knowledge_rank_corr_with_initial,0.9926733092496396,0.9922323684563492,0.99311425004293,30
Human-only benchmark,115,mean_ai_trust,0.0,0.0,0.0,30
Human-only benchmark,115,mean_peer_trust,0.5609658082326253,0.5582262226243356,0.563705393840915,30
Human-only benchmark,115,mean_tie_strength,0.46537361840407054,0.46416665764526016,0.4665805791628809,30
Human-only benchmark,115,network_density,0.05814400993171939,0.057983753479752737,0.05830426638368605,30
Human-only benchmark,115,mean_weighted_degree,4.843380737260535,4.830686806942664,4.856074667578406,30
Human-only benchmark,115,recent_active_tie_fraction,0.9763752957164271,0.9743560828130872,0.9783945086197671,30
Human-only benchmark,115,mean_unique_peer_partners,10.921481481481482,10.882333727715588,10.960629235247376,30
Human-only benchmark,115,mean_peer_marginal,0.014998698595198874,0.01447277531332576,0.015524621877071989,30
Human-only benchmark,115,ai_reliability,0.7800000000000001,0.7800000000000001,0.7800000000000001,30
Human-only benchmark,116,peer_share,1.0,1.0,1.0,30
Human-only benchmark,116,ai_share,0.0,0.0,0.0,30
Human-only benchmark,116,hybrid_share,0.0,0.0,0.0,30
Human-only benchmark,116,human_interaction_rate,1.0,1.0,1.0,30
Human-only benchmark,116,ai_use_rate,0.0,0.0,0.0,30
Human-only benchmark,116,mean_quality,0.5726494533621042,0.5683708037456535,0.5769281029785548,30
Human-only benchmark,116,success_rate,0.3846296296296296,0.3677089683196442,0.401550290939615,30
Human-only benchmark,116,mean_knowledge,0.6201438217549425,0.6163506397944665,0.6239370037154186,30
Human-only benchmark,116,knowledge_rank_corr_with_initial,0.9925455902034519,0.9921011492611082,0.9929900311457956,30
Human-only benchmark,116,mean_ai_trust,0.0,0.0,0.0,30
Human-only benchmark,116,mean_peer_trust,0.5616511782010396,0.558903559535708,0.5643987968663712,30
Human-only benchmark,116,mean_tie_strength,0.4647194782892863,0.4635187464895419,0.4659202100890307,30
Human-only benchmark,116,network_density,0.05816056279743427,0.058001427736790095,0.058319697858078445,30
Human-only benchmark,116,mean_weighted_degree,4.837953543839631,4.825209398881228,4.850697688798034,30
Human-only benchmark,116,recent_active_tie_fraction,0.9758534927351197,0.9738047988500739,0.9779021866201655,30
Human-only benchmark,116,mean_unique_peer_partners,10.927407407407408,10.889183337897387,10.965631476917428,30
Human-only benchmark,116,mean_peer_marginal,0.015054897815954394,0.014446785576154659,0.01566301005575413,30
Human-only benchmark,116,ai_reliability,0.7800000000000001,0.7800000000000001,0.7800000000000001,30
Human-only benchmark,117,peer_share,1.0,1.0,1.0,30
Human-only benchmark,117,ai_share,0.0,0.0,0.0,30
Human-only benchmark,117,hybrid_share,0.0,0.0,0.0,30
Human-only benchmark,117,human_interaction_rate,1.0,1.0,1.0,30
Human-only benchmark,117,ai_use_rate,0.0,0.0,0.0,30
Human-only benchmark,117,mean_quality,0.572795571124633,0.5685666672479069,0.577024475001359,30
Human-only benchmark,117,success_rate,0.3901851851851851,0.3744270252541506,0.40594334511621954,30
Human-only benchmark,117,mean_knowledge,0.6209727610722519,0.617178955985768,0.6247665661587357,30
Human-only benchmark,117,knowledge_rank_corr_with_initial,0.9924283857106342,0.9919761307440627,0.9928806406772057,30
Human-only benchmark,117,mean_ai_trust,0.0,0.0,0.0,30
Human-only benchmark,117,mean_peer_trust,0.5623283763726552,0.559573241033412,0.5650835117118984,30
Human-only benchmark,117,mean_tie_strength,0.4640716900428136,0.4628749922149918,0.46526838787063546,30
Human-only benchmark,117,network_density,0.05817297744672043,0.058014355437945385,0.05833159945549548,30
Human-only benchmark,117,mean_weighted_degree,4.832242596546809,4.819496890604588,4.84498830248903,30
Human-only benchmark,117,recent_active_tie_fraction,0.9756447713814087,0.9734705510316575,0.9778189917311599,30
Human-only benchmark,117,mean_unique_peer_partners,10.934814814814818,10.89759786786324,10.972031761766395,30
Human-only benchmark,117,mean_peer_marginal,0.014805189505241399,0.01429050138109765,0.015319877629385147,30
Human-only benchmark,117,ai_reliability,0.7800000000000001,0.7800000000000001,0.7800000000000001,30
Human-only benchmark,118,peer_share,1.0,1.0,1.0,30
Human-only benchmark,118,ai_share,0.0,0.0,0.0,30
Human-only benchmark,118,hybrid_share,0.0,0.0,0.0,30
Human-only benchmark,118,human_interaction_rate,1.0,1.0,1.0,30
Human-only benchmark,118,ai_use_rate,0.0,0.0,0.0,30
Human-only benchmark,118,mean_quality,0.5746939184021476,0.5705920549045493,0.5787957818997458,30
Human-only benchmark,118,success_rate,0.38925925925925925,0.37135635793103083,0.40716216058748766,30
Human-only benchmark,118,mean_knowledge,0.6218060669140895,0.6180104915927921,0.6256016422353868,30
Human-only benchmark,118,knowledge_rank_corr_with_initial,0.9922993347767779,0.9918386517271586,0.9927600178263972,30
Human-only benchmark,118,mean_ai_trust,0.0,0.0,0.0,30
Human-only benchmark,118,mean_peer_trust,0.5629947920640309,0.5602333828323536,0.5657562012957082,30
Human-only benchmark,118,mean_tie_strength,0.4634183595577876,0.4622233570838477,0.4646133620317275,30
Human-only benchmark,118,network_density,0.05818953031243531,0.05803236318750834,0.05834669743736228,30
Human-only benchmark,118,mean_weighted_degree,4.826812720078009,4.814218441047141,4.839406999108877,30
Human-only benchmark,118,recent_active_tie_fraction,0.9751907832956818,0.9727719079896382,0.9776096586017253,30
Human-only benchmark,118,mean_unique_peer_partners,10.940370370370372,10.904373603548388,10.976367137192357,30
Human-only benchmark,118,mean_peer_marginal,0.014938235193840877,0.01436102220879483,0.015515448178886924,30
Human-only benchmark,118,ai_reliability,0.7800000000000001,0.7800000000000001,0.7800000000000001,30
Human-only benchmark,119,peer_share,1.0,1.0,1.0,30
Human-only benchmark,119,ai_share,0.0,0.0,0.0,30
Human-only benchmark,119,hybrid_share,0.0,0.0,0.0,30
Human-only benchmark,119,human_interaction_rate,1.0,1.0,1.0,30
Human-only benchmark,119,ai_use_rate,0.0,0.0,0.0,30
Human-only benchmark,119,mean_quality,0.57478990425738,0.5711762931418779,0.578403515372882,30
Human-only benchmark,119,success_rate,0.3942592592592592,0.3819866802479597,0.4065318382705587,30
Human-only benchmark,119,mean_knowledge,0.6226394788875681,0.6188469347769227,0.6264320229982135,30
Human-only benchmark,119,knowledge_rank_corr_with_initial,0.9921669960198204,0.9917020619604475,0.9926319300791933,30
Human-only benchmark,119,mean_ai_trust,0.0,0.0,0.0,30
Human-only benchmark,119,mean_peer_trust,0.5636553863684336,0.5608814795277439,0.5664292932091233,30
Human-only benchmark,119,mean_tie_strength,0.4627621789773305,0.46157098674480485,0.4639533712098562,30
Human-only benchmark,119,network_density,0.058208152286364535,0.05805083788994092,0.05836546668278815,30
Human-only benchmark,119,mean_weighted_degree,4.821522668158567,4.808837415102994,4.834207921214139,30
Human-only benchmark,119,recent_active_tie_fraction,0.9764779621211049,0.9744232167525914,0.9785327074896185,30
Human-only benchmark,119,mean_unique_peer_partners,10.94777777777778,10.911165161836172,10.984390393719389,30
Human-only benchmark,119,mean_peer_marginal,0.014838874392950955,0.014283208410495232,0.015394540375406678,30
Human-only benchmark,119,ai_reliability,0.7800000000000001,0.7800000000000001,0.7800000000000001,30
Human-only benchmark,120,peer_share,1.0,1.0,1.0,30
Human-only benchmark,120,ai_share,0.0,0.0,0.0,30
Human-only benchmark,120,hybrid_share,0.0,0.0,0.0,30
Human-only benchmark,120,human_interaction_rate,1.0,1.0,1.0,30
Human-only benchmark,120,ai_use_rate,0.0,0.0,0.0,30
Human-only benchmark,120,mean_quality,0.5736592470022899,0.5701202169988039,0.5771982770057759,30
Human-only benchmark,120,success_rate,0.3887037037037037,0.37782868467102454,0.3995787227363829,30
Human-only benchmark,120,mean_knowledge,0.623465287932619,0.6196720393375336,0.6272585365277045,30
Human-only benchmark,120,knowledge_rank_corr_with_initial,0.9920432467886422,0.9915706911199088,0.9925158024573756,30
Human-only benchmark,120,mean_ai_trust,0.0,0.0,0.0,30
Human-only benchmark,120,mean_peer_trust,0.5643120984236399,0.5615314170211105,0.5670927798261693,30
Human-only benchmark,120,mean_tie_strength,0.4620789408683777,0.4608923466047356,0.4632655351320198,30
Human-only benchmark,120,network_density,0.058239188909579916,0.05808296760979598,0.058395410209363854,30
Human-only benchmark,120,mean_weighted_degree,4.8169739421650215,4.80427022086192,4.829677663468123,30
Human-only benchmark,120,recent_active_tie_fraction,0.9763841013571117,0.9741993023756436,0.9785689003385799,30
Human-only benchmark,120,mean_unique_peer_partners,10.957777777777778,10.920630008356428,10.994925547199129,30
Human-only benchmark,120,mean_peer_marginal,0.014664922953872193,0.01421455387815075,0.015115292029593637,30
Human-only benchmark,120,ai_reliability,0.7800000000000001,0.7800000000000001,0.7800000000000001,30
Human-only benchmark,121,peer_share,1.0,1.0,1.0,30
Human-only benchmark,121,ai_share,0.0,0.0,0.0,30
Human-only benchmark,121,hybrid_share,0.0,0.0,0.0,30
Human-only benchmark,121,human_interaction_rate,1.0,1.0,1.0,30
Human-only benchmark,121,ai_use_rate,0.0,0.0,0.0,30
Human-only benchmark,121,mean_quality,0.5771923343541869,0.5736776413503689,0.580707027358005,30
Human-only benchmark,121,success_rate,0.40518518518518515,0.39170868876476234,0.41866168160560796,30
Human-only benchmark,121,mean_knowledge,0.6243026134349248,0.6205103200336297,0.6280949068362198,30
Human-only benchmark,121,knowledge_rank_corr_with_initial,0.9919129801510714,0.9914346503023557,0.9923913099997872,30
Human-only benchmark,121,mean_ai_trust,0.0,0.0,0.0,30
Human-only benchmark,121,mean_peer_trust,0.5650024553140004,0.562209149354257,0.5677957612737438,30
Human-only benchmark,121,mean_tie_strength,0.46143560111522675,0.4602508913493074,0.4626203108811461,30
Human-only benchmark,121,network_density,0.05825367266708044,0.058095559516533085,0.05841178581762779,30
Human-only benchmark,121,mean_weighted_degree,4.8114633574309185,4.798638296697514,4.824288418164323,30
Human-only benchmark,121,recent_active_tie_fraction,0.9764193519910731,0.9743136611842035,0.9785250427979427,30
Human-only benchmark,121,mean_unique_peer_partners,10.964814814814813,10.926959787203684,11.002669842425943,30
Human-only benchmark,121,mean_peer_marginal,0.015107562907757149,0.01454652025089664,0.015668605564617657,30
Human-only benchmark,121,ai_reliability,0.7800000000000001,0.7800000000000001,0.7800000000000001,30
Human-only benchmark,122,peer_share,1.0,1.0,1.0,30
Human-only benchmark,122,ai_share,0.0,0.0,0.0,30
Human-only benchmark,122,hybrid_share,0.0,0.0,0.0,30
Human-only benchmark,122,human_interaction_rate,1.0,1.0,1.0,30
Human-only benchmark,122,ai_use_rate,0.0,0.0,0.0,30
Human-only benchmark,122,mean_quality,0.5778292792981522,0.5742481524999735,0.5814104060963309,30
Human-only benchmark,122,success_rate,0.40129629629629626,0.38743172945983795,0.4151608631327546,30
Human-only benchmark,122,mean_knowledge,0.6251349217505319,0.6213409267749282,0.6289289167261355,30
Human-only benchmark,122,knowledge_rank_corr_with_initial,0.991776784545809,0.991292173016638,0.99226139607498,30
Human-only benchmark,122,mean_ai_trust,0.0,0.0,0.0,30
Human-only benchmark,122,mean_peer_trust,0.565690259138743,0.5628848723321696,0.5684956459453165,30
Human-only benchmark,122,mean_tie_strength,0.4607870171467463,0.45960809269413294,0.46196594159935966,30
Human-only benchmark,122,network_density,0.058270225532795324,0.058113501052688164,0.05842695001290248,30
Human-only benchmark,122,mean_weighted_degree,4.8060694758980365,4.79321875025643,4.818920201539643,30
Human-only benchmark,122,recent_active_tie_fraction,0.9757141589413916,0.97378767260329,0.9776406452794931,30
Human-only benchmark,122,mean_unique_peer_partners,10.971111111111108,10.933216641781856,11.00900558044036,30
Human-only benchmark,122,mean_peer_marginal,0.014810255484165126,0.014284991434724014,0.015335519533606238,30
Human-only benchmark,122,ai_reliability,0.7800000000000001,0.7800000000000001,0.7800000000000001,30
Human-only benchmark,123,peer_share,1.0,1.0,1.0,30
Human-only benchmark,123,ai_share,0.0,0.0,0.0,30
Human-only benchmark,123,hybrid_share,0.0,0.0,0.0,30
Human-only benchmark,123,human_interaction_rate,1.0,1.0,1.0,30
Human-only benchmark,123,ai_use_rate,0.0,0.0,0.0,30
Human-only benchmark,123,mean_quality,0.5780581962730499,0.5743960975315763,0.5817202950145235,30
Human-only benchmark,123,success_rate,0.4044444444444444,0.3886795370797108,0.42020935180917796,30
Human-only benchmark,123,mean_knowledge,0.6259675886828738,0.62217295635028,0.6297622210154676,30
Human-only benchmark,123,knowledge_rank_corr_with_initial,0.9916347703734509,0.9911417077925723,0.9921278329543296,30
Human-only benchmark,123,mean_ai_trust,0.0,0.0,0.0,30
Human-only benchmark,123,mean_peer_trust,0.5663644909858704,0.5635500957866504,0.5691788861850904,30
Human-only benchmark,123,mean_tie_strength,0.4601287811994553,0.4589560526607656,0.46130150973814493,30
Human-only benchmark,123,network_density,0.058292985723153265,0.05813562226685893,0.0584503491794476,30
Human-only benchmark,123,mean_weighted_degree,4.801082422335943,4.788028847701464,4.814135996970422,30
Human-only benchmark,123,recent_active_tie_fraction,0.9756496936439946,0.9739153650789669,0.9773840222090222,30
Human-only benchmark,123,mean_unique_peer_partners,10.981481481481485,10.943186045281097,11.019776917681872,30
Human-only benchmark,123,mean_peer_marginal,0.014912485062491345,0.014357705687792769,0.015467264437189921,30
Human-only benchmark,123,ai_reliability,0.7800000000000001,0.7800000000000001,0.7800000000000001,30
Human-only benchmark,124,peer_share,1.0,1.0,1.0,30
Human-only benchmark,124,ai_share,0.0,0.0,0.0,30
Human-only benchmark,124,hybrid_share,0.0,0.0,0.0,30
Human-only benchmark,124,human_interaction_rate,1.0,1.0,1.0,30
Human-only benchmark,124,ai_use_rate,0.0,0.0,0.0,30
Human-only benchmark,124,mean_quality,0.5780440812302015,0.5738253982425789,0.582262764217824,30
Human-only benchmark,124,success_rate,0.4024074074074074,0.38797643735468884,0.4168383774601259,30
Human-only benchmark,124,mean_knowledge,0.626788790701062,0.6229933885662894,0.6305841928358346,30
Human-only benchmark,124,knowledge_rank_corr_with_initial,0.9915157047004951,0.9910133421974758,0.9920180672035144,30
Human-only benchmark,124,mean_ai_trust,0.0,0.0,0.0,30
Human-only benchmark,124,mean_peer_trust,0.5670613249142965,0.5642357710991569,0.5698868787294361,30
Human-only benchmark,124,mean_tie_strength,0.4594976683457693,0.45832285883026613,0.4606724778612724,30
Human-only benchmark,124,network_density,0.058301262156010704,0.05814140695346403,0.05846111735855738,30
Human-only benchmark,124,mean_weighted_degree,4.795174473612398,4.78208770003146,4.808261247193335,30
Human-only benchmark,124,recent_active_tie_fraction,0.9761142925088389,0.9742786082614535,0.9779499767562242,30
Human-only benchmark,124,mean_unique_peer_partners,10.985555555555559,10.947309492982649,11.023801618128468,30
Human-only benchmark,124,mean_peer_marginal,0.014378384930487804,0.013803573712528543,0.014953196148447066,30
Human-only benchmark,124,ai_reliability,0.7800000000000001,0.7800000000000001,0.7800000000000001,30
Human-only benchmark,125,peer_share,1.0,1.0,1.0,30
Human-only benchmark,125,ai_share,0.0,0.0,0.0,30
Human-only benchmark,125,hybrid_share,0.0,0.0,0.0,30
Human-only benchmark,125,human_interaction_rate,1.0,1.0,1.0,30
Human-only benchmark,125,ai_use_rate,0.0,0.0,0.0,30
Human-only benchmark,125,mean_quality,0.5801138307701194,0.5759027610536792,0.5843249004865595,30
Human-only benchmark,125,success_rate,0.4098148148148148,0.3923418824179667,0.4272877472116629,30
Human-only benchmark,125,mean_knowledge,0.6276146070750444,0.6238181206712329,0.6314110934788558,30
Human-only benchmark,125,knowledge_rank_corr_with_initial,0.9913829153034913,0.9908707087609999,0.9918951218459827,30
Human-only benchmark,125,mean_ai_trust,0.0,0.0,0.0,30
Human-only benchmark,125,mean_peer_trust,0.5677492221196493,0.5649124781228357,0.5705859661164628,30
Human-only benchmark,125,mean_tie_strength,0.45885222355524696,0.4576688629356505,0.4600355841748434,30
Human-only benchmark,125,network_density,0.05831781502172559,0.058155422641479534,0.05848020740197164,30
Human-only benchmark,125,mean_weighted_degree,4.789790082860876,4.776846747852758,4.802733417868994,30
Human-only benchmark,125,recent_active_tie_fraction,0.9758701180985375,0.9742702970700537,0.9774699391270213,30
Human-only benchmark,125,mean_unique_peer_partners,10.993333333333338,10.955329373832736,11.031337292833939,30
Human-only benchmark,125,mean_peer_marginal,0.0144993277580481,0.014080112964414861,0.014918542551681338,30
Human-only benchmark,125,ai_reliability,0.7800000000000001,0.7800000000000001,0.7800000000000001,30
Human-only benchmark,126,peer_share,1.0,1.0,1.0,30
Human-only benchmark,126,ai_share,0.0,0.0,0.0,30
Human-only benchmark,126,hybrid_share,0.0,0.0,0.0,30
Human-only benchmark,126,human_interaction_rate,1.0,1.0,1.0,30
Human-only benchmark,126,ai_use_rate,0.0,0.0,0.0,30
Human-only benchmark,126,mean_quality,0.5793775646543492,0.5750934199000685,0.5836617094086299,30
Human-only benchmark,126,success_rate,0.40666666666666657,0.3915652175738752,0.42176811575945794,30
Human-only benchmark,126,mean_knowledge,0.6284393790969721,0.6246427464397856,0.6322360117541587,30
Human-only benchmark,126,knowledge_rank_corr_with_initial,0.9912570863681484,0.9907407878939307,0.991773384842366,30
Human-only benchmark,126,mean_ai_trust,0.0,0.0,0.0,30
Human-only benchmark,126,mean_peer_trust,0.5684383193651835,0.5655948980825977,0.5712817406477694,30
Human-only benchmark,126,mean_tie_strength,0.4582000394662221,0.4570136344590306,0.45938644447341365,30
Human-only benchmark,126,network_density,0.058338506103869196,0.05817459971926295,0.058502412488475444,30
Human-only benchmark,126,mean_weighted_degree,4.78467537937341,4.7717753867956105,4.7975753719512095,30
Human-only benchmark,126,recent_active_tie_fraction,0.9754192494910543,0.97405073548442,0.9767877634976886,30
Human-only benchmark,126,mean_unique_peer_partners,11.000370370370371,10.962337006609774,11.038403734130968,30
Human-only benchmark,126,mean_peer_marginal,0.014705903740136852,0.01421078922330859,0.015201018256965114,30
Human-only benchmark,126,ai_reliability,0.7800000000000001,0.7800000000000001,0.7800000000000001,30
Human-only benchmark,127,peer_share,1.0,1.0,1.0,30
Human-only benchmark,127,ai_share,0.0,0.0,0.0,30
Human-only benchmark,127,hybrid_share,0.0,0.0,0.0,30
Human-only benchmark,127,human_interaction_rate,1.0,1.0,1.0,30
Human-only benchmark,127,ai_use_rate,0.0,0.0,0.0,30
Human-only benchmark,127,mean_quality,0.5800704490125309,0.57559652289378,0.5845443751312818,30
Human-only benchmark,127,success_rate,0.40925925925925916,0.3948216067339865,0.42369691178453184,30
Human-only benchmark,127,mean_knowledge,0.629263144862522,0.6254656668119151,0.6330606229131289,30
Human-only benchmark,127,knowledge_rank_corr_with_initial,0.9911162379329791,0.9905920993957136,0.9916403764702446,30
Human-only benchmark,127,mean_ai_trust,0.0,0.0,0.0,30
Human-only benchmark,127,mean_peer_trust,0.5691312551498413,0.5662816635837541,0.5719808467159285,30
Human-only benchmark,127,mean_tie_strength,0.45756836533546447,0.4563878532935565,0.4587488773773724,30
Human-only benchmark,127,network_density,0.05834885164494099,0.05818711655287337,0.05851058673700861,30
Human-only benchmark,127,mean_weighted_degree,4.778930218396364,4.766076307711194,4.791784129081534,30
Human-only benchmark,127,recent_active_tie_fraction,0.9761633815546691,0.9745545325409808,0.9777722305683574,30
Human-only benchmark,127,mean_unique_peer_partners,11.007037037037037,10.969569732125336,11.044504341948738,30
Human-only benchmark,127,mean_peer_marginal,0.014507388051675932,0.013998699166546632,0.015016076936805232,30
Human-only benchmark,127,ai_reliability,0.7800000000000001,0.7800000000000001,0.7800000000000001,30
Human-only benchmark,128,peer_share,1.0,1.0,1.0,30
Human-only benchmark,128,ai_share,0.0,0.0,0.0,30
Human-only benchmark,128,hybrid_share,0.0,0.0,0.0,30
Human-only benchmark,128,human_interaction_rate,1.0,1.0,1.0,30
Human-only benchmark,128,ai_use_rate,0.0,0.0,0.0,30
Human-only benchmark,128,mean_quality,0.5811422109547523,0.5774732967830856,0.584811125126419,30
Human-only benchmark,128,success_rate,0.4122222222222221,0.39775308376299257,0.42669136068145164,30
Human-only benchmark,128,mean_knowledge,0.6300890193045284,0.6262960067605031,0.6338820318485537,30
Human-only benchmark,128,knowledge_rank_corr_with_initial,0.9909668077097957,0.9904343871791189,0.9914992282404725,30
Human-only benchmark,128,mean_ai_trust,0.0,0.0,0.0,30
Human-only benchmark,128,mean_peer_trust,0.569822080930074,0.5669617657533429,0.5726823961068052,30
Human-only benchmark,128,mean_tie_strength,0.4569140980641047,0.45573062283460347,0.45809757329360595,30
Human-only benchmark,128,network_density,0.05837161183529893,0.05820902183723684,0.05853420183336102,30
Human-only benchmark,128,mean_weighted_degree,4.773954453424172,4.761209542492665,4.7866993643556786,30
Human-only benchmark,128,recent_active_tie_fraction,0.9753208604887452,0.9734270659680303,0.9772146550094601,30
Human-only benchmark,128,mean_unique_peer_partners,11.014814814814816,10.977828249527448,11.051801380102184,30
Human-only benchmark,128,mean_peer_marginal,0.01465584078196539,0.01409622087671003,0.01521546068722075,30
Human-only benchmark,128,ai_reliability,0.7800000000000001,0.7800000000000001,0.7800000000000001,30
Human-only benchmark,129,peer_share,1.0,1.0,1.0,30
Human-only benchmark,129,ai_share,0.0,0.0,0.0,30
Human-only benchmark,129,hybrid_share,0.0,0.0,0.0,30
Human-only benchmark,129,human_interaction_rate,1.0,1.0,1.0,30
Human-only benchmark,129,ai_use_rate,0.0,0.0,0.0,30
Human-only benchmark,129,mean_quality,0.5818151371891136,0.578029133600601,0.5856011407776262,30
Human-only benchmark,129,success_rate,0.40685185185185185,0.39400967547059407,0.41969402823310964,30
Human-only benchmark,129,mean_knowledge,0.6309148175257128,0.6271211984225504,0.6347084366288751,30
Human-only benchmark,129,knowledge_rank_corr_with_initial,0.9908327590580723,0.9902923084816571,0.9913732096344876,30
Human-only benchmark,129,mean_ai_trust,0.0,0.0,0.0,30
Human-only benchmark,129,mean_peer_trust,0.5705234348773957,0.5676497004439733,0.573397169310818,30
Human-only benchmark,129,mean_tie_strength,0.4562854766845703,0.455097549585158,0.4574734037839826,30
Human-only benchmark,129,network_density,0.05838195737637073,0.058213739253460725,0.05855017549928074,30
Human-only benchmark,129,mean_weighted_degree,4.768225124588719,4.755295156342648,4.78115509283479,30
Human-only benchmark,129,recent_active_tie_fraction,0.9747581872734753,0.972821008615693,0.9766953659312576,30
Human-only benchmark,129,mean_unique_peer_partners,11.02074074074074,10.983924683135138,11.057556798346342,30
Human-only benchmark,129,mean_peer_marginal,0.014609651177946987,0.014135900583196755,0.015083401772697218,30
Human-only benchmark,129,ai_reliability,0.7800000000000001,0.7800000000000001,0.7800000000000001,30
Human-only benchmark,130,peer_share,1.0,1.0,1.0,30
Human-only benchmark,130,ai_share,0.0,0.0,0.0,30
Human-only benchmark,130,hybrid_share,0.0,0.0,0.0,30
Human-only benchmark,130,human_interaction_rate,1.0,1.0,1.0,30
Human-only benchmark,130,ai_use_rate,0.0,0.0,0.0,30
Human-only benchmark,130,mean_quality,0.5805333432333851,0.5771073965028736,0.5839592899638967,30
Human-only benchmark,130,success_rate,0.4055555555555555,0.3919686631192426,0.4191424479918684,30
Human-only benchmark,130,mean_knowledge,0.6317421730412673,0.6279490553813779,0.6355352907011568,30
Human-only benchmark,130,knowledge_rank_corr_with_initial,0.9906945169246761,0.9901479253319398,0.9912411085174124,30
Human-only benchmark,130,mean_ai_trust,0.0,0.0,0.0,30
Human-only benchmark,130,mean_peer_trust,0.5712158918380738,0.5683375347147794,0.5740942489613681,30
Human-only benchmark,130,mean_tie_strength,0.4556449989477793,0.45445913670394145,0.4568308611916172,30
Human-only benchmark,130,network_density,0.05840057935029998,0.0582365599787424,0.058564598721857555,30
Human-only benchmark,130,mean_weighted_degree,4.763053597962414,4.750359148065774,4.775748047859054,30
Human-only benchmark,130,recent_active_tie_fraction,0.9759761383302293,0.9740819460677553,0.9778703305927033,30
Human-only benchmark,130,mean_unique_peer_partners,11.027777777777777,10.992391921637477,11.063163633918077,30
Human-only benchmark,130,mean_peer_marginal,0.015007385475908254,0.014437630192951328,0.015577140758865179,30
Human-only benchmark,130,ai_reliability,0.7800000000000001,0.7800000000000001,0.7800000000000001,30
Human-only benchmark,131,peer_share,1.0,1.0,1.0,30
Human-only benchmark,131,ai_share,0.0,0.0,0.0,30
Human-only benchmark,131,hybrid_share,0.0,0.0,0.0,30
Human-only benchmark,131,human_interaction_rate,1.0,1.0,1.0,30
Human-only benchmark,131,ai_use_rate,0.0,0.0,0.0,30
Human-only benchmark,131,mean_quality,0.5824009758414085,0.5787717490939384,0.5860302025888786,30
Human-only benchmark,131,success_rate,0.4112962962962962,0.39584434002410496,0.4267482525684875,30
Human-only benchmark,131,mean_knowledge,0.6325668587877157,0.6287736151450911,0.6363601024303402,30
Human-only benchmark,131,knowledge_rank_corr_with_initial,0.9905382718809317,0.9899823357395989,0.9910942080222644,30
Human-only benchmark,131,mean_ai_trust,0.0,0.0,0.0,30
Human-only benchmark,131,mean_peer_trust,0.5719039003054301,0.569010431138442,0.5747973694724183,30
Human-only benchmark,131,mean_tie_strength,0.4549984117348989,0.4538188900954108,0.456177933374387,30
Human-only benchmark,131,network_density,0.05842127043244357,0.058258612084152735,0.05858392878073441,30
Human-only benchmark,131,mean_weighted_degree,4.757983100811641,4.745281983331668,4.770684218291614,30
Human-only benchmark,131,recent_active_tie_fraction,0.9755574636362909,0.973579861253521,0.9775350660190608,30
Human-only benchmark,131,mean_unique_peer_partners,11.034074074074075,10.998501117493019,11.069647030655132,30
Human-only benchmark,131,mean_peer_marginal,0.01464528761937314,0.01420484477992696,0.01508573045881932,30
Human-only benchmark,131,ai_reliability,0.7800000000000001,0.7800000000000001,0.7800000000000001,30
Human-only benchmark,132,peer_share,1.0,1.0,1.0,30
Human-only benchmark,132,ai_share,0.0,0.0,0.0,30
Human-only benchmark,132,hybrid_share,0.0,0.0,0.0,30
Human-only benchmark,132,human_interaction_rate,1.0,1.0,1.0,30
Human-only benchmark,132,ai_use_rate,0.0,0.0,0.0,30
Human-only benchmark,132,mean_quality,0.5845316404933582,0.5807890414058096,0.5882742395809067,30
Human-only benchmark,132,success_rate,0.4222222222222223,0.40886665981951287,0.4355777846249317,30
Human-only benchmark,132,mean_knowledge,0.6333877121159185,0.6295956040080972,0.6371798202237398,30
Human-only benchmark,132,knowledge_rank_corr_with_initial,0.9903855323637197,0.9898240361851869,0.9909470285422526,30
Human-only benchmark,132,mean_ai_trust,0.0,0.0,0.0,30
Human-only benchmark,132,mean_peer_trust,0.5726059516270955,0.5697062397540339,0.5755056635001571,30
Human-only benchmark,132,mean_tie_strength,0.45436481237411497,0.45319164864536526,0.4555379761028647,30
Human-only benchmark,132,network_density,0.05843575418994409,0.058276140608105396,0.05859536777178278,30
Human-only benchmark,132,mean_weighted_degree,4.752540405017358,4.739894637781484,4.765186172253232,30
Human-only benchmark,132,recent_active_tie_fraction,0.9753897004289117,0.9735233832157469,0.9772560176420765,30
Human-only benchmark,132,mean_unique_peer_partners,11.039629629629628,11.00392758846699,11.075331670792266,30
Human-only benchmark,132,mean_peer_marginal,0.01453627676519759,0.013972487534280984,0.015100065996114196,30
Human-only benchmark,132,ai_reliability,0.7800000000000001,0.7800000000000001,0.7800000000000001,30
Human-only benchmark,133,peer_share,1.0,1.0,1.0,30
Human-only benchmark,133,ai_share,0.0,0.0,0.0,30
Human-only benchmark,133,hybrid_share,0.0,0.0,0.0,30
Human-only benchmark,133,human_interaction_rate,1.0,1.0,1.0,30
Human-only benchmark,133,ai_use_rate,0.0,0.0,0.0,30
Human-only benchmark,133,mean_quality,0.5826522247987814,0.5792972022183507,0.5860072473792122,30
Human-only benchmark,133,success_rate,0.40611111111111103,0.39484907802158553,0.41737314420063654,30
Human-only benchmark,133,mean_knowledge,0.6342023794560181,0.6304128282997732,0.637991930612263,30
Human-only benchmark,133,knowledge_rank_corr_with_initial,0.9902486976136257,0.98967925118625,0.9908181440410013,30
Human-only benchmark,133,mean_ai_trust,0.0,0.0,0.0,30
Human-only benchmark,133,mean_peer_trust,0.5732949316501618,0.5703845144082131,0.5762053488921104,30
Human-only benchmark,133,mean_tie_strength,0.4537173906962077,0.4525471107706632,0.4548876706217522,30
Human-only benchmark,133,network_density,0.058456445272087695,0.05829563681688173,0.058617253727293664,30
Human-only benchmark,133,mean_weighted_degree,4.747449247483855,4.7347164179093015,4.760182077058409,30
Human-only benchmark,133,recent_active_tie_fraction,0.9751559991632545,0.9729103658834618,0.9774016324430471,30
Human-only benchmark,133,mean_unique_peer_partners,11.047407407407409,11.011304437797238,11.08351037701758,30
Human-only benchmark,133,mean_peer_marginal,0.014205024360649972,0.013578014497077861,0.014832034224222083,30
Human-only benchmark,133,ai_reliability,0.7800000000000001,0.7800000000000001,0.7800000000000001,30
Human-only benchmark,134,peer_share,1.0,1.0,1.0,30
Human-only benchmark,134,ai_share,0.0,0.0,0.0,30
Human-only benchmark,134,hybrid_share,0.0,0.0,0.0,30
Human-only benchmark,134,human_interaction_rate,1.0,1.0,1.0,30
Human-only benchmark,134,ai_use_rate,0.0,0.0,0.0,30
Human-only benchmark,134,mean_quality,0.5831271088383383,0.5792561317790207,0.5869980858976559,30
Human-only benchmark,134,success_rate,0.4109259259259259,0.39325201920653124,0.4285998326453206,30
Human-only benchmark,134,mean_knowledge,0.6350252111465553,0.631234841773673,0.6388155805194377,30
Human-only benchmark,134,knowledge_rank_corr_with_initial,0.9901112628931543,0.9895350776533662,0.9906874481329424,30
Human-only benchmark,134,mean_ai_trust,0.0,0.0,0.0,30
Human-only benchmark,134,mean_peer_trust,0.5739992300669352,0.5710785243626388,0.5769199357712316,30
Human-only benchmark,134,mean_tie_strength,0.4530903955300649,0.4519214965901284,0.4542592944700014,30
Human-only benchmark,134,network_density,0.05846885992137384,0.058307591311311184,0.0586301285314365,30
Human-only benchmark,134,mean_weighted_degree,4.741895619542512,4.729133536308147,4.754657702776877,30
Human-only benchmark,134,recent_active_tie_fraction,0.9747044542181384,0.9727878006637701,0.9766211077725068,30
Human-only benchmark,134,mean_unique_peer_partners,11.053333333333336,11.016026117006026,11.090640549660646,30
Human-only benchmark,134,mean_peer_marginal,0.014586315262492124,0.014014811859698117,0.015157818665286132,30
Human-only benchmark,134,ai_reliability,0.7800000000000001,0.7800000000000001,0.7800000000000001,30
Human-only benchmark,135,peer_share,1.0,1.0,1.0,30
Human-only benchmark,135,ai_share,0.0,0.0,0.0,30
Human-only benchmark,135,hybrid_share,0.0,0.0,0.0,30
Human-only benchmark,135,human_interaction_rate,1.0,1.0,1.0,30
Human-only benchmark,135,ai_use_rate,0.0,0.0,0.0,30
Human-only benchmark,135,mean_quality,0.5859487061603047,0.5818616987371623,0.5900357135834471,30
Human-only benchmark,135,success_rate,0.4233333333333333,0.4073070288249219,0.43935963784174464,30
Human-only benchmark,135,mean_knowledge,0.6358425146921327,0.6320520330712259,0.6396329963130395,30
Human-only benchmark,135,knowledge_rank_corr_with_initial,0.9899548352073301,0.9893683563045301,0.99054131411013,30
Human-only benchmark,135,mean_ai_trust,0.0,0.0,0.0,30
Human-only benchmark,135,mean_peer_trust,0.5746864676475525,0.5717553412573527,0.5776175940377523,30
Human-only benchmark,135,mean_tie_strength,0.4524505287408829,0.45127702249473517,0.4536240349870306,30
Human-only benchmark,135,network_density,0.05848748189530308,0.05832294378308944,0.05865202000751672,30
Human-only benchmark,135,mean_weighted_degree,4.736701054705514,4.723947373204528,4.7494547362065,30
Human-only benchmark,135,recent_active_tie_fraction,0.9742257109130631,0.9721332281084526,0.9763181937176736,30
Human-only benchmark,135,mean_unique_peer_partners,11.061111111111114,11.023544656872401,11.098677565349826,30
Human-only benchmark,135,mean_peer_marginal,0.01423674534531671,0.01366766744727823,0.01480582324335519,30
Human-only benchmark,135,ai_reliability,0.7800000000000001,0.7800000000000001,0.7800000000000001,30
Human-only benchmark,136,peer_share,1.0,1.0,1.0,30
Human-only benchmark,136,ai_share,0.0,0.0,0.0,30
Human-only benchmark,136,hybrid_share,0.0,0.0,0.0,30
Human-only benchmark,136,human_interaction_rate,1.0,1.0,1.0,30
Human-only benchmark,136,ai_use_rate,0.0,0.0,0.0,30
Human-only benchmark,136,mean_quality,0.5852608483379389,0.5811804337958596,0.5893412628800182,30
Human-only benchmark,136,success_rate,0.42277777777777775,0.4088633523293842,0.4366922032261713,30
Human-only benchmark,136,mean_knowledge,0.6366594833803769,0.6328675379031174,0.6404514288576364,30
Human-only benchmark,136,knowledge_rank_corr_with_initial,0.9897985370787536,0.9892072617132123,0.990389812444295,30
Human-only benchmark,136,mean_ai_trust,0.0,0.0,0.0,30
Human-only benchmark,136,mean_peer_trust,0.5753780027230581,0.572432614787184,0.5783233906589321,30
Human-only benchmark,136,mean_tie_strength,0.45181114971637726,0.4506353728746728,0.4529869265580817,30
Human-only benchmark,136,network_density,0.05850610386923231,0.058340885979988676,0.05867132175847594,30
Human-only benchmark,136,mean_weighted_degree,4.731509801767491,4.718865885099676,4.744153718435305,30
Human-only benchmark,136,recent_active_tie_fraction,0.97455294904122,0.972531866237996,0.976574031844444,30
Human-only benchmark,136,mean_unique_peer_partners,11.067777777777776,11.030296745096841,11.10525881045871,30
Human-only benchmark,136,mean_peer_marginal,0.014124274214976038,0.0136528908482154,0.014595657581736676,30
Human-only benchmark,136,ai_reliability,0.7800000000000001,0.7800000000000001,0.7800000000000001,30
Human-only benchmark,137,peer_share,1.0,1.0,1.0,30
Human-only benchmark,137,ai_share,0.0,0.0,0.0,30
Human-only benchmark,137,hybrid_share,0.0,0.0,0.0,30
Human-only benchmark,137,human_interaction_rate,1.0,1.0,1.0,30
Human-only benchmark,137,ai_use_rate,0.0,0.0,0.0,30
Human-only benchmark,137,mean_quality,0.587202328551612,0.5830613159731229,0.5913433411301011,30
Human-only benchmark,137,success_rate,0.42740740740740735,0.4115811212033282,0.4432336936114865,30
Human-only benchmark,137,mean_knowledge,0.6374748859928342,0.6336846195281871,0.6412651524574813,30
Human-only benchmark,137,knowledge_rank_corr_with_initial,0.9896437714267831,0.9890414074816045,0.9902461353719616,30
Human-only benchmark,137,mean_ai_trust,0.0,0.0,0.0,30
Human-only benchmark,137,mean_peer_trust,0.5760912716388702,0.5731393350662507,0.5790432082114897,30
Human-only benchmark,137,mean_tie_strength,0.4511979192495346,0.45002433246354745,0.4523715060355218,30
Human-only benchmark,137,network_density,0.05851231119387539,0.05834500410080736,0.05867961828694342,30
Human-only benchmark,137,mean_weighted_degree,4.725588998485494,4.712804965471168,4.738373031499821,30
Human-only benchmark,137,recent_active_tie_fraction,0.9737812464813833,0.9718077052410976,0.975754787721669,30
Human-only benchmark,137,mean_unique_peer_partners,11.07333333333333,11.036086626423986,11.110580040242676,30
Human-only benchmark,137,mean_peer_marginal,0.014269634509869258,0.013788568900326299,0.014750700119412216,30
Human-only benchmark,137,ai_reliability,0.7800000000000001,0.7800000000000001,0.7800000000000001,30
Human-only benchmark,138,peer_share,1.0,1.0,1.0,30
Human-only benchmark,138,ai_share,0.0,0.0,0.0,30
Human-only benchmark,138,hybrid_share,0.0,0.0,0.0,30
Human-only benchmark,138,human_interaction_rate,1.0,1.0,1.0,30
Human-only benchmark,138,ai_use_rate,0.0,0.0,0.0,30
Human-only benchmark,138,mean_quality,0.5876910631714914,0.5839577962840599,0.591424330058923,30
Human-only benchmark,138,success_rate,0.4248148148148148,0.4116299732699964,0.4379996563596332,30
Human-only benchmark,138,mean_knowledge,0.6382885267578772,0.6344971676153501,0.6420798859004042,30
Human-only benchmark,138,knowledge_rank_corr_with_initial,0.9894940849321396,0.9888763980283616,0.9901117718359177,30
Human-only benchmark,138,mean_ai_trust,0.0,0.0,0.0,30
Human-only benchmark,138,mean_peer_trust,0.5767740388711293,0.5738176892920906,0.579730388450168,30
Human-only benchmark,138,mean_tie_strength,0.45055458148320515,0.44937825881951493,0.4517309041468954,30
Human-only benchmark,138,network_density,0.058535071384233334,0.0583652893596525,0.058704853408814164,30
Human-only benchmark,138,mean_weighted_degree,4.720683135809722,4.70784256706683,4.7335237045526135,30
Human-only benchmark,138,recent_active_tie_fraction,0.9742193851373228,0.9721986154687484,0.9762401548058971,30
Human-only benchmark,138,mean_unique_peer_partners,11.08037037037037,11.042836585368947,11.117904155371791,30
Human-only benchmark,138,mean_peer_marginal,0.014223447329072634,0.013702329818179298,0.01474456483996597,30
Human-only benchmark,138,ai_reliability,0.7800000000000001,0.7800000000000001,0.7800000000000001,30
Human-only benchmark,139,peer_share,1.0,1.0,1.0,30
Human-only benchmark,139,ai_share,0.0,0.0,0.0,30
Human-only benchmark,139,hybrid_share,0.0,0.0,0.0,30
Human-only benchmark,139,human_interaction_rate,1.0,1.0,1.0,30
Human-only benchmark,139,ai_use_rate,0.0,0.0,0.0,30
Human-only benchmark,139,mean_quality,0.587624787281029,0.5841999214395782,0.5910496531224797,30
Human-only benchmark,139,success_rate,0.42407407407407405,0.40964670355783867,0.43850144459030943,30
Human-only benchmark,139,mean_knowledge,0.6391005183930845,0.6353101581159816,0.6428908786701873,30
Human-only benchmark,139,knowledge_rank_corr_with_initial,0.9893407627129505,0.988715131967028,0.9899663934588729,30
Human-only benchmark,139,mean_ai_trust,0.0,0.0,0.0,30
Human-only benchmark,139,mean_peer_trust,0.5774561484654744,0.5744936601870999,0.580418636743849,30
Human-only benchmark,139,mean_tie_strength,0.4499173094828924,0.4487410940928212,0.45109352487296356,30
Human-only benchmark,139,network_density,0.05855369335816259,0.05838291585509627,0.0587244708612289,30
Human-only benchmark,139,mean_weighted_degree,4.715503759163397,4.702693390666531,4.728314127660263,30
Human-only benchmark,139,recent_active_tie_fraction,0.9750976989725988,0.9735264992537176,0.97666889869148,30
Human-only benchmark,139,mean_unique_peer_partners,11.087407407407408,11.049967837373126,11.12484697744169,30
Human-only benchmark,139,mean_peer_marginal,0.013983795889790322,0.013486247230626795,0.014481344548953848,30
Human-only benchmark,139,ai_reliability,0.7800000000000001,0.7800000000000001,0.7800000000000001,30
Human-only benchmark,140,peer_share,1.0,1.0,1.0,30
Human-only benchmark,140,ai_share,0.0,0.0,0.0,30
Human-only benchmark,140,hybrid_share,0.0,0.0,0.0,30
Human-only benchmark,140,human_interaction_rate,1.0,1.0,1.0,30
Human-only benchmark,140,ai_use_rate,0.0,0.0,0.0,30
Human-only benchmark,140,mean_quality,0.589674794858975,0.585914273675871,0.593435316042079,30
Human-only benchmark,140,success_rate,0.43333333333333324,0.41865444200719704,0.44801222465946944,30
Human-only benchmark,140,mean_knowledge,0.639919323487356,0.63612837797818,0.643710268996532,30
Human-only benchmark,140,knowledge_rank_corr_with_initial,0.9891800174045126,0.9885539105503391,0.989806124258686,30
Human-only benchmark,140,mean_ai_trust,0.0,0.0,0.0,30
Human-only benchmark,140,mean_peer_trust,0.5781575938065847,0.5751821899267291,0.5811329976864403,30
Human-only benchmark,140,mean_tie_strength,0.4492998500665029,0.448126995035386,0.45047270509761983,30
Human-only benchmark,140,network_density,0.05856403889923438,0.05839244074029781,0.05873563705817095,30
Human-only benchmark,140,mean_weighted_degree,4.709865356418821,4.696965759981289,4.722764952856354,30
Human-only benchmark,140,recent_active_tie_fraction,0.9749593453003581,0.9733372768246449,0.9765814137760713,30
Human-only benchmark,140,mean_unique_peer_partners,11.094444444444441,11.057083965568697,11.131804923320185,30
Human-only benchmark,140,mean_peer_marginal,0.01430463058600479,0.013846889020010552,0.014762372151999029,30
Human-only benchmark,140,ai_reliability,0.7800000000000001,0.7800000000000001,0.7800000000000001,30
Human-only benchmark,141,peer_share,1.0,1.0,1.0,30
Human-only benchmark,141,ai_share,0.0,0.0,0.0,30
Human-only benchmark,141,hybrid_share,0.0,0.0,0.0,30
Human-only benchmark,141,human_interaction_rate,1.0,1.0,1.0,30
Human-only benchmark,141,ai_use_rate,0.0,0.0,0.0,30
Human-only benchmark,141,mean_quality,0.5890293469610004,0.5853271871880752,0.5927315067339256,30
Human-only benchmark,141,success_rate,0.43537037037037035,0.41947344919854823,0.4512672915421925,30
Human-only benchmark,141,mean_knowledge,0.6407270879549328,0.6369371704069869,0.6445170055028787,30
Human-only benchmark,141,knowledge_rank_corr_with_initial,0.989030042362295,0.9883946639390513,0.9896654207855387,30
Human-only benchmark,141,mean_ai_trust,0.0,0.0,0.0,30
Human-only benchmark,141,mean_peer_trust,0.5788503607114156,0.5758652693172174,0.5818354521056138,30
Human-only benchmark,141,mean_tie_strength,0.4486655016740163,0.44749430361382114,0.4498366997342115,30
Human-only benchmark,141,network_density,0.05858266087316362,0.058408602675404146,0.05875671907092309,30
Human-only benchmark,141,mean_weighted_degree,4.704709839865014,4.691687002840399,4.7177326768896295,30
Human-only benchmark,141,recent_active_tie_fraction,0.9755672195655402,0.9740429968192552,0.9770914423118251,30
Human-only benchmark,141,mean_unique_peer_partners,11.101111111111111,11.063519384058381,11.13870283816384,30
Human-only benchmark,141,mean_peer_marginal,0.013933501864572607,0.013397261677618507,0.014469742051526707,30
Human-only benchmark,141,ai_reliability,0.7800000000000001,0.7800000000000001,0.7800000000000001,30
Human-only benchmark,142,peer_share,1.0,1.0,1.0,30
Human-only benchmark,142,ai_share,0.0,0.0,0.0,30
Human-only benchmark,142,hybrid_share,0.0,0.0,0.0,30
Human-only benchmark,142,human_interaction_rate,1.0,1.0,1.0,30
Human-only benchmark,142,ai_use_rate,0.0,0.0,0.0,30
Human-only benchmark,142,mean_quality,0.5900735318511922,0.5867121935496871,0.5934348701526972,30
Human-only benchmark,142,success_rate,0.4287037037037037,0.41567339836488515,0.44173400904252225,30
Human-only benchmark,142,mean_knowledge,0.6415416514227652,0.637752616602799,0.6453306862427314,30
Human-only benchmark,142,knowledge_rank_corr_with_initial,0.9888708070587597,0.9882253568078306,0.9895162573096888,30
Human-only benchmark,142,mean_ai_trust,0.0,0.0,0.0,30
Human-only benchmark,142,mean_peer_trust,0.5795336425304413,0.5765491682225087,0.5825181168383738,30
Human-only benchmark,142,mean_tie_strength,0.4480303059021632,0.44685536489411515,0.44920524691021124,30
Human-only benchmark,142,network_density,0.058603351955307206,0.05842911645827412,0.05877758745234029,30
Human-only benchmark,142,mean_weighted_degree,4.699704799387191,4.686837060592129,4.712572538182252,30
Human-only benchmark,142,recent_active_tie_fraction,0.975116662312407,0.9734053638949921,0.9768279607298219,30
Human-only benchmark,142,mean_unique_peer_partners,11.108518518518519,11.070921528434505,11.146115508602533,30
Human-only benchmark,142,mean_peer_marginal,0.01417773086479039,0.013709599751819967,0.014645861977760813,30
Human-only benchmark,142,ai_reliability,0.7800000000000001,0.7800000000000001,0.7800000000000001,30
Human-only benchmark,143,peer_share,1.0,1.0,1.0,30
Human-only benchmark,143,ai_share,0.0,0.0,0.0,30
Human-only benchmark,143,hybrid_share,0.0,0.0,0.0,30
Human-only benchmark,143,human_interaction_rate,1.0,1.0,1.0,30
Human-only benchmark,143,ai_use_rate,0.0,0.0,0.0,30
Human-only benchmark,143,mean_quality,0.5909122716303109,0.5871129683333909,0.5947115749272309,30
Human-only benchmark,143,success_rate,0.43944444444444436,0.42693395156498315,0.45195493732390557,30
Human-only benchmark,143,mean_knowledge,0.6423547407395206,0.6385654304295885,0.6461440510494527,30
Human-only benchmark,143,knowledge_rank_corr_with_initial,0.9887228535751696,0.9880719450611389,0.9893737620892004,30
Human-only benchmark,143,mean_ai_trust,0.0,0.0,0.0,30
Human-only benchmark,143,mean_peer_trust,0.5802430311838785,0.5772541220723797,0.5832319402953774,30
Human-only benchmark,143,mean_tie_strength,0.4474113881587982,0.4462361396838592,0.4485866366337372,30
Human-only benchmark,143,network_density,0.05861576660459337,0.058440703733567835,0.0587908294756189,30
Human-only benchmark,143,mean_weighted_degree,4.694205284913381,4.681335314010422,4.70707525581634,30
Human-only benchmark,143,recent_active_tie_fraction,0.974907837374026,0.9731066815805284,0.9767089931675236,30
Human-only benchmark,143,mean_unique_peer_partners,11.114444444444446,11.076541360866896,11.152347528021997,30
Human-only benchmark,143,mean_peer_marginal,0.01424057362098857,0.013650022143985644,0.014831125097991497,30
Human-only benchmark,143,ai_reliability,0.7800000000000001,0.7800000000000001,0.7800000000000001,30
Human-only benchmark,144,peer_share,1.0,1.0,1.0,30
Human-only benchmark,144,ai_share,0.0,0.0,0.0,30
Human-only benchmark,144,hybrid_share,0.0,0.0,0.0,30
Human-only benchmark,144,human_interaction_rate,1.0,1.0,1.0,30
Human-only benchmark,144,ai_use_rate,0.0,0.0,0.0,30
Human-only benchmark,144,mean_quality,0.5912499356010633,0.5877325486855692,0.5947673225165574,30
Human-only benchmark,144,success_rate,0.4368518518518518,0.42483587929007727,0.4488678244136264,30
Human-only benchmark,144,mean_knowledge,0.6431704880359033,0.6393823553712366,0.64695862070057,30
Human-only benchmark,144,knowledge_rank_corr_with_initial,0.9885492460525198,0.9878910921581172,0.9892073999469224,30
Human-only benchmark,144,mean_ai_trust,0.0,0.0,0.0,30
Human-only benchmark,144,mean_peer_trust,0.5809251725673675,0.5779330677893331,0.583917277345402,30
Human-only benchmark,144,mean_tie_strength,0.44677258729934693,0.44559294276631267,0.4479522318323812,30
Human-only benchmark,144,network_density,0.058640595903165685,0.058464899241841624,0.058816292564489746,30
Human-only benchmark,144,mean_weighted_degree,4.6894841793731405,4.676750245696581,4.7022181130497005,30
Human-only benchmark,144,recent_active_tie_fraction,0.9741811838604788,0.9721045821980736,0.976257785522884,30
Human-only benchmark,144,mean_unique_peer_partners,11.12148148148148,11.08303753285228,11.159925430110679,30
Human-only benchmark,144,mean_peer_marginal,0.014357637357299566,0.013827625628348623,0.01488764908625051,30
Human-only benchmark,144,ai_reliability,0.7800000000000001,0.7800000000000001,0.7800000000000001,30
Human-only benchmark,145,peer_share,1.0,1.0,1.0,30
Human-only benchmark,145,ai_share,0.0,0.0,0.0,30
Human-only benchmark,145,hybrid_share,0.0,0.0,0.0,30
Human-only benchmark,145,human_interaction_rate,1.0,1.0,1.0,30
Human-only benchmark,145,ai_use_rate,0.0,0.0,0.0,30
Human-only benchmark,145,mean_quality,0.59151882457791,0.5876171663994749,0.5954204827563452,30
Human-only benchmark,145,success_rate,0.4359259259259258,0.4208704039254807,0.45098144792637085,30
Human-only benchmark,145,mean_knowledge,0.643977080414258,0.6401894025221196,0.6477647583063965,30
Human-only benchmark,145,knowledge_rank_corr_with_initial,0.988385079580689,0.9877199649622206,0.9890501941991574,30
Human-only benchmark,145,mean_ai_trust,0.0,0.0,0.0,30
Human-only benchmark,145,mean_peer_trust,0.5816192468007405,0.5786121942989949,0.5846262993024861,30
Human-only benchmark,145,mean_tie_strength,0.4461341510216395,0.4449585311718624,0.4473097708714166,30
Human-only benchmark,145,network_density,0.058663356093523626,0.05848610751388547,0.05884060467316178,30
Human-only benchmark,145,mean_weighted_degree,4.684601953559451,4.671702626363241,4.69750128075566,30
Human-only benchmark,145,recent_active_tie_fraction,0.9736306878377773,0.971434879427574,0.9758264962479806,30
Human-only benchmark,145,mean_unique_peer_partners,11.12888888888889,11.09026522507812,11.167512552699659,30
Human-only benchmark,145,mean_peer_marginal,0.013839535609480315,0.01325283715225194,0.01442623406670869,30
Human-only benchmark,145,ai_reliability,0.7800000000000001,0.7800000000000001,0.7800000000000001,30
Human-only benchmark,146,peer_share,1.0,1.0,1.0,30
Human-only benchmark,146,ai_share,0.0,0.0,0.0,30
Human-only benchmark,146,hybrid_share,0.0,0.0,0.0,30
Human-only benchmark,146,human_interaction_rate,1.0,1.0,1.0,30
Human-only benchmark,146,ai_use_rate,0.0,0.0,0.0,30
Human-only benchmark,146,mean_quality,0.5930426481876955,0.5893420289311918,0.5967432674441991,30
Human-only benchmark,146,success_rate,0.44092592592592594,0.42649701264124285,0.45535483921060904,30
Human-only benchmark,146,mean_knowledge,0.6447843561291332,0.6409986189928176,0.6485700932654488,30
Human-only benchmark,146,knowledge_rank_corr_with_initial,0.9882303329714216,0.9875566761414891,0.9889039898013541,30
Human-only benchmark,146,mean_ai_trust,0.0,0.0,0.0,30
Human-only benchmark,146,mean_peer_trust,0.5823352436224619,0.5793222460500926,0.5853482411948312,30
Human-only benchmark,146,mean_tie_strength,0.4455131709575653,0.44434004912569885,0.4466862927894318,30
Human-only benchmark,146,network_density,0.05867783985102415,0.058497974984920285,0.058857704717128013,30
Human-only benchmark,146,mean_weighted_degree,4.679235940774282,4.666160710023854,4.69231117152471,30
Human-only benchmark,146,recent_active_tie_fraction,0.9742014983002456,0.9722044129440189,0.9761985836564723,30
Human-only benchmark,146,mean_unique_peer_partners,11.135555555555554,11.097058118236475,11.174052992874632,30
Human-only benchmark,146,mean_peer_marginal,0.013939696907575018,0.013378457097326185,0.014500936717823851,30
Human-only benchmark,146,ai_reliability,0.7800000000000001,0.7800000000000001,0.7800000000000001,30
Human-only benchmark,147,peer_share,1.0,1.0,1.0,30
Human-only benchmark,147,ai_share,0.0,0.0,0.0,30
Human-only benchmark,147,hybrid_share,0.0,0.0,0.0,30
Human-only benchmark,147,human_interaction_rate,1.0,1.0,1.0,30
Human-only benchmark,147,ai_use_rate,0.0,0.0,0.0,30
Human-only benchmark,147,mean_quality,0.5944016249230252,0.5899393564388232,0.5988638934072271,30
Human-only benchmark,147,success_rate,0.4492592592592592,0.42985441685505066,0.4686641016634677,30
Human-only benchmark,147,mean_knowledge,0.6455913114742879,0.6418063410636743,0.6493762818849016,30
Human-only benchmark,147,knowledge_rank_corr_with_initial,0.9880716895371012,0.98738450793323,0.9887588711409725,30
Human-only benchmark,147,mean_ai_trust,0.0,0.0,0.0,30
Human-only benchmark,147,mean_peer_trust,0.5830392420291901,0.5800182137386735,0.5860602703197068,30
Human-only benchmark,147,mean_tie_strength,0.44488958418369295,0.4437124142921485,0.4460667540752374,30
Human-only benchmark,147,network_density,0.058694392716739034,0.05851029970938063,0.058878485724097436,30
Human-only benchmark,147,mean_weighted_degree,4.6739985264672175,4.660826300189751,4.6871707527446835,30
Human-only benchmark,147,recent_active_tie_fraction,0.9750214064333982,0.9728010399638183,0.9772417729029781,30
Human-only benchmark,147,mean_unique_peer_partners,11.140740740740739,11.100836109741888,11.18064537173959,30
Human-only benchmark,147,mean_peer_marginal,0.013793582052945107,0.01328674371993329,0.014300420385956924,30
Human-only benchmark,147,ai_reliability,0.7800000000000001,0.7800000000000001,0.7800000000000001,30
Human-only benchmark,148,peer_share,1.0,1.0,1.0,30
Human-only benchmark,148,ai_share,0.0,0.0,0.0,30
Human-only benchmark,148,hybrid_share,0.0,0.0,0.0,30
Human-only benchmark,148,human_interaction_rate,1.0,1.0,1.0,30
Human-only benchmark,148,ai_use_rate,0.0,0.0,0.0,30
Human-only benchmark,148,mean_quality,0.5935416392818973,0.5899255869652554,0.5971576915985392,30
Human-only benchmark,148,success_rate,0.4403703703703703,0.42326436043942933,0.45747638030131127,30
Human-only benchmark,148,mean_knowledge,0.6463924455508078,0.642607118088675,0.6501777730129406,30
Human-only benchmark,148,knowledge_rank_corr_with_initial,0.9879065347299912,0.9872100941476472,0.9886029753123353,30
Human-only benchmark,148,mean_ai_trust,0.0,0.0,0.0,30
Human-only benchmark,148,mean_peer_trust,0.5837512811024984,0.5807182596176479,0.5867843025873489,30
Human-only benchmark,148,mean_tie_strength,0.4442666520675023,0.44308648674698947,0.44544681738801517,30
Human-only benchmark,148,network_density,0.05871094558245392,0.058523719389932956,0.05889817177497488,30
Human-only benchmark,148,mean_weighted_degree,4.6687653528319455,4.6555403737420935,4.6819903319217975,30
Human-only benchmark,148,recent_active_tie_fraction,0.9746347100659026,0.9726458753829238,0.9766235447488815,30
Human-only benchmark,148,mean_unique_peer_partners,11.146296296296294,11.105309313590219,11.187283279002369,30
Human-only benchmark,148,mean_peer_marginal,0.01379916104015628,0.01331816306035519,0.01428015901995737,30
Human-only benchmark,148,ai_reliability,0.7800000000000001,0.7800000000000001,0.7800000000000001,30
Human-only benchmark,149,peer_share,1.0,1.0,1.0,30
Human-only benchmark,149,ai_share,0.0,0.0,0.0,30
Human-only benchmark,149,hybrid_share,0.0,0.0,0.0,30
Human-only benchmark,149,human_interaction_rate,1.0,1.0,1.0,30
Human-only benchmark,149,ai_use_rate,0.0,0.0,0.0,30
Human-only benchmark,149,mean_quality,0.5972162155686492,0.5930587082173856,0.6013737229199129,30
Human-only benchmark,149,success_rate,0.462037037037037,0.44622810687962144,0.4778459671944526,30
Human-only benchmark,149,mean_knowledge,0.6472005380989078,0.6434139394785647,0.6509871367192508,30
Human-only benchmark,149,knowledge_rank_corr_with_initial,0.9877376726516736,0.9870285005176297,0.9884468447857174,30
Human-only benchmark,149,mean_ai_trust,0.0,0.0,0.0,30
Human-only benchmark,149,mean_peer_trust,0.5844573775927225,0.5814183046735468,0.5874964505118982,30
Human-only benchmark,149,mean_tie_strength,0.44365505973498026,0.44247941551012865,0.4448307039598319,30
Human-only benchmark,149,network_density,0.058721291123525726,0.05853348040087214,0.05890910184617931,30
Human-only benchmark,149,mean_weighted_degree,4.6631617232163745,4.649832963233993,4.676490483198756,30
Human-only benchmark,149,recent_active_tie_fraction,0.9750236244995811,0.9730098919324761,0.9770373570666862,30
Human-only benchmark,149,mean_unique_peer_partners,11.15222222222222,11.112068222696276,11.192376221748162,30
Human-only benchmark,149,mean_peer_marginal,0.013790080627561924,0.01328294093320282,0.014297220321921027,30
Human-only benchmark,149,ai_reliability,0.7800000000000001,0.7800000000000001,0.7800000000000001,30
Human-only benchmark,150,peer_share,1.0,1.0,1.0,30
Human-only benchmark,150,ai_share,0.0,0.0,0.0,30
Human-only benchmark,150,hybrid_share,0.0,0.0,0.0,30
Human-only benchmark,150,human_interaction_rate,1.0,1.0,1.0,30
Human-only benchmark,150,ai_use_rate,0.0,0.0,0.0,30
Human-only benchmark,150,mean_quality,0.595948745466216,0.5917191662116035,0.6001783247208285,30
Human-only benchmark,150,success_rate,0.4525925925925925,0.4358123967700096,0.4693727884151754,30
Human-only benchmark,150,mean_knowledge,0.6480094185829434,0.6442224517892305,0.6517963853766562,30
Human-only benchmark,150,knowledge_rank_corr_with_initial,0.9875592662135155,0.9868414255898382,0.9882771068371928,30
Human-only benchmark,150,mean_ai_trust,0.0,0.0,0.0,30
Human-only benchmark,150,mean_peer_trust,0.5851517915725708,0.5821020824612199,0.5882015006839217,30
Human-only benchmark,150,mean_tie_strength,0.4430356591939926,0.44186677293644966,0.4442045454515356,30
Human-only benchmark,150,network_density,0.0587378439892406,0.05855063263951473,0.05892505533896646,30
Human-only benchmark,150,mean_weighted_degree,4.657968454846629,4.64453916352248,4.671397746170778,30
Human-only benchmark,150,recent_active_tie_fraction,0.9745713925581184,0.9729631813452676,0.9761796037709692,30
Human-only benchmark,150,mean_unique_peer_partners,11.157407407407408,11.117077387889083,11.197737426925734,30
Human-only benchmark,150,mean_peer_marginal,0.014032886697002643,0.013521080365923066,0.01454469302808222,30
Human-only benchmark,150,ai_reliability,0.7800000000000001,0.7800000000000001,0.7800000000000001,30
