shock_condition,episode,metric,mean,ci_low,ci_high,n
Persistent drop,1,human_interaction_rate,0.6383333333333333,0.6265182845520593,0.6501483821146073,30
Persistent drop,1,ai_use_rate,0.637222222222222,0.6270135024830419,0.6474309419614022,30
Persistent drop,1,mean_quality,0.5116108343031881,0.5083575126945657,0.5148641559118105,30
Persistent drop,1,mean_knowledge,0.5199748417905862,0.5163272444807855,0.5236224391003869,30
Persistent drop,1,knowledge_rank_corr_with_initial,0.999990676276013,0.9999900003262209,0.9999913522258052,30
Persistent drop,1,mean_ai_trust,0.5094088677263034,0.5075863324923287,0.5112314029602782,30
Persistent drop,1,mean_peer_trust,0.500524706641833,0.5000585411357236,0.5009908721479425,30
Persistent drop,1,mean_tie_strength,0.5490741709868113,0.5478190708764129,0.5503292710972097,30
Persistent drop,1,recent_active_tie_fraction,0.12319447527438644,0.12093800276322675,0.12545094778554614,30
Persistent drop,1,mean_unique_peer_partners,1.235185185185185,1.212668147618445,1.2577022227519248,30
Persistent drop,1,network_density,0.055878336436995545,0.05586890652737306,0.05588776634661803,30
Persistent drop,1,ai_reliability,0.8599999999999999,0.8599999999999999,0.8599999999999999,30
Persistent drop,2,human_interaction_rate,0.6266666666666666,0.6117530907516002,0.641580242581733,30
Persistent drop,2,ai_use_rate,0.6420370370370369,0.6290683752358771,0.6550056988381966,30
Persistent drop,2,mean_quality,0.5096869832653852,0.5054825244228153,0.5138914421079551,30
Persistent drop,2,mean_knowledge,0.5211785552584683,0.517539663310116,0.5248174472068207,30
Persistent drop,2,knowledge_rank_corr_with_initial,0.9999791031251681,0.9999775017538238,0.9999807044965124,30
Persistent drop,2,mean_ai_trust,0.5195828403756746,0.5178595941273704,0.5213060866239788,30
Persistent drop,2,mean_peer_trust,0.5007033218940099,0.5002512057573435,0.5011554380306763,30
Persistent drop,2,mean_tie_strength,0.5481225649515787,0.5468650900013038,0.5493800399018537,30
Persistent drop,2,recent_active_tie_fraction,0.2286650224030912,0.22466194374814769,0.2326681010580347,30
Persistent drop,2,mean_unique_peer_partners,2.294074074074074,2.253985417569121,2.334162730579027,30
Persistent drop,2,network_density,0.055884543761638636,0.05587374044297823,0.05589534708029904,30
Persistent drop,2,ai_reliability,0.8599999999999999,0.8599999999999999,0.8599999999999999,30
Persistent drop,3,human_interaction_rate,0.6227777777777778,0.6072983155176087,0.6382572400379468,30
Persistent drop,3,ai_use_rate,0.647962962962963,0.6305598113794977,0.6653661145464282,30
Persistent drop,3,mean_quality,0.5114854494409173,0.5074556245634056,0.515515274318429,30
Persistent drop,3,mean_knowledge,0.522370706635028,0.518739658758446,0.5260017545116101,30
Persistent drop,3,knowledge_rank_corr_with_initial,0.9999671129965885,0.9999646346194137,0.9999695913737633,30
Persistent drop,3,mean_ai_trust,0.5288799630960204,0.5273044079178458,0.5304555182741949,30
Persistent drop,3,mean_peer_trust,0.5008509665727615,0.5004004585121536,0.5013014746333694,30
Persistent drop,3,mean_tie_strength,0.5471612672011058,0.5459058880747896,0.548416646327422,30
Persistent drop,3,recent_active_tie_fraction,0.32162244709622956,0.31631613508340706,0.32692875910905206,30
Persistent drop,3,mean_unique_peer_partners,3.2270370370370376,3.1741207017336426,3.2799533723404326,30
Persistent drop,3,network_density,0.055892820194496075,0.05587830898961523,0.05590733139937692,30
Persistent drop,3,ai_reliability,0.8599999999999999,0.8599999999999999,0.8599999999999999,30
Persistent drop,4,human_interaction_rate,0.6198148148148148,0.6059716709266993,0.6336579587029303,30
Persistent drop,4,ai_use_rate,0.6492592592592594,0.6364744095694957,0.6620441089490231,30
Persistent drop,4,mean_quality,0.5132524059580238,0.5100289751538299,0.5164758367622176,30
Persistent drop,4,mean_knowledge,0.5235876467369899,0.5199614841250192,0.5272138093489606,30
Persistent drop,4,knowledge_rank_corr_with_initial,0.9999510343752491,0.9999477234407793,0.9999543453097189,30
Persistent drop,4,mean_ai_trust,0.5378144104735353,0.5362270153995069,0.5394018055475637,30
Persistent drop,4,mean_peer_trust,0.5010348568360011,0.5005927180353043,0.501476995636698,30
Persistent drop,4,mean_tie_strength,0.5461778620878855,0.5449313929186248,0.5474243312571463,30
Persistent drop,4,recent_active_tie_fraction,0.40444280774593977,0.39911445308012056,0.409771162411759,30
Persistent drop,4,mean_unique_peer_partners,4.061481481481481,4.007663659167438,4.115299303795524,30
Persistent drop,4,network_density,0.0559073039519966,0.05589082033091408,0.055923787573079115,30
Persistent drop,4,ai_reliability,0.8599999999999999,0.8599999999999999,0.8599999999999999,30
Persistent drop,5,human_interaction_rate,0.607962962962963,0.5906435767485246,0.6252823491774014,30
Persistent drop,5,ai_use_rate,0.6583333333333333,0.6447819836889006,0.671884682977766,30
Persistent drop,5,mean_quality,0.518226422379759,0.5143900648794336,0.5220627798800844,30
Persistent drop,5,mean_knowledge,0.5248052440822188,0.521185324074733,0.5284251640897047,30
Persistent drop,5,knowledge_rank_corr_with_initial,0.9999341838142871,0.9999296031673293,0.999938764461245,30
Persistent drop,5,mean_ai_trust,0.5461613419398808,0.5446376569741127,0.5476850269056488,30
Persistent drop,5,mean_peer_trust,0.5012234419584274,0.5007803914719933,0.5016664924448615,30
Persistent drop,5,mean_tie_strength,0.5452314992745717,0.5439833538532977,0.5464796446958458,30
Persistent drop,5,recent_active_tie_fraction,0.4730605703010135,0.46740918079874455,0.47871195980328246,30
Persistent drop,5,mean_unique_peer_partners,4.752592592592592,4.695124299280852,4.810060885904331,30
Persistent drop,5,network_density,0.05591144216842532,0.05589225771571562,0.05593062662113502,30
Persistent drop,5,ai_reliability,0.8599999999999999,0.8599999999999999,0.8599999999999999,30
Persistent drop,6,human_interaction_rate,0.6053703703703703,0.5908389752943753,0.6199017654463653,30
Persistent drop,6,ai_use_rate,0.6651851851851851,0.648456360140875,0.6819140102294952,30
Persistent drop,6,mean_quality,0.5169894659870945,0.5129739743621891,0.5210049576119999,30
Persistent drop,6,mean_knowledge,0.5260250815828542,0.5224130649197248,0.5296370982459836,30
Persistent drop,6,knowledge_rank_corr_with_initial,0.9999146890738658,0.9999079423190708,0.9999214358286609,30
Persistent drop,6,mean_ai_trust,0.5539128116552973,0.5524145184608276,0.555411104849767,30
Persistent drop,6,mean_peer_trust,0.5014113912979762,0.5009651754819986,0.5018576071139538,30
Persistent drop,6,mean_tie_strength,0.5442864894866943,0.543040282605343,0.5455326963680457,30
Persistent drop,6,recent_active_tie_fraction,0.5334883259449711,0.527796544770315,0.5391801071196272,30
Persistent drop,6,mean_unique_peer_partners,5.362222222222221,5.304243199281603,5.420201245162839,30
Persistent drop,6,network_density,0.05591558038485403,0.05589502837330846,0.0559361323963996,30
Persistent drop,6,ai_reliability,0.8599999999999999,0.8599999999999999,0.8599999999999999,30
Persistent drop,7,human_interaction_rate,0.6109259259259259,0.5989346784616388,0.6229171733902129,30
Persistent drop,7,ai_use_rate,0.6609259259259258,0.6500372699303996,0.671814581921452,30
Persistent drop,7,mean_quality,0.5162546966681407,0.5127567801953469,0.5197526131409346,30
Persistent drop,7,mean_knowledge,0.5272325137783371,0.523624749653451,0.5308402779032233,30
Persistent drop,7,knowledge_rank_corr_with_initial,0.9998923261807462,0.9998843417871229,0.9999003105743695,30
Persistent drop,7,mean_ai_trust,0.5609902660460122,0.5595584019086632,0.5624221301833612,30
Persistent drop,7,mean_peer_trust,0.5016039590040843,0.5011587654339903,0.5020491525741783,30
Persistent drop,7,mean_tie_strength,0.5433449685573578,0.5421051689465533,0.5445847681681624,30
Persistent drop,7,recent_active_tie_fraction,0.5861391361030804,0.5798962753356659,0.592381996870495,30
Persistent drop,7,mean_unique_peer_partners,5.8929629629629625,5.830092977031069,5.955832948894856,30
Persistent drop,7,network_density,0.05591971860128276,0.05589799794397594,0.05594143925858958,30
Persistent drop,7,ai_reliability,0.8599999999999999,0.8599999999999999,0.8599999999999999,30
Persistent drop,8,human_interaction_rate,0.6088888888888889,0.5951326693228445,0.6226451084549334,30
Persistent drop,8,ai_use_rate,0.6601851851851851,0.647396273650595,0.6729740967197751,30
Persistent drop,8,mean_quality,0.5193442340009858,0.516186450803829,0.5225020171981427,30
Persistent drop,8,mean_knowledge,0.5284399862220593,0.52484058333025,0.5320393891138687,30
Persistent drop,8,knowledge_rank_corr_with_initial,0.9998713413561108,0.9998621968486069,0.9998804858636147,30
Persistent drop,8,mean_ai_trust,0.5674455993254137,0.5660732362529807,0.5688179623978468,30
Persistent drop,8,mean_peer_trust,0.5018339057763418,0.5013884489454602,0.5022793626072234,30
Persistent drop,8,mean_tie_strength,0.5423889577388763,0.5411446351458591,0.5436332803318935,30
Persistent drop,8,recent_active_tie_fraction,0.6351075840769582,0.6292670583262656,0.6409481098276508,30
Persistent drop,8,mean_unique_peer_partners,6.386666666666667,6.327684816253126,6.445648517080207,30
Persistent drop,8,network_density,0.05592799503414019,0.05590690911520263,0.055949080953077754,30
Persistent drop,8,ai_reliability,0.8599999999999999,0.8599999999999999,0.8599999999999999,30
Persistent drop,9,human_interaction_rate,0.5994444444444443,0.5861741543074432,0.6127147345814454,30
Persistent drop,9,ai_use_rate,0.6687037037037038,0.6558061811407984,0.6816012262666092,30
Persistent drop,9,mean_quality,0.5191284693801684,0.5151886266734738,0.5230683120868631,30
Persistent drop,9,mean_knowledge,0.529654665454593,0.5260576373316251,0.533251693577561,30
Persistent drop,9,knowledge_rank_corr_with_initial,0.999841086588713,0.9998296232209507,0.9998525499564752,30
Persistent drop,9,mean_ai_trust,0.5735906098393971,0.5723116107026046,0.5748696089761897,30
Persistent drop,9,mean_peer_trust,0.5020435094833374,0.5015912579572377,0.5024957610094372,30
Persistent drop,9,mean_tie_strength,0.5414165000120799,0.540169576337423,0.5426634236867367,30
Persistent drop,9,recent_active_tie_fraction,0.6765394408043464,0.6713061945535838,0.681772687055109,30
Persistent drop,9,mean_unique_peer_partners,6.807407407407408,6.753045277027,6.861769537787816,30
Persistent drop,9,network_density,0.05594040968342636,0.05591225123011117,0.05596856813674155,30
Persistent drop,9,ai_reliability,0.8599999999999999,0.8599999999999999,0.8599999999999999,30
Persistent drop,10,human_interaction_rate,0.6024074074074074,0.5841535950177815,0.6206612197970333,30
Persistent drop,10,ai_use_rate,0.6712962962962962,0.6547176151468462,0.6878749774457461,30
Persistent drop,10,mean_quality,0.5205715805340907,0.5169263168733325,0.5242168441948489,30
Persistent drop,10,mean_knowledge,0.5308630349195878,0.5272710136053509,0.5344550562338246,30
Persistent drop,10,knowledge_rank_corr_with_initial,0.9998141191451231,0.9998027063176349,0.9998255319726113,30
Persistent drop,10,mean_ai_trust,0.5791534744757862,0.5779105141775289,0.5803964347740436,30
Persistent drop,10,mean_peer_trust,0.5022541562716166,0.501789210828414,0.5027191017148193,30
Persistent drop,10,mean_tie_strength,0.5404928187529247,0.5392465700351758,0.5417390674706735,30
Persistent drop,10,recent_active_tie_fraction,0.7114554580669737,0.7064592178743467,0.7164516982596008,30
Persistent drop,10,mean_unique_peer_partners,7.16037037037037,7.108051932212747,7.212688808527994,30
Persistent drop,10,network_density,0.05594040968342636,0.05591225123011117,0.05596856813674155,30
Persistent drop,10,ai_reliability,0.8599999999999999,0.8599999999999999,0.8599999999999999,30
Persistent drop,11,human_interaction_rate,0.5881481481481481,0.5719713124506665,0.6043249838456297,30
Persistent drop,11,ai_use_rate,0.6799999999999998,0.6637237861948239,0.6962762138051758,30
Persistent drop,11,mean_quality,0.5219994407971954,0.5185110596203522,0.5254878219740386,30
Persistent drop,11,mean_knowledge,0.5320657009767938,0.5284811066598766,0.5356502952937111,30
Persistent drop,11,knowledge_rank_corr_with_initial,0.9997829616849078,0.9997688033109104,0.9997971200589051,30
Persistent drop,11,mean_ai_trust,0.584047431744242,0.5828551002059256,0.5852397632825584,30
Persistent drop,11,mean_peer_trust,0.5024768829345703,0.502000222827682,0.5029535430414586,30
Persistent drop,11,mean_tie_strength,0.5395294904708863,0.5382798080708602,0.5407791728709124,30
Persistent drop,11,recent_active_tie_fraction,0.743828441978536,0.738709590697743,0.7489472932593291,30
Persistent drop,11,mean_unique_peer_partners,7.490370370370372,7.4364203570324765,7.544320383708268,30
Persistent drop,11,network_density,0.05595075522449815,0.05592125795738804,0.055980252491608255,30
Persistent drop,11,ai_reliability,0.8599999999999999,0.8599999999999999,0.8599999999999999,30
Persistent drop,12,human_interaction_rate,0.586851851851852,0.5723408952328312,0.6013628084708728,30
Persistent drop,12,ai_use_rate,0.6755555555555556,0.6618533796476807,0.6892577314634305,30
Persistent drop,12,mean_quality,0.5211708019633872,0.5171575114094137,0.5251840925173606,30
Persistent drop,12,mean_knowledge,0.533271050281718,0.5296939102935035,0.5368481902699324,30
Persistent drop,12,knowledge_rank_corr_with_initial,0.9997508525043074,0.9997360744527362,0.9997656305558786,30
Persistent drop,12,mean_ai_trust,0.5886436035317689,0.5874633590406784,0.5898238480228595,30
Persistent drop,12,mean_peer_trust,0.502705556154251,0.5022285470430629,0.5031825652654393,30
Persistent drop,12,mean_tie_strength,0.5385902762413025,0.5373414257494155,0.5398391267331896,30
Persistent drop,12,recent_active_tie_fraction,0.771284933865534,0.766384251321955,0.776185616409113,30
Persistent drop,12,mean_unique_peer_partners,7.769999999999999,7.7178012049829725,7.822198795017025,30
Persistent drop,12,network_density,0.05595489344092688,0.055922866821388285,0.05598692006046547,30
Persistent drop,12,ai_reliability,0.8599999999999999,0.8599999999999999,0.8599999999999999,30
Persistent drop,13,human_interaction_rate,0.5955555555555556,0.5823070892674894,0.6088040218436218,30
Persistent drop,13,ai_use_rate,0.6698148148148146,0.6558861768293809,0.6837434528002484,30
Persistent drop,13,mean_quality,0.522485371286449,0.5201354323552342,0.5248353102176638,30
Persistent drop,13,mean_knowledge,0.534477950460238,0.5309131602265564,0.5380427406939197,30
Persistent drop,13,knowledge_rank_corr_with_initial,0.999718849879801,0.9997020918226553,0.9997356079369466,30
Persistent drop,13,mean_ai_trust,0.5932534785212005,0.5921457809214052,0.5943611761209957,30
Persistent drop,13,mean_peer_trust,0.5029595116774241,0.5024715684401946,0.5034474549146537,30
Persistent drop,13,mean_tie_strength,0.5376562039057414,0.5364058489871404,0.5389065588243425,30
Persistent drop,13,recent_active_tie_fraction,0.7956693931149039,0.7909087231447071,0.8004300630851008,30
Persistent drop,13,mean_unique_peer_partners,8.02074074074074,7.970920678903642,8.070560802577837,30
Persistent drop,13,network_density,0.05595903165735559,0.055925277717701186,0.05599278559701,30
Persistent drop,13,ai_reliability,0.8599999999999999,0.8599999999999999,0.8599999999999999,30
Persistent drop,14,human_interaction_rate,0.5855555555555557,0.5707097961722982,0.6004013149388132,30
Persistent drop,14,ai_use_rate,0.6690740740740738,0.6544490299787495,0.6836991181693981,30
Persistent drop,14,mean_quality,0.5217617771925526,0.5180951677502198,0.5254283866348853,30
Persistent drop,14,mean_knowledge,0.5356708584627294,0.5321109647495958,0.539230752175863,30
Persistent drop,14,knowledge_rank_corr_with_initial,0.9996811690249302,0.9996622241409725,0.9997001139088879,30
Persistent drop,14,mean_ai_trust,0.5972121911462795,0.5961855072852267,0.5982388750073324,30
Persistent drop,14,mean_peer_trust,0.503182037671407,0.5026820032870768,0.5036820720557372,30
Persistent drop,14,mean_tie_strength,0.5367334802945455,0.5354873907120297,0.5379795698770613,30
Persistent drop,14,recent_active_tie_fraction,0.818447898365556,0.8138323134154413,0.8230634833156707,30
Persistent drop,14,mean_unique_peer_partners,8.253703703703703,8.20524439299155,8.302163014415855,30
Persistent drop,14,network_density,0.05595903165735559,0.055925277717701186,0.05599278559701,30
Persistent drop,14,ai_reliability,0.8599999999999999,0.8599999999999999,0.8599999999999999,30
Persistent drop,15,human_interaction_rate,0.597962962962963,0.5852508647326842,0.6106750611932419,30
Persistent drop,15,ai_use_rate,0.6712962962962964,0.658542242550281,0.6840503500423117,30
Persistent drop,15,mean_quality,0.523745068788981,0.5202241070569472,0.5272660305210147,30
Persistent drop,15,mean_knowledge,0.5368657738800772,0.5333144201372167,0.5404171276229376,30
Persistent drop,15,knowledge_rank_corr_with_initial,0.999647128714583,0.9996268164429096,0.9996674409862565,30
Persistent drop,15,mean_ai_trust,0.6009491522183781,0.5999504052798429,0.6019478991569133,30
Persistent drop,15,mean_peer_trust,0.5034470280011495,0.5029375962769361,0.5039564597253628,30
Persistent drop,15,mean_tie_strength,0.5357781986395518,0.534530852153882,0.5370255451252216,30
Persistent drop,15,recent_active_tie_fraction,0.838963497203771,0.8341040368923202,0.8438229575152217,30
Persistent drop,15,mean_unique_peer_partners,8.462962962962962,8.413302811991347,8.512623113934577,30
Persistent drop,15,network_density,0.05596937719842739,0.055935852723973334,0.05600290167288145,30
Persistent drop,15,ai_reliability,0.8599999999999999,0.8599999999999999,0.8599999999999999,30
Persistent drop,16,human_interaction_rate,0.5883333333333333,0.5743444531582326,0.602322213508434,30
Persistent drop,16,ai_use_rate,0.6774074074074075,0.6657366310699001,0.6890781837449148,30
Persistent drop,16,mean_quality,0.5223407482440103,0.5190813107268969,0.5256001857611238,30
Persistent drop,16,mean_knowledge,0.5380531321939015,0.5345097763744933,0.5415964880133097,30
Persistent drop,16,knowledge_rank_corr_with_initial,0.9996087306106716,0.9995856987763478,0.9996317624449953,30
Persistent drop,16,mean_ai_trust,0.6042382131583033,0.603305691235911,0.6051707350806955,30
Persistent drop,16,mean_peer_trust,0.503702175617218,0.5031920899962102,0.5042122612382257,30
Persistent drop,16,mean_tie_strength,0.5348306616147359,0.5335905462957217,0.5360707769337502,30
Persistent drop,16,recent_active_tie_fraction,0.855139046066212,0.8503370552686249,0.8599410368637992,30
Persistent drop,16,mean_unique_peer_partners,8.630370370370372,8.57981465833026,8.680926082410483,30
Persistent drop,16,network_density,0.05597765363128483,0.055943005930941356,0.05601230133162831,30
Persistent drop,16,ai_reliability,0.8599999999999999,0.8599999999999999,0.8599999999999999,30
Persistent drop,17,human_interaction_rate,0.5877777777777777,0.5734840543132572,0.6020715012422982,30
Persistent drop,17,ai_use_rate,0.6759259259259259,0.6612234648543006,0.6906283869975512,30
Persistent drop,17,mean_quality,0.5253768974750213,0.5220228742746378,0.5287309206754047,30
Persistent drop,17,mean_knowledge,0.5392356594135259,0.5357000750243716,0.5427712438026803,30
Persistent drop,17,knowledge_rank_corr_with_initial,0.9995688403400131,0.9995434379111988,0.9995942427688275,30
Persistent drop,17,mean_ai_trust,0.60724797306406,0.6063281889744349,0.6081677571536851,30
Persistent drop,17,mean_peer_trust,0.503977366288503,0.5034548151088599,0.504499917468146,30
Persistent drop,17,mean_tie_strength,0.5339076459407807,0.5326663043168227,0.5351489875647386,30
Persistent drop,17,recent_active_tie_fraction,0.8695225129598435,0.8649599650293758,0.8740850608903112,30
Persistent drop,17,mean_unique_peer_partners,8.777407407407408,8.729361427750375,8.82545338706444,30
Persistent drop,17,network_density,0.05597972273949919,0.05594578634478774,0.056013659134210636,30
Persistent drop,17,ai_reliability,0.8599999999999999,0.8599999999999999,0.8599999999999999,30
Persistent drop,18,human_interaction_rate,0.5837037037037037,0.5678493129460381,0.5995580944613693,30
Persistent drop,18,ai_use_rate,0.6809259259259259,0.6701854653785871,0.6916663864732647,30
Persistent drop,18,mean_quality,0.5268354405276078,0.5231080779697529,0.5305628030854627,30
Persistent drop,18,mean_knowledge,0.5404198378839872,0.5368934110655407,0.5439462647024337,30
Persistent drop,18,knowledge_rank_corr_with_initial,0.9995256614363008,0.999498880987258,0.9995524418853436,30
Persistent drop,18,mean_ai_trust,0.610113271003596,0.6092324010851775,0.6109941409220145,30
Persistent drop,18,mean_peer_trust,0.5042368213335673,0.5037030472622795,0.504770595404855,30
Persistent drop,18,mean_tie_strength,0.5329633315404256,0.5317195626141199,0.5342071004667314,30
Persistent drop,18,recent_active_tie_fraction,0.8836958043196111,0.8796100500104803,0.887781558628742,30
Persistent drop,18,mean_unique_peer_partners,8.925555555555556,8.881672137620535,8.969438973490577,30
Persistent drop,18,network_density,0.05598799917235663,0.05595277699068798,0.056023221354025286,30
Persistent drop,18,ai_reliability,0.8599999999999999,0.8599999999999999,0.8599999999999999,30
Persistent drop,19,human_interaction_rate,0.5985185185185186,0.5887134018659477,0.6083236351710894,30
Persistent drop,19,ai_use_rate,0.6798148148148146,0.6681370472603804,0.6914925823692489,30
Persistent drop,19,mean_quality,0.5263629037615548,0.5224395047406378,0.5302863027824718,30
Persistent drop,19,mean_knowledge,0.5416004028847133,0.5380785046325126,0.5451223011369141,30
Persistent drop,19,knowledge_rank_corr_with_initial,0.9994791511496967,0.9994506899896879,0.9995076123097054,30
Persistent drop,19,mean_ai_trust,0.6128133583730754,0.6119318126996128,0.6136949040465379,30
Persistent drop,19,mean_peer_trust,0.5045251826445262,0.5039797677385723,0.50507059755048,30
Persistent drop,19,mean_tie_strength,0.5320184350013732,0.5307638300397911,0.5332730399629554,30
Persistent drop,19,recent_active_tie_fraction,0.8969084049835557,0.8930663538015372,0.9007504561655743,30
Persistent drop,19,mean_unique_peer_partners,9.062962962962962,9.02043717071197,9.105488755213953,30
Persistent drop,19,network_density,0.055998344713428426,0.05596046171497754,0.05603622771187931,30
Persistent drop,19,ai_reliability,0.8599999999999999,0.8599999999999999,0.8599999999999999,30
Persistent drop,20,human_interaction_rate,0.5792592592592594,0.5670175526789756,0.5915009658395431,30
Persistent drop,20,ai_use_rate,0.6807407407407405,0.6677030349992806,0.6937784464822004,30
Persistent drop,20,mean_quality,0.52571203199968,0.5217004608903196,0.5297236031090403,30
Persistent drop,20,mean_knowledge,0.542769654519758,0.5392495834944048,0.5462897255451112,30
Persistent drop,20,knowledge_rank_corr_with_initial,0.9994311587436796,0.9994016618227843,0.9994606556645749,30
Persistent drop,20,mean_ai_trust,0.6150548623836741,0.6141923557989223,0.615917368968426,30
Persistent drop,20,mean_peer_trust,0.5047978480656942,0.5042410913676969,0.5053546047636914,30
Persistent drop,20,mean_tie_strength,0.5310863157113394,0.5298353155835239,0.5323373158391548,30
Persistent drop,20,recent_active_tie_fraction,0.906968972647381,0.9032287348353886,0.9107092104593734,30
Persistent drop,20,mean_unique_peer_partners,9.166666666666666,9.125048534362419,9.208284798970913,30
Persistent drop,20,network_density,0.05600455203807151,0.05596620728176102,0.056042896794382,30
Persistent drop,20,ai_reliability,0.8599999999999999,0.8599999999999999,0.8599999999999999,30
Persistent drop,21,human_interaction_rate,0.5775925925925925,0.5651280491820625,0.5900571360031226,30
Persistent drop,21,ai_use_rate,0.682037037037037,0.6696537148848793,0.6944203591891946,30
Persistent drop,21,mean_quality,0.5283692756787217,0.5250499966342262,0.5316885547232172,30
Persistent drop,21,mean_knowledge,0.5439553759668563,0.5404434524194384,0.5474672995142742,30
Persistent drop,21,knowledge_rank_corr_with_initial,0.9993779500349729,0.9993462066813973,0.9994096933885485,30
Persistent drop,21,mean_ai_trust,0.6174330515757431,0.6166816543648197,0.6181844487866666,30
Persistent drop,21,mean_peer_trust,0.5050798038641612,0.5045036906262685,0.5056559171020538,30
Persistent drop,21,mean_tie_strength,0.5301546156406403,0.5289142492843519,0.5313949819969286,30
Persistent drop,21,recent_active_tie_fraction,0.9067948751616748,0.9030777989361353,0.9105119513872143,30
Persistent drop,21,mean_unique_peer_partners,9.270370370370369,9.231444619716939,9.309296121023799,30
Persistent drop,21,network_density,0.056010759362714595,0.055972101844662406,0.056049416880766784,30
Persistent drop,21,ai_reliability,0.8599999999999999,0.8599999999999999,0.8599999999999999,30
Persistent drop,22,human_interaction_rate,0.5777777777777777,0.5618667050643521,0.5936888504912033,30
Persistent drop,22,ai_use_rate,0.6846296296296296,0.6740703106550049,0.6951889486042543,30
Persistent drop,22,mean_quality,0.5301073685118992,0.5269371621198006,0.5332775749039979,30
Persistent drop,22,mean_knowledge,0.5451303066228603,0.541626684786234,0.5486339284594867,30
Persistent drop,22,knowledge_rank_corr_with_initial,0.9993268862380389,0.9992923443648495,0.9993614281112283,30
Persistent drop,22,mean_ai_trust,0.619638216125223,0.6189320737182267,0.6203443585322193,30
Persistent drop,22,mean_peer_trust,0.5053696413834889,0.5047814960242314,0.5059577867427465,30
Persistent drop,22,mean_tie_strength,0.5292268474896749,0.5279825233796497,0.5304711715997,30
Persistent drop,22,recent_active_tie_fraction,0.9045857913044384,0.9010009353400329,0.9081706472688439,30
Persistent drop,22,mean_unique_peer_partners,9.355185185185185,9.317940337576543,9.392430032793827,30
Persistent drop,22,network_density,0.056014897579143304,0.05597563773466497,0.05605415742362164,30
Persistent drop,22,ai_reliability,0.8599999999999999,0.8599999999999999,0.8599999999999999,30
Persistent drop,23,human_interaction_rate,0.5735185185185186,0.5586419706836024,0.5883950663534349,30
Persistent drop,23,ai_use_rate,0.6840740740740741,0.6708106816137571,0.697337466534391,30
Persistent drop,23,mean_quality,0.530982784620583,0.5280467983429397,0.5339187708982264,30
Persistent drop,23,mean_knowledge,0.5463005077455161,0.5428049258689395,0.5497960896220927,30
Persistent drop,23,knowledge_rank_corr_with_initial,0.999278648241576,0.999240111932168,0.999317184550984,30
Persistent drop,23,mean_ai_trust,0.6215980253746685,0.6209062346127923,0.6222898161365447,30
Persistent drop,23,mean_peer_trust,0.5056567231814066,0.5050546872391675,0.5062587591236458,30
Persistent drop,23,mean_tie_strength,0.5282979488372803,0.5270581398286571,0.5295377578459035,30
Persistent drop,23,recent_active_tie_fraction,0.9032652710842749,0.8999549049196883,0.9065756372488615,30
Persistent drop,23,mean_unique_peer_partners,9.438888888888888,9.403235650576505,9.474542127201271,30
Persistent drop,23,network_density,0.056021104903786395,0.05598130610456287,0.05606090370300992,30
Persistent drop,23,ai_reliability,0.8599999999999999,0.8599999999999999,0.8599999999999999,30
Persistent drop,24,human_interaction_rate,0.576111111111111,0.5633214260380496,0.5889007961841725,30
Persistent drop,24,ai_use_rate,0.6872222222222221,0.6746077786018531,0.6998366658425911,30
Persistent drop,24,mean_quality,0.5304577888266716,0.5266787007466931,0.5342368769066501,30
Persistent drop,24,mean_knowledge,0.547468727373724,0.543975367261048,0.5509620874864,30
Persistent drop,24,knowledge_rank_corr_with_initial,0.9992218226781728,0.9991820998719432,0.9992615454844025,30
Persistent drop,24,mean_ai_trust,0.6232316068220157,0.6225748898566358,0.6238883237873957,30
Persistent drop,24,mean_peer_trust,0.5059611121813457,0.5053410935573605,0.5065811308053308,30
Persistent drop,24,mean_tie_strength,0.5273837645848592,0.5261443946142575,0.528623134555461,30
Persistent drop,24,recent_active_tie_fraction,0.9024211200668727,0.8988414751416166,0.9060007649921288,30
Persistent drop,24,mean_unique_peer_partners,9.52037037037037,9.486138403745628,9.554602336995114,30
Persistent drop,24,network_density,0.056023174012000757,0.055983382971584054,0.05606296505241746,30
Persistent drop,24,ai_reliability,0.8599999999999999,0.8599999999999999,0.8599999999999999,30
Persistent drop,25,human_interaction_rate,0.5737037037037038,0.5637483927166844,0.5836590146907232,30
Persistent drop,25,ai_use_rate,0.6898148148148148,0.6779529686136153,0.7016766610160142,30
Persistent drop,25,mean_quality,0.5307768199078077,0.5272663639587638,0.5342872758568515,30
Persistent drop,25,mean_knowledge,0.5486366567883875,0.5451499907189024,0.5521233228578726,30
Persistent drop,25,knowledge_rank_corr_with_initial,0.999163609078753,0.9991223288558966,0.9992048893016094,30
Persistent drop,25,mean_ai_trust,0.6247552964140847,0.6241499810532884,0.6253606117748809,30
Persistent drop,25,mean_peer_trust,0.5062940617402395,0.5056559487102987,0.5069321747701803,30
Persistent drop,25,mean_tie_strength,0.5264709055423736,0.5252345453390163,0.527707265745731,30
Persistent drop,25,recent_active_tie_fraction,0.9011338151886368,0.8974444280826596,0.904823202294614,30
Persistent drop,25,mean_unique_peer_partners,9.588518518518518,9.556390379422512,9.620646657614524,30
Persistent drop,25,network_density,0.05602524312021511,0.05598641823556668,0.05606406800486354,30
Persistent drop,25,ai_reliability,0.8599999999999999,0.8599999999999999,0.8599999999999999,30
Persistent drop,26,human_interaction_rate,0.5646296296296297,0.5524298159826128,0.5768294432766466,30
Persistent drop,26,ai_use_rate,0.6996296296296297,0.6867961226503779,0.7124631366088815,30
Persistent drop,26,mean_quality,0.534143128087747,0.5305534354913292,0.5377328206841648,30
Persistent drop,26,mean_knowledge,0.5498157337389844,0.546338660529801,0.5532928069481678,30
Persistent drop,26,knowledge_rank_corr_with_initial,0.9991003243421578,0.9990568449664109,0.9991438037179047,30
Persistent drop,26,mean_ai_trust,0.6263963537239224,0.6257305382967847,0.6270621691510602,30
Persistent drop,26,mean_peer_trust,0.5066041807333629,0.5059527706825068,0.507255590784219,30
Persistent drop,26,mean_tie_strength,0.5255396703879038,0.5243154244759436,0.5267639162998641,30
Persistent drop,26,recent_active_tie_fraction,0.9011810354311226,0.8978648603054302,0.904497210556815,30
Persistent drop,26,mean_unique_peer_partners,9.645555555555555,9.614500913132698,9.676610197978412,30
Persistent drop,26,network_density,0.0560314504448582,0.05599475986873651,0.05606814102097989,30
Persistent drop,26,ai_reliability,0.8599999999999999,0.8599999999999999,0.8599999999999999,30
Persistent drop,27,human_interaction_rate,0.570925925925926,0.5583759564632952,0.5834758953885567,30
Persistent drop,27,ai_use_rate,0.682962962962963,0.6704455526941979,0.6954803732317281,30
Persistent drop,27,mean_quality,0.5347807822751408,0.5314643066076528,0.5380972579426289,30
Persistent drop,27,mean_knowledge,0.5509753716091133,0.5475057755117284,0.5544449677064981,30
Persistent drop,27,knowledge_rank_corr_with_initial,0.9990378707179816,0.9989915578450725,0.9990841835908906,30
Persistent drop,27,mean_ai_trust,0.6276968799407876,0.6270774381671677,0.6283163217144075,30
Persistent drop,27,mean_peer_trust,0.506930164496104,0.5062609967477828,0.5075993322444251,30
Persistent drop,27,mean_tie_strength,0.5246100922425588,0.5233820634625768,0.5258381210225409,30
Persistent drop,27,recent_active_tie_fraction,0.9009363914252735,0.8975803112680476,0.9042924715824994,30
Persistent drop,27,mean_unique_peer_partners,9.703333333333335,9.67519057341964,9.73147609324703,30
Persistent drop,27,network_density,0.05603972687771564,0.05600151925466388,0.0560779345007674,30
Persistent drop,27,ai_reliability,0.8599999999999999,0.8599999999999999,0.8599999999999999,30
Persistent drop,28,human_interaction_rate,0.5742592592592594,0.5587211105121376,0.5897974080063811,30
Persistent drop,28,ai_use_rate,0.6898148148148148,0.6766035505275771,0.7030260791020524,30
Persistent drop,28,mean_quality,0.5337608072744969,0.5305378887946929,0.536983725754301,30
Persistent drop,28,mean_knowledge,0.5521323119109515,0.5486684641955883,0.5555961596263146,30
Persistent drop,28,knowledge_rank_corr_with_initial,0.9989753034204074,0.9989252458426723,0.9990253609981425,30
Persistent drop,28,mean_ai_trust,0.6290054453542132,0.6283681144870211,0.6296427762214053,30
Persistent drop,28,mean_peer_trust,0.5072575112183889,0.5065776427869758,0.507937379649802,30
Persistent drop,28,mean_tie_strength,0.5236814836661021,0.5224555462850391,0.5249074210471651,30
Persistent drop,28,recent_active_tie_fraction,0.9004744693573319,0.8968685785973172,0.9040803601173466,30
Persistent drop,28,mean_unique_peer_partners,9.742962962962963,9.718363452882388,9.767562473043538,30
Persistent drop,28,network_density,0.05604800331057309,0.05600811926409164,0.056087887357054535,30
Persistent drop,28,ai_reliability,0.8599999999999999,0.8599999999999999,0.8599999999999999,30
Persistent drop,29,human_interaction_rate,0.5727777777777778,0.5575398648245671,0.5880156907309886,30
Persistent drop,29,ai_use_rate,0.6796296296296295,0.6659846111848855,0.6932746480743734,30
Persistent drop,29,mean_quality,0.5356870419228493,0.532462195441111,0.5389118884045877,30
Persistent drop,29,mean_knowledge,0.5532795263277824,0.5498258956412363,0.5567331570143286,30
Persistent drop,29,knowledge_rank_corr_with_initial,0.9989100312344239,0.9988560789826,0.9989639834862478,30
Persistent drop,29,mean_ai_trust,0.6299711086869504,0.6293055871004534,0.6306366302734474,30
Persistent drop,29,mean_peer_trust,0.507587077220281,0.5068927435117668,0.5082814109287951,30
Persistent drop,29,mean_tie_strength,0.5227498133977254,0.5215260001665818,0.523973626628869,30
Persistent drop,29,recent_active_tie_fraction,0.8996795996315806,0.8964229037540006,0.9029362955091607,30
Persistent drop,29,mean_unique_peer_partners,9.784814814814816,9.76019721404854,9.80943241558109,30
Persistent drop,29,network_density,0.05605834885164488,0.05601558808449522,0.05610110961879454,30
Persistent drop,29,ai_reliability,0.8599999999999999,0.8599999999999999,0.8599999999999999,30
Persistent drop,30,human_interaction_rate,0.563888888888889,0.5513145061844763,0.5764632715933017,30
Persistent drop,30,ai_use_rate,0.6898148148148147,0.675267089647659,0.7043625399819703,30
Persistent drop,30,mean_quality,0.5355376319356662,0.5318814354369806,0.5391938284343517,30
Persistent drop,30,mean_knowledge,0.554441237800879,0.5510001412858699,0.557882334315888,30
Persistent drop,30,knowledge_rank_corr_with_initial,0.9988412800860449,0.9987822785279417,0.9989002816441481,30
Persistent drop,30,mean_ai_trust,0.6310756229648928,0.6304282141786558,0.6317230317511299,30
Persistent drop,30,mean_peer_trust,0.5079425791899363,0.5072356119288343,0.5086495464510384,30
Persistent drop,30,mean_tie_strength,0.5218331456184387,0.5206115601434582,0.5230547310934193,30
Persistent drop,30,recent_active_tie_fraction,0.9001317994576021,0.8966864795399047,0.9035771193752996,30
Persistent drop,30,mean_unique_peer_partners,9.82851851851852,9.806357538985718,9.85067949805132,30
Persistent drop,30,network_density,0.056064556176287965,0.05602177375263292,0.05610733859994301,30
Persistent drop,30,ai_reliability,0.8599999999999999,0.8599999999999999,0.8599999999999999,30
Persistent drop,31,human_interaction_rate,0.5657407407407408,0.551904030204981,0.5795774512765005,30
Persistent drop,31,ai_use_rate,0.6972222222222223,0.6842299339019561,0.7102145105424885,30
Persistent drop,31,mean_quality,0.5364864010401557,0.5329027866310223,0.540070015449289,30
Persistent drop,31,mean_knowledge,0.555596263860015,0.5521605356712769,0.5590319920487532,30
Persistent drop,31,knowledge_rank_corr_with_initial,0.998771776907374,0.9987083803452428,0.9988351734695051,30
Persistent drop,31,mean_ai_trust,0.6319648853794159,0.631322144182534,0.6326076265762978,30
Persistent drop,31,mean_peer_trust,0.5083019117514292,0.507586003692738,0.5090178198101205,30
Persistent drop,31,mean_tie_strength,0.5209220210711162,0.5197037683038435,0.5221402738383889,30
Persistent drop,31,recent_active_tie_fraction,0.8986259639296554,0.8948444480566433,0.9024074798026676,30
Persistent drop,31,mean_unique_peer_partners,9.85888888888889,9.837284893269592,9.880492884508188,30
Persistent drop,31,network_density,0.05606869439271668,0.056025681644793435,0.05611170714063993,30
Persistent drop,31,ai_reliability,0.8599999999999999,0.8599999999999999,0.8599999999999999,30
Persistent drop,32,human_interaction_rate,0.5653703703703704,0.5501000300796125,0.5806407106611283,30
Persistent drop,32,ai_use_rate,0.6916666666666665,0.6795245645011789,0.7038087688321542,30
Persistent drop,32,mean_quality,0.5368042259397113,0.5332009386780642,0.5404075132013585,30
Persistent drop,32,mean_knowledge,0.5567348114193552,0.5533044672184251,0.5601651556202853,30
Persistent drop,32,knowledge_rank_corr_with_initial,0.9987006419471719,0.9986340807892665,0.9987672031050773,30
Persistent drop,32,mean_ai_trust,0.6327080326429584,0.632034543373046,0.6333815219128708,30
Persistent drop,32,mean_peer_trust,0.5086456179618836,0.5079155583847113,0.5093756775390559,30
Persistent drop,32,mean_tie_strength,0.5199926714102427,0.518776578849479,0.5212087639710065,30
Persistent drop,32,recent_active_tie_fraction,0.898899902365788,0.895402485614589,0.902397319116987,30
Persistent drop,32,mean_unique_peer_partners,9.88925925925926,9.865276764330686,9.913241754187835,30
Persistent drop,32,network_density,0.05607903993378849,0.056034441290570794,0.05612363857700618,30
Persistent drop,32,ai_reliability,0.8599999999999999,0.8599999999999999,0.8599999999999999,30
Persistent drop,33,human_interaction_rate,0.5627777777777777,0.5496785646022465,0.5758769909533089,30
Persistent drop,33,ai_use_rate,0.6977777777777777,0.6857727191886891,0.7097828363668663,30
Persistent drop,33,mean_quality,0.5368242856199735,0.5333657719926371,0.5402827992473099,30
Persistent drop,33,mean_knowledge,0.5578717906278227,0.5544467061248001,0.5612968751308453,30
Persistent drop,33,knowledge_rank_corr_with_initial,0.9986284442467891,0.9985574389385379,0.9986994495550403,30
Persistent drop,33,mean_ai_trust,0.6334967699624962,0.6328224907614646,0.6341710491635277,30
Persistent drop,33,mean_peer_trust,0.5089973707993826,0.5082507673923838,0.5097439742063813,30
Persistent drop,33,mean_tie_strength,0.5190823276837667,0.5178711496684837,0.5202935056990498,30
Persistent drop,33,recent_active_tie_fraction,0.8968016167158595,0.8930777633896017,0.9005254700421172,30
Persistent drop,33,mean_unique_peer_partners,9.917407407407406,9.892688743473563,9.94212607134125,30
Persistent drop,33,network_density,0.05608317815021721,0.05603732334610703,0.05612903295432739,30
Persistent drop,33,ai_reliability,0.8599999999999999,0.8599999999999999,0.8599999999999999,30
Persistent drop,34,human_interaction_rate,0.5548148148148148,0.5412308352078711,0.5683987944217584,30
Persistent drop,34,ai_use_rate,0.6944444444444445,0.6825586443611177,0.7063302445277714,30
Persistent drop,34,mean_quality,0.5392195412526475,0.5361341360367003,0.5423049464685946,30
Persistent drop,34,mean_knowledge,0.5590160808645238,0.5555985945159638,0.5624335672130838,30
Persistent drop,34,knowledge_rank_corr_with_initial,0.9985507249445089,0.9984765085065933,0.9986249413824245,30
Persistent drop,34,mean_ai_trust,0.6341454672182507,0.6334625862161565,0.634828348220345,30
Persistent drop,34,mean_peer_trust,0.509334146976471,0.5085714230953893,0.5100968708575526,30
Persistent drop,34,mean_tie_strength,0.5181710879007976,0.5169522149118724,0.5193899608897228,30
Persistent drop,34,recent_active_tie_fraction,0.8946712788465605,0.8909798243939648,0.8983627332991562,30
Persistent drop,34,mean_unique_peer_partners,9.940000000000001,9.916540073118922,9.96345992688108,30
Persistent drop,34,network_density,0.05608938547486029,0.05604046190168853,0.05613830904803205,30
Persistent drop,34,ai_reliability,0.8599999999999999,0.8599999999999999,0.8599999999999999,30
Persistent drop,35,human_interaction_rate,0.565925925925926,0.5522656903878291,0.579586161464023,30
Persistent drop,35,ai_use_rate,0.6927777777777778,0.6796559270442281,0.7058996285113276,30
Persistent drop,35,mean_quality,0.5400374410066535,0.5364475735624097,0.5436273084508974,30
Persistent drop,35,mean_knowledge,0.5601517785548289,0.5567428234047628,0.563560733704895,30
Persistent drop,35,knowledge_rank_corr_with_initial,0.9984771874351449,0.9983992351310285,0.9985551397392614,30
Persistent drop,35,mean_ai_trust,0.6347986930728999,0.6341569834333349,0.6354404027124649,30
Persistent drop,35,mean_peer_trust,0.5097065369288126,0.5089255797645514,0.5104874940930738,30
Persistent drop,35,mean_tie_strength,0.5172605673472087,0.5160486538076653,0.5184724808867521,30
Persistent drop,35,recent_active_tie_fraction,0.8934676622189587,0.8895123314355439,0.8974229930023735,30
Persistent drop,35,mean_unique_peer_partners,9.966296296296296,9.94304264339235,9.989549949200242,30
Persistent drop,35,network_density,0.056095592799503366,0.056046085773985316,0.056145099825021416,30
Persistent drop,35,ai_reliability,0.8599999999999999,0.8599999999999999,0.8599999999999999,30
Persistent drop,36,human_interaction_rate,0.5700000000000001,0.5559555378066962,0.584044462193304,30
Persistent drop,36,ai_use_rate,0.7011111111111111,0.6886713953168581,0.7135508269053642,30
Persistent drop,36,mean_quality,0.539439499971196,0.5363150954627642,0.5425639044796278,30
Persistent drop,36,mean_knowledge,0.5612838956890098,0.5578792905822706,0.5646885007957491,30
Persistent drop,36,knowledge_rank_corr_with_initial,0.9983990165534834,0.9983207037867936,0.9984773293201732,30
Persistent drop,36,mean_ai_trust,0.6354873367237691,0.6348590778346065,0.6361155956129317,30
Persistent drop,36,mean_peer_trust,0.5100790500640869,0.5092917097036167,0.5108663904245572,30
Persistent drop,36,mean_tie_strength,0.5163564225037892,0.5151464897998934,0.517566355207685,30
Persistent drop,36,recent_active_tie_fraction,0.8935125010113959,0.889997115563825,0.8970278864589668,30
Persistent drop,36,mean_unique_peer_partners,9.99111111111111,9.968612094385646,10.013610127836573,30
Persistent drop,36,network_density,0.05609973101593209,0.056050775897478075,0.0561486861343861,30
Persistent drop,36,ai_reliability,0.8599999999999999,0.8599999999999999,0.8599999999999999,30
Persistent drop,37,human_interaction_rate,0.5596296296296297,0.548519047650012,0.5707402116092474,30
Persistent drop,37,ai_use_rate,0.6957407407407405,0.6815273562852638,0.7099541251962173,30
Persistent drop,37,mean_quality,0.5423767469770628,0.5392096232999827,0.545543870654143,30
Persistent drop,37,mean_knowledge,0.5624166781418699,0.559021109500291,0.5658122467834488,30
Persistent drop,37,knowledge_rank_corr_with_initial,0.9983278074007679,0.9982434309436733,0.9984121838578625,30
Persistent drop,37,mean_ai_trust,0.6362078878908601,0.6355432650372864,0.6368725107444339,30
Persistent drop,37,mean_peer_trust,0.5104427993297577,0.5096359466169864,0.5112496520425289,30
Persistent drop,37,mean_tie_strength,0.515466958284378,0.5142600216772161,0.51667389489154,30
Persistent drop,37,recent_active_tie_fraction,0.8923719927486898,0.8888556275500211,0.8958883579473585,30
Persistent drop,37,mean_unique_peer_partners,10.01037037037037,9.988499224413678,10.032241516327064,30
Persistent drop,37,network_density,0.05609973101593209,0.056050775897478075,0.0561486861343861,30
Persistent drop,37,ai_reliability,0.8599999999999999,0.8599999999999999,0.8599999999999999,30
Persistent drop,38,human_interaction_rate,0.5646296296296297,0.5494391848998731,0.5798200743593863,30
Persistent drop,38,ai_use_rate,0.6961111111111111,0.6837942759998864,0.7084279462223358,30
Persistent drop,38,mean_quality,0.5420772477681499,0.5387668794747376,0.5453876160615623,30
Persistent drop,38,mean_knowledge,0.5635460356604416,0.5601557088248069,0.5669363624960763,30
Persistent drop,38,knowledge_rank_corr_with_initial,0.9982424422153695,0.9981542186541117,0.9983306657766273,30
Persistent drop,38,mean_ai_trust,0.6366570418183088,0.6359547646289977,0.63735931900762,30
Persistent drop,38,mean_peer_trust,0.5108071843783061,0.5099788935911568,0.5116354751654554,30
Persistent drop,38,mean_tie_strength,0.5145638684431711,0.513357572016422,0.5157701648699203,30
Persistent drop,38,recent_active_tie_fraction,0.8930889322449812,0.889697532376202,0.8964803321137604,30
Persistent drop,38,mean_unique_peer_partners,10.031851851851851,10.012894177363487,10.050809526340215,30
Persistent drop,38,network_density,0.056105938340575166,0.05605621350922979,0.05615566317192054,30
Persistent drop,38,ai_reliability,0.8599999999999999,0.8599999999999999,0.8599999999999999,30
Persistent drop,39,human_interaction_rate,0.5633333333333332,0.5508912319381772,0.5757754347284892,30
Persistent drop,39,ai_use_rate,0.692037037037037,0.6788865680052019,0.7051875060688721,30
Persistent drop,39,mean_quality,0.5424917464264462,0.5392055875423468,0.5457779053105455,30
Persistent drop,39,mean_knowledge,0.5646744010220236,0.5612926603392807,0.5680561417047665,30
Persistent drop,39,knowledge_rank_corr_with_initial,0.9981574869244283,0.9980638421845298,0.9982511316643268,30
Persistent drop,39,mean_ai_trust,0.6372039889653986,0.6365466979501259,0.6378612799806714,30
Persistent drop,39,mean_peer_trust,0.5111909091472626,0.5103479986273979,0.5120338196671274,30
Persistent drop,39,mean_tie_strength,0.5136684874693552,0.5124605463629639,0.5148764285757466,30
Persistent drop,39,recent_active_tie_fraction,0.8921372896332463,0.8892688350065748,0.8950057442599179,30
Persistent drop,39,mean_unique_peer_partners,10.047407407407405,10.027736729388987,10.067078085425823,30
Persistent drop,39,network_density,0.056110076557003875,0.05605917348133081,0.05616097963267694,30
Persistent drop,39,ai_reliability,0.8599999999999999,0.8599999999999999,0.8599999999999999,30
Persistent drop,40,human_interaction_rate,0.5574074074074075,0.5431872382291859,0.571627576585629,30
Persistent drop,40,ai_use_rate,0.7020370370370372,0.6868368264623259,0.7172372476117486,30
Persistent drop,40,mean_quality,0.5433084155926248,0.5403488406474022,0.5462679905378474,30
Persistent drop,40,mean_knowledge,0.565798637217155,0.5624258418794417,0.5691714325548682,30
Persistent drop,40,knowledge_rank_corr_with_initial,0.9980809939812832,0.9979829283938382,0.9981790595687283,30
Persistent drop,40,mean_ai_trust,0.6376267970048083,0.6370354161300206,0.638218177879596,30
Persistent drop,40,mean_peer_trust,0.511570143699646,0.5107103882791683,0.5124298991201238,30
Persistent drop,40,mean_tie_strength,0.5127458413441975,0.5115321264359166,0.5139595562524785,30
Persistent drop,40,recent_active_tie_fraction,0.890941215386757,0.888160086051263,0.893722344722251,30
Persistent drop,40,mean_unique_peer_partners,10.062962962962962,10.043553532703708,10.082372393222215,30
Persistent drop,40,network_density,0.05612249120629003,0.056066460118325515,0.056178522294254546,30
Persistent drop,40,ai_reliability,0.8599999999999999,0.8599999999999999,0.8599999999999999,30
Persistent drop,41,human_interaction_rate,0.5601851851851851,0.5485507033488091,0.5718196670215612,30
Persistent drop,41,ai_use_rate,0.6914814814814816,0.6782853897498459,0.7046775732131173,30
Persistent drop,41,mean_quality,0.5446256726079234,0.5404096305557735,0.5488417146600733,30
Persistent drop,41,mean_knowledge,0.5669192346747952,0.5635493806028974,0.570289088746693,30
Persistent drop,41,knowledge_rank_corr_with_initial,0.997998861485508,0.9978968379313236,0.9981008850396924,30
Persistent drop,41,mean_ai_trust,0.6381376294162692,0.6375192336694697,0.6387560251630686,30
Persistent drop,41,mean_peer_trust,0.5119775036970774,0.5110974982829855,0.5128575091111693,30
Persistent drop,41,mean_tie_strength,0.5118600189685821,0.5106469770947798,0.5130730608423845,30
Persistent drop,41,recent_active_tie_fraction,0.89297398302096,0.8901227024797878,0.8958252635621322,30
Persistent drop,41,mean_unique_peer_partners,10.07925925925926,10.059837600018266,10.098680918500254,30
Persistent drop,41,network_density,0.05612456031450439,0.05606841362462425,0.05618070700438453,30
Persistent drop,41,ai_reliability,0.8599999999999999,0.8599999999999999,0.8599999999999999,30
Persistent drop,42,human_interaction_rate,0.569814814814815,0.5575398177201455,0.5820898119094845,30
Persistent drop,42,ai_use_rate,0.6975925925925925,0.6831000552292076,0.7120851299559775,30
Persistent drop,42,mean_quality,0.5453882188415086,0.5431416159838869,0.5476348216991302,30
Persistent drop,42,mean_knowledge,0.5680398615328976,0.5646800170497315,0.5713997060160638,30
Persistent drop,42,knowledge_rank_corr_with_initial,0.9979107827547294,0.9978057537551343,0.9980158117543246,30
Persistent drop,42,mean_ai_trust,0.6386469777058639,0.6380359703908985,0.6392579850208292,30
Persistent drop,42,mean_peer_trust,0.5123932798703511,0.5114930529169511,0.5132935068237511,30
Persistent drop,42,mean_tie_strength,0.5109700441360474,0.5097586055758585,0.5121814826962363,30
Persistent drop,42,recent_active_tie_fraction,0.8929442468557431,0.8897270733849364,0.8961614203265499,30
Persistent drop,42,mean_unique_peer_partners,10.093333333333334,10.07313658201205,10.113530084654617,30
Persistent drop,42,network_density,0.056128698530933115,0.056071376322516756,0.056186020739349474,30
Persistent drop,42,ai_reliability,0.8599999999999999,0.8599999999999999,0.8599999999999999,30
Persistent drop,43,human_interaction_rate,0.5585185185185185,0.5444093997323282,0.5726276373047089,30
Persistent drop,43,ai_use_rate,0.702037037037037,0.6867492145836744,0.7173248594903996,30
Persistent drop,43,mean_quality,0.5456202643403357,0.5429893947943715,0.5482511338863,30
Persistent drop,43,mean_knowledge,0.5691474154208201,0.5657999320085418,0.5724948988330985,30
Persistent drop,43,knowledge_rank_corr_with_initial,0.9978223289579848,0.9977137573106982,0.9979309006052715,30
Persistent drop,43,mean_ai_trust,0.6389007133853754,0.6382596769489237,0.639541749821827,30
Persistent drop,43,mean_peer_trust,0.5127956966559092,0.5118782871503934,0.513713106161425,30
Persistent drop,43,mean_tie_strength,0.5100895980993907,0.5088803693041986,0.5112988268945828,30
Persistent drop,43,recent_active_tie_fraction,0.8932374025933127,0.8899874018292094,0.8964874033574161,30
Persistent drop,43,mean_unique_peer_partners,10.106296296296296,10.08696807846706,10.125624514125533,30
Persistent drop,43,network_density,0.056128698530933115,0.056071376322516756,0.056186020739349474,30
Persistent drop,43,ai_reliability,0.8599999999999999,0.8599999999999999,0.8599999999999999,30
Persistent drop,44,human_interaction_rate,0.565925925925926,0.5513308451440926,0.5805210067077595,30
Persistent drop,44,ai_use_rate,0.7037037037037035,0.6922848627846024,0.7151225446228046,30
Persistent drop,44,mean_quality,0.5475919485923733,0.5446804332719561,0.5505034639127904,30
Persistent drop,44,mean_knowledge,0.5702718680691333,0.566930199951056,0.5736135361872107,30
Persistent drop,44,knowledge_rank_corr_with_initial,0.9977191046860601,0.9976036687100723,0.9978345406620478,30
Persistent drop,44,mean_ai_trust,0.639460979545517,0.6387316424584769,0.640190316632557,30
Persistent drop,44,mean_peer_trust,0.5132141371568044,0.5122830985508857,0.5141451757627231,30
Persistent drop,44,mean_tie_strength,0.5091994384924571,0.5079966527142864,0.5104022242706278,30
Persistent drop,44,recent_active_tie_fraction,0.8921048381827494,0.8885826758295543,0.8956270005359446,30
Persistent drop,44,mean_unique_peer_partners,10.117777777777778,10.097639892076655,10.137915663478902,30
Persistent drop,44,network_density,0.05613283674736183,0.05607666806504455,0.05618900542967911,30
Persistent drop,44,ai_reliability,0.8599999999999999,0.8599999999999999,0.8599999999999999,30
Persistent drop,45,human_interaction_rate,0.5679629629629629,0.5538754219232395,0.5820505040026863,30
Persistent drop,45,ai_use_rate,0.6922222222222222,0.67920882074189,0.7052356237025543,30
Persistent drop,45,mean_quality,0.5461426036362061,0.5427772156688984,0.5495079916035139,30
Persistent drop,45,mean_knowledge,0.5713815600843544,0.5680458033332998,0.5747173168354089,30
Persistent drop,45,knowledge_rank_corr_with_initial,0.9976232195786442,0.997502714205085,0.9977437249522034,30
Persistent drop,45,mean_ai_trust,0.6396056753316697,0.6389705210595282,0.6402408296038111,30
Persistent drop,45,mean_peer_trust,0.5136438270409902,0.512693859939662,0.5145937941423184,30
Persistent drop,45,mean_tie_strength,0.5083081364631653,0.5071164298726059,0.5094998430537248,30
Persistent drop,45,recent_active_tie_fraction,0.8923037070372799,0.8888740446674176,0.8957333694071422,30
Persistent drop,45,mean_unique_peer_partners,10.13037037037037,10.110519462482547,10.150221278258194,30
Persistent drop,45,network_density,0.05613904407200491,0.05608372282854407,0.05619436531546575,30
Persistent drop,45,ai_reliability,0.8599999999999999,0.8599999999999999,0.8599999999999999,30
Persistent drop,46,human_interaction_rate,0.5631481481481481,0.5482138567365797,0.5780824395597164,30
Persistent drop,46,ai_use_rate,0.6931481481481481,0.6801794863469883,0.7061168099493078,30
Persistent drop,46,mean_quality,0.5472755998856791,0.5442231005169641,0.5503280992543941,30
Persistent drop,46,mean_knowledge,0.5724861602900346,0.5691584118446283,0.5758139087354409,30
Persistent drop,46,knowledge_rank_corr_with_initial,0.9975299159182024,0.9974069772966389,0.9976528545397659,30
Persistent drop,46,mean_ai_trust,0.6398335758561462,0.6392221240612236,0.6404450276510688,30
Persistent drop,46,mean_peer_trust,0.5140569070974986,0.5130924404323992,0.515021373762598,30
Persistent drop,46,mean_tie_strength,0.507405016819636,0.5062113222864364,0.5085987113528356,30
Persistent drop,46,recent_active_tie_fraction,0.8896344777337009,0.8861425652377407,0.893126390229661,30
Persistent drop,46,mean_unique_peer_partners,10.141851851851849,10.122492947798015,10.161210755905682,30
Persistent drop,46,network_density,0.0561493896130767,0.0560907889227775,0.0562079903033759,30
Persistent drop,46,ai_reliability,0.8599999999999999,0.8599999999999999,0.8599999999999999,30
Persistent drop,47,human_interaction_rate,0.5688888888888889,0.5544690631722224,0.5833087146055553,30
Persistent drop,47,ai_use_rate,0.6979629629629628,0.6832488992634065,0.7126770266625191,30
Persistent drop,47,mean_quality,0.5499356100159456,0.5472046131199317,0.5526666069119595,30
Persistent drop,47,mean_knowledge,0.5735963658388397,0.5702810517010634,0.576911679976616,30
Persistent drop,47,knowledge_rank_corr_with_initial,0.9974339192120293,0.9973031421855751,0.9975646962384834,30
Persistent drop,47,mean_ai_trust,0.640252445582337,0.639657787081764,0.6408471040829099,30
Persistent drop,47,mean_peer_trust,0.5144904712835948,0.5135189201418967,0.5154620224252929,30
Persistent drop,47,mean_tie_strength,0.5065056463082631,0.5053136647685142,0.507697627848012,30
Persistent drop,47,recent_active_tie_fraction,0.887589025953836,0.884304376161929,0.890873675745743,30
Persistent drop,47,mean_unique_peer_partners,10.148888888888887,10.12913790566609,10.168639872111685,30
Persistent drop,47,network_density,0.0561597351541485,0.05609797904472652,0.05622149126357048,30
Persistent drop,47,ai_reliability,0.8599999999999999,0.8599999999999999,0.8599999999999999,30
Persistent drop,48,human_interaction_rate,0.5744444444444444,0.561204941937031,0.5876839469518579,30
Persistent drop,48,ai_use_rate,0.6849999999999998,0.6734157955854367,0.6965842044145629,30
Persistent drop,48,mean_quality,0.5502587780190294,0.5480583413964688,0.5524592146415901,30
Persistent drop,48,mean_knowledge,0.5746975410420295,0.5713931003996024,0.5780019816844566,30
Persistent drop,48,knowledge_rank_corr_with_initial,0.9973445591719755,0.9972079870344464,0.9974811313095047,30
Persistent drop,48,mean_ai_trust,0.6405143354148273,0.6399441051781471,0.6410845656515074,30
Persistent drop,48,mean_peer_trust,0.5149144609769185,0.5139241757746066,0.5159047461792304,30
Persistent drop,48,mean_tie_strength,0.5056345989306767,0.5044432075623707,0.5068259902989828,30
Persistent drop,48,recent_active_tie_fraction,0.8885106954059505,0.8851226966583198,0.8918986941535813,30
Persistent drop,48,mean_unique_peer_partners,10.158518518518518,10.137562118804048,10.179474918232987,30
Persistent drop,48,network_density,0.05616180426236286,0.05609982357545533,0.0562237849492704,30
Persistent drop,48,ai_reliability,0.8599999999999999,0.8599999999999999,0.8599999999999999,30
Persistent drop,49,human_interaction_rate,0.5712962962962964,0.5584148918052569,0.5841777007873359,30
Persistent drop,49,ai_use_rate,0.6862962962962963,0.6745267599563733,0.6980658326362192,30
Persistent drop,49,mean_quality,0.5500378341337251,0.546397454815871,0.5536782134515792,30
Persistent drop,49,mean_knowledge,0.5757844975699482,0.5724871048252393,0.5790818903146571,30
Persistent drop,49,knowledge_rank_corr_with_initial,0.9972471481064159,0.997104837678644,0.9973894585341878,30
Persistent drop,49,mean_ai_trust,0.6406859049196179,0.6401229121946109,0.6412488976446248,30
Persistent drop,49,mean_peer_trust,0.5153594831625621,0.5143532052102895,0.5163657611148347,30
Persistent drop,49,mean_tie_strength,0.5047555834054946,0.5035676547706546,0.5059435120403347,30
Persistent drop,49,recent_active_tie_fraction,0.8898838424283918,0.8856801572436437,0.8940875276131399,30
Persistent drop,49,mean_unique_peer_partners,10.167407407407408,10.148951073346403,10.185863741468413,30
Persistent drop,49,network_density,0.056165942478791586,0.056103544743147056,0.056228340214436116,30
Persistent drop,49,ai_reliability,0.8599999999999999,0.8599999999999999,0.8599999999999999,30
Persistent drop,50,human_interaction_rate,0.5750000000000001,0.5631548459389275,0.5868451540610726,30
Persistent drop,50,ai_use_rate,0.6840740740740742,0.671956643751004,0.6961915043971444,30
Persistent drop,50,mean_quality,0.5499037707254046,0.5468364021907863,0.552971139260023,30
Persistent drop,50,mean_knowledge,0.576870224848628,0.5735783463137291,0.580162103383527,30
Persistent drop,50,knowledge_rank_corr_with_initial,0.9971502376846005,0.9970037198824433,0.9972967554867578,30
Persistent drop,50,mean_ai_trust,0.6408324863124621,0.640287963045516,0.6413770095794082,30
Persistent drop,50,mean_peer_trust,0.5158094108104706,0.5147872363460612,0.51683158527488,30
Persistent drop,50,mean_tie_strength,0.5038743754227956,0.5026874786249974,0.5050612722205937,30
Persistent drop,50,recent_active_tie_fraction,0.8891218329525074,0.8851827860495722,0.8930608798554425,30
Persistent drop,50,mean_unique_peer_partners,10.175925925925926,10.158320581943501,10.19353126990835,30
Persistent drop,50,network_density,0.05617214980343467,0.05610775043205559,0.05623654917481375,30
Persistent drop,50,ai_reliability,0.8599999999999999,0.8599999999999999,0.8599999999999999,30
Persistent drop,51,human_interaction_rate,0.5687037037037038,0.5556688437737333,0.5817385636336744,30
Persistent drop,51,ai_use_rate,0.6803703703703704,0.6686640458610339,0.6920766948797069,30
Persistent drop,51,mean_quality,0.5517189242169229,0.5487948851511323,0.5546429632827136,30
Persistent drop,51,mean_knowledge,0.5779473584962685,0.5746655191393832,0.5812291978531539,30
Persistent drop,51,knowledge_rank_corr_with_initial,0.9970451979108101,0.9968905807188978,0.9971998151027225,30
Persistent drop,51,mean_ai_trust,0.6409121336226573,0.6404132951499769,0.6414109720953377,30
Persistent drop,51,mean_peer_trust,0.516267196337382,0.5152319254193141,0.51730246725545,30
Persistent drop,51,mean_tie_strength,0.5029997696479162,0.5018109664274151,0.5041885728684172,30
Persistent drop,51,recent_active_tie_fraction,0.8890579298365171,0.8852576557699814,0.8928582039030528,30
Persistent drop,51,mean_unique_peer_partners,10.187407407407408,10.16984763894568,10.204967175869136,30
Persistent drop,51,network_density,0.05617628801986339,0.05611072923365896,0.056241846806067815,30
Persistent drop,51,ai_reliability,0.8599999999999999,0.8599999999999999,0.8599999999999999,30
Persistent drop,52,human_interaction_rate,0.5742592592592592,0.5584559621834786,0.5900625563350399,30
Persistent drop,52,ai_use_rate,0.6987037037037037,0.6855871315724672,0.7118202758349402,30
Persistent drop,52,mean_quality,0.5503691060377893,0.5470026953616224,0.5537355167139563,30
Persistent drop,52,mean_knowledge,0.5790214917410916,0.5757456872092526,0.5822972962729307,30
Persistent drop,52,knowledge_rank_corr_with_initial,0.9969507205658773,0.9967932744374151,0.9971081666943395,30
Persistent drop,52,mean_ai_trust,0.6408347579414779,0.6402714260309138,0.641398089852042,30
Persistent drop,52,mean_peer_trust,0.5167191604773204,0.5156708849468477,0.5177674360077931,30
Persistent drop,52,mean_tie_strength,0.5021197915077209,0.500932024793775,0.5033075582216668,30
Persistent drop,52,recent_active_tie_fraction,0.888222325735745,0.8844802504647402,0.8919644010067498,30
Persistent drop,52,mean_unique_peer_partners,10.195925925925927,10.178819915994985,10.213031935856868,30
Persistent drop,52,network_density,0.056182495344506464,0.05611797622262161,0.05624701446639132,30
Persistent drop,52,ai_reliability,0.8599999999999999,0.8599999999999999,0.8599999999999999,30
Persistent drop,53,human_interaction_rate,0.5614814814814815,0.5498489130188934,0.5731140499440696,30
Persistent drop,53,ai_use_rate,0.7003703703703703,0.6894892125894339,0.7112515281513068,30
Persistent drop,53,mean_quality,0.5514849146338034,0.5484660533269595,0.5545037759406474,30
Persistent drop,53,mean_knowledge,0.5801017423545355,0.576833248014399,0.583370236694672,30
Persistent drop,53,knowledge_rank_corr_with_initial,0.9968503942203795,0.9966834033685571,0.9970173850722018,30
Persistent drop,53,mean_ai_trust,0.6409650015475533,0.6404138953132681,0.6415161077818385,30
Persistent drop,53,mean_peer_trust,0.5171774586041769,0.5161131133649973,0.5182418038433564,30
Persistent drop,53,mean_tie_strength,0.5012413630882899,0.50005758432567,0.5024251418509098,30
Persistent drop,53,recent_active_tie_fraction,0.8872405141142052,0.8834642983486551,0.8910167298797553,30
Persistent drop,53,mean_unique_peer_partners,10.20111111111111,10.183463111935371,10.21875911028685,30
Persistent drop,53,network_density,0.05618870266914954,0.05612503622853123,0.05625236910976785,30
Persistent drop,53,ai_reliability,0.8599999999999999,0.8599999999999999,0.8599999999999999,30
Persistent drop,54,human_interaction_rate,0.5627777777777779,0.547157078363377,0.5783984771921789,30
Persistent drop,54,ai_use_rate,0.6837037037037035,0.6709281430800897,0.6964792643273172,30
Persistent drop,54,mean_quality,0.5520460109927552,0.5477519918481624,0.556340030137348,30
Persistent drop,54,mean_knowledge,0.5811637782262917,0.5779010132660247,0.5844265431865587,30
Persistent drop,54,knowledge_rank_corr_with_initial,0.9967542668669565,0.9965790268908954,0.9969295068430175,30
Persistent drop,54,mean_ai_trust,0.6410323786665479,0.6405490632875167,0.6415156940455792,30
Persistent drop,54,mean_peer_trust,0.5176356176535288,0.5165544459896558,0.5187167893174018,30
Persistent drop,54,mean_tie_strength,0.5003722995519638,0.4991921697414745,0.5015524293624531,30
Persistent drop,54,recent_active_tie_fraction,0.8872509845336892,0.8832641097486609,0.8912378593187176,30
Persistent drop,54,mean_unique_peer_partners,10.208148148148148,10.190957333102036,10.22533896319426,30
Persistent drop,54,network_density,0.05619284088557826,0.056130785520118104,0.05625489625103841,30
Persistent drop,54,ai_reliability,0.8599999999999999,0.8599999999999999,0.8599999999999999,30
Persistent drop,55,human_interaction_rate,0.5718518518518518,0.5593700575676449,0.5843336461360588,30
Persistent drop,55,ai_use_rate,0.679074074074074,0.6678076496433969,0.6903404985047512,30
Persistent drop,55,mean_quality,0.5530997938733684,0.5501158657213163,0.5560837220254204,30
Persistent drop,55,mean_knowledge,0.5822185571381521,0.578962898617291,0.5854742156590131,30
Persistent drop,55,knowledge_rank_corr_with_initial,0.996655619575869,0.9964757360116906,0.9968355031400474,30
Persistent drop,55,mean_ai_trust,0.6411793900604211,0.6407075521129988,0.6416512280078435,30
Persistent drop,55,mean_peer_trust,0.5180912812550863,0.5169979283180802,0.5191846341920924,30
Persistent drop,55,mean_tie_strength,0.4995055307944616,0.49832793679088583,0.5006831247980373,30
Persistent drop,55,recent_active_tie_fraction,0.8874080044321598,0.8831505008181882,0.8916655080461314,30
Persistent drop,55,mean_unique_peer_partners,10.213703703703704,10.195910552146948,10.23149685526046,30
Persistent drop,55,network_density,0.05619697910200698,0.056135403244302294,0.05625855495971167,30
Persistent drop,55,ai_reliability,0.8599999999999999,0.8599999999999999,0.8599999999999999,30
Persistent drop,56,human_interaction_rate,0.5698148148148149,0.552555509908462,0.5870741197211677,30
Persistent drop,56,ai_use_rate,0.6885185185185186,0.6741467979638058,0.7028902390732314,30
Persistent drop,56,mean_quality,0.5550976072829167,0.551759893552689,0.5584353210131444,30
Persistent drop,56,mean_knowledge,0.5832825103857626,0.5800321197007102,0.586532901070815,30
Persistent drop,56,knowledge_rank_corr_with_initial,0.9965561336702748,0.996368642385684,0.9967436249548657,30
Persistent drop,56,mean_ai_trust,0.6410244809716629,0.6405351070280453,0.6415138549152805,30
Persistent drop,56,mean_peer_trust,0.5185596168041229,0.5174478115159231,0.5196714220923226,30
Persistent drop,56,mean_tie_strength,0.4986422737439474,0.49746840232331346,0.4998161451645813,30
Persistent drop,56,recent_active_tie_fraction,0.8868619033965391,0.8821633747525749,0.8915604320405034,30
Persistent drop,56,mean_unique_peer_partners,10.220370370370368,10.202968497871327,10.23777224286941,30
Persistent drop,56,network_density,0.056201117318435696,0.056138270903001435,0.05626396373386996,30
Persistent drop,56,ai_reliability,0.8599999999999999,0.8599999999999999,0.8599999999999999,30
Persistent drop,57,human_interaction_rate,0.5727777777777778,0.5560009722957963,0.5895545832597594,30
Persistent drop,57,ai_use_rate,0.6818518518518519,0.6700294787629404,0.6936742249407635,30
Persistent drop,57,mean_quality,0.5539704279001456,0.5504735462420853,0.5574673095582059,30
Persistent drop,57,mean_knowledge,0.5843518849462686,0.5811081547402028,0.5875956151523343,30
Persistent drop,57,knowledge_rank_corr_with_initial,0.9964346435658112,0.9962390636075692,0.9966302235240533,30
Persistent drop,57,mean_ai_trust,0.6411675327751374,0.6406346156639813,0.6417004498862935,30
Persistent drop,57,mean_peer_trust,0.5190402567386627,0.5179129104740492,0.5201676030032762,30
Persistent drop,57,mean_tie_strength,0.49776920477549236,0.49659709401465996,0.49894131553632476,30
Persistent drop,57,recent_active_tie_fraction,0.8866998861019318,0.8823610130293013,0.8910387591745624,30
Persistent drop,57,mean_unique_peer_partners,10.228518518518516,10.211685345483973,10.24535169155306,30
Persistent drop,57,network_density,0.05620939375129315,0.05614419388348584,0.056274593619100456,30
Persistent drop,57,ai_reliability,0.8599999999999999,0.8599999999999999,0.8599999999999999,30
Persistent drop,58,human_interaction_rate,0.5785185185185184,0.5660153424690798,0.5910216945679571,30
Persistent drop,58,ai_use_rate,0.6816666666666665,0.6682318946681823,0.6951014386651507,30
Persistent drop,58,mean_quality,0.5559806882638166,0.5529710650834965,0.5589903114441368,30
Persistent drop,58,mean_knowledge,0.5854229925471426,0.5821841147993819,0.5886618702949032,30
Persistent drop,58,knowledge_rank_corr_with_initial,0.9963151259233347,0.996113126678227,0.9965171251684424,30
Persistent drop,58,mean_ai_trust,0.6414471438274654,0.6409147918912157,0.641979495763715,30
Persistent drop,58,mean_peer_trust,0.5195166250069936,0.5183750518112029,0.5206581982027843,30
Persistent drop,58,mean_tie_strength,0.4969040165344874,0.4957287386675985,0.4980792944013763,30
Persistent drop,58,recent_active_tie_fraction,0.8876696274309247,0.883938750305434,0.8914005045564154,30
Persistent drop,58,mean_unique_peer_partners,10.235925925925926,10.219413165435597,10.252438686416255,30
Persistent drop,58,network_density,0.05621560107593623,0.05614878739531656,0.056282414756555904,30
Persistent drop,58,ai_reliability,0.8599999999999999,0.8599999999999999,0.8599999999999999,30
Persistent drop,59,human_interaction_rate,0.5614814814814816,0.5481489018282938,0.5748140611346694,30
Persistent drop,59,ai_use_rate,0.6925925925925925,0.6778800417603802,0.7073051434248049,30
Persistent drop,59,mean_quality,0.5545807496795601,0.5518904822869155,0.5572710170722046,30
Persistent drop,59,mean_knowledge,0.586476355315279,0.5832445034419359,0.589708207188622,30
Persistent drop,59,knowledge_rank_corr_with_initial,0.9962062728989879,0.9959981049242997,0.996414440873676,30
Persistent drop,59,mean_ai_trust,0.6413675998914673,0.6408218060979625,0.6419133936849721,30
Persistent drop,59,mean_peer_trust,0.5199850777784983,0.5188298198122999,0.5211403357446968,30
Persistent drop,59,mean_tie_strength,0.4960292826096217,0.4948572643623982,0.4972013008568452,30
Persistent drop,59,recent_active_tie_fraction,0.8871674725286799,0.8828627035512826,0.8914722415060772,30
Persistent drop,59,mean_unique_peer_partners,10.241851851851854,10.225267353594951,10.258436350108756,30
Persistent drop,59,network_density,0.056223877508793665,0.0561584082677184,0.05628934674986893,30
Persistent drop,59,ai_reliability,0.8599999999999999,0.8599999999999999,0.8599999999999999,30
Persistent drop,60,human_interaction_rate,0.5709259259259258,0.5589198372929406,0.5829320145589111,30
Persistent drop,60,ai_use_rate,0.680185185185185,0.6675409747734921,0.692829395596878,30
Persistent drop,60,mean_quality,0.5558307825798702,0.5531806293133584,0.5584809358463819,30
Persistent drop,60,mean_knowledge,0.587518187890103,0.5842979321284472,0.5907384436517589,30
Persistent drop,60,knowledge_rank_corr_with_initial,0.9960938449437523,0.9958787367880519,0.9963089530994527,30
Persistent drop,60,mean_ai_trust,0.6414420442005858,0.6409258615930571,0.6419582268081145,30
Persistent drop,60,mean_peer_trust,0.5204675356547038,0.5193028335394348,0.5216322377699728,30
Persistent drop,60,mean_tie_strength,0.49515878756841025,0.49398327010974574,0.49633430502707476,30
Persistent drop,60,recent_active_tie_fraction,0.8891378629156352,0.8851087735349483,0.8931669522963221,30
Persistent drop,60,mean_unique_peer_partners,10.246666666666666,10.230308602915667,10.263024730417666,30
Persistent drop,60,network_density,0.056232153941651104,0.05616482467310223,0.05629948321019998,30
Persistent drop,60,ai_reliability,0.8599999999999999,0.8599999999999999,0.8599999999999999,30
Persistent drop,61,human_interaction_rate,0.56,0.5453879832418245,0.5746120167581756,30
Persistent drop,61,ai_use_rate,0.6842592592592592,0.6700939826396014,0.6984245358789171,30
Persistent drop,61,mean_quality,0.5576285579153143,0.5543576264615844,0.5608994893690442,30
Persistent drop,61,mean_knowledge,0.5885674243537002,0.5853561921674292,0.5917786565399713,30
Persistent drop,61,knowledge_rank_corr_with_initial,0.9959782792067013,0.9957548164525362,0.9962017419608665,30
Persistent drop,61,mean_ai_trust,0.6415924598915417,0.641063067858772,0.6421218519243114,30
Persistent drop,61,mean_peer_trust,0.5209528923034668,0.5197654195702196,0.5221403650367139,30
Persistent drop,61,mean_tie_strength,0.49428294897079467,0.4931140222541246,0.49545187568746474,30
Persistent drop,61,recent_active_tie_fraction,0.8883866915884465,0.8846540682053918,0.8921193149715012,30
Persistent drop,61,mean_unique_peer_partners,10.254814814814813,10.239065603612163,10.270564026017462,30
Persistent drop,61,network_density,0.056242499482722905,0.05617838842515429,0.05630661054029152,30
Persistent drop,61,ai_reliability,0.8599999999999999,0.8599999999999999,0.8599999999999999,30
Persistent drop,62,human_interaction_rate,0.5727777777777778,0.5583502358346792,0.5872053197208764,30
Persistent drop,62,ai_use_rate,0.6809259259259259,0.6673643595862687,0.6944874922655832,30
Persistent drop,62,mean_quality,0.5575197276436941,0.5544918723790978,0.5605475829082903,30
Persistent drop,62,mean_knowledge,0.5896108125718413,0.5864039016868862,0.5928177234567965,30
Persistent drop,62,knowledge_rank_corr_with_initial,0.9958524395943331,0.9956202947271852,0.9960845844614811,30
Persistent drop,62,mean_ai_trust,0.6417712054065263,0.64121011072698,0.6423323000860727,30
Persistent drop,62,mean_peer_trust,0.5214495857556661,0.5202457646732174,0.5226534068381149,30
Persistent drop,62,mean_tie_strength,0.4934230923652649,0.49225522617328793,0.49459095855724183,30
Persistent drop,62,recent_active_tie_fraction,0.8875195154633904,0.8838938548017882,0.8911451761249926,30
Persistent drop,62,mean_unique_peer_partners,10.26,10.243964438686964,10.276035561313035,30
Persistent drop,62,network_density,0.056248706807365975,0.05618200412836906,0.05631540948636289,30
Persistent drop,62,ai_reliability,0.8599999999999999,0.8599999999999999,0.8599999999999999,30
Persistent drop,63,human_interaction_rate,0.5724074074074073,0.5557983208548734,0.5890164939599412,30
Persistent drop,63,ai_use_rate,0.672962962962963,0.6596772126863718,0.6862487132395542,30
Persistent drop,63,mean_quality,0.5574628596691491,0.553944404270238,0.5609813150680601,30
Persistent drop,63,mean_knowledge,0.5906524348377428,0.58745384056652,0.5938510291089656,30
Persistent drop,63,knowledge_rank_corr_with_initial,0.9957302753150334,0.9954861734847941,0.9959743771452728,30
Persistent drop,63,mean_ai_trust,0.6417898234172168,0.6412276585210871,0.6423519883133465,30
Persistent drop,63,mean_peer_trust,0.5219462891419728,0.5207219773065058,0.5231706009774398,30
Persistent drop,63,mean_tie_strength,0.4925730933745702,0.4914067206294971,0.49373946611964337,30
Persistent drop,63,recent_active_tie_fraction,0.8876746238770011,0.8839732397404555,0.8913760080135468,30
Persistent drop,63,mean_unique_peer_partners,10.267037037037037,10.251154591457716,10.282919482616357,30
Persistent drop,63,network_density,0.056252845023794705,0.05618653231369075,0.05631915773389866,30
Persistent drop,63,ai_reliability,0.8599999999999999,0.8599999999999999,0.8599999999999999,30
Persistent drop,64,human_interaction_rate,0.5748148148148149,0.5626729163434057,0.5869567132862241,30
Persistent drop,64,ai_use_rate,0.6837037037037035,0.6712219094194966,0.6961854979879104,30
Persistent drop,64,mean_quality,0.559153423796905,0.5557911877192978,0.5625156598745122,30
Persistent drop,64,mean_knowledge,0.5916917309516168,0.5885016578986967,0.5948818040045368,30
Persistent drop,64,knowledge_rank_corr_with_initial,0.9956024629159058,0.9953550032412524,0.9958499225905593,30
Persistent drop,64,mean_ai_trust,0.6417603028773043,0.64116593164932,0.6423546741052887,30
Persistent drop,64,mean_peer_trust,0.522453264395396,0.5212100550430139,0.5236964737477781,30
Persistent drop,64,mean_tie_strength,0.4917317638794581,0.4905675014921558,0.49289602626676043,30
Persistent drop,64,recent_active_tie_fraction,0.8884833063214241,0.8846383862503674,0.8923282263924809,30
Persistent drop,64,mean_unique_peer_partners,10.270370370370369,10.254307686538613,10.286433054202124,30
Persistent drop,64,network_density,0.056252845023794705,0.05618653231369075,0.05631915773389866,30
Persistent drop,64,ai_reliability,0.8599999999999999,0.8599999999999999,0.8599999999999999,30
Persistent drop,65,human_interaction_rate,0.570925925925926,0.5569441195952639,0.584907732256588,30
Persistent drop,65,ai_use_rate,0.6914814814814814,0.6754335860682358,0.707529376894727,30
Persistent drop,65,mean_quality,0.5595651959388767,0.5556281488774472,0.5635022430003062,30
Persistent drop,65,mean_knowledge,0.5927231122358019,0.5895367181300999,0.5959095063415039,30
Persistent drop,65,knowledge_rank_corr_with_initial,0.9954847247034511,0.9952348760819396,0.9957345733249625,30
Persistent drop,65,mean_ai_trust,0.6419238840137985,0.6413258971243554,0.6425218709032416,30
Persistent drop,65,mean_peer_trust,0.5229566335678101,0.5216963889340994,0.5242168782015207,30
Persistent drop,65,mean_tie_strength,0.4908802807331085,0.48972004664879004,0.492040514817427,30
Persistent drop,65,recent_active_tie_fraction,0.888195762884969,0.8838615636276377,0.8925299621423004,30
Persistent drop,65,mean_unique_peer_partners,10.276666666666667,10.260129959009104,10.29320337432423,30
Persistent drop,65,network_density,0.05625698324022342,0.05619054028617504,0.0563234261942718,30
Persistent drop,65,ai_reliability,0.8599999999999999,0.8599999999999999,0.8599999999999999,30
Persistent drop,66,human_interaction_rate,0.5674074074074075,0.5533509753998191,0.5814638394149958,30
Persistent drop,66,ai_use_rate,0.691111111111111,0.678235275877814,0.7039869463444081,30
Persistent drop,66,mean_quality,0.5619396090592689,0.5580290140962028,0.565850204022335,30
Persistent drop,66,mean_knowledge,0.5937493560240055,0.5905696043726935,0.5969291076753175,30
Persistent drop,66,knowledge_rank_corr_with_initial,0.9953643836857448,0.9951067594503942,0.9956220079210953,30
Persistent drop,66,mean_ai_trust,0.6420043759783091,0.6413707363757949,0.6426380155808232,30
Persistent drop,66,mean_peer_trust,0.5234594186147054,0.5221866313317303,0.5247322058976804,30
Persistent drop,66,mean_tie_strength,0.4900343805551529,0.48888257342520297,0.49118618768510286,30
Persistent drop,66,recent_active_tie_fraction,0.8870965279207169,0.8828213897906111,0.8913716660508227,30
Persistent drop,66,mean_unique_peer_partners,10.280740740740743,10.264508958467992,10.296972523013494,30
Persistent drop,66,network_density,0.056259052348437776,0.05619339943614582,0.05632470526072973,30
Persistent drop,66,ai_reliability,0.8599999999999999,0.8599999999999999,0.8599999999999999,30
Persistent drop,67,human_interaction_rate,0.5716666666666668,0.5543330060735365,0.589000327259797,30
Persistent drop,67,ai_use_rate,0.6840740740740742,0.6702948603932501,0.6978532877548982,30
Persistent drop,67,mean_quality,0.5600217558652818,0.5569126294789251,0.5631308822516385,30
Persistent drop,67,mean_knowledge,0.5947706793322791,0.5915976907642424,0.5979436679003158,30
Persistent drop,67,knowledge_rank_corr_with_initial,0.995241064030602,0.994980198752909,0.995501929308295,30
Persistent drop,67,mean_ai_trust,0.6419845179293181,0.6413633562539073,0.6426056796047289,30
Persistent drop,67,mean_peer_trust,0.5239747842152913,0.5226938985844831,0.5252556698460995,30
Persistent drop,67,mean_tie_strength,0.4891781439383825,0.48802789981851613,0.49032838805824885,30
Persistent drop,67,recent_active_tie_fraction,0.8863430702331361,0.8822557966074396,0.8904303438588326,30
Persistent drop,67,mean_unique_peer_partners,10.285925925925927,10.26929674871922,10.302555103132633,30
Persistent drop,67,network_density,0.05626732878129522,0.056200723380467985,0.05633393418212246,30
Persistent drop,67,ai_reliability,0.8599999999999999,0.8599999999999999,0.8599999999999999,30
Persistent drop,68,human_interaction_rate,0.5712962962962963,0.5564057898548271,0.5861868027377655,30
Persistent drop,68,ai_use_rate,0.6916666666666667,0.6797217096490485,0.7036116236842848,30
Persistent drop,68,mean_quality,0.5621899444324775,0.5598229010722354,0.5645569877927196,30
Persistent drop,68,mean_knowledge,0.595800133917256,0.5926362866977081,0.5989639811368038,30
Persistent drop,68,knowledge_rank_corr_with_initial,0.9951206076923474,0.994850985346126,0.9953902300385689,30
Persistent drop,68,mean_ai_trust,0.6419848813394586,0.6413846828999198,0.6425850797789975,30
Persistent drop,68,mean_peer_trust,0.5244950870672862,0.523204035816415,0.5257861383181575,30
Persistent drop,68,mean_tie_strength,0.48833489418029785,0.4871865059960752,0.4894832823645205,30
Persistent drop,68,recent_active_tie_fraction,0.886976244886051,0.8829918244415204,0.8909606653305816,30
Persistent drop,68,mean_unique_peer_partners,10.291851851851852,10.274251565988184,10.309452137715521,30
Persistent drop,68,network_density,0.05627146699772393,0.05620458403464057,0.05633834996080729,30
Persistent drop,68,ai_reliability,0.8599999999999999,0.8599999999999999,0.8599999999999999,30
Persistent drop,69,human_interaction_rate,0.5733333333333334,0.5604137769717334,0.5862528896949333,30
Persistent drop,69,ai_use_rate,0.68,0.668787488006454,0.691212511993546,30
Persistent drop,69,mean_quality,0.5625246636307134,0.559599267260786,0.5654500600006408,30
Persistent drop,69,mean_knowledge,0.5968084967426571,0.5936532207814944,0.5999637727038198,30
Persistent drop,69,knowledge_rank_corr_with_initial,0.9950105876479187,0.9947375347519192,0.9952836405439183,30
Persistent drop,69,mean_ai_trust,0.6420537363622919,0.6414342157605312,0.6426732569640526,30
Persistent drop,69,mean_peer_trust,0.5250048597653707,0.5236982960400844,0.526311423490657,30
Persistent drop,69,mean_tie_strength,0.4874626706043879,0.486316347499494,0.48860899370928185,30
Persistent drop,69,recent_active_tie_fraction,0.8871517659846149,0.8831236349853253,0.8911798969839044,30
Persistent drop,69,mean_unique_peer_partners,10.296296296296298,10.27878391661694,10.313808675975656,30
Persistent drop,69,network_density,0.05628595075522445,0.056218255613754785,0.05635364589669411,30
Persistent drop,69,ai_reliability,0.8599999999999999,0.8599999999999999,0.8599999999999999,30
Persistent drop,70,human_interaction_rate,0.5779629629629629,0.5648939941942621,0.5910319317316637,30
Persistent drop,70,ai_use_rate,0.6861111111111111,0.6734778592519931,0.6987443629702291,30
Persistent drop,70,mean_quality,0.563521663183269,0.5600928466398737,0.5669504797266643,30
Persistent drop,70,mean_knowledge,0.5978247239126511,0.5946724028106009,0.6009770450147013,30
Persistent drop,70,knowledge_rank_corr_with_initial,0.9948918234741104,0.9946184671806664,0.9951651797675545,30
Persistent drop,70,mean_ai_trust,0.642148349565776,0.6415781580711781,0.642718541060374,30
Persistent drop,70,mean_peer_trust,0.5255319138367971,0.5242095626072768,0.5268542650663174,30
Persistent drop,70,mean_tie_strength,0.4866187969843547,0.48547403904354086,0.4877635549251685,30
Persistent drop,70,recent_active_tie_fraction,0.8883748959531392,0.8847493554172593,0.8920004364890192,30
Persistent drop,70,mean_unique_peer_partners,10.302222222222223,10.284471934390028,10.319972510054418,30
Persistent drop,70,network_density,0.05629215807986753,0.05622667469194706,0.056357641467788,30
Persistent drop,70,ai_reliability,0.8599999999999999,0.8599999999999999,0.8599999999999999,30
Persistent drop,71,human_interaction_rate,0.5644444444444444,0.5515801394679897,0.5773087494208992,30
Persistent drop,71,ai_use_rate,0.6799999999999999,0.6676657074269591,0.6923342925730408,30
Persistent drop,71,mean_quality,0.5630367006554415,0.5590789036551147,0.5669944976557684,30
Persistent drop,71,mean_knowledge,0.5988354188624025,0.5956864097754371,0.601984427949368,30
Persistent drop,71,knowledge_rank_corr_with_initial,0.994768538886883,0.9944879888114596,0.9950490889623064,30
Persistent drop,71,mean_ai_trust,0.6421556925377049,0.6415358471789685,0.6427755378964413,30
Persistent drop,71,mean_peer_trust,0.5260453601678212,0.5247070026704657,0.5273837176651768,30
Persistent drop,71,mean_tie_strength,0.4857622057199478,0.4846182995802544,0.4869061118596413,30
Persistent drop,71,recent_active_tie_fraction,0.889827489463854,0.8861309632963087,0.8935240156313994,30
Persistent drop,71,mean_unique_peer_partners,10.30777777777778,10.289059049748586,10.326496505806974,30
Persistent drop,71,network_density,0.05630250362093933,0.05623513767567873,0.05636986956619993,30
Persistent drop,71,ai_reliability,0.8599999999999999,0.8599999999999999,0.8599999999999999,30
Persistent drop,72,human_interaction_rate,0.5742592592592594,0.5608761326942533,0.5876423858242654,30
Persistent drop,72,ai_use_rate,0.683148148148148,0.6686269687047667,0.6976693275915292,30
Persistent drop,72,mean_quality,0.5645732217914288,0.5614982193887154,0.5676482241941422,30
Persistent drop,72,mean_knowledge,0.5998468615518119,0.5967016838552794,0.6029920392483443,30
Persistent drop,72,knowledge_rank_corr_with_initial,0.9946402003760414,0.9943521011358375,0.9949282996162453,30
Persistent drop,72,mean_ai_trust,0.6421744137589048,0.6416127520266319,0.6427360754911777,30
Persistent drop,72,mean_peer_trust,0.5265633742014567,0.5252091877912194,0.527917560611694,30
Persistent drop,72,mean_tie_strength,0.4849099785089493,0.4837758366175733,0.4860441204003253,30
Persistent drop,72,recent_active_tie_fraction,0.8891468842318565,0.8858393895505786,0.8924543789131344,30
Persistent drop,72,mean_unique_peer_partners,10.312592592592596,10.293634918104232,10.33155026708096,30
Persistent drop,72,network_density,0.05631284916201112,0.05624605859151653,0.056379639732505704,30
Persistent drop,72,ai_reliability,0.8599999999999999,0.8599999999999999,0.8599999999999999,30
Persistent drop,73,human_interaction_rate,0.5840740740740741,0.571702141459574,0.5964460066885742,30
Persistent drop,73,ai_use_rate,0.6740740740740742,0.6602025519030695,0.6879455962450788,30
Persistent drop,73,mean_quality,0.5650031321459473,0.5621700952111395,0.5678361690807552,30
Persistent drop,73,mean_knowledge,0.6008515302903651,0.5977109404061349,0.6039921201745952,30
Persistent drop,73,knowledge_rank_corr_with_initial,0.9945185488346578,0.9942240386859463,0.9948130589833694,30
Persistent drop,73,mean_ai_trust,0.6422842369163393,0.6417677942381358,0.6428006795945428,30
Persistent drop,73,mean_peer_trust,0.5270964602629343,0.5257371901335359,0.5284557303923327,30
Persistent drop,73,mean_tie_strength,0.48407221138477324,0.4829382423707124,0.48520618039883406,30
Persistent drop,73,recent_active_tie_fraction,0.8899652873744758,0.8869652286194062,0.8929653461295454,30
Persistent drop,73,mean_unique_peer_partners,10.31925925925926,10.299378471908605,10.339140046609915,30
Persistent drop,73,network_density,0.05631905648665421,0.05625041920236715,0.05638769377094127,30
Persistent drop,73,ai_reliability,0.8599999999999999,0.8599999999999999,0.8599999999999999,30
Persistent drop,74,human_interaction_rate,0.5733333333333334,0.5581339363393761,0.5885327303272906,30
Persistent drop,74,ai_use_rate,0.6855555555555555,0.6708403152889303,0.7002707958221807,30
Persistent drop,74,mean_quality,0.5661305165813347,0.563057491304029,0.5692035418586404,30
Persistent drop,74,mean_knowledge,0.6018588134085245,0.5987267188429813,0.6049909079740677,30
Persistent drop,74,knowledge_rank_corr_with_initial,0.9943915292589228,0.9940863660099392,0.9946966925079065,30
Persistent drop,74,mean_ai_trust,0.6424683258612656,0.6419700577668159,0.6429665939557152,30
Persistent drop,74,mean_peer_trust,0.5276171227296194,0.5262469471958943,0.5289872982633445,30
Persistent drop,74,mean_tie_strength,0.4832249830166499,0.48209624828889924,0.48435371774440056,30
Persistent drop,74,recent_active_tie_fraction,0.8898349496212075,0.8863972894509979,0.893272609791417,30
Persistent drop,74,mean_unique_peer_partners,10.323333333333334,10.303114551589198,10.34355211507747,30
Persistent drop,74,network_density,0.05632733291951165,0.05625721805545503,0.05639744778356827,30
Persistent drop,74,ai_reliability,0.8599999999999999,0.8599999999999999,0.8599999999999999,30
Persistent drop,75,human_interaction_rate,0.5805555555555555,0.5658893064601052,0.5952218046510058,30
Persistent drop,75,ai_use_rate,0.6844444444444445,0.6700782318790324,0.6988106570098567,30
Persistent drop,75,mean_quality,0.566615306891426,0.5632265775419458,0.5700040362409062,30
Persistent drop,75,mean_knowledge,0.6028700646053635,0.599742016629966,0.6059981125807611,30
Persistent drop,75,knowledge_rank_corr_with_initial,0.9942580695045691,0.9939466019437379,0.9945695370654003,30
Persistent drop,75,mean_ai_trust,0.6426885189940986,0.642208645458823,0.6431683925293743,30
Persistent drop,75,mean_peer_trust,0.528163896004359,0.5267778536438784,0.5295499383648395,30
Persistent drop,75,mean_tie_strength,0.48239845037460327,0.48127112003384626,0.4835257807153603,30
Persistent drop,75,recent_active_tie_fraction,0.889988887026359,0.8867804281524135,0.8931973459003045,30
Persistent drop,75,mean_unique_peer_partners,10.325925925925928,10.305503157231009,10.346348694620847,30
Persistent drop,75,network_density,0.05632940202772601,0.05625848587496367,0.05640031818048835,30
Persistent drop,75,ai_reliability,0.8599999999999999,0.8599999999999999,0.8599999999999999,30
Persistent drop,76,human_interaction_rate,0.5775925925925927,0.5621598555773332,0.5930253296078521,30
Persistent drop,76,ai_use_rate,0.6792592592592591,0.6669570914772527,0.6915614270412656,30
Persistent drop,76,mean_quality,0.5426479870653096,0.5396603583502199,0.5456356157803993,30
Persistent drop,76,mean_knowledge,0.6035524230725192,0.6004264513801065,0.6066783947649319,30
Persistent drop,76,knowledge_rank_corr_with_initial,0.994227218592256,0.9939112678320012,0.9945431693525109,30
Persistent drop,76,mean_ai_trust,0.6234910483887407,0.6228721357506721,0.6241099610268093,30
Persistent drop,76,mean_peer_trust,0.5286812504132589,0.5272900797702907,0.530072421056227,30
Persistent drop,76,mean_tie_strength,0.4815569490194321,0.48043859119831017,0.482675306840554,30
Persistent drop,76,recent_active_tie_fraction,0.8881207545967307,0.8840588939610694,0.892182615232392,30
Persistent drop,76,mean_unique_peer_partners,10.332222222222223,10.311282351687893,10.353162092756552,30
Persistent drop,76,network_density,0.05635009310986962,0.056278742896543374,0.05642144332319586,30
Persistent drop,76,ai_reliability,0.4800000000000001,0.48000000000000004,0.48000000000000015,30
Persistent drop,77,human_interaction_rate,0.5748148148148148,0.5615514223544978,0.5880782072751317,30
Persistent drop,77,ai_use_rate,0.6833333333333333,0.6712617095801908,0.6954049570864759,30
Persistent drop,77,mean_quality,0.5418274965209425,0.5380166881011833,0.5456383049407018,30
Persistent drop,77,mean_knowledge,0.60422770241708,0.6011038240030677,0.6073515808310923,30
Persistent drop,77,knowledge_rank_corr_with_initial,0.9942037235464074,0.993887770447591,0.9945196766452238,30
Persistent drop,77,mean_ai_trust,0.6058221657800339,0.6051627618737359,0.6064815696863319,30
Persistent drop,77,mean_peer_trust,0.5292149901390075,0.5278085212454676,0.5306214590325474,30
Persistent drop,77,mean_tie_strength,0.480742668112119,0.4796198870367626,0.4818654491874754,30
Persistent drop,77,recent_active_tie_fraction,0.8880644699122364,0.8842665696978877,0.8918623701265851,30
Persistent drop,77,mean_unique_peer_partners,10.337777777777777,10.316188898979249,10.359366656576306,30
Persistent drop,77,network_density,0.05636043865094141,0.05628676774395815,0.05643410955792467,30
Persistent drop,77,ai_reliability,0.4800000000000001,0.48000000000000004,0.48000000000000015,30
Persistent drop,78,human_interaction_rate,0.592037037037037,0.5760823448308134,0.6079917292432606,30
Persistent drop,78,ai_use_rate,0.6681481481481482,0.6556070500825028,0.6806892462137936,30
Persistent drop,78,mean_quality,0.5429366265472305,0.5396805275003904,0.5461927255940706,30
Persistent drop,78,mean_knowledge,0.6049100409113977,0.601787567707382,0.6080325141154134,30
Persistent drop,78,knowledge_rank_corr_with_initial,0.9941639664635724,0.9938451035615998,0.994482829365545,30
Persistent drop,78,mean_ai_trust,0.5899273713410836,0.5891950229636959,0.5906597197184714,30
Persistent drop,78,mean_peer_trust,0.5297751426696777,0.5283529032800456,0.5311973820593099,30
Persistent drop,78,mean_tie_strength,0.4799169272184372,0.47879441685409707,0.48103943758277734,30
Persistent drop,78,recent_active_tie_fraction,0.8884351684119184,0.88470905512751,0.8921612816963268,30
Persistent drop,78,mean_unique_peer_partners,10.343703703703705,10.320824473592516,10.366582933814893,30
Persistent drop,78,network_density,0.05637906062487064,0.05630452721203284,0.05645359403770844,30
Persistent drop,78,ai_reliability,0.4800000000000001,0.48000000000000004,0.48000000000000015,30
Persistent drop,79,human_interaction_rate,0.6051851851851853,0.5953800685326144,0.6149903018377562,30
Persistent drop,79,ai_use_rate,0.6603703703703704,0.6491428689702269,0.6715978717705139,30
Persistent drop,79,mean_quality,0.5448524310198258,0.5415691573743356,0.548135704665316,30
Persistent drop,79,mean_knowledge,0.6055913270079785,0.6024714071565558,0.6087112468594011,30
Persistent drop,79,knowledge_rank_corr_with_initial,0.994129936179706,0.9938096191361756,0.9944502532232364,30
Persistent drop,79,mean_ai_trust,0.5755673524411836,0.574813800521045,0.5763209043613222,30
Persistent drop,79,mean_peer_trust,0.5303416748841604,0.5289058168500907,0.53177753291823,30
Persistent drop,79,mean_tie_strength,0.47912421226501467,0.47800098369070104,0.4802474408393283,30
Persistent drop,79,recent_active_tie_fraction,0.8899156973457492,0.8857819859123048,0.8940494087791935,30
Persistent drop,79,mean_unique_peer_partners,10.34740740740741,10.324321557538507,10.370493257276312,30
Persistent drop,79,network_density,0.05638526794951373,0.05630961206284677,0.05646092383618068,30
Persistent drop,79,ai_reliability,0.4800000000000001,0.48000000000000004,0.48000000000000015,30
Persistent drop,80,human_interaction_rate,0.6062962962962963,0.5946026551571936,0.6179899374353991,30
Persistent drop,80,ai_use_rate,0.6448148148148148,0.6323806672026075,0.6572489624270221,30
Persistent drop,80,mean_quality,0.5451291470563205,0.54127907928592,0.5489792148267211,30
Persistent drop,80,mean_knowledge,0.6062811907082639,0.603161451303051,0.6094009301134768,30
Persistent drop,80,knowledge_rank_corr_with_initial,0.9940909292977459,0.993768307312219,0.9944135512832728,30
Persistent drop,80,mean_ai_trust,0.5626197659256075,0.5619234912243026,0.5633160406269123,30
Persistent drop,80,mean_peer_trust,0.5309059679508209,0.5294566639443774,0.5323552719572644,30
Persistent drop,80,mean_tie_strength,0.47834736903508507,0.47722956265251615,0.479465175417654,30
Persistent drop,80,recent_active_tie_fraction,0.8901333648555313,0.8864608524857978,0.8938058772252648,30
Persistent drop,80,mean_unique_peer_partners,10.352222222222222,10.32892606425081,10.375518380193634,30
Persistent drop,80,network_density,0.056387337057728096,0.05631189778074822,0.05646277633470797,30
Persistent drop,80,ai_reliability,0.4800000000000001,0.48000000000000004,0.48000000000000015,30
Persistent drop,81,human_interaction_rate,0.6305555555555556,0.6158690841146224,0.6452420269964889,30
Persistent drop,81,ai_use_rate,0.633888888888889,0.6212838599119588,0.6464939178658191,30
Persistent drop,81,mean_quality,0.5469129719808918,0.5429395101139668,0.5508864338478169,30
Persistent drop,81,mean_knowledge,0.6069766190921313,0.6038588134891116,0.610094424695151,30
Persistent drop,81,knowledge_rank_corr_with_initial,0.9940519142113096,0.9937255455290244,0.9943782828935948,30
Persistent drop,81,mean_ai_trust,0.5508957666234321,0.5501893042464789,0.5516022290003852,30
Persistent drop,81,mean_peer_trust,0.531506065527598,0.5300463122729496,0.5329658187822465,30
Persistent drop,81,mean_tie_strength,0.47756785750389097,0.47644167937960735,0.4786940356281746,30
Persistent drop,81,recent_active_tie_fraction,0.8900793234847906,0.8865541146521118,0.8936045323174694,30
Persistent drop,81,mean_unique_peer_partners,10.357407407407406,10.33355894016611,10.381255874648701,30
Persistent drop,81,network_density,0.05639561349058552,0.05631796372128867,0.05647326325988237,30
Persistent drop,81,ai_reliability,0.4800000000000001,0.48000000000000004,0.48000000000000015,30
Persistent drop,82,human_interaction_rate,0.6146296296296296,0.6002832288561009,0.6289760304031584,30
Persistent drop,82,ai_use_rate,0.6477777777777778,0.6327137158728126,0.662841839682743,30
Persistent drop,82,mean_quality,0.5453179058934353,0.5416748901096798,0.5489609216771908,30
Persistent drop,82,mean_knowledge,0.6076596698729196,0.6045440436482592,0.6107752960975801,30
Persistent drop,82,knowledge_rank_corr_with_initial,0.9940067852253589,0.9936767816929162,0.9943367887578016,30
Persistent drop,82,mean_ai_trust,0.5398122512629135,0.5391059494709957,0.5405185530548314,30
Persistent drop,82,mean_peer_trust,0.5320874492327372,0.530618326676584,0.5335565717888904,30
Persistent drop,82,mean_tie_strength,0.47678639392058053,0.47566766640878294,0.4779051214323781,30
Persistent drop,82,recent_active_tie_fraction,0.8910871225527135,0.8875734708668096,0.8946007742386174,30
Persistent drop,82,mean_unique_peer_partners,10.359999999999998,10.335597534667835,10.38440246533216,30
Persistent drop,82,network_density,0.05640182081522859,0.05632328146735248,0.056480360163104704,30
Persistent drop,82,ai_reliability,0.4800000000000001,0.48000000000000004,0.48000000000000015,30
Persistent drop,83,human_interaction_rate,0.6240740740740741,0.6140238165855304,0.6341243315626178,30
Persistent drop,83,ai_use_rate,0.6355555555555557,0.6187323765478275,0.6523787345632838,30
Persistent drop,83,mean_quality,0.5478241419048355,0.5446425740304709,0.5510057097792002,30
Persistent drop,83,mean_knowledge,0.6083552190041197,0.6052419948041373,0.6114684432041021,30
Persistent drop,83,knowledge_rank_corr_with_initial,0.9939649134632055,0.9936315158448183,0.9942983110815926,30
Persistent drop,83,mean_ai_trust,0.5301456253065312,0.5295340695016126,0.5307571811114498,30
Persistent drop,83,mean_peer_trust,0.5326761106650034,0.5311988578458484,0.5341533634841584,30
Persistent drop,83,mean_tie_strength,0.47599021593729657,0.47487832707025834,0.4771021048043348,30
Persistent drop,83,recent_active_tie_fraction,0.8925454195342356,0.8894689155400509,0.8956219235284203,30
Persistent drop,83,mean_unique_peer_partners,10.366666666666667,10.341772924216126,10.391560409117208,30
Persistent drop,83,network_density,0.05641630457272913,0.056338654803432274,0.05649395434202598,30
Persistent drop,83,ai_reliability,0.4800000000000001,0.48000000000000004,0.48000000000000015,30
Persistent drop,84,human_interaction_rate,0.631851851851852,0.6203475594025507,0.6433561443011533,30
Persistent drop,84,ai_use_rate,0.6237037037037036,0.6114498810174747,0.6359575263899326,30
Persistent drop,84,mean_quality,0.5484234703814662,0.545382536026372,0.5514644047365604,30
Persistent drop,84,mean_knowledge,0.609048279761393,0.6059341326151664,0.6121624269076196,30
Persistent drop,84,knowledge_rank_corr_with_initial,0.9939278780129275,0.9935898090636218,0.9942659469622331,30
Persistent drop,84,mean_ai_trust,0.521046383891074,0.5204128487260428,0.5216799190561053,30
Persistent drop,84,mean_peer_trust,0.5332626541455586,0.5317677139354924,0.5347575943556249,30
Persistent drop,84,mean_tie_strength,0.4751944273710251,0.4740900738553081,0.47629878088674205,30
Persistent drop,84,recent_active_tie_fraction,0.893125384728487,0.8896878677332019,0.8965629017237722,30
Persistent drop,84,mean_unique_peer_partners,10.37111111111111,10.346781729097708,10.395440493124513,30
Persistent drop,84,network_density,0.05643285743844399,0.056352626201897106,0.05651308867499088,30
Persistent drop,84,ai_reliability,0.4800000000000001,0.48000000000000004,0.48000000000000015,30
Persistent drop,85,human_interaction_rate,0.6425925925925927,0.6289693423379049,0.6562158428472805,30
Persistent drop,85,ai_use_rate,0.6274074074074073,0.6139750288370063,0.6408397859778083,30
Persistent drop,85,mean_quality,0.5466701376937831,0.5432435528996801,0.5500967224878862,30
Persistent drop,85,mean_knowledge,0.609735505927523,0.6066251375719944,0.6128458742830516,30
Persistent drop,85,knowledge_rank_corr_with_initial,0.9938859691873242,0.9935452724562144,0.994226665918434,30
Persistent drop,85,mean_ai_trust,0.5125492974715937,0.5119495678205085,0.513149027122679,30
Persistent drop,85,mean_peer_trust,0.53386336962382,0.53235584101932,0.53537089822832,30
Persistent drop,85,mean_tie_strength,0.4743973781665166,0.4732787086117221,0.4755160477213111,30
Persistent drop,85,recent_active_tie_fraction,0.8961712880520237,0.8925529177710844,0.8997896583329631,30
Persistent drop,85,mean_unique_peer_partners,10.378148148148147,10.354364482129002,10.401931814167293,30
Persistent drop,85,network_density,0.05645147941237323,0.05636589652444491,0.056537062300301553,30
Persistent drop,85,ai_reliability,0.4800000000000001,0.48000000000000004,0.48000000000000015,30
Persistent drop,86,human_interaction_rate,0.6351851851851851,0.6211329766536822,0.649237393716688,30
Persistent drop,86,ai_use_rate,0.6274074074074073,0.6147955128923559,0.6400193019224587,30
Persistent drop,86,mean_quality,0.5452856354643151,0.5416448786286499,0.5489263922999803,30
Persistent drop,86,mean_knowledge,0.6104173903039307,0.6073081825310598,0.6135265980768017,30
Persistent drop,86,knowledge_rank_corr_with_initial,0.9938502210479427,0.9935061331257506,0.9941943089701348,30
Persistent drop,86,mean_ai_trust,0.5048689789613011,0.5042453091400302,0.505492648782572,30
Persistent drop,86,mean_peer_trust,0.5344558497269948,0.5329400409578322,0.5359716584961574,30
Persistent drop,86,mean_tie_strength,0.4736299286286036,0.47250803996826063,0.47475181728894655,30
Persistent drop,86,recent_active_tie_fraction,0.8981602542920409,0.8949280483469891,0.9013924602370927,30
Persistent drop,86,mean_unique_peer_partners,10.382222222222222,10.358261600287731,10.406182844156712,30
Persistent drop,86,network_density,0.05645561762880194,0.056368944925762395,0.05654229033184149,30
Persistent drop,86,ai_reliability,0.4800000000000001,0.48000000000000004,0.48000000000000015,30
Persistent drop,87,human_interaction_rate,0.6374074074074075,0.6225783170458034,0.6522364977690117,30
Persistent drop,87,ai_use_rate,0.6235185185185185,0.6096539516820602,0.6373830853549768,30
Persistent drop,87,mean_quality,0.5478564283651188,0.5448701994690911,0.5508426572611466,30
Persistent drop,87,mean_knowledge,0.6111065003464595,0.6080006774967505,0.6142123231961686,30
Persistent drop,87,knowledge_rank_corr_with_initial,0.9938107151901857,0.9934619436060858,0.9941594867742857,30
Persistent drop,87,mean_ai_trust,0.4977848678205155,0.49723671896363864,0.4983330166773924,30
Persistent drop,87,mean_peer_trust,0.5350473821163177,0.5335261803835166,0.5365685838491189,30
Persistent drop,87,mean_tie_strength,0.4728351394335429,0.4717176755377838,0.47395260332930195,30
Persistent drop,87,recent_active_tie_fraction,0.899730707291902,0.8964236849967473,0.9030377295870566,30
Persistent drop,87,mean_unique_peer_partners,10.387407407407409,10.363692473829497,10.41112234098532,30
Persistent drop,87,network_density,0.056474239602731166,0.0563882859204842,0.05656019328497813,30
Persistent drop,87,ai_reliability,0.4800000000000001,0.48000000000000004,0.48000000000000015,30
Persistent drop,88,human_interaction_rate,0.653148148148148,0.641685854491607,0.6646104418046891,30
Persistent drop,88,ai_use_rate,0.6118518518518518,0.5986782701014622,0.6250254336022413,30
Persistent drop,88,mean_quality,0.5508102427371777,0.5474511239042938,0.5541693615700616,30
Persistent drop,88,mean_knowledge,0.6117976020869533,0.608691261326354,0.6149039428475527,30
Persistent drop,88,knowledge_rank_corr_with_initial,0.9937802591048999,0.9934309014438432,0.9941296167659566,30
Persistent drop,88,mean_ai_trust,0.4912875747563292,0.4907253873656979,0.4918497621469606,30
Persistent drop,88,mean_peer_trust,0.535665500164032,0.5341344149539847,0.5371965853740793,30
Persistent drop,88,mean_tie_strength,0.4720563292503357,0.47094310995108507,0.4731695485495863,30
Persistent drop,88,recent_active_tie_fraction,0.9012921202189845,0.8976690548674924,0.9049151855704767,30
Persistent drop,88,mean_unique_peer_partners,10.393333333333336,10.368858002908178,10.417808663758494,30
Persistent drop,88,network_density,0.056488723360231675,0.05640296747546967,0.05657447924499368,30
Persistent drop,88,ai_reliability,0.4800000000000001,0.48000000000000004,0.48000000000000015,30
Persistent drop,89,human_interaction_rate,0.6540740740740741,0.6444986651452659,0.6636494830028824,30
Persistent drop,89,ai_use_rate,0.617037037037037,0.6031057358151047,0.6309683382589694,30
Persistent drop,89,mean_quality,0.5492010830781666,0.5458083986046095,0.5525937675517237,30
Persistent drop,89,mean_knowledge,0.6124877716311619,0.6093828820835879,0.6155926611787358,30
Persistent drop,89,knowledge_rank_corr_with_initial,0.9937432638990352,0.9933899991069723,0.9940965286910981,30
Persistent drop,89,mean_ai_trust,0.48511392787552104,0.48458106431402875,0.48564679143701334,30
Persistent drop,89,mean_peer_trust,0.5362998306751251,0.5347545064995478,0.5378451548507024,30
Persistent drop,89,mean_tie_strength,0.4713042507568995,0.47019117395024335,0.4724173275635557,30
Persistent drop,89,recent_active_tie_fraction,0.9034587278765553,0.9001546980802922,0.9067627576728184,30
Persistent drop,89,mean_unique_peer_partners,10.39777777777778,10.373453275792912,10.422102279762647,30
Persistent drop,89,network_density,0.056492861576660405,0.05640500006683773,0.056580723086483084,30
Persistent drop,89,ai_reliability,0.4800000000000001,0.48000000000000004,0.48000000000000015,30
Persistent drop,90,human_interaction_rate,0.6496296296296296,0.6357838060602635,0.6634754531989956,30
Persistent drop,90,ai_use_rate,0.6179629629629628,0.6008331133012224,0.6350928126247033,30
Persistent drop,90,mean_quality,0.5502775807375,0.5473214150932393,0.5532337463817607,30
Persistent drop,90,mean_knowledge,0.6131705542947172,0.6100656156656072,0.6162754929238272,30
Persistent drop,90,knowledge_rank_corr_with_initial,0.993706875222722,0.9933549581140267,0.9940587923314174,30
Persistent drop,90,mean_ai_trust,0.4795729744194851,0.47904315235140826,0.48010279648756193,30
Persistent drop,90,mean_peer_trust,0.5369224647680918,0.5353663238110644,0.5384786057251192,30
Persistent drop,90,mean_tie_strength,0.4705367108186086,0.4694268180242792,0.471646603612938,30
Persistent drop,90,recent_active_tie_fraction,0.9054570268006563,0.9019749256189348,0.9089391279823779,30
Persistent drop,90,mean_unique_peer_partners,10.401481481481483,10.377246620835342,10.425716342127624,30
Persistent drop,90,network_density,0.056503207117732185,0.05641522269760565,0.05659119153785872,30
Persistent drop,90,ai_reliability,0.4800000000000001,0.48000000000000004,0.48000000000000015,30
Persistent drop,91,human_interaction_rate,0.6614814814814813,0.6510174534893366,0.6719455094736261,30
Persistent drop,91,ai_use_rate,0.6138888888888889,0.600502805788555,0.6272749719892229,30
Persistent drop,91,mean_quality,0.5513088794274359,0.5482869104499628,0.554330848404909,30
Persistent drop,91,mean_knowledge,0.6138596253251712,0.6107544192636353,0.6169648313867072,30
Persistent drop,91,knowledge_rank_corr_with_initial,0.9936725692905348,0.9933174908984188,0.9940276476826508,30
Persistent drop,91,mean_ai_trust,0.47428550168644457,0.47382763233801556,0.4747433710348736,30
Persistent drop,91,mean_peer_trust,0.53754723072052,0.5359803869719277,0.5391140744691123,30
Persistent drop,91,mean_tie_strength,0.4697758197784424,0.4686611199881202,0.4708905195687646,30
Persistent drop,91,recent_active_tie_fraction,0.9056600719070246,0.9015081339835588,0.9098120098304904,30
Persistent drop,91,mean_unique_peer_partners,10.40777777777778,10.383410608680688,10.432144946874871,30
Persistent drop,91,network_density,0.05651355265880399,0.05642271921786682,0.056604386099741166,30
Persistent drop,91,ai_reliability,0.4800000000000001,0.48000000000000004,0.48000000000000015,30
Persistent drop,92,human_interaction_rate,0.6531481481481481,0.6426028920213348,0.6636934042749615,30
Persistent drop,92,ai_use_rate,0.602962962962963,0.5924310839343325,0.6134948419915935,30
Persistent drop,92,mean_quality,0.5512174919236348,0.5484345485122037,0.5540004353350658,30
Persistent drop,92,mean_knowledge,0.6145455682950918,0.6114427948497998,0.6176483417403837,30
Persistent drop,92,knowledge_rank_corr_with_initial,0.9936337442802554,0.9932717147359063,0.9939957738246046,30
Persistent drop,92,mean_ai_trust,0.4695866171463575,0.46906478581675715,0.4701084484759579,30
Persistent drop,92,mean_peer_trust,0.5381646931171418,0.5365878750581534,0.5397415111761301,30
Persistent drop,92,mean_tie_strength,0.469011390209198,0.4679009420030171,0.47012183841537897,30
Persistent drop,92,recent_active_tie_fraction,0.9087187929390648,0.9050308987866349,0.9124066870914946,30
Persistent drop,92,mean_unique_peer_partners,10.413703703703705,10.38774350498793,10.43966390241948,30
Persistent drop,92,network_density,0.05652389819987579,0.05643166487779691,0.056616131521954674,30
Persistent drop,92,ai_reliability,0.4800000000000001,0.48000000000000004,0.48000000000000015,30
Persistent drop,93,human_interaction_rate,0.6594444444444445,0.642981936156745,0.675906952732144,30
Persistent drop,93,ai_use_rate,0.6025925925925926,0.5877755155380824,0.6174096696471028,30
Persistent drop,93,mean_quality,0.5539002242682212,0.5507610789307411,0.5570393696057012,30
Persistent drop,93,mean_knowledge,0.6152349426526642,0.6121322872300194,0.618337598075309,30
Persistent drop,93,knowledge_rank_corr_with_initial,0.993587980628234,0.993220629997853,0.9939553312586149,30
Persistent drop,93,mean_ai_trust,0.4651478516008798,0.4646029743873204,0.4656927288144392,30
Persistent drop,93,mean_peer_trust,0.538786753018697,0.5371975043005873,0.5403760017368068,30
Persistent drop,93,mean_tie_strength,0.46826491753260296,0.46715429219485494,0.469375542870351,30
Persistent drop,93,recent_active_tie_fraction,0.9093423288966913,0.906009785901931,0.9126748718914516,30
Persistent drop,93,mean_unique_peer_partners,10.417037037037039,10.390848052853626,10.443226021220452,30
Persistent drop,93,network_density,0.056528036416304515,0.05643625949827092,0.05661981333433811,30
Persistent drop,93,ai_reliability,0.4800000000000001,0.48000000000000004,0.48000000000000015,30
Persistent drop,94,human_interaction_rate,0.6590740740740739,0.6471448635548948,0.6710032845932531,30
Persistent drop,94,ai_use_rate,0.596851851851852,0.5812927064566579,0.6124109972470461,30
Persistent drop,94,mean_quality,0.5525127064366445,0.5495893031740722,0.5554361096992169,30
Persistent drop,94,mean_knowledge,0.6159202375263815,0.6128193565738107,0.6190211184789522,30
Persistent drop,94,knowledge_rank_corr_with_initial,0.9935531709920264,0.9931848526837539,0.993921489300299,30
Persistent drop,94,mean_ai_trust,0.4611101937253549,0.4605576457198438,0.46166274173086597,30
Persistent drop,94,mean_peer_trust,0.5394023438294728,0.5378001410921852,0.5410045465667604,30
Persistent drop,94,mean_tie_strength,0.4675071805715561,0.4664004918370788,0.4686138693060334,30
Persistent drop,94,recent_active_tie_fraction,0.9120301044979551,0.9085522805944817,0.9155079284014285,30
Persistent drop,94,mean_unique_peer_partners,10.422222222222224,10.395422355893919,10.44902208855053,30
Persistent drop,94,network_density,0.05653838195737632,0.05644525248206879,0.056631511432683856,30
Persistent drop,94,ai_reliability,0.4800000000000001,0.48000000000000004,0.48000000000000015,30
Persistent drop,95,human_interaction_rate,0.660185185185185,0.6461039658385082,0.6742664045318618,30
Persistent drop,95,ai_use_rate,0.5959259259259259,0.5808881561466038,0.6109636957052479,30
Persistent drop,95,mean_quality,0.5539140690956894,0.5505537936274778,0.557274344563901,30
Persistent drop,95,mean_knowledge,0.616610362085956,0.6135107250898593,0.6197099990820527,30
Persistent drop,95,knowledge_rank_corr_with_initial,0.9935078514919444,0.9931373733409158,0.9938783296429731,30
Persistent drop,95,mean_ai_trust,0.4573023808556437,0.4567044058927179,0.45790035581856947,30
Persistent drop,95,mean_peer_trust,0.5400050679842631,0.5384007999652175,0.5416093360033086,30
Persistent drop,95,mean_tie_strength,0.4667136957248052,0.46561455133792523,0.46781284011168517,30
Persistent drop,95,recent_active_tie_fraction,0.9138577417872392,0.910382296022554,0.9173331875519244,30
Persistent drop,95,mean_unique_peer_partners,10.428888888888888,10.40159305239528,10.456184725382498,30
Persistent drop,95,network_density,0.056565280364163,0.056473989184478116,0.056656571543847886,30
Persistent drop,95,ai_reliability,0.4800000000000001,0.48000000000000004,0.48000000000000015,30
Persistent drop,96,human_interaction_rate,0.6585185185185184,0.6453111861831253,0.6717258508539115,30
Persistent drop,96,ai_use_rate,0.5935185185185184,0.5812507771038374,0.6057862599331995,30
Persistent drop,96,mean_quality,0.5524000799672073,0.5492005282690875,0.5555996316653271,30
Persistent drop,96,mean_knowledge,0.6172978716370205,0.6141996405321107,0.6203961027419304,30
Persistent drop,96,knowledge_rank_corr_with_initial,0.9934705670725674,0.9930984718393907,0.9938426623057441,30
Persistent drop,96,mean_ai_trust,0.4538657164093076,0.45326103139472057,0.45447040142389467,30
Persistent drop,96,mean_peer_trust,0.5406007627646129,0.5389887622775841,0.5422127632516417,30
Persistent drop,96,mean_tie_strength,0.46593096256256106,0.4648262659783205,0.4670356591468016,30
Persistent drop,96,recent_active_tie_fraction,0.9153555704628256,0.9125436891332555,0.9181674517923957,30
Persistent drop,96,mean_unique_peer_partners,10.435185185185187,10.406833687719324,10.46353668265105,30
Persistent drop,96,network_density,0.056588040554520956,0.056495030510051635,0.05668105059899028,30
Persistent drop,96,ai_reliability,0.4800000000000001,0.48000000000000004,0.48000000000000015,30
Persistent drop,97,human_interaction_rate,0.675,0.6645812141322207,0.6854187858677794,30
Persistent drop,97,ai_use_rate,0.5907407407407408,0.5773481924948475,0.6041332889866341,30
Persistent drop,97,mean_quality,0.5529052336310872,0.5493670657607592,0.5564434015014152,30
Persistent drop,97,mean_knowledge,0.6179849149619104,0.6148881507376092,0.6210816791862117,30
Persistent drop,97,knowledge_rank_corr_with_initial,0.9934171508977624,0.9930456669677898,0.9937886348277349,30
Persistent drop,97,mean_ai_trust,0.4507840444784541,0.45025723880007623,0.451310850156832,30
Persistent drop,97,mean_peer_trust,0.5412307620048523,0.5396071720598018,0.5428543519499028,30
Persistent drop,97,mean_tie_strength,0.46516259809335075,0.464062486474442,0.4662627097122595,30
Persistent drop,97,recent_active_tie_fraction,0.9171016559102363,0.9138163273569505,0.9203869844635221,30
Persistent drop,97,mean_unique_peer_partners,10.440000000000001,10.412294066296248,10.467705933703755,30
Persistent drop,97,network_density,0.05660666252845019,0.05651577811380526,0.05669754694309512,30
Persistent drop,97,ai_reliability,0.4800000000000001,0.48000000000000004,0.48000000000000015,30
Persistent drop,98,human_interaction_rate,0.6696296296296297,0.6569262895729585,0.6823329696863009,30
Persistent drop,98,ai_use_rate,0.5909259259259259,0.5773010418506018,0.6045508100012499,30
Persistent drop,98,mean_quality,0.5552162989074301,0.5522313976410437,0.5582012001738165,30
Persistent drop,98,mean_knowledge,0.6186745301264769,0.6155819143529462,0.6217671459000076,30
Persistent drop,98,knowledge_rank_corr_with_initial,0.9933719331366537,0.9929980496803525,0.9937458165929549,30
Persistent drop,98,mean_ai_trust,0.4478711538815043,0.447337840884582,0.44840446687842656,30
Persistent drop,98,mean_peer_trust,0.5418577790260315,0.5402367150447788,0.5434788430072842,30
Persistent drop,98,mean_tie_strength,0.46441002587477365,0.46331644999226385,0.46550360175728345,30
Persistent drop,98,recent_active_tie_fraction,0.9181828066242435,0.9149320462227196,0.9214335670257673,30
Persistent drop,98,mean_unique_peer_partners,10.444444444444446,10.417053091768562,10.471835797120331,30
Persistent drop,98,network_density,0.05661907717773635,0.05653134578889941,0.05670680856657329,30
Persistent drop,98,ai_reliability,0.4800000000000001,0.48000000000000004,0.48000000000000015,30
Persistent drop,99,human_interaction_rate,0.6596296296296296,0.6475342629603439,0.6717249962989152,30
Persistent drop,99,ai_use_rate,0.5883333333333333,0.5735301170494463,0.6031365496172202,30
Persistent drop,99,mean_quality,0.5568132290567703,0.5538875632990471,0.5597388948144936,30
Persistent drop,99,mean_knowledge,0.6193591375822981,0.6162691458830364,0.6224491292815598,30
Persistent drop,99,knowledge_rank_corr_with_initial,0.993333241835056,0.9929537521984836,0.9937127314716284,30
Persistent drop,99,mean_ai_trust,0.44519551818496017,0.44471794143395177,0.4456730949359686,30
Persistent drop,99,mean_peer_trust,0.5424690902233124,0.5408471742154477,0.544091006231177,30
Persistent drop,99,mean_tie_strength,0.46364593307177226,0.4625472448525508,0.46474462129099375,30
Persistent drop,99,recent_active_tie_fraction,0.9196330644875881,0.9161959713032426,0.9230701576719336,30
Persistent drop,99,mean_unique_peer_partners,10.451481481481483,10.423079780886916,10.479883182076051,30
Persistent drop,99,network_density,0.05663563004345122,0.05654813830053637,0.05672312178636607,30
Persistent drop,99,ai_reliability,0.4800000000000001,0.48000000000000004,0.48000000000000015,30
Persistent drop,100,human_interaction_rate,0.6683333333333333,0.6550988756205554,0.6815677910461113,30
Persistent drop,100,ai_use_rate,0.592037037037037,0.5803949048501209,0.6036791692239531,30
Persistent drop,100,mean_quality,0.5545922020037488,0.550955656752718,0.5582287472547797,30
Persistent drop,100,mean_knowledge,0.6200441869264353,0.6169535916725706,0.6231347821802999,30
Persistent drop,100,knowledge_rank_corr_with_initial,0.9932859150827195,0.9929038273322335,0.9936680028332054,30
Persistent drop,100,mean_ai_trust,0.4426169779392983,0.4421656318203631,0.44306832405823343,30
Persistent drop,100,mean_peer_trust,0.543095588684082,0.5414627198383202,0.5447284575298439,30
Persistent drop,100,mean_tie_strength,0.46289685368537903,0.4618023786905079,0.46399132868025017,30
Persistent drop,100,recent_active_tie_fraction,0.9198661380443756,0.9167223563981478,0.9230099196906033,30
Persistent drop,100,mean_unique_peer_partners,10.457407407407407,10.429626945885735,10.48518786892908,30
Persistent drop,100,network_density,0.05664804469273737,0.056562696630288685,0.05673339275518605,30
Persistent drop,100,ai_reliability,0.4800000000000001,0.48000000000000004,0.48000000000000015,30
Persistent drop,101,human_interaction_rate,0.6620370370370371,0.6510588019233121,0.6730152721507621,30
Persistent drop,101,ai_use_rate,0.6033333333333333,0.5904574981000362,0.6162091685666303,30
Persistent drop,101,mean_quality,0.5595693681576631,0.5561687404062412,0.562969995909085,30
Persistent drop,101,mean_knowledge,0.6207306987404858,0.6176428176081706,0.623818579872801,30
Persistent drop,101,knowledge_rank_corr_with_initial,0.993235667117353,0.992850552118544,0.993620782116162,30
Persistent drop,101,mean_ai_trust,0.4403177388674993,0.43991868077413476,0.44071679696086385,30
Persistent drop,101,mean_peer_trust,0.5437382797400157,0.5420981412350578,0.5453784182449735,30
Persistent drop,101,mean_tie_strength,0.46215998629728955,0.4610652851343688,0.4632546874602103,30
Persistent drop,101,recent_active_tie_fraction,0.9207540972414494,0.917661681435677,0.9238465130472219,30
Persistent drop,101,mean_unique_peer_partners,10.46111111111111,10.432850484063183,10.489371738159038,30
Persistent drop,101,network_density,0.05665425201738046,0.05656706784079049,0.05674143619397043,30
Persistent drop,101,ai_reliability,0.4800000000000001,0.48000000000000004,0.48000000000000015,30
Persistent drop,102,human_interaction_rate,0.6751851851851851,0.6640906422287368,0.6862797281416334,30
Persistent drop,102,ai_use_rate,0.5877777777777777,0.5749851923520307,0.6005703632035247,30
Persistent drop,102,mean_quality,0.5596951597056581,0.5561936288433513,0.5631966905679648,30
Persistent drop,102,mean_knowledge,0.6214182629791704,0.6183300349071915,0.6245064910511492,30
Persistent drop,102,knowledge_rank_corr_with_initial,0.9931860690419128,0.9927985325028414,0.9935736055809841,30
Persistent drop,102,mean_ai_trust,0.4381371406762794,0.43768636794358734,0.43858791340897146,30
Persistent drop,102,mean_peer_trust,0.5443754156430562,0.5427215625270403,0.5460292687590722,30
Persistent drop,102,mean_tie_strength,0.461405477921168,0.460309352902782,0.46250160293955395,30
Persistent drop,102,recent_active_tie_fraction,0.9207027660544806,0.9175713697903096,0.9238341623186517,30
Persistent drop,102,mean_unique_peer_partners,10.465185185185184,10.436966947612804,10.493403422757565,30
Persistent drop,102,network_density,0.05667080488309533,0.0565837624810143,0.05675784728517636,30
Persistent drop,102,ai_reliability,0.4800000000000001,0.48000000000000004,0.48000000000000015,30
Persistent drop,103,human_interaction_rate,0.6764814814814814,0.6640622609420336,0.6889007020209291,30
Persistent drop,103,ai_use_rate,0.5837037037037037,0.5715349470937984,0.5958724603136091,30
Persistent drop,103,mean_quality,0.5583978566516508,0.5552048575300218,0.5615908557732797,30
Persistent drop,103,mean_knowledge,0.6221007854640106,0.6190143447171486,0.6251872262108726,30
Persistent drop,103,knowledge_rank_corr_with_initial,0.9931426095629781,0.992749375547108,0.9935358435788482,30
Persistent drop,103,mean_ai_trust,0.43608556704799156,0.4356164054011228,0.43655472869486034,30
Persistent drop,103,mean_peer_trust,0.5450049936771393,0.5433448649288446,0.546665122425434,30
Persistent drop,103,mean_tie_strength,0.4606830964485804,0.45958803963684447,0.46177815326031635,30
Persistent drop,103,recent_active_tie_fraction,0.9212500838698997,0.918141018042109,0.9243591496976904,30
Persistent drop,103,mean_unique_peer_partners,10.467407407407409,10.43872598621393,10.496088828600888,30
Persistent drop,103,network_density,0.0566728739913097,0.05658614786903362,0.05675960011358578,30
Persistent drop,103,ai_reliability,0.4800000000000001,0.48000000000000004,0.48000000000000015,30
Persistent drop,104,human_interaction_rate,0.6755555555555556,0.662182227182368,0.6889288839287432,30
Persistent drop,104,ai_use_rate,0.5892592592592593,0.5753813198734089,0.6031371986451096,30
Persistent drop,104,mean_quality,0.5576474856744078,0.5542111580294481,0.5610838133193675,30
Persistent drop,104,mean_knowledge,0.6227811588131568,0.6196961386346608,0.6258661789916528,30
Persistent drop,104,knowledge_rank_corr_with_initial,0.9930859146721275,0.9926916586386628,0.9934801707055921,30
Persistent drop,104,mean_ai_trust,0.43428904113835626,0.43383677257992165,0.43474130969679087,30
Persistent drop,104,mean_peer_trust,0.5456392884254455,0.5439728074549092,0.5473057693959819,30
Persistent drop,104,mean_tie_strength,0.4599310169617335,0.4588444347793647,0.4610175991441023,30
Persistent drop,104,recent_active_tie_fraction,0.9233847179584607,0.9204746009820842,0.9262948349348371,30
Persistent drop,104,mean_unique_peer_partners,10.471481481481481,10.442373793026658,10.500589169936305,30
Persistent drop,104,network_density,0.05668942685702458,0.05660165324565106,0.0567772004683981,30
Persistent drop,104,ai_reliability,0.4800000000000001,0.48000000000000004,0.48000000000000015,30
Persistent drop,105,human_interaction_rate,0.6735185185185185,0.6607691196783717,0.6862679173586653,30
Persistent drop,105,ai_use_rate,0.5824074074074074,0.5703593680765646,0.5944554467382501,30
Persistent drop,105,mean_quality,0.5612325724028537,0.5579881434426317,0.5644770013630758,30
Persistent drop,105,mean_knowledge,0.6234616909828488,0.6203790486977696,0.6265443332679279,30
Persistent drop,105,knowledge_rank_corr_with_initial,0.9930409622265362,0.9926425212882728,0.9934394031647995,30
Persistent drop,105,mean_ai_trust,0.43259202465706925,0.432117198107238,0.4330668512069005,30
Persistent drop,105,mean_peer_trust,0.5462667902310689,0.5445934189350969,0.547940161527041,30
Persistent drop,105,mean_tie_strength,0.459176179766655,0.4580916630870193,0.46026069644629064,30
Persistent drop,105,recent_active_tie_fraction,0.9236004521846445,0.920043036650458,0.927157867718831,30
Persistent drop,105,mean_unique_peer_partners,10.477037037037036,10.447000996080856,10.507073077993216,30
Persistent drop,105,network_density,0.05670804883095381,0.05662139037860541,0.05679470728330221,30
Persistent drop,105,ai_reliability,0.4800000000000001,0.48000000000000004,0.48000000000000015,30
Persistent drop,106,human_interaction_rate,0.6796296296296297,0.6650487902700675,0.6942104689891919,30
Persistent drop,106,ai_use_rate,0.5822222222222223,0.567120773129431,0.5973236713150136,30
Persistent drop,106,mean_quality,0.5589158441546139,0.5559281371850238,0.5619035511242041,30
Persistent drop,106,mean_knowledge,0.6241456324639076,0.621065581009863,0.6272256839179523,30
Persistent drop,106,knowledge_rank_corr_with_initial,0.9929825644030159,0.9925803470368346,0.9933847817691972,30
Persistent drop,106,mean_ai_trust,0.43085013020696356,0.4303453454264093,0.4313549149875178,30
Persistent drop,106,mean_peer_trust,0.5468950410683949,0.5452124292543848,0.548577652882405,30
Persistent drop,106,mean_tie_strength,0.45844479103883107,0.45735703358469787,0.45953254849296427,30
Persistent drop,106,recent_active_tie_fraction,0.9244495362498678,0.9214158883292269,0.9274831841705087,30
Persistent drop,106,mean_unique_peer_partners,10.48148148148148,10.45153648503048,10.511426477932478,30
Persistent drop,106,network_density,0.05671839437202562,0.056632110842117674,0.05680467790193356,30
Persistent drop,106,ai_reliability,0.4800000000000001,0.48000000000000004,0.48000000000000015,30
Persistent drop,107,human_interaction_rate,0.685185185185185,0.6735730456600002,0.6967973247103698,30
Persistent drop,107,ai_use_rate,0.5824074074074074,0.5708112530311652,0.5940035617836495,30
Persistent drop,107,mean_quality,0.5598301931680151,0.5567008276425924,0.5629595586934377,30
Persistent drop,107,mean_knowledge,0.6248271655333099,0.6217512852068898,0.6279030458597299,30
Persistent drop,107,knowledge_rank_corr_with_initial,0.9929323864839789,0.9925260268301015,0.9933387461378562,30
Persistent drop,107,mean_ai_trust,0.4292292017557877,0.4287723848188705,0.42968601869270495,30
Persistent drop,107,mean_peer_trust,0.5475349267323811,0.5458488097928009,0.5492210436719613,30
Persistent drop,107,mean_tie_strength,0.4576968987782796,0.4566124097564698,0.4587813878000895,30
Persistent drop,107,recent_active_tie_fraction,0.9254619901892842,0.9226014423745341,0.9283225380040343,30
Persistent drop,107,mean_unique_peer_partners,10.487407407407407,10.45827831461378,10.516536500201033,30
Persistent drop,107,network_density,0.05673701634595484,0.05664601988966313,0.05682801280224656,30
Persistent drop,107,ai_reliability,0.4800000000000001,0.48000000000000004,0.48000000000000015,30
Persistent drop,108,human_interaction_rate,0.6874074074074075,0.6740859626741654,0.7007288521406495,30
Persistent drop,108,ai_use_rate,0.580925925925926,0.5685067053864782,0.5933451464653737,30
Persistent drop,108,mean_quality,0.5602345160385521,0.5571043373628126,0.5633646947142916,30
Persistent drop,108,mean_knowledge,0.6255049883310865,0.6224313480298034,0.6285786286323696,30
Persistent drop,108,knowledge_rank_corr_with_initial,0.9928875822331974,0.9924780943871764,0.9932970700792184,30
Persistent drop,108,mean_ai_trust,0.4277876075288583,0.4273435046035641,0.42823171045415254,30
Persistent drop,108,mean_peer_trust,0.5481829305489858,0.5464875847655073,0.5498782763324643,30
Persistent drop,108,mean_tie_strength,0.45697515706221264,0.45589352246406534,0.45805679166035995,30
Persistent drop,108,recent_active_tie_fraction,0.9258346323641145,0.9228468068668935,0.9288224578613354,30
Persistent drop,108,mean_unique_peer_partners,10.49,10.46079730123485,10.51920269876515,30
Persistent drop,108,network_density,0.05674322367059793,0.05665381893225098,0.056832628408944874,30
Persistent drop,108,ai_reliability,0.4800000000000001,0.48000000000000004,0.48000000000000015,30
Persistent drop,109,human_interaction_rate,0.6762962962962961,0.66446137779716,0.6881312147954322,30
Persistent drop,109,ai_use_rate,0.5798148148148148,0.5668027437829458,0.5928268858466837,30
Persistent drop,109,mean_quality,0.5608673875157317,0.5576914643880135,0.5640433106434499,30
Persistent drop,109,mean_knowledge,0.6261874189189152,0.6231147352584411,0.6292601025793892,30
Persistent drop,109,knowledge_rank_corr_with_initial,0.9928352544372184,0.9924218896778972,0.9932486191965396,30
Persistent drop,109,mean_ai_trust,0.4264867156694105,0.42602634355774416,0.4269470877810768,30
Persistent drop,109,mean_peer_trust,0.5488164047400157,0.5471116505152749,0.5505211589647565,30
Persistent drop,109,mean_tie_strength,0.45623317658901213,0.4551540894345315,0.45731226374349276,30
Persistent drop,109,recent_active_tie_fraction,0.9254204196340063,0.9220717263768469,0.9287691128911658,30
Persistent drop,109,mean_unique_peer_partners,10.497037037037039,10.467680602339618,10.52639347173446,30
Persistent drop,109,network_density,0.05675977653631281,0.056673564605064536,0.05684598846756109,30
Persistent drop,109,ai_reliability,0.4800000000000001,0.48000000000000004,0.48000000000000015,30
Persistent drop,110,human_interaction_rate,0.6872222222222221,0.6732566993314664,0.7011877451129778,30
Persistent drop,110,ai_use_rate,0.5801851851851851,0.5657747960229553,0.594595574347415,30
Persistent drop,110,mean_quality,0.562818004372247,0.5598291389640866,0.5658068697804075,30
Persistent drop,110,mean_knowledge,0.6268727345812564,0.6238028951817549,0.6299425739807578,30
Persistent drop,110,knowledge_rank_corr_with_initial,0.99277925902224,0.9923626084714382,0.9931959095730417,30
Persistent drop,110,mean_ai_trust,0.42529663628038444,0.4248446815407042,0.4257485910200647,30
Persistent drop,110,mean_peer_trust,0.54946182568868,0.5477483138521058,0.5511753375252542,30
Persistent drop,110,mean_tie_strength,0.4555061419804891,0.45442938258437304,0.4565829013766052,30
Persistent drop,110,recent_active_tie_fraction,0.9257605660184549,0.9227784450973199,0.92874268693959,30
Persistent drop,110,mean_unique_peer_partners,10.500370370370371,10.471246372421053,10.529494368319689,30
Persistent drop,110,network_density,0.05677219118559896,0.05668641010128166,0.056857972269916256,30
Persistent drop,110,ai_reliability,0.4800000000000001,0.48000000000000004,0.48000000000000015,30
Persistent drop,111,human_interaction_rate,0.6953703703703703,0.6821591060831327,0.7085816346576079,30
Persistent drop,111,ai_use_rate,0.5722222222222223,0.5584401369744856,0.586004307469959,30
Persistent drop,111,mean_quality,0.5603493183625662,0.5567134132140177,0.5639852235111147,30
Persistent drop,111,mean_knowledge,0.6275542854029287,0.624484670618373,0.6306239001874844,30
Persistent drop,111,knowledge_rank_corr_with_initial,0.9927165328313083,0.9922956004868735,0.9931374651757432,30
Persistent drop,111,mean_ai_trust,0.42417867698382367,0.4236860032607169,0.4246713507069304,30
Persistent drop,111,mean_peer_trust,0.550104308128357,0.5483809598629988,0.5518276563937151,30
Persistent drop,111,mean_tie_strength,0.4547657092412313,0.453685173323549,0.45584624515891353,30
Persistent drop,111,recent_active_tie_fraction,0.9258969410587307,0.923318542612044,0.9284753395054173,30
Persistent drop,111,mean_unique_peer_partners,10.507037037037037,10.47766948356241,10.536404590511664,30
Persistent drop,111,network_density,0.05679288226774257,0.056705744142566565,0.05688002039291857,30
Persistent drop,111,ai_reliability,0.4800000000000001,0.48000000000000004,0.48000000000000015,30
Persistent drop,112,human_interaction_rate,0.6835185185185185,0.6711375932930532,0.6958994437439838,30
Persistent drop,112,ai_use_rate,0.5698148148148149,0.5546321872837987,0.5849974423458311,30
Persistent drop,112,mean_quality,0.5635738241500493,0.5607575793176035,0.5663900689824951,30
Persistent drop,112,mean_knowledge,0.6282340540305039,0.6251672469320942,0.6313008611289136,30
Persistent drop,112,knowledge_rank_corr_with_initial,0.9926675964071879,0.9922428636905959,0.99309232912378,30
Persistent drop,112,mean_ai_trust,0.42315029512169994,0.42268662267421964,0.42361396756918024,30
Persistent drop,112,mean_peer_trust,0.5507417758305867,0.5490116169030075,0.5524719347581659,30
Persistent drop,112,mean_tie_strength,0.45402620633443197,0.452948385108092,0.45510402756077195,30
Persistent drop,112,recent_active_tie_fraction,0.9268665206678098,0.9238796343284745,0.9298534070071451,30
Persistent drop,112,mean_unique_peer_partners,10.511851851851853,10.482475204326054,10.541228499377652,30
Persistent drop,112,network_density,0.05681150424167179,0.056725059831604016,0.05689794865173957,30
Persistent drop,112,ai_reliability,0.4800000000000001,0.48000000000000004,0.48000000000000015,30
Persistent drop,113,human_interaction_rate,0.6898148148148148,0.6751249756894894,0.7045046539401402,30
Persistent drop,113,ai_use_rate,0.5672222222222223,0.552329058481851,0.5821153859625936,30
Persistent drop,113,mean_quality,0.5627694772199516,0.5596606560052806,0.5658782984346227,30
Persistent drop,113,mean_knowledge,0.6289166770269019,0.6258503295046167,0.6319830245491871,30
Persistent drop,113,knowledge_rank_corr_with_initial,0.9926115097779962,0.9921810578612473,0.993041961694745,30
Persistent drop,113,mean_ai_trust,0.42227960465119047,0.4217718869896619,0.42278732231271904,30
Persistent drop,113,mean_peer_trust,0.5513990223407745,0.5496560185700161,0.553142026111533,30
Persistent drop,113,mean_tie_strength,0.4533084392547607,0.45222932169139735,0.4543875568181241,30
Persistent drop,113,recent_active_tie_fraction,0.9265201044836782,0.9237005807511157,0.9293396282162406,30
Persistent drop,113,mean_unique_peer_partners,10.515925925925927,10.48673678112812,10.545115070723735,30
Persistent drop,113,network_density,0.0568218497827436,0.05673520914705535,0.05690849041843185,30
Persistent drop,113,ai_reliability,0.4800000000000001,0.48000000000000004,0.48000000000000015,30
Persistent drop,114,human_interaction_rate,0.6887037037037035,0.6760383857169667,0.7013690216904402,30
Persistent drop,114,ai_use_rate,0.5727777777777778,0.5594405613183049,0.5861149942372508,30
Persistent drop,114,mean_quality,0.5638421632517079,0.56045923715089,0.5672250893525258,30
Persistent drop,114,mean_knowledge,0.6295965284958341,0.6265320401936925,0.6326610167979758,30
Persistent drop,114,knowledge_rank_corr_with_initial,0.9925494844501368,0.9921154615639906,0.992983507336283,30
Persistent drop,114,mean_ai_trust,0.4213023170913374,0.4208962150257637,0.42170841915691115,30
Persistent drop,114,mean_peer_trust,0.5520441671212514,0.5502904621822602,0.5537978720602426,30
Persistent drop,114,mean_tie_strength,0.4526017278432846,0.4515259207902067,0.45367753489636253,30
Persistent drop,114,recent_active_tie_fraction,0.9266340931392408,0.9236008778788831,0.9296673083995985,30
Persistent drop,114,mean_unique_peer_partners,10.51814814814815,10.48916716947982,10.547129126816479,30
Persistent drop,114,network_density,0.05682598799917233,0.05673953287440498,0.05691244312393968,30
Persistent drop,114,ai_reliability,0.4800000000000001,0.48000000000000004,0.48000000000000015,30
Persistent drop,115,human_interaction_rate,0.6914814814814814,0.678084501796131,0.7048784611668317,30
Persistent drop,115,ai_use_rate,0.5783333333333334,0.5641862267397593,0.5924804399269075,30
Persistent drop,115,mean_quality,0.5640827431844964,0.5611823789455894,0.5669831074234033,30
Persistent drop,115,mean_knowledge,0.6302756210124157,0.6272109280220066,0.6333403140028249,30
Persistent drop,115,knowledge_rank_corr_with_initial,0.9925129030435687,0.9920767946812616,0.9929490114058757,30
Persistent drop,115,mean_ai_trust,0.42042558241623773,0.4199892628763924,0.4208619019560831,30
Persistent drop,115,mean_peer_trust,0.5526921212673187,0.5509269493778961,0.5544572931567413,30
Persistent drop,115,mean_tie_strength,0.45188959737618767,0.45080895343327887,0.45297024131909647,30
Persistent drop,115,recent_active_tie_fraction,0.9265343379409556,0.9237681455645327,0.9293005303173786,30
Persistent drop,115,mean_unique_peer_partners,10.522592592592593,10.49348898293948,10.551696202245706,30
Persistent drop,115,network_density,0.056834264432029755,0.056745929781953516,0.05692259908210599,30
Persistent drop,115,ai_reliability,0.4800000000000001,0.48000000000000004,0.48000000000000015,30
Persistent drop,116,human_interaction_rate,0.6914814814814815,0.6784779665829023,0.7044849963800607,30
Persistent drop,116,ai_use_rate,0.5694444444444445,0.5538465614737204,0.5850423274151687,30
Persistent drop,116,mean_quality,0.5672270296702266,0.5639317658837156,0.5705222934567377,30
Persistent drop,116,mean_knowledge,0.6309536294600905,0.62789195419902,0.634015304721161,30
Persistent drop,116,knowledge_rank_corr_with_initial,0.9924584644056007,0.9920150985217643,0.9929018302894371,30
Persistent drop,116,mean_ai_trust,0.4196264980682142,0.41917188851594506,0.4200811076204834,30
Persistent drop,116,mean_peer_trust,0.553334093093872,0.5515580225370255,0.5551101636507186,30
Persistent drop,116,mean_tie_strength,0.4511543353398641,0.45007387617598715,0.45223479450374104,30
Persistent drop,116,recent_active_tie_fraction,0.9265593588931412,0.9237640524329324,0.9293546653533501,30
Persistent drop,116,mean_unique_peer_partners,10.528518518518519,10.49953344379175,10.557503593245288,30
Persistent drop,116,network_density,0.05685495551417336,0.056769969988672515,0.05693994103967421,30
Persistent drop,116,ai_reliability,0.4800000000000001,0.48000000000000004,0.48000000000000015,30
Persistent drop,117,human_interaction_rate,0.7031481481481482,0.6918160578029809,0.7144802384933154,30
Persistent drop,117,ai_use_rate,0.5635185185185185,0.5501553656762819,0.5768816713607552,30
Persistent drop,117,mean_quality,0.5653861941036964,0.562407698336179,0.5683646898712138,30
Persistent drop,117,mean_knowledge,0.6316343873357402,0.6285732665996756,0.6346955080718047,30
Persistent drop,117,knowledge_rank_corr_with_initial,0.9923977449972735,0.9919520081412295,0.9928434818533175,30
Persistent drop,117,mean_ai_trust,0.41895103610856604,0.4184411774790419,0.4194608947380902,30
Persistent drop,117,mean_peer_trust,0.5540018200874328,0.5522207741716049,0.5557828660032608,30
Persistent drop,117,mean_tie_strength,0.4504445721705755,0.44936619586364607,0.4515229484775049,30
Persistent drop,117,recent_active_tie_fraction,0.9281370837533813,0.9256789883582862,0.9305951791484764,30
Persistent drop,117,mean_unique_peer_partners,10.535185185185185,10.505744957957036,10.564625412413333,30
Persistent drop,117,network_density,0.056865301055245156,0.05677765064978763,0.05695295146070268,30
Persistent drop,117,ai_reliability,0.4800000000000001,0.48000000000000004,0.48000000000000015,30
Persistent drop,118,human_interaction_rate,0.6996296296296297,0.685560534800989,0.7136987244582704,30
Persistent drop,118,ai_use_rate,0.5616666666666666,0.5477735872850698,0.5755597460482635,30
Persistent drop,118,mean_quality,0.5664796771465462,0.5628122917273504,0.5701470625657421,30
Persistent drop,118,mean_knowledge,0.6323109062627199,0.629251148009343,0.6353706645160968,30
Persistent drop,118,knowledge_rank_corr_with_initial,0.9923416797711228,0.9918953375531562,0.9927880219890893,30
Persistent drop,118,mean_ai_trust,0.41835377567801285,0.41778405707992844,0.41892349427609726,30
Persistent drop,118,mean_peer_trust,0.5546599308649699,0.5528735078652127,0.5564463538647271,30
Persistent drop,118,mean_tie_strength,0.44973495105902356,0.4486544234680572,0.45081547864998994,30
Persistent drop,118,recent_active_tie_fraction,0.9285916308434796,0.9262222256629086,0.9309610360240507,30
Persistent drop,118,mean_unique_peer_partners,10.539629629629628,10.510137027172505,10.569122232086752,30
Persistent drop,118,network_density,0.05687564659631695,0.056787242066750246,0.05696405112588365,30
Persistent drop,118,ai_reliability,0.4800000000000001,0.48000000000000004,0.48000000000000015,30
Persistent drop,119,human_interaction_rate,0.6922222222222223,0.6783157977091395,0.7061286467353051,30
Persistent drop,119,ai_use_rate,0.5772222222222222,0.5639072771592004,0.590537167285244,30
Persistent drop,119,mean_quality,0.5676016416874907,0.5641936250031584,0.571009658371823,30
Persistent drop,119,mean_knowledge,0.6329849155946742,0.6299275318328268,0.6360422993565216,30
Persistent drop,119,knowledge_rank_corr_with_initial,0.992277911372145,0.9918250677429576,0.9927307550013325,30
Persistent drop,119,mean_ai_trust,0.4176032771911005,0.417056737873916,0.41814981650828503,30
Persistent drop,119,mean_peer_trust,0.5553292532761892,0.5535361932073195,0.5571223133450589,30
Persistent drop,119,mean_tie_strength,0.4490285277366638,0.44794178913061267,0.4501152663427149,30
Persistent drop,119,recent_active_tie_fraction,0.9287814614868338,0.9259159289951301,0.9316469939785376,30
Persistent drop,119,mean_unique_peer_partners,10.542222222222222,10.512695089604385,10.571749354840058,30
Persistent drop,119,network_density,0.056883923029174395,0.05679148906878558,0.05697635698956321,30
Persistent drop,119,ai_reliability,0.4800000000000001,0.48000000000000004,0.48000000000000015,30
Persistent drop,120,human_interaction_rate,0.6877777777777776,0.6748697126186307,0.7006858429369245,30
Persistent drop,120,ai_use_rate,0.5696296296296296,0.556740739241399,0.5825185200178602,30
Persistent drop,120,mean_quality,0.5676674064460608,0.5649329185895968,0.5704018943025249,30
Persistent drop,120,mean_knowledge,0.6336608145484701,0.6306071596720583,0.636714469424882,30
Persistent drop,120,knowledge_rank_corr_with_initial,0.9922230482834685,0.9917632705498441,0.9926828260170929,30
Persistent drop,120,mean_ai_trust,0.41699441344014865,0.41647122195371555,0.41751760492658174,30
Persistent drop,120,mean_peer_trust,0.5559919039408366,0.5541918862162188,0.5577919216654544,30
Persistent drop,120,mean_tie_strength,0.44832659761110943,0.4472449818004488,0.44940821342177006,30
Persistent drop,120,recent_active_tie_fraction,0.9277680829870829,0.9251528919818339,0.9303832739923319,30
Persistent drop,120,mean_unique_peer_partners,10.547777777777776,10.516669661974943,10.57888589358061,30
Persistent drop,120,network_density,0.05689013035381747,0.05679826936787394,0.05698199133976101,30
Persistent drop,120,ai_reliability,0.4800000000000001,0.48000000000000004,0.48000000000000015,30
Persistent drop,121,human_interaction_rate,0.686111111111111,0.674976291794978,0.697245930427244,30
Persistent drop,121,ai_use_rate,0.5716666666666668,0.5603783111546748,0.5829550221786587,30
Persistent drop,121,mean_quality,0.5686357470411068,0.5652778769560013,0.5719936171262122,30
Persistent drop,121,mean_knowledge,0.6343322817109169,0.6312795184231907,0.6373850449986431,30
Persistent drop,121,knowledge_rank_corr_with_initial,0.9921672005897572,0.9917012859083761,0.9926331152711382,30
Persistent drop,121,mean_ai_trust,0.4164486212727302,0.41587944583231357,0.4170177967131468,30
Persistent drop,121,mean_peer_trust,0.5566265602906545,0.5548197880456583,0.5584333325356506,30
Persistent drop,121,mean_tie_strength,0.44760421216487883,0.4465264225391785,0.44868200179057915,30
Persistent drop,121,recent_active_tie_fraction,0.9275729980765038,0.924873037985094,0.9302729581679137,30
Persistent drop,121,mean_unique_peer_partners,10.553333333333335,10.523051924752275,10.583614741914394,30
Persistent drop,121,network_density,0.056906683219532336,0.0568187514542132,0.05699461498485147,30
Persistent drop,121,ai_reliability,0.4800000000000001,0.48000000000000004,0.48000000000000015,30
Persistent drop,122,human_interaction_rate,0.7038888888888888,0.693018419312162,0.7147593584656156,30
Persistent drop,122,ai_use_rate,0.5592592592592592,0.5434949794409448,0.5750235390775736,30
Persistent drop,122,mean_quality,0.5676481614866169,0.564597890299784,0.5706984326734498,30
Persistent drop,122,mean_knowledge,0.6350090093693539,0.6319578255337966,0.6380601932049111,30
Persistent drop,122,knowledge_rank_corr_with_initial,0.9921120047654044,0.9916410403464304,0.9925829691843784,30
Persistent drop,122,mean_ai_trust,0.41581605449069187,0.4153100145849214,0.41632209439646234,30
Persistent drop,122,mean_peer_trust,0.5572794000307719,0.5554610209227824,0.5590977791387615,30
Persistent drop,122,mean_tie_strength,0.44690606792767845,0.44583129872139426,0.44798083713396264,30
Persistent drop,122,recent_active_tie_fraction,0.9274371603026546,0.9243870249639936,0.9304872956413155,30
Persistent drop,122,mean_unique_peer_partners,10.557037037037036,10.52610912468121,10.587964949392862,30
Persistent drop,122,network_density,0.056914959652389775,0.05682688754420691,0.05700303176057264,30
Persistent drop,122,ai_reliability,0.4800000000000001,0.48000000000000004,0.48000000000000015,30
Persistent drop,123,human_interaction_rate,0.6935185185185184,0.6788894163259267,0.7081476207111101,30
Persistent drop,123,ai_use_rate,0.5640740740740741,0.5475523293284742,0.5805958188196739,30
Persistent drop,123,mean_quality,0.5682777453449994,0.5648542242191588,0.5717012664708401,30
Persistent drop,123,mean_knowledge,0.6356796339221124,0.6326299365540918,0.6387293312901329,30
Persistent drop,123,knowledge_rank_corr_with_initial,0.9920626862089463,0.9915893088160267,0.992536063601866,30
Persistent drop,123,mean_ai_trust,0.41527122789679305,0.41473459753752634,0.41580785825605976,30
Persistent drop,123,mean_peer_trust,0.557932871580124,0.5560997004202102,0.5597660427400377,30
Persistent drop,123,mean_tie_strength,0.4462088972330093,0.4451353882624326,0.44728240620358606,30
Persistent drop,123,recent_active_tie_fraction,0.9279119526394809,0.9245937169297913,0.9312301883491705,30
Persistent drop,123,mean_unique_peer_partners,10.559259259259257,10.528725381945963,10.58979313657255,30
Persistent drop,123,network_density,0.05692116697703285,0.05683170699942309,0.05701062695464262,30
Persistent drop,123,ai_reliability,0.4800000000000001,0.48000000000000004,0.48000000000000015,30
Persistent drop,124,human_interaction_rate,0.6957407407407408,0.6840350500735267,0.7074464314079548,30
Persistent drop,124,ai_use_rate,0.5598148148148148,0.5476004134158402,0.5720292162137893,30
Persistent drop,124,mean_quality,0.5701636365564343,0.5668427031450639,0.5734845699678047,30
Persistent drop,124,mean_knowledge,0.6363535050321725,0.6333054333263927,0.6394015767379523,30
Persistent drop,124,knowledge_rank_corr_with_initial,0.9920088132828656,0.9915359053073021,0.9924817212584292,30
Persistent drop,124,mean_ai_trust,0.41482904497298545,0.41428804450397066,0.41537004544200024,30
Persistent drop,124,mean_peer_trust,0.5585665841897328,0.5567275724450949,0.5604055959343708,30
Persistent drop,124,mean_tie_strength,0.44549071590105693,0.4444167160135247,0.44656471578858914,30
Persistent drop,124,recent_active_tie_fraction,0.9286660631768715,0.9253706393739742,0.9319614869797688,30
Persistent drop,124,mean_unique_peer_partners,10.564814814814813,10.534914451964166,10.59471517766546,30
Persistent drop,124,network_density,0.0569397889509621,0.056847445223865964,0.057032132678058234,30
Persistent drop,124,ai_reliability,0.4800000000000001,0.48000000000000004,0.48000000000000015,30
Persistent drop,125,human_interaction_rate,0.6979629629629629,0.6860461985873817,0.7098797273385441,30
Persistent drop,125,ai_use_rate,0.5566666666666666,0.54588873674339,0.5674445965899433,30
Persistent drop,125,mean_quality,0.5722130825197381,0.5690259162571081,0.5754002487823682,30
Persistent drop,125,mean_knowledge,0.6370256665380016,0.6339810219473428,0.6400703111286604,30
Persistent drop,125,knowledge_rank_corr_with_initial,0.9919552595528169,0.9914797049204531,0.9924308141851808,30
Persistent drop,125,mean_ai_trust,0.41435349866644144,0.41381012492171443,0.41489687241116846,30
Persistent drop,125,mean_peer_trust,0.5592158476511637,0.5573750959422362,0.5610565993600912,30
Persistent drop,125,mean_tie_strength,0.44478487471739453,0.44371755025163795,0.4458521991831511,30
Persistent drop,125,recent_active_tie_fraction,0.9292294441058482,0.9263474329911233,0.932111455220573,30
Persistent drop,125,mean_unique_peer_partners,10.57037037037037,10.540884813005873,10.599855927734867,30
Persistent drop,125,network_density,0.056952203600248254,0.05685678156555669,0.05704762563493982,30
Persistent drop,125,ai_reliability,0.4800000000000001,0.48000000000000004,0.48000000000000015,30
Persistent drop,126,human_interaction_rate,0.7016666666666667,0.6895931991199508,0.7137401342133826,30
Persistent drop,126,ai_use_rate,0.5618518518518519,0.5491601987614286,0.5745435049422752,30
Persistent drop,126,mean_quality,0.5716176534714046,0.5683536392427938,0.5748816677000154,30
Persistent drop,126,mean_knowledge,0.6377038466608836,0.6346596316659628,0.6407480616558044,30
Persistent drop,126,knowledge_rank_corr_with_initial,0.9918992688912422,0.9914253388423555,0.992373198940129,30
Persistent drop,126,mean_ai_trust,0.4139397433469107,0.41341974694281947,0.4144597397510019,30
Persistent drop,126,mean_peer_trust,0.5598564088344574,0.5580058857294282,0.5617069319394866,30
Persistent drop,126,mean_tie_strength,0.44407738546530406,0.4430111596101042,0.44514361132050395,30
Persistent drop,126,recent_active_tie_fraction,0.9284447455108374,0.9252934055138409,0.931596085507834,30
Persistent drop,126,mean_unique_peer_partners,10.575555555555557,10.546968108626515,10.604143002484598,30
Persistent drop,126,network_density,0.05696875646596313,0.05687471639314446,0.0570627965387818,30
Persistent drop,126,ai_reliability,0.4800000000000001,0.48000000000000004,0.48000000000000015,30
Persistent drop,127,human_interaction_rate,0.7048148148148148,0.6933907768200055,0.7162388528096241,30
Persistent drop,127,ai_use_rate,0.5529629629629631,0.5372893121411707,0.5686366137847555,30
Persistent drop,127,mean_quality,0.5704437488449144,0.5671628269316134,0.5737246707582155,30
Persistent drop,127,mean_knowledge,0.6383777481299784,0.6353353390719093,0.6414201571880475,30
Persistent drop,127,knowledge_rank_corr_with_initial,0.9918350107008782,0.9913614034800605,0.9923086179216959,30
Persistent drop,127,mean_ai_trust,0.4136020409327168,0.4131629748278148,0.4140411070376188,30
Persistent drop,127,mean_peer_trust,0.5605185548464457,0.5586649021464006,0.5623722075464909,30
Persistent drop,127,mean_tie_strength,0.4433765679597855,0.4423114363888192,0.44444169953075174,30
Persistent drop,127,recent_active_tie_fraction,0.9299569179888851,0.9266737538571915,0.9332400821205787,30
Persistent drop,127,mean_unique_peer_partners,10.580000000000002,10.551308922458784,10.60869107754122,30
Persistent drop,127,network_density,0.05698324022346365,0.0568877696649781,0.0570787107819492,30
Persistent drop,127,ai_reliability,0.4800000000000001,0.48000000000000004,0.48000000000000015,30
Persistent drop,128,human_interaction_rate,0.701111111111111,0.6864281765700996,0.7157940456521225,30
Persistent drop,128,ai_use_rate,0.5603703703703704,0.542336980097681,0.5784037606430598,30
Persistent drop,128,mean_quality,0.5725018762166376,0.5695469732724598,0.5754567791608154,30
Persistent drop,128,mean_knowledge,0.6390468577565023,0.6360062971052955,0.642087418407709,30
Persistent drop,128,knowledge_rank_corr_with_initial,0.9917644272169991,0.9912852389189943,0.9922436155150038,30
Persistent drop,128,mean_ai_trust,0.4133388550063609,0.4128598643373853,0.4138178456753365,30
Persistent drop,128,mean_peer_trust,0.5611691355705262,0.5593129633327288,0.5630253078083235,30
Persistent drop,128,mean_tie_strength,0.44268593688805896,0.4416234655727691,0.4437484082033488,30
Persistent drop,128,recent_active_tie_fraction,0.9303616931875383,0.9272478484241672,0.9334755379509093,30
Persistent drop,128,mean_unique_peer_partners,10.582222222222219,10.553692972860736,10.610751471583702,30
Persistent drop,128,network_density,0.05698944754810673,0.05689468790386016,0.057084207192353305,30
Persistent drop,128,ai_reliability,0.4800000000000001,0.48000000000000004,0.48000000000000015,30
Persistent drop,129,human_interaction_rate,0.707037037037037,0.6943430456925778,0.7197310283814963,30
Persistent drop,129,ai_use_rate,0.5359259259259261,0.5206065889867565,0.5512452628650958,30
Persistent drop,129,mean_quality,0.5730707737222837,0.5695697546359851,0.5765717928085822,30
Persistent drop,129,mean_knowledge,0.6397228198362754,0.6366844590138198,0.6427611806587311,30
Persistent drop,129,knowledge_rank_corr_with_initial,0.9916997062219902,0.9912139676164125,0.992185444827568,30
Persistent drop,129,mean_ai_trust,0.4130479910457885,0.41261559786634655,0.4134803842252304,30
Persistent drop,129,mean_peer_trust,0.5618341167767843,0.5599637784416047,0.5637044551119639,30
Persistent drop,129,mean_tie_strength,0.4419884979724884,0.4409310165644938,0.443045979380483,30
Persistent drop,129,recent_active_tie_fraction,0.9321599802093606,0.929495469247574,0.9348244911711473,30
Persistent drop,129,mean_unique_peer_partners,10.590740740740744,10.562747426191228,10.61873405529026,30
Persistent drop,129,network_density,0.05700393130560724,0.05690781610402226,0.05710004650719222,30
Persistent drop,129,ai_reliability,0.4800000000000001,0.48000000000000004,0.48000000000000015,30
Persistent drop,130,human_interaction_rate,0.704074074074074,0.6930843553299099,0.7150637928182381,30
Persistent drop,130,ai_use_rate,0.5622222222222223,0.5533303737102867,0.5711140707341579,30
Persistent drop,130,mean_quality,0.5730596739575416,0.5701192497765536,0.5760000981385297,30
Persistent drop,130,mean_knowledge,0.6403919175327075,0.6373555760064507,0.6434282590589644,30
Persistent drop,130,knowledge_rank_corr_with_initial,0.9916505116392419,0.9911604987597603,0.9921405245187235,30
Persistent drop,130,mean_ai_trust,0.41270601424034503,0.4122479823221399,0.4131640461585502,30
Persistent drop,130,mean_peer_trust,0.5624887645244598,0.560611406086932,0.5643661229619876,30
Persistent drop,130,mean_tie_strength,0.44128619929154717,0.440232444796683,0.44233995378641133,30
Persistent drop,130,recent_active_tie_fraction,0.9320696666091972,0.9293398414905869,0.9347994917278075,30
Persistent drop,130,mean_unique_peer_partners,10.597777777777775,10.569169574694886,10.626385980860665,30
Persistent drop,130,network_density,0.05702048417132211,0.05692393307089502,0.0571170352717492,30
Persistent drop,130,ai_reliability,0.4800000000000001,0.48000000000000004,0.48000000000000015,30
Persistent drop,131,human_interaction_rate,0.7048148148148148,0.6894374669673329,0.7201921626622967,30
Persistent drop,131,ai_use_rate,0.552037037037037,0.5384776593411629,0.5655964147329111,30
Persistent drop,131,mean_quality,0.5721170235717109,0.5687520464068133,0.5754820007366085,30
Persistent drop,131,mean_knowledge,0.6410624541492904,0.6380263043430852,0.6440986039554957,30
Persistent drop,131,knowledge_rank_corr_with_initial,0.9915970504151772,0.9911033654606727,0.9920907353696817,30
Persistent drop,131,mean_ai_trust,0.41247433934177585,0.41201586601910983,0.4129328126644419,30
Persistent drop,131,mean_peer_trust,0.5631374239921569,0.5612534171353804,0.5650214308489335,30
Persistent drop,131,mean_tie_strength,0.44060500462849933,0.4395525368526974,0.44165747240430125,30
Persistent drop,131,recent_active_tie_fraction,0.9308468157804579,0.927779081813587,0.9339145497473288,30
Persistent drop,131,mean_unique_peer_partners,10.603333333333332,10.573791127391415,10.632875539275249,30
Persistent drop,131,network_density,0.05702669149596519,0.05692984344715968,0.0571235395447707,30
Persistent drop,131,ai_reliability,0.4800000000000001,0.48000000000000004,0.48000000000000015,30
Persistent drop,132,human_interaction_rate,0.7051851851851851,0.6903661052365229,0.7200042651338474,30
Persistent drop,132,ai_use_rate,0.5557407407407406,0.5426717719720399,0.5688097095094414,30
Persistent drop,132,mean_quality,0.576646194385151,0.5737312529403233,0.5795611358299786,30
Persistent drop,132,mean_knowledge,0.6417384706048285,0.6387036541491306,0.6447732870605264,30
Persistent drop,132,knowledge_rank_corr_with_initial,0.9915352010271002,0.9910386921312512,0.9920317099229493,30
Persistent drop,132,mean_ai_trust,0.41208288766000156,0.4116263989444983,0.4125393763755048,30
Persistent drop,132,mean_peer_trust,0.5637771308422088,0.5618810234097311,0.5656732382746865,30
Persistent drop,132,mean_tie_strength,0.43990805745124817,0.43885309381769566,0.4409630210848007,30
Persistent drop,132,recent_active_tie_fraction,0.9307634442141984,0.9278603988715468,0.93366648955685,30
Persistent drop,132,mean_unique_peer_partners,10.61037037037037,10.580453138111107,10.640287602629634,30
Persistent drop,132,network_density,0.05704324436168007,0.05694203134065668,0.057144457382703455,30
Persistent drop,132,ai_reliability,0.4800000000000001,0.48000000000000004,0.48000000000000015,30
Persistent drop,133,human_interaction_rate,0.6968518518518519,0.6827012492105317,0.7110024544931722,30
Persistent drop,133,ai_use_rate,0.5631481481481482,0.5491366556699747,0.5771596406263216,30
Persistent drop,133,mean_quality,0.5771983301296952,0.573334120695551,0.5810625395638395,30
Persistent drop,133,mean_knowledge,0.642407712834654,0.6393721969880074,0.6454432286813007,30
Persistent drop,133,knowledge_rank_corr_with_initial,0.9914765726849532,0.9909779560649289,0.9919751893049774,30
Persistent drop,133,mean_ai_trust,0.41191190627209157,0.41143104085437066,0.4123927716898125,30
Persistent drop,133,mean_peer_trust,0.5644196748733521,0.5625134926202345,0.5663258571264697,30
Persistent drop,133,mean_tie_strength,0.4392053206761678,0.4381570347284458,0.4402536066238898,30
Persistent drop,133,recent_active_tie_fraction,0.9300597182523115,0.9271485113645237,0.9329709251400993,30
Persistent drop,133,mean_unique_peer_partners,10.615925925925927,10.585018172159387,10.646833679692467,30
Persistent drop,133,network_density,0.05706186633560931,0.056960937419728234,0.05716279525149038,30
Persistent drop,133,ai_reliability,0.4800000000000001,0.48000000000000004,0.48000000000000015,30
Persistent drop,134,human_interaction_rate,0.7001851851851854,0.6902067964369294,0.7101635739334413,30
Persistent drop,134,ai_use_rate,0.5568518518518519,0.5461806972456218,0.5675230064580821,30
Persistent drop,134,mean_quality,0.5749378896082147,0.5716511548479254,0.578224624368504,30
Persistent drop,134,mean_knowledge,0.6430729480152044,0.6400414754664636,0.6461044205639452,30
Persistent drop,134,knowledge_rank_corr_with_initial,0.9914099749745074,0.9909068356680237,0.9919131142809912,30
Persistent drop,134,mean_ai_trust,0.411592863368089,0.4111348525269053,0.41205087420927267,30
Persistent drop,134,mean_peer_trust,0.5650701582431793,0.5631548402292675,0.5669854762570911,30
Persistent drop,134,mean_tie_strength,0.4385148813327154,0.43746454682568386,0.4395652158397469,30
Persistent drop,134,recent_active_tie_fraction,0.9302933066145672,0.9274476448323191,0.9331389683968153,30
Persistent drop,134,mean_unique_peer_partners,10.621851851851853,10.590547184364656,10.65315651933905,30
Persistent drop,134,network_density,0.05707428098489546,0.05696942696691516,0.05717913500287576,30
Persistent drop,134,ai_reliability,0.4800000000000001,0.48000000000000004,0.48000000000000015,30
Persistent drop,135,human_interaction_rate,0.7088888888888889,0.6940331370703725,0.7237446407074053,30
Persistent drop,135,ai_use_rate,0.5522222222222223,0.5420360583932788,0.5624083860511657,30
Persistent drop,135,mean_quality,0.576297039656262,0.5726604495775333,0.5799336297349907,30
Persistent drop,135,mean_knowledge,0.643741060170774,0.6407113224018423,0.6467707979397058,30
Persistent drop,135,knowledge_rank_corr_with_initial,0.99135104829212,0.990845636368289,0.9918564602159509,30
Persistent drop,135,mean_ai_trust,0.41131643683298724,0.410883616581775,0.41174925708419946,30
Persistent drop,135,mean_peer_trust,0.5657226781050364,0.5637993992588591,0.5676459569512137,30
Persistent drop,135,mean_tie_strength,0.4378293871879578,0.4367770295259217,0.43888174484999387,30
Persistent drop,135,recent_active_tie_fraction,0.9312926154607811,0.9283836686770154,0.9342015622445469,30
Persistent drop,135,mean_unique_peer_partners,10.627037037037038,10.596033407387454,10.658040666686622,30
Persistent drop,135,network_density,0.057086695634181624,0.056981207483757776,0.05719218378460547,30
Persistent drop,135,ai_reliability,0.4800000000000001,0.48000000000000004,0.48000000000000015,30
Persistent drop,136,human_interaction_rate,0.7031481481481482,0.6893802470839828,0.7169160492123136,30
Persistent drop,136,ai_use_rate,0.5522222222222223,0.5355229921220884,0.5689214523223561,30
Persistent drop,136,mean_quality,0.5744353076880384,0.5713601464134203,0.5775104689626566,30
Persistent drop,136,mean_knowledge,0.6444021293957395,0.6413755756775914,0.6474286831138876,30
Persistent drop,136,knowledge_rank_corr_with_initial,0.9912881202286782,0.9907728509287533,0.991803389528603,30
Persistent drop,136,mean_ai_trust,0.4111400533737032,0.41069605516677876,0.4115840515806276,30
Persistent drop,136,mean_peer_trust,0.5663655678431193,0.5644419187599773,0.5682892169262613,30
Persistent drop,136,mean_tie_strength,0.43714398741722105,0.4360933590138503,0.43819461582059177,30
Persistent drop,136,recent_active_tie_fraction,0.9307236668066599,0.928224311322414,0.9332230222909057,30
Persistent drop,136,mean_unique_peer_partners,10.632222222222223,10.60164916589424,10.662795278550206,30
Persistent drop,136,network_density,0.05709704117525342,0.056988993699490294,0.05720508865101654,30
Persistent drop,136,ai_reliability,0.4800000000000001,0.48000000000000004,0.48000000000000015,30
Persistent drop,137,human_interaction_rate,0.6946296296296295,0.6843004857988022,0.7049587734604568,30
Persistent drop,137,ai_use_rate,0.5570370370370371,0.542379053421258,0.5716950206528162,30
Persistent drop,137,mean_quality,0.5777105800876022,0.574910939531538,0.5805102206436664,30
Persistent drop,137,mean_knowledge,0.645065589790448,0.6420424754859966,0.6480887040948995,30
Persistent drop,137,knowledge_rank_corr_with_initial,0.9912277230034529,0.9907072847071255,0.9917481612997802,30
Persistent drop,137,mean_ai_trust,0.4109706534696756,0.4105498793016086,0.4113914276377426,30
Persistent drop,137,mean_peer_trust,0.5670082966486613,0.5650762660936167,0.5689403272037058,30
Persistent drop,137,mean_tie_strength,0.4364503979682922,0.43539936238197785,0.4375014335546066,30
Persistent drop,137,recent_active_tie_fraction,0.9299430244594936,0.9271851358212807,0.9327009130977065,30
Persistent drop,137,mean_unique_peer_partners,10.637407407407407,10.606522708139975,10.668292106674839,30
Persistent drop,137,network_density,0.05711359404096831,0.05700295992622227,0.057224228155714346,30
Persistent drop,137,ai_reliability,0.4800000000000001,0.48000000000000004,0.48000000000000015,30
Persistent drop,138,human_interaction_rate,0.7124074074074075,0.7000961960552509,0.7247186187595641,30
Persistent drop,138,ai_use_rate,0.5464814814814815,0.5310199245396504,0.5619430384233125,30
Persistent drop,138,mean_quality,0.5780534014557036,0.5751230952639864,0.5809837076474208,30
Persistent drop,138,mean_knowledge,0.6457374792937307,0.6427171274407069,0.6487578311467546,30
Persistent drop,138,knowledge_rank_corr_with_initial,0.9911604813284446,0.9906360043434557,0.9916849583134335,30
Persistent drop,138,mean_ai_trust,0.41077204944811857,0.410346850543056,0.41119724835318117,30
Persistent drop,138,mean_peer_trust,0.5676699300607045,0.5657417005319529,0.5695981595894561,30
Persistent drop,138,mean_tie_strength,0.4357740660508474,0.4347219886610285,0.4368261434406663,30
Persistent drop,138,recent_active_tie_fraction,0.9283607337089456,0.9257711982554406,0.9309502691624505,30
Persistent drop,138,mean_unique_peer_partners,10.64185185185185,10.609979693309336,10.673724010394364,30
Persistent drop,138,network_density,0.05712393958204011,0.057007818031239735,0.057240061132840483,30
Persistent drop,138,ai_reliability,0.4800000000000001,0.48000000000000004,0.48000000000000015,30
Persistent drop,139,human_interaction_rate,0.7068518518518517,0.6960151076099973,0.7176885960937062,30
Persistent drop,139,ai_use_rate,0.5548148148148149,0.5424789181982569,0.5671507114313729,30
Persistent drop,139,mean_quality,0.578336459328073,0.5755795775990162,0.5810933410571297,30
Persistent drop,139,mean_knowledge,0.6464029658939415,0.6433839735601689,0.6494219582277142,30
Persistent drop,139,knowledge_rank_corr_with_initial,0.9910946528368522,0.9905639851382424,0.9916253205354619,30
Persistent drop,139,mean_ai_trust,0.41068874389690385,0.4102431148704999,0.4111343729233078,30
Persistent drop,139,mean_peer_trust,0.5683109700679779,0.5663801575204885,0.5702417826154673,30
Persistent drop,139,mean_tie_strength,0.4350786844889323,0.43403097578811445,0.4361263931897501,30
Persistent drop,139,recent_active_tie_fraction,0.929188504164156,0.9263491463055236,0.9320278620227884,30
Persistent drop,139,mean_unique_peer_partners,10.648518518518522,10.616612854738573,10.68042418229847,30
Persistent drop,139,network_density,0.0571446306641837,0.05703000779502844,0.057259253533338966,30
Persistent drop,139,ai_reliability,0.4800000000000001,0.48000000000000004,0.48000000000000015,30
Persistent drop,140,human_interaction_rate,0.7168518518518519,0.7047007905273897,0.729002913176314,30
Persistent drop,140,ai_use_rate,0.5409259259259259,0.5263130628841791,0.5555387889676727,30
Persistent drop,140,mean_quality,0.5781549871580248,0.5747865557782601,0.5815234185377895,30
Persistent drop,140,mean_knowledge,0.6470686957984865,0.6440491664783478,0.6500882251186252,30
Persistent drop,140,knowledge_rank_corr_with_initial,0.9910282524384525,0.9904967420213037,0.9915597628556013,30
Persistent drop,140,mean_ai_trust,0.4105367664994505,0.41000388819267247,0.4110696448062285,30
Persistent drop,140,mean_peer_trust,0.5689632753531139,0.5670206734650876,0.5709058772411402,30
Persistent drop,140,mean_tie_strength,0.4343938569227854,0.43334755169852823,0.4354401621470426,30
Persistent drop,140,recent_active_tie_fraction,0.9301149160150376,0.9274873986896691,0.9327424333404061,30
Persistent drop,140,mean_unique_peer_partners,10.652592592592594,10.620327105202504,10.684858079982684,30
Persistent drop,140,network_density,0.05716118352989858,0.05704751280225865,0.05727485425753851,30
Persistent drop,140,ai_reliability,0.4800000000000001,0.48000000000000004,0.48000000000000015,30
Persistent drop,141,human_interaction_rate,0.7061111111111109,0.6922715409384329,0.7199506812837889,30
Persistent drop,141,ai_use_rate,0.5512962962962963,0.538997144515393,0.5635954480771995,30
Persistent drop,141,mean_quality,0.579369889044325,0.5767810586676064,0.5819587194210435,30
Persistent drop,141,mean_knowledge,0.6477324051665734,0.6447167666860296,0.6507480436471171,30
Persistent drop,141,knowledge_rank_corr_with_initial,0.9909749101321232,0.9904404264778631,0.9915093937863834,30
Persistent drop,141,mean_ai_trust,0.41023328793522856,0.4097151978811744,0.41075137798928274,30
Persistent drop,141,mean_peer_trust,0.5696253935496013,0.5676790587353064,0.5715717283638961,30
Persistent drop,141,mean_tie_strength,0.4337257484594981,0.43267955717213624,0.4347719397468599,30
Persistent drop,141,recent_active_tie_fraction,0.9313856701154786,0.9287436490758785,0.9340276911550787,30
Persistent drop,141,mean_unique_peer_partners,10.657037037037037,10.624646693164898,10.689427380909176,30
Persistent drop,141,network_density,0.05716739085454165,0.05705392403050099,0.05728085767858231,30
Persistent drop,141,ai_reliability,0.4800000000000001,0.48000000000000004,0.48000000000000015,30
Persistent drop,142,human_interaction_rate,0.706851851851852,0.6970960462121185,0.7166076574915854,30
Persistent drop,142,ai_use_rate,0.55,0.5364349690298774,0.5635650309701227,30
Persistent drop,142,mean_quality,0.578866131976517,0.575745002115673,0.581987261837361,30
Persistent drop,142,mean_knowledge,0.6483913985131752,0.6453757675727911,0.6514070294535592,30
Persistent drop,142,knowledge_rank_corr_with_initial,0.9909071138122497,0.9903705009524857,0.9914437266720137,30
Persistent drop,142,mean_ai_trust,0.41004622287615716,0.40956977814488355,0.4105226676074308,30
Persistent drop,142,mean_peer_trust,0.5702986061573029,0.5683449969381025,0.5722522153765033,30
Persistent drop,142,mean_tie_strength,0.4330652306477229,0.4320223132224231,0.43410814807302267,30
Persistent drop,142,recent_active_tie_fraction,0.9316045275475974,0.9292696390014457,0.9339394160937491,30
Persistent drop,142,mean_unique_peer_partners,10.660370370370373,10.627544056243803,10.693196684496943,30
Persistent drop,142,network_density,0.05716945996275601,0.057056727506522124,0.0572821924189899,30
Persistent drop,142,ai_reliability,0.4800000000000001,0.48000000000000004,0.48000000000000015,30
Persistent drop,143,human_interaction_rate,0.7024074074074075,0.6871467880828922,0.7176680267319228,30
Persistent drop,143,ai_use_rate,0.547962962962963,0.5325976826600288,0.5633282432658971,30
Persistent drop,143,mean_quality,0.5802700860720338,0.5773192932516448,0.5832208788924228,30
Persistent drop,143,mean_knowledge,0.6490482391055514,0.6460364220577184,0.6520600561533845,30
Persistent drop,143,knowledge_rank_corr_with_initial,0.9908445974058189,0.9903027436459078,0.99138645116573,30
Persistent drop,143,mean_ai_trust,0.40990102216151436,0.4094544478552149,0.4103475964678138,30
Persistent drop,143,mean_peer_trust,0.5709535320599873,0.568993325080928,0.5729137390390466,30
Persistent drop,143,mean_tie_strength,0.4323925346136093,0.43135242996951234,0.4334326392577063,30
Persistent drop,143,recent_active_tie_fraction,0.9321969682739585,0.9295936484592783,0.9348002880886387,30
Persistent drop,143,mean_unique_peer_partners,10.664444444444447,10.631442896696463,10.697445992192431,30
Persistent drop,143,network_density,0.05717773639561344,0.057064883492837636,0.05729058929838924,30
Persistent drop,143,ai_reliability,0.4800000000000001,0.48000000000000004,0.48000000000000015,30
Persistent drop,144,human_interaction_rate,0.7044444444444443,0.6900575877922719,0.7188313010966167,30
Persistent drop,144,ai_use_rate,0.5546296296296298,0.5426681197448741,0.5665911395143856,30
Persistent drop,144,mean_quality,0.5795252645731671,0.5763699057092507,0.5826806234370835,30
Persistent drop,144,mean_knowledge,0.6497048840631295,0.6466948891577287,0.6527148789685304,30
Persistent drop,144,knowledge_rank_corr_with_initial,0.9907643497875714,0.9902177124109978,0.9913109871641451,30
Persistent drop,144,mean_ai_trust,0.40973298342905123,0.40930516065361383,0.41016080620448864,30
Persistent drop,144,mean_peer_trust,0.5716105421384176,0.5696457847351357,0.5735752995416994,30
Persistent drop,144,mean_tie_strength,0.43171849151452385,0.43068205767585954,0.43275492535318816,30
Persistent drop,144,recent_active_tie_fraction,0.932601109912758,0.929868542536826,0.93533367728869,30
Persistent drop,144,mean_unique_peer_partners,10.66888888888889,10.636194540681993,10.701583237095788,30
Persistent drop,144,network_density,0.05718808193668524,0.057076979951672775,0.0572991839216977,30
Persistent drop,144,ai_reliability,0.4800000000000001,0.48000000000000004,0.48000000000000015,30
Persistent drop,145,human_interaction_rate,0.7161111111111113,0.7018075282946779,0.7304146939275447,30
Persistent drop,145,ai_use_rate,0.5427777777777777,0.5299533317643463,0.555602223791209,30
Persistent drop,145,mean_quality,0.5797368313615692,0.5760150439771352,0.5834586187460031,30
Persistent drop,145,mean_knowledge,0.650368093706372,0.6473593879768262,0.6533767994359179,30
Persistent drop,145,knowledge_rank_corr_with_initial,0.9906969455283313,0.9901458123946829,0.9912480786619797,30
Persistent drop,145,mean_ai_trust,0.409627026747305,0.4091778720046386,0.4100761814899714,30
Persistent drop,145,mean_peer_trust,0.5722714404265086,0.5703006014695897,0.5742422793834274,30
Persistent drop,145,mean_tie_strength,0.43105881015459696,0.43002457705848,0.4320930432507139,30
Persistent drop,145,recent_active_tie_fraction,0.9342365093568844,0.9315720586230163,0.9369009600907525,30
Persistent drop,145,mean_unique_peer_partners,10.671851851851851,10.639700626775484,10.704003076928219,30
Persistent drop,145,network_density,0.05719428926132831,0.057084284875721696,0.05730429364693492,30
Persistent drop,145,ai_reliability,0.4800000000000001,0.48000000000000004,0.48000000000000015,30
Persistent drop,146,human_interaction_rate,0.6996296296296296,0.6866466724569521,0.7126125868023071,30
Persistent drop,146,ai_use_rate,0.5601851851851852,0.5466850349938213,0.5736853353765492,30
Persistent drop,146,mean_quality,0.5808615299861147,0.5780728328659802,0.5836502271062493,30
Persistent drop,146,mean_knowledge,0.6510261904732556,0.6480191760020148,0.6540332049444965,30
Persistent drop,146,knowledge_rank_corr_with_initial,0.9906399274482035,0.9900897563271872,0.9911900985692198,30
Persistent drop,146,mean_ai_trust,0.4095068526543776,0.4091130997615307,0.40990060554722446,30
Persistent drop,146,mean_peer_trust,0.5729129612445831,0.5709418154608407,0.5748841070283256,30
Persistent drop,146,mean_tie_strength,0.43038311004638674,0.42935428192830366,0.4314119381644698,30
Persistent drop,146,recent_active_tie_fraction,0.9345420679694206,0.931972995924459,0.9371111400143822,30
Persistent drop,146,mean_unique_peer_partners,10.675925925925927,10.643768239745015,10.70808361210684,30
Persistent drop,146,network_density,0.05720877301882883,0.05709878828262715,0.057318757755030515,30
Persistent drop,146,ai_reliability,0.4800000000000001,0.48000000000000004,0.48000000000000015,30
Persistent drop,147,human_interaction_rate,0.7118518518518518,0.6983116398797015,0.7253920638240022,30
Persistent drop,147,ai_use_rate,0.5483333333333333,0.536596413931221,0.5600702527354456,30
Persistent drop,147,mean_quality,0.5820196887799216,0.5787218790317873,0.5853174985280559,30
Persistent drop,147,mean_knowledge,0.6516820779869794,0.6486780811566346,0.6546860748173242,30
Persistent drop,147,knowledge_rank_corr_with_initial,0.9905761913279468,0.9900221242690432,0.9911302583868504,30
Persistent drop,147,mean_ai_trust,0.4093636132534658,0.4089492725163838,0.40977795399054784,30
Persistent drop,147,mean_peer_trust,0.5735551079114278,0.5715818837530666,0.575528332069789,30
Persistent drop,147,mean_tie_strength,0.4296999762455622,0.42866683717885573,0.4307331153122687,30
Persistent drop,147,recent_active_tie_fraction,0.9333706660249776,0.9306000632555287,0.9361412687944266,30
Persistent drop,147,mean_unique_peer_partners,10.682962962962963,10.650737973889953,10.715187952035972,30
Persistent drop,147,network_density,0.057229464100972426,0.057119143002082595,0.057339785199862256,30
Persistent drop,147,ai_reliability,0.4800000000000001,0.48000000000000004,0.48000000000000015,30
Persistent drop,148,human_interaction_rate,0.7103703703703703,0.6961878189103102,0.7245529218304304,30
Persistent drop,148,ai_use_rate,0.5353703703703704,0.5210446719825376,0.5496960687582032,30
Persistent drop,148,mean_quality,0.5828380242464459,0.5795604416645345,0.5861156068283574,30
Persistent drop,148,mean_knowledge,0.6523404966728433,0.6493378938467704,0.6553430994989162,30
Persistent drop,148,knowledge_rank_corr_with_initial,0.9905135060621916,0.9899557004178205,0.9910713117065626,30
Persistent drop,148,mean_ai_trust,0.40935506020359924,0.4089354286096102,0.4097746917975883,30
Persistent drop,148,mean_peer_trust,0.5741945326328277,0.5722128253252957,0.5761762399403597,30
Persistent drop,148,mean_tie_strength,0.4290238668521245,0.42799726046278525,0.4300504732414638,30
Persistent drop,148,recent_active_tie_fraction,0.933206292107514,0.9305340741322283,0.9358785100827998,30
Persistent drop,148,mean_unique_peer_partners,10.688518518518519,10.656059525426125,10.720977511610913,30
Persistent drop,148,network_density,0.05724601696668731,0.057135662287916764,0.05735637164545786,30
Persistent drop,148,ai_reliability,0.4800000000000001,0.48000000000000004,0.48000000000000015,30
Persistent drop,149,human_interaction_rate,0.7031481481481482,0.690236826109953,0.7160594701863434,30
Persistent drop,149,ai_use_rate,0.5490740740740742,0.5344145719595883,0.56373357618856,30
Persistent drop,149,mean_quality,0.5832095639669418,0.58019770881972,0.5862214191141636,30
Persistent drop,149,mean_knowledge,0.6529965947551254,0.649994484248357,0.6559987052618937,30
Persistent drop,149,knowledge_rank_corr_with_initial,0.9904458173730281,0.9898855460851538,0.9910060886609023,30
Persistent drop,149,mean_ai_trust,0.4092850620539605,0.4088840061575208,0.40968611795040016,30
Persistent drop,149,mean_peer_trust,0.5748390277226766,0.5728431345949939,0.5768349208503593,30
Persistent drop,149,mean_tie_strength,0.42836009164651234,0.4273345465925165,0.42938563670050817,30
Persistent drop,149,recent_active_tie_fraction,0.9328552821120458,0.9300432659652601,0.9356672982588315,30
Persistent drop,149,mean_unique_peer_partners,10.691481481481482,10.659220593612543,10.72374236935042,30
Persistent drop,149,network_density,0.05725429339954475,0.05714397230065492,0.05736461449843458,30
Persistent drop,149,ai_reliability,0.4800000000000001,0.48000000000000004,0.48000000000000015,30
Persistent drop,150,human_interaction_rate,0.7012962962962963,0.6872932791527058,0.7152993134398868,30
Persistent drop,150,ai_use_rate,0.5525925925925925,0.5396004946369197,0.5655846905482653,30
Persistent drop,150,mean_quality,0.5844864697399365,0.5805401027916931,0.5884328366881798,30
Persistent drop,150,mean_knowledge,0.6536565237534194,0.6506551457538539,0.656657901752985,30
Persistent drop,150,knowledge_rank_corr_with_initial,0.9903708655598642,0.9898027028342908,0.9909390282854376,30
Persistent drop,150,mean_ai_trust,0.4092685709954654,0.40884708244184,0.40969005954909077,30
Persistent drop,150,mean_peer_trust,0.5755092322826385,0.573503581467213,0.577514883098064,30
Persistent drop,150,mean_tie_strength,0.42771188815434774,0.42668722057317343,0.42873655573552205,30
Persistent drop,150,recent_active_tie_fraction,0.9326406053737718,0.929600133397329,0.9356810773502146,30
Persistent drop,150,mean_unique_peer_partners,10.695185185185187,10.662759125580417,10.727611244789957,30
Persistent drop,150,network_density,0.057256362507759104,0.0571456865384681,0.05736703847705011,30
Persistent drop,150,ai_reliability,0.4800000000000001,0.48000000000000004,0.48000000000000015,30
Stable reliability,1,human_interaction_rate,0.6383333333333333,0.6265182845520593,0.6501483821146073,30
Stable reliability,1,ai_use_rate,0.637222222222222,0.6270135024830419,0.6474309419614022,30
Stable reliability,1,mean_quality,0.5116108343031881,0.5083575126945657,0.5148641559118105,30
Stable reliability,1,mean_knowledge,0.5199748417905862,0.5163272444807855,0.5236224391003869,30
Stable reliability,1,knowledge_rank_corr_with_initial,0.999990676276013,0.9999900003262209,0.9999913522258052,30
Stable reliability,1,mean_ai_trust,0.5094088677263034,0.5075863324923287,0.5112314029602782,30
Stable reliability,1,mean_peer_trust,0.500524706641833,0.5000585411357236,0.5009908721479425,30
Stable reliability,1,mean_tie_strength,0.5490741709868113,0.5478190708764129,0.5503292710972097,30
Stable reliability,1,recent_active_tie_fraction,0.12319447527438644,0.12093800276322675,0.12545094778554614,30
Stable reliability,1,mean_unique_peer_partners,1.235185185185185,1.212668147618445,1.2577022227519248,30
Stable reliability,1,network_density,0.055878336436995545,0.05586890652737306,0.05588776634661803,30
Stable reliability,1,ai_reliability,0.8599999999999999,0.8599999999999999,0.8599999999999999,30
Stable reliability,2,human_interaction_rate,0.6266666666666666,0.6117530907516002,0.641580242581733,30
Stable reliability,2,ai_use_rate,0.6420370370370369,0.6290683752358771,0.6550056988381966,30
Stable reliability,2,mean_quality,0.5096869832653852,0.5054825244228153,0.5138914421079551,30
Stable reliability,2,mean_knowledge,0.5211785552584683,0.517539663310116,0.5248174472068207,30
Stable reliability,2,knowledge_rank_corr_with_initial,0.9999791031251681,0.9999775017538238,0.9999807044965124,30
Stable reliability,2,mean_ai_trust,0.5195828403756746,0.5178595941273704,0.5213060866239788,30
Stable reliability,2,mean_peer_trust,0.5007033218940099,0.5002512057573435,0.5011554380306763,30
Stable reliability,2,mean_tie_strength,0.5481225649515787,0.5468650900013038,0.5493800399018537,30
Stable reliability,2,recent_active_tie_fraction,0.2286650224030912,0.22466194374814769,0.2326681010580347,30
Stable reliability,2,mean_unique_peer_partners,2.294074074074074,2.253985417569121,2.334162730579027,30
Stable reliability,2,network_density,0.055884543761638636,0.05587374044297823,0.05589534708029904,30
Stable reliability,2,ai_reliability,0.8599999999999999,0.8599999999999999,0.8599999999999999,30
Stable reliability,3,human_interaction_rate,0.6227777777777778,0.6072983155176087,0.6382572400379468,30
Stable reliability,3,ai_use_rate,0.647962962962963,0.6305598113794977,0.6653661145464282,30
Stable reliability,3,mean_quality,0.5114854494409173,0.5074556245634056,0.515515274318429,30
Stable reliability,3,mean_knowledge,0.522370706635028,0.518739658758446,0.5260017545116101,30
Stable reliability,3,knowledge_rank_corr_with_initial,0.9999671129965885,0.9999646346194137,0.9999695913737633,30
Stable reliability,3,mean_ai_trust,0.5288799630960204,0.5273044079178458,0.5304555182741949,30
Stable reliability,3,mean_peer_trust,0.5008509665727615,0.5004004585121536,0.5013014746333694,30
Stable reliability,3,mean_tie_strength,0.5471612672011058,0.5459058880747896,0.548416646327422,30
Stable reliability,3,recent_active_tie_fraction,0.32162244709622956,0.31631613508340706,0.32692875910905206,30
Stable reliability,3,mean_unique_peer_partners,3.2270370370370376,3.1741207017336426,3.2799533723404326,30
Stable reliability,3,network_density,0.055892820194496075,0.05587830898961523,0.05590733139937692,30
Stable reliability,3,ai_reliability,0.8599999999999999,0.8599999999999999,0.8599999999999999,30
Stable reliability,4,human_interaction_rate,0.6198148148148148,0.6059716709266993,0.6336579587029303,30
Stable reliability,4,ai_use_rate,0.6492592592592594,0.6364744095694957,0.6620441089490231,30
Stable reliability,4,mean_quality,0.5132524059580238,0.5100289751538299,0.5164758367622176,30
Stable reliability,4,mean_knowledge,0.5235876467369899,0.5199614841250192,0.5272138093489606,30
Stable reliability,4,knowledge_rank_corr_with_initial,0.9999510343752491,0.9999477234407793,0.9999543453097189,30
Stable reliability,4,mean_ai_trust,0.5378144104735353,0.5362270153995069,0.5394018055475637,30
Stable reliability,4,mean_peer_trust,0.5010348568360011,0.5005927180353043,0.501476995636698,30
Stable reliability,4,mean_tie_strength,0.5461778620878855,0.5449313929186248,0.5474243312571463,30
Stable reliability,4,recent_active_tie_fraction,0.40444280774593977,0.39911445308012056,0.409771162411759,30
Stable reliability,4,mean_unique_peer_partners,4.061481481481481,4.007663659167438,4.115299303795524,30
Stable reliability,4,network_density,0.0559073039519966,0.05589082033091408,0.055923787573079115,30
Stable reliability,4,ai_reliability,0.8599999999999999,0.8599999999999999,0.8599999999999999,30
Stable reliability,5,human_interaction_rate,0.607962962962963,0.5906435767485246,0.6252823491774014,30
Stable reliability,5,ai_use_rate,0.6583333333333333,0.6447819836889006,0.671884682977766,30
Stable reliability,5,mean_quality,0.518226422379759,0.5143900648794336,0.5220627798800844,30
Stable reliability,5,mean_knowledge,0.5248052440822188,0.521185324074733,0.5284251640897047,30
Stable reliability,5,knowledge_rank_corr_with_initial,0.9999341838142871,0.9999296031673293,0.999938764461245,30
Stable reliability,5,mean_ai_trust,0.5461613419398808,0.5446376569741127,0.5476850269056488,30
Stable reliability,5,mean_peer_trust,0.5012234419584274,0.5007803914719933,0.5016664924448615,30
Stable reliability,5,mean_tie_strength,0.5452314992745717,0.5439833538532977,0.5464796446958458,30
Stable reliability,5,recent_active_tie_fraction,0.4730605703010135,0.46740918079874455,0.47871195980328246,30
Stable reliability,5,mean_unique_peer_partners,4.752592592592592,4.695124299280852,4.810060885904331,30
Stable reliability,5,network_density,0.05591144216842532,0.05589225771571562,0.05593062662113502,30
Stable reliability,5,ai_reliability,0.8599999999999999,0.8599999999999999,0.8599999999999999,30
Stable reliability,6,human_interaction_rate,0.6053703703703703,0.5908389752943753,0.6199017654463653,30
Stable reliability,6,ai_use_rate,0.6651851851851851,0.648456360140875,0.6819140102294952,30
Stable reliability,6,mean_quality,0.5169894659870945,0.5129739743621891,0.5210049576119999,30
Stable reliability,6,mean_knowledge,0.5260250815828542,0.5224130649197248,0.5296370982459836,30
Stable reliability,6,knowledge_rank_corr_with_initial,0.9999146890738658,0.9999079423190708,0.9999214358286609,30
Stable reliability,6,mean_ai_trust,0.5539128116552973,0.5524145184608276,0.555411104849767,30
Stable reliability,6,mean_peer_trust,0.5014113912979762,0.5009651754819986,0.5018576071139538,30
Stable reliability,6,mean_tie_strength,0.5442864894866943,0.543040282605343,0.5455326963680457,30
Stable reliability,6,recent_active_tie_fraction,0.5334883259449711,0.527796544770315,0.5391801071196272,30
Stable reliability,6,mean_unique_peer_partners,5.362222222222221,5.304243199281603,5.420201245162839,30
Stable reliability,6,network_density,0.05591558038485403,0.05589502837330846,0.0559361323963996,30
Stable reliability,6,ai_reliability,0.8599999999999999,0.8599999999999999,0.8599999999999999,30
Stable reliability,7,human_interaction_rate,0.6109259259259259,0.5989346784616388,0.6229171733902129,30
Stable reliability,7,ai_use_rate,0.6609259259259258,0.6500372699303996,0.671814581921452,30
Stable reliability,7,mean_quality,0.5162546966681407,0.5127567801953469,0.5197526131409346,30
Stable reliability,7,mean_knowledge,0.5272325137783371,0.523624749653451,0.5308402779032233,30
Stable reliability,7,knowledge_rank_corr_with_initial,0.9998923261807462,0.9998843417871229,0.9999003105743695,30
Stable reliability,7,mean_ai_trust,0.5609902660460122,0.5595584019086632,0.5624221301833612,30
Stable reliability,7,mean_peer_trust,0.5016039590040843,0.5011587654339903,0.5020491525741783,30
Stable reliability,7,mean_tie_strength,0.5433449685573578,0.5421051689465533,0.5445847681681624,30
Stable reliability,7,recent_active_tie_fraction,0.5861391361030804,0.5798962753356659,0.592381996870495,30
Stable reliability,7,mean_unique_peer_partners,5.8929629629629625,5.830092977031069,5.955832948894856,30
Stable reliability,7,network_density,0.05591971860128276,0.05589799794397594,0.05594143925858958,30
Stable reliability,7,ai_reliability,0.8599999999999999,0.8599999999999999,0.8599999999999999,30
Stable reliability,8,human_interaction_rate,0.6088888888888889,0.5951326693228445,0.6226451084549334,30
Stable reliability,8,ai_use_rate,0.6601851851851851,0.647396273650595,0.6729740967197751,30
Stable reliability,8,mean_quality,0.5193442340009858,0.516186450803829,0.5225020171981427,30
Stable reliability,8,mean_knowledge,0.5284399862220593,0.52484058333025,0.5320393891138687,30
Stable reliability,8,knowledge_rank_corr_with_initial,0.9998713413561108,0.9998621968486069,0.9998804858636147,30
Stable reliability,8,mean_ai_trust,0.5674455993254137,0.5660732362529807,0.5688179623978468,30
Stable reliability,8,mean_peer_trust,0.5018339057763418,0.5013884489454602,0.5022793626072234,30
Stable reliability,8,mean_tie_strength,0.5423889577388763,0.5411446351458591,0.5436332803318935,30
Stable reliability,8,recent_active_tie_fraction,0.6351075840769582,0.6292670583262656,0.6409481098276508,30
Stable reliability,8,mean_unique_peer_partners,6.386666666666667,6.327684816253126,6.445648517080207,30
Stable reliability,8,network_density,0.05592799503414019,0.05590690911520263,0.055949080953077754,30
Stable reliability,8,ai_reliability,0.8599999999999999,0.8599999999999999,0.8599999999999999,30
Stable reliability,9,human_interaction_rate,0.5994444444444443,0.5861741543074432,0.6127147345814454,30
Stable reliability,9,ai_use_rate,0.6687037037037038,0.6558061811407984,0.6816012262666092,30
Stable reliability,9,mean_quality,0.5191284693801684,0.5151886266734738,0.5230683120868631,30
Stable reliability,9,mean_knowledge,0.529654665454593,0.5260576373316251,0.533251693577561,30
Stable reliability,9,knowledge_rank_corr_with_initial,0.999841086588713,0.9998296232209507,0.9998525499564752,30
Stable reliability,9,mean_ai_trust,0.5735906098393971,0.5723116107026046,0.5748696089761897,30
Stable reliability,9,mean_peer_trust,0.5020435094833374,0.5015912579572377,0.5024957610094372,30
Stable reliability,9,mean_tie_strength,0.5414165000120799,0.540169576337423,0.5426634236867367,30
Stable reliability,9,recent_active_tie_fraction,0.6765394408043464,0.6713061945535838,0.681772687055109,30
Stable reliability,9,mean_unique_peer_partners,6.807407407407408,6.753045277027,6.861769537787816,30
Stable reliability,9,network_density,0.05594040968342636,0.05591225123011117,0.05596856813674155,30
Stable reliability,9,ai_reliability,0.8599999999999999,0.8599999999999999,0.8599999999999999,30
Stable reliability,10,human_interaction_rate,0.6024074074074074,0.5841535950177815,0.6206612197970333,30
Stable reliability,10,ai_use_rate,0.6712962962962962,0.6547176151468462,0.6878749774457461,30
Stable reliability,10,mean_quality,0.5205715805340907,0.5169263168733325,0.5242168441948489,30
Stable reliability,10,mean_knowledge,0.5308630349195878,0.5272710136053509,0.5344550562338246,30
Stable reliability,10,knowledge_rank_corr_with_initial,0.9998141191451231,0.9998027063176349,0.9998255319726113,30
Stable reliability,10,mean_ai_trust,0.5791534744757862,0.5779105141775289,0.5803964347740436,30
Stable reliability,10,mean_peer_trust,0.5022541562716166,0.501789210828414,0.5027191017148193,30
Stable reliability,10,mean_tie_strength,0.5404928187529247,0.5392465700351758,0.5417390674706735,30
Stable reliability,10,recent_active_tie_fraction,0.7114554580669737,0.7064592178743467,0.7164516982596008,30
Stable reliability,10,mean_unique_peer_partners,7.16037037037037,7.108051932212747,7.212688808527994,30
Stable reliability,10,network_density,0.05594040968342636,0.05591225123011117,0.05596856813674155,30
Stable reliability,10,ai_reliability,0.8599999999999999,0.8599999999999999,0.8599999999999999,30
Stable reliability,11,human_interaction_rate,0.5881481481481481,0.5719713124506665,0.6043249838456297,30
Stable reliability,11,ai_use_rate,0.6799999999999998,0.6637237861948239,0.6962762138051758,30
Stable reliability,11,mean_quality,0.5219994407971954,0.5185110596203522,0.5254878219740386,30
Stable reliability,11,mean_knowledge,0.5320657009767938,0.5284811066598766,0.5356502952937111,30
Stable reliability,11,knowledge_rank_corr_with_initial,0.9997829616849078,0.9997688033109104,0.9997971200589051,30
Stable reliability,11,mean_ai_trust,0.584047431744242,0.5828551002059256,0.5852397632825584,30
Stable reliability,11,mean_peer_trust,0.5024768829345703,0.502000222827682,0.5029535430414586,30
Stable reliability,11,mean_tie_strength,0.5395294904708863,0.5382798080708602,0.5407791728709124,30
Stable reliability,11,recent_active_tie_fraction,0.743828441978536,0.738709590697743,0.7489472932593291,30
Stable reliability,11,mean_unique_peer_partners,7.490370370370372,7.4364203570324765,7.544320383708268,30
Stable reliability,11,network_density,0.05595075522449815,0.05592125795738804,0.055980252491608255,30
Stable reliability,11,ai_reliability,0.8599999999999999,0.8599999999999999,0.8599999999999999,30
Stable reliability,12,human_interaction_rate,0.586851851851852,0.5723408952328312,0.6013628084708728,30
Stable reliability,12,ai_use_rate,0.6755555555555556,0.6618533796476807,0.6892577314634305,30
Stable reliability,12,mean_quality,0.5211708019633872,0.5171575114094137,0.5251840925173606,30
Stable reliability,12,mean_knowledge,0.533271050281718,0.5296939102935035,0.5368481902699324,30
Stable reliability,12,knowledge_rank_corr_with_initial,0.9997508525043074,0.9997360744527362,0.9997656305558786,30
Stable reliability,12,mean_ai_trust,0.5886436035317689,0.5874633590406784,0.5898238480228595,30
Stable reliability,12,mean_peer_trust,0.502705556154251,0.5022285470430629,0.5031825652654393,30
Stable reliability,12,mean_tie_strength,0.5385902762413025,0.5373414257494155,0.5398391267331896,30
Stable reliability,12,recent_active_tie_fraction,0.771284933865534,0.766384251321955,0.776185616409113,30
Stable reliability,12,mean_unique_peer_partners,7.769999999999999,7.7178012049829725,7.822198795017025,30
Stable reliability,12,network_density,0.05595489344092688,0.055922866821388285,0.05598692006046547,30
Stable reliability,12,ai_reliability,0.8599999999999999,0.8599999999999999,0.8599999999999999,30
Stable reliability,13,human_interaction_rate,0.5955555555555556,0.5823070892674894,0.6088040218436218,30
Stable reliability,13,ai_use_rate,0.6698148148148146,0.6558861768293809,0.6837434528002484,30
Stable reliability,13,mean_quality,0.522485371286449,0.5201354323552342,0.5248353102176638,30
Stable reliability,13,mean_knowledge,0.534477950460238,0.5309131602265564,0.5380427406939197,30
Stable reliability,13,knowledge_rank_corr_with_initial,0.999718849879801,0.9997020918226553,0.9997356079369466,30
Stable reliability,13,mean_ai_trust,0.5932534785212005,0.5921457809214052,0.5943611761209957,30
Stable reliability,13,mean_peer_trust,0.5029595116774241,0.5024715684401946,0.5034474549146537,30
Stable reliability,13,mean_tie_strength,0.5376562039057414,0.5364058489871404,0.5389065588243425,30
Stable reliability,13,recent_active_tie_fraction,0.7956693931149039,0.7909087231447071,0.8004300630851008,30
Stable reliability,13,mean_unique_peer_partners,8.02074074074074,7.970920678903642,8.070560802577837,30
Stable reliability,13,network_density,0.05595903165735559,0.055925277717701186,0.05599278559701,30
Stable reliability,13,ai_reliability,0.8599999999999999,0.8599999999999999,0.8599999999999999,30
Stable reliability,14,human_interaction_rate,0.5855555555555557,0.5707097961722982,0.6004013149388132,30
Stable reliability,14,ai_use_rate,0.6690740740740738,0.6544490299787495,0.6836991181693981,30
Stable reliability,14,mean_quality,0.5217617771925526,0.5180951677502198,0.5254283866348853,30
Stable reliability,14,mean_knowledge,0.5356708584627294,0.5321109647495958,0.539230752175863,30
Stable reliability,14,knowledge_rank_corr_with_initial,0.9996811690249302,0.9996622241409725,0.9997001139088879,30
Stable reliability,14,mean_ai_trust,0.5972121911462795,0.5961855072852267,0.5982388750073324,30
Stable reliability,14,mean_peer_trust,0.503182037671407,0.5026820032870768,0.5036820720557372,30
Stable reliability,14,mean_tie_strength,0.5367334802945455,0.5354873907120297,0.5379795698770613,30
Stable reliability,14,recent_active_tie_fraction,0.818447898365556,0.8138323134154413,0.8230634833156707,30
Stable reliability,14,mean_unique_peer_partners,8.253703703703703,8.20524439299155,8.302163014415855,30
Stable reliability,14,network_density,0.05595903165735559,0.055925277717701186,0.05599278559701,30
Stable reliability,14,ai_reliability,0.8599999999999999,0.8599999999999999,0.8599999999999999,30
Stable reliability,15,human_interaction_rate,0.597962962962963,0.5852508647326842,0.6106750611932419,30
Stable reliability,15,ai_use_rate,0.6712962962962964,0.658542242550281,0.6840503500423117,30
Stable reliability,15,mean_quality,0.523745068788981,0.5202241070569472,0.5272660305210147,30
Stable reliability,15,mean_knowledge,0.5368657738800772,0.5333144201372167,0.5404171276229376,30
Stable reliability,15,knowledge_rank_corr_with_initial,0.999647128714583,0.9996268164429096,0.9996674409862565,30
Stable reliability,15,mean_ai_trust,0.6009491522183781,0.5999504052798429,0.6019478991569133,30
Stable reliability,15,mean_peer_trust,0.5034470280011495,0.5029375962769361,0.5039564597253628,30
Stable reliability,15,mean_tie_strength,0.5357781986395518,0.534530852153882,0.5370255451252216,30
Stable reliability,15,recent_active_tie_fraction,0.838963497203771,0.8341040368923202,0.8438229575152217,30
Stable reliability,15,mean_unique_peer_partners,8.462962962962962,8.413302811991347,8.512623113934577,30
Stable reliability,15,network_density,0.05596937719842739,0.055935852723973334,0.05600290167288145,30
Stable reliability,15,ai_reliability,0.8599999999999999,0.8599999999999999,0.8599999999999999,30
Stable reliability,16,human_interaction_rate,0.5883333333333333,0.5743444531582326,0.602322213508434,30
Stable reliability,16,ai_use_rate,0.6774074074074075,0.6657366310699001,0.6890781837449148,30
Stable reliability,16,mean_quality,0.5223407482440103,0.5190813107268969,0.5256001857611238,30
Stable reliability,16,mean_knowledge,0.5380531321939015,0.5345097763744933,0.5415964880133097,30
Stable reliability,16,knowledge_rank_corr_with_initial,0.9996087306106716,0.9995856987763478,0.9996317624449953,30
Stable reliability,16,mean_ai_trust,0.6042382131583033,0.603305691235911,0.6051707350806955,30
Stable reliability,16,mean_peer_trust,0.503702175617218,0.5031920899962102,0.5042122612382257,30
Stable reliability,16,mean_tie_strength,0.5348306616147359,0.5335905462957217,0.5360707769337502,30
Stable reliability,16,recent_active_tie_fraction,0.855139046066212,0.8503370552686249,0.8599410368637992,30
Stable reliability,16,mean_unique_peer_partners,8.630370370370372,8.57981465833026,8.680926082410483,30
Stable reliability,16,network_density,0.05597765363128483,0.055943005930941356,0.05601230133162831,30
Stable reliability,16,ai_reliability,0.8599999999999999,0.8599999999999999,0.8599999999999999,30
Stable reliability,17,human_interaction_rate,0.5877777777777777,0.5734840543132572,0.6020715012422982,30
Stable reliability,17,ai_use_rate,0.6759259259259259,0.6612234648543006,0.6906283869975512,30
Stable reliability,17,mean_quality,0.5253768974750213,0.5220228742746378,0.5287309206754047,30
Stable reliability,17,mean_knowledge,0.5392356594135259,0.5357000750243716,0.5427712438026803,30
Stable reliability,17,knowledge_rank_corr_with_initial,0.9995688403400131,0.9995434379111988,0.9995942427688275,30
Stable reliability,17,mean_ai_trust,0.60724797306406,0.6063281889744349,0.6081677571536851,30
Stable reliability,17,mean_peer_trust,0.503977366288503,0.5034548151088599,0.504499917468146,30
Stable reliability,17,mean_tie_strength,0.5339076459407807,0.5326663043168227,0.5351489875647386,30
Stable reliability,17,recent_active_tie_fraction,0.8695225129598435,0.8649599650293758,0.8740850608903112,30
Stable reliability,17,mean_unique_peer_partners,8.777407407407408,8.729361427750375,8.82545338706444,30
Stable reliability,17,network_density,0.05597972273949919,0.05594578634478774,0.056013659134210636,30
Stable reliability,17,ai_reliability,0.8599999999999999,0.8599999999999999,0.8599999999999999,30
Stable reliability,18,human_interaction_rate,0.5837037037037037,0.5678493129460381,0.5995580944613693,30
Stable reliability,18,ai_use_rate,0.6809259259259259,0.6701854653785871,0.6916663864732647,30
Stable reliability,18,mean_quality,0.5268354405276078,0.5231080779697529,0.5305628030854627,30
Stable reliability,18,mean_knowledge,0.5404198378839872,0.5368934110655407,0.5439462647024337,30
Stable reliability,18,knowledge_rank_corr_with_initial,0.9995256614363008,0.999498880987258,0.9995524418853436,30
Stable reliability,18,mean_ai_trust,0.610113271003596,0.6092324010851775,0.6109941409220145,30
Stable reliability,18,mean_peer_trust,0.5042368213335673,0.5037030472622795,0.504770595404855,30
Stable reliability,18,mean_tie_strength,0.5329633315404256,0.5317195626141199,0.5342071004667314,30
Stable reliability,18,recent_active_tie_fraction,0.8836958043196111,0.8796100500104803,0.887781558628742,30
Stable reliability,18,mean_unique_peer_partners,8.925555555555556,8.881672137620535,8.969438973490577,30
Stable reliability,18,network_density,0.05598799917235663,0.05595277699068798,0.056023221354025286,30
Stable reliability,18,ai_reliability,0.8599999999999999,0.8599999999999999,0.8599999999999999,30
Stable reliability,19,human_interaction_rate,0.5985185185185186,0.5887134018659477,0.6083236351710894,30
Stable reliability,19,ai_use_rate,0.6798148148148146,0.6681370472603804,0.6914925823692489,30
Stable reliability,19,mean_quality,0.5263629037615548,0.5224395047406378,0.5302863027824718,30
Stable reliability,19,mean_knowledge,0.5416004028847133,0.5380785046325126,0.5451223011369141,30
Stable reliability,19,knowledge_rank_corr_with_initial,0.9994791511496967,0.9994506899896879,0.9995076123097054,30
Stable reliability,19,mean_ai_trust,0.6128133583730754,0.6119318126996128,0.6136949040465379,30
Stable reliability,19,mean_peer_trust,0.5045251826445262,0.5039797677385723,0.50507059755048,30
Stable reliability,19,mean_tie_strength,0.5320184350013732,0.5307638300397911,0.5332730399629554,30
Stable reliability,19,recent_active_tie_fraction,0.8969084049835557,0.8930663538015372,0.9007504561655743,30
Stable reliability,19,mean_unique_peer_partners,9.062962962962962,9.02043717071197,9.105488755213953,30
Stable reliability,19,network_density,0.055998344713428426,0.05596046171497754,0.05603622771187931,30
Stable reliability,19,ai_reliability,0.8599999999999999,0.8599999999999999,0.8599999999999999,30
Stable reliability,20,human_interaction_rate,0.5792592592592594,0.5670175526789756,0.5915009658395431,30
Stable reliability,20,ai_use_rate,0.6807407407407405,0.6677030349992806,0.6937784464822004,30
Stable reliability,20,mean_quality,0.52571203199968,0.5217004608903196,0.5297236031090403,30
Stable reliability,20,mean_knowledge,0.542769654519758,0.5392495834944048,0.5462897255451112,30
Stable reliability,20,knowledge_rank_corr_with_initial,0.9994311587436796,0.9994016618227843,0.9994606556645749,30
Stable reliability,20,mean_ai_trust,0.6150548623836741,0.6141923557989223,0.615917368968426,30
Stable reliability,20,mean_peer_trust,0.5047978480656942,0.5042410913676969,0.5053546047636914,30
Stable reliability,20,mean_tie_strength,0.5310863157113394,0.5298353155835239,0.5323373158391548,30
Stable reliability,20,recent_active_tie_fraction,0.906968972647381,0.9032287348353886,0.9107092104593734,30
Stable reliability,20,mean_unique_peer_partners,9.166666666666666,9.125048534362419,9.208284798970913,30
Stable reliability,20,network_density,0.05600455203807151,0.05596620728176102,0.056042896794382,30
Stable reliability,20,ai_reliability,0.8599999999999999,0.8599999999999999,0.8599999999999999,30
Stable reliability,21,human_interaction_rate,0.5775925925925925,0.5651280491820625,0.5900571360031226,30
Stable reliability,21,ai_use_rate,0.682037037037037,0.6696537148848793,0.6944203591891946,30
Stable reliability,21,mean_quality,0.5283692756787217,0.5250499966342262,0.5316885547232172,30
Stable reliability,21,mean_knowledge,0.5439553759668563,0.5404434524194384,0.5474672995142742,30
Stable reliability,21,knowledge_rank_corr_with_initial,0.9993779500349729,0.9993462066813973,0.9994096933885485,30
Stable reliability,21,mean_ai_trust,0.6174330515757431,0.6166816543648197,0.6181844487866666,30
Stable reliability,21,mean_peer_trust,0.5050798038641612,0.5045036906262685,0.5056559171020538,30
Stable reliability,21,mean_tie_strength,0.5301546156406403,0.5289142492843519,0.5313949819969286,30
Stable reliability,21,recent_active_tie_fraction,0.9067948751616748,0.9030777989361353,0.9105119513872143,30
Stable reliability,21,mean_unique_peer_partners,9.270370370370369,9.231444619716939,9.309296121023799,30
Stable reliability,21,network_density,0.056010759362714595,0.055972101844662406,0.056049416880766784,30
Stable reliability,21,ai_reliability,0.8599999999999999,0.8599999999999999,0.8599999999999999,30
Stable reliability,22,human_interaction_rate,0.5777777777777777,0.5618667050643521,0.5936888504912033,30
Stable reliability,22,ai_use_rate,0.6846296296296296,0.6740703106550049,0.6951889486042543,30
Stable reliability,22,mean_quality,0.5301073685118992,0.5269371621198006,0.5332775749039979,30
Stable reliability,22,mean_knowledge,0.5451303066228603,0.541626684786234,0.5486339284594867,30
Stable reliability,22,knowledge_rank_corr_with_initial,0.9993268862380389,0.9992923443648495,0.9993614281112283,30
Stable reliability,22,mean_ai_trust,0.619638216125223,0.6189320737182267,0.6203443585322193,30
Stable reliability,22,mean_peer_trust,0.5053696413834889,0.5047814960242314,0.5059577867427465,30
Stable reliability,22,mean_tie_strength,0.5292268474896749,0.5279825233796497,0.5304711715997,30
Stable reliability,22,recent_active_tie_fraction,0.9045857913044384,0.9010009353400329,0.9081706472688439,30
Stable reliability,22,mean_unique_peer_partners,9.355185185185185,9.317940337576543,9.392430032793827,30
Stable reliability,22,network_density,0.056014897579143304,0.05597563773466497,0.05605415742362164,30
Stable reliability,22,ai_reliability,0.8599999999999999,0.8599999999999999,0.8599999999999999,30
Stable reliability,23,human_interaction_rate,0.5735185185185186,0.5586419706836024,0.5883950663534349,30
Stable reliability,23,ai_use_rate,0.6840740740740741,0.6708106816137571,0.697337466534391,30
Stable reliability,23,mean_quality,0.530982784620583,0.5280467983429397,0.5339187708982264,30
Stable reliability,23,mean_knowledge,0.5463005077455161,0.5428049258689395,0.5497960896220927,30
Stable reliability,23,knowledge_rank_corr_with_initial,0.999278648241576,0.999240111932168,0.999317184550984,30
Stable reliability,23,mean_ai_trust,0.6215980253746685,0.6209062346127923,0.6222898161365447,30
Stable reliability,23,mean_peer_trust,0.5056567231814066,0.5050546872391675,0.5062587591236458,30
Stable reliability,23,mean_tie_strength,0.5282979488372803,0.5270581398286571,0.5295377578459035,30
Stable reliability,23,recent_active_tie_fraction,0.9032652710842749,0.8999549049196883,0.9065756372488615,30
Stable reliability,23,mean_unique_peer_partners,9.438888888888888,9.403235650576505,9.474542127201271,30
Stable reliability,23,network_density,0.056021104903786395,0.05598130610456287,0.05606090370300992,30
Stable reliability,23,ai_reliability,0.8599999999999999,0.8599999999999999,0.8599999999999999,30
Stable reliability,24,human_interaction_rate,0.576111111111111,0.5633214260380496,0.5889007961841725,30
Stable reliability,24,ai_use_rate,0.6872222222222221,0.6746077786018531,0.6998366658425911,30
Stable reliability,24,mean_quality,0.5304577888266716,0.5266787007466931,0.5342368769066501,30
Stable reliability,24,mean_knowledge,0.547468727373724,0.543975367261048,0.5509620874864,30
Stable reliability,24,knowledge_rank_corr_with_initial,0.9992218226781728,0.9991820998719432,0.9992615454844025,30
Stable reliability,24,mean_ai_trust,0.6232316068220157,0.6225748898566358,0.6238883237873957,30
Stable reliability,24,mean_peer_trust,0.5059611121813457,0.5053410935573605,0.5065811308053308,30
Stable reliability,24,mean_tie_strength,0.5273837645848592,0.5261443946142575,0.528623134555461,30
Stable reliability,24,recent_active_tie_fraction,0.9024211200668727,0.8988414751416166,0.9060007649921288,30
Stable reliability,24,mean_unique_peer_partners,9.52037037037037,9.486138403745628,9.554602336995114,30
Stable reliability,24,network_density,0.056023174012000757,0.055983382971584054,0.05606296505241746,30
Stable reliability,24,ai_reliability,0.8599999999999999,0.8599999999999999,0.8599999999999999,30
Stable reliability,25,human_interaction_rate,0.5737037037037038,0.5637483927166844,0.5836590146907232,30
Stable reliability,25,ai_use_rate,0.6898148148148148,0.6779529686136153,0.7016766610160142,30
Stable reliability,25,mean_quality,0.5307768199078077,0.5272663639587638,0.5342872758568515,30
Stable reliability,25,mean_knowledge,0.5486366567883875,0.5451499907189024,0.5521233228578726,30
Stable reliability,25,knowledge_rank_corr_with_initial,0.999163609078753,0.9991223288558966,0.9992048893016094,30
Stable reliability,25,mean_ai_trust,0.6247552964140847,0.6241499810532884,0.6253606117748809,30
Stable reliability,25,mean_peer_trust,0.5062940617402395,0.5056559487102987,0.5069321747701803,30
Stable reliability,25,mean_tie_strength,0.5264709055423736,0.5252345453390163,0.527707265745731,30
Stable reliability,25,recent_active_tie_fraction,0.9011338151886368,0.8974444280826596,0.904823202294614,30
Stable reliability,25,mean_unique_peer_partners,9.588518518518518,9.556390379422512,9.620646657614524,30
Stable reliability,25,network_density,0.05602524312021511,0.05598641823556668,0.05606406800486354,30
Stable reliability,25,ai_reliability,0.8599999999999999,0.8599999999999999,0.8599999999999999,30
Stable reliability,26,human_interaction_rate,0.5646296296296297,0.5524298159826128,0.5768294432766466,30
Stable reliability,26,ai_use_rate,0.6996296296296297,0.6867961226503779,0.7124631366088815,30
Stable reliability,26,mean_quality,0.534143128087747,0.5305534354913292,0.5377328206841648,30
Stable reliability,26,mean_knowledge,0.5498157337389844,0.546338660529801,0.5532928069481678,30
Stable reliability,26,knowledge_rank_corr_with_initial,0.9991003243421578,0.9990568449664109,0.9991438037179047,30
Stable reliability,26,mean_ai_trust,0.6263963537239224,0.6257305382967847,0.6270621691510602,30
Stable reliability,26,mean_peer_trust,0.5066041807333629,0.5059527706825068,0.507255590784219,30
Stable reliability,26,mean_tie_strength,0.5255396703879038,0.5243154244759436,0.5267639162998641,30
Stable reliability,26,recent_active_tie_fraction,0.9011810354311226,0.8978648603054302,0.904497210556815,30
Stable reliability,26,mean_unique_peer_partners,9.645555555555555,9.614500913132698,9.676610197978412,30
Stable reliability,26,network_density,0.0560314504448582,0.05599475986873651,0.05606814102097989,30
Stable reliability,26,ai_reliability,0.8599999999999999,0.8599999999999999,0.8599999999999999,30
Stable reliability,27,human_interaction_rate,0.570925925925926,0.5583759564632952,0.5834758953885567,30
Stable reliability,27,ai_use_rate,0.682962962962963,0.6704455526941979,0.6954803732317281,30
Stable reliability,27,mean_quality,0.5347807822751408,0.5314643066076528,0.5380972579426289,30
Stable reliability,27,mean_knowledge,0.5509753716091133,0.5475057755117284,0.5544449677064981,30
Stable reliability,27,knowledge_rank_corr_with_initial,0.9990378707179816,0.9989915578450725,0.9990841835908906,30
Stable reliability,27,mean_ai_trust,0.6276968799407876,0.6270774381671677,0.6283163217144075,30
Stable reliability,27,mean_peer_trust,0.506930164496104,0.5062609967477828,0.5075993322444251,30
Stable reliability,27,mean_tie_strength,0.5246100922425588,0.5233820634625768,0.5258381210225409,30
Stable reliability,27,recent_active_tie_fraction,0.9009363914252735,0.8975803112680476,0.9042924715824994,30
Stable reliability,27,mean_unique_peer_partners,9.703333333333335,9.67519057341964,9.73147609324703,30
Stable reliability,27,network_density,0.05603972687771564,0.05600151925466388,0.0560779345007674,30
Stable reliability,27,ai_reliability,0.8599999999999999,0.8599999999999999,0.8599999999999999,30
Stable reliability,28,human_interaction_rate,0.5742592592592594,0.5587211105121376,0.5897974080063811,30
Stable reliability,28,ai_use_rate,0.6898148148148148,0.6766035505275771,0.7030260791020524,30
Stable reliability,28,mean_quality,0.5337608072744969,0.5305378887946929,0.536983725754301,30
Stable reliability,28,mean_knowledge,0.5521323119109515,0.5486684641955883,0.5555961596263146,30
Stable reliability,28,knowledge_rank_corr_with_initial,0.9989753034204074,0.9989252458426723,0.9990253609981425,30
Stable reliability,28,mean_ai_trust,0.6290054453542132,0.6283681144870211,0.6296427762214053,30
Stable reliability,28,mean_peer_trust,0.5072575112183889,0.5065776427869758,0.507937379649802,30
Stable reliability,28,mean_tie_strength,0.5236814836661021,0.5224555462850391,0.5249074210471651,30
Stable reliability,28,recent_active_tie_fraction,0.9004744693573319,0.8968685785973172,0.9040803601173466,30
Stable reliability,28,mean_unique_peer_partners,9.742962962962963,9.718363452882388,9.767562473043538,30
Stable reliability,28,network_density,0.05604800331057309,0.05600811926409164,0.056087887357054535,30
Stable reliability,28,ai_reliability,0.8599999999999999,0.8599999999999999,0.8599999999999999,30
Stable reliability,29,human_interaction_rate,0.5727777777777778,0.5575398648245671,0.5880156907309886,30
Stable reliability,29,ai_use_rate,0.6796296296296295,0.6659846111848855,0.6932746480743734,30
Stable reliability,29,mean_quality,0.5356870419228493,0.532462195441111,0.5389118884045877,30
Stable reliability,29,mean_knowledge,0.5532795263277824,0.5498258956412363,0.5567331570143286,30
Stable reliability,29,knowledge_rank_corr_with_initial,0.9989100312344239,0.9988560789826,0.9989639834862478,30
Stable reliability,29,mean_ai_trust,0.6299711086869504,0.6293055871004534,0.6306366302734474,30
Stable reliability,29,mean_peer_trust,0.507587077220281,0.5068927435117668,0.5082814109287951,30
Stable reliability,29,mean_tie_strength,0.5227498133977254,0.5215260001665818,0.523973626628869,30
Stable reliability,29,recent_active_tie_fraction,0.8996795996315806,0.8964229037540006,0.9029362955091607,30
Stable reliability,29,mean_unique_peer_partners,9.784814814814816,9.76019721404854,9.80943241558109,30
Stable reliability,29,network_density,0.05605834885164488,0.05601558808449522,0.05610110961879454,30
Stable reliability,29,ai_reliability,0.8599999999999999,0.8599999999999999,0.8599999999999999,30
Stable reliability,30,human_interaction_rate,0.563888888888889,0.5513145061844763,0.5764632715933017,30
Stable reliability,30,ai_use_rate,0.6898148148148147,0.675267089647659,0.7043625399819703,30
Stable reliability,30,mean_quality,0.5355376319356662,0.5318814354369806,0.5391938284343517,30
Stable reliability,30,mean_knowledge,0.554441237800879,0.5510001412858699,0.557882334315888,30
Stable reliability,30,knowledge_rank_corr_with_initial,0.9988412800860449,0.9987822785279417,0.9989002816441481,30
Stable reliability,30,mean_ai_trust,0.6310756229648928,0.6304282141786558,0.6317230317511299,30
Stable reliability,30,mean_peer_trust,0.5079425791899363,0.5072356119288343,0.5086495464510384,30
Stable reliability,30,mean_tie_strength,0.5218331456184387,0.5206115601434582,0.5230547310934193,30
Stable reliability,30,recent_active_tie_fraction,0.9001317994576021,0.8966864795399047,0.9035771193752996,30
Stable reliability,30,mean_unique_peer_partners,9.82851851851852,9.806357538985718,9.85067949805132,30
Stable reliability,30,network_density,0.056064556176287965,0.05602177375263292,0.05610733859994301,30
Stable reliability,30,ai_reliability,0.8599999999999999,0.8599999999999999,0.8599999999999999,30
Stable reliability,31,human_interaction_rate,0.5657407407407408,0.551904030204981,0.5795774512765005,30
Stable reliability,31,ai_use_rate,0.6972222222222223,0.6842299339019561,0.7102145105424885,30
Stable reliability,31,mean_quality,0.5364864010401557,0.5329027866310223,0.540070015449289,30
Stable reliability,31,mean_knowledge,0.555596263860015,0.5521605356712769,0.5590319920487532,30
Stable reliability,31,knowledge_rank_corr_with_initial,0.998771776907374,0.9987083803452428,0.9988351734695051,30
Stable reliability,31,mean_ai_trust,0.6319648853794159,0.631322144182534,0.6326076265762978,30
Stable reliability,31,mean_peer_trust,0.5083019117514292,0.507586003692738,0.5090178198101205,30
Stable reliability,31,mean_tie_strength,0.5209220210711162,0.5197037683038435,0.5221402738383889,30
Stable reliability,31,recent_active_tie_fraction,0.8986259639296554,0.8948444480566433,0.9024074798026676,30
Stable reliability,31,mean_unique_peer_partners,9.85888888888889,9.837284893269592,9.880492884508188,30
Stable reliability,31,network_density,0.05606869439271668,0.056025681644793435,0.05611170714063993,30
Stable reliability,31,ai_reliability,0.8599999999999999,0.8599999999999999,0.8599999999999999,30
Stable reliability,32,human_interaction_rate,0.5653703703703704,0.5501000300796125,0.5806407106611283,30
Stable reliability,32,ai_use_rate,0.6916666666666665,0.6795245645011789,0.7038087688321542,30
Stable reliability,32,mean_quality,0.5368042259397113,0.5332009386780642,0.5404075132013585,30
Stable reliability,32,mean_knowledge,0.5567348114193552,0.5533044672184251,0.5601651556202853,30
Stable reliability,32,knowledge_rank_corr_with_initial,0.9987006419471719,0.9986340807892665,0.9987672031050773,30
Stable reliability,32,mean_ai_trust,0.6327080326429584,0.632034543373046,0.6333815219128708,30
Stable reliability,32,mean_peer_trust,0.5086456179618836,0.5079155583847113,0.5093756775390559,30
Stable reliability,32,mean_tie_strength,0.5199926714102427,0.518776578849479,0.5212087639710065,30
Stable reliability,32,recent_active_tie_fraction,0.898899902365788,0.895402485614589,0.902397319116987,30
Stable reliability,32,mean_unique_peer_partners,9.88925925925926,9.865276764330686,9.913241754187835,30
Stable reliability,32,network_density,0.05607903993378849,0.056034441290570794,0.05612363857700618,30
Stable reliability,32,ai_reliability,0.8599999999999999,0.8599999999999999,0.8599999999999999,30
Stable reliability,33,human_interaction_rate,0.5627777777777777,0.5496785646022465,0.5758769909533089,30
Stable reliability,33,ai_use_rate,0.6977777777777777,0.6857727191886891,0.7097828363668663,30
Stable reliability,33,mean_quality,0.5368242856199735,0.5333657719926371,0.5402827992473099,30
Stable reliability,33,mean_knowledge,0.5578717906278227,0.5544467061248001,0.5612968751308453,30
Stable reliability,33,knowledge_rank_corr_with_initial,0.9986284442467891,0.9985574389385379,0.9986994495550403,30
Stable reliability,33,mean_ai_trust,0.6334967699624962,0.6328224907614646,0.6341710491635277,30
Stable reliability,33,mean_peer_trust,0.5089973707993826,0.5082507673923838,0.5097439742063813,30
Stable reliability,33,mean_tie_strength,0.5190823276837667,0.5178711496684837,0.5202935056990498,30
Stable reliability,33,recent_active_tie_fraction,0.8968016167158595,0.8930777633896017,0.9005254700421172,30
Stable reliability,33,mean_unique_peer_partners,9.917407407407406,9.892688743473563,9.94212607134125,30
Stable reliability,33,network_density,0.05608317815021721,0.05603732334610703,0.05612903295432739,30
Stable reliability,33,ai_reliability,0.8599999999999999,0.8599999999999999,0.8599999999999999,30
Stable reliability,34,human_interaction_rate,0.5548148148148148,0.5412308352078711,0.5683987944217584,30
Stable reliability,34,ai_use_rate,0.6944444444444445,0.6825586443611177,0.7063302445277714,30
Stable reliability,34,mean_quality,0.5392195412526475,0.5361341360367003,0.5423049464685946,30
Stable reliability,34,mean_knowledge,0.5590160808645238,0.5555985945159638,0.5624335672130838,30
Stable reliability,34,knowledge_rank_corr_with_initial,0.9985507249445089,0.9984765085065933,0.9986249413824245,30
Stable reliability,34,mean_ai_trust,0.6341454672182507,0.6334625862161565,0.634828348220345,30
Stable reliability,34,mean_peer_trust,0.509334146976471,0.5085714230953893,0.5100968708575526,30
Stable reliability,34,mean_tie_strength,0.5181710879007976,0.5169522149118724,0.5193899608897228,30
Stable reliability,34,recent_active_tie_fraction,0.8946712788465605,0.8909798243939648,0.8983627332991562,30
Stable reliability,34,mean_unique_peer_partners,9.940000000000001,9.916540073118922,9.96345992688108,30
Stable reliability,34,network_density,0.05608938547486029,0.05604046190168853,0.05613830904803205,30
Stable reliability,34,ai_reliability,0.8599999999999999,0.8599999999999999,0.8599999999999999,30
Stable reliability,35,human_interaction_rate,0.565925925925926,0.5522656903878291,0.579586161464023,30
Stable reliability,35,ai_use_rate,0.6927777777777778,0.6796559270442281,0.7058996285113276,30
Stable reliability,35,mean_quality,0.5400374410066535,0.5364475735624097,0.5436273084508974,30
Stable reliability,35,mean_knowledge,0.5601517785548289,0.5567428234047628,0.563560733704895,30
Stable reliability,35,knowledge_rank_corr_with_initial,0.9984771874351449,0.9983992351310285,0.9985551397392614,30
Stable reliability,35,mean_ai_trust,0.6347986930728999,0.6341569834333349,0.6354404027124649,30
Stable reliability,35,mean_peer_trust,0.5097065369288126,0.5089255797645514,0.5104874940930738,30
Stable reliability,35,mean_tie_strength,0.5172605673472087,0.5160486538076653,0.5184724808867521,30
Stable reliability,35,recent_active_tie_fraction,0.8934676622189587,0.8895123314355439,0.8974229930023735,30
Stable reliability,35,mean_unique_peer_partners,9.966296296296296,9.94304264339235,9.989549949200242,30
Stable reliability,35,network_density,0.056095592799503366,0.056046085773985316,0.056145099825021416,30
Stable reliability,35,ai_reliability,0.8599999999999999,0.8599999999999999,0.8599999999999999,30
Stable reliability,36,human_interaction_rate,0.5700000000000001,0.5559555378066962,0.584044462193304,30
Stable reliability,36,ai_use_rate,0.7011111111111111,0.6886713953168581,0.7135508269053642,30
Stable reliability,36,mean_quality,0.539439499971196,0.5363150954627642,0.5425639044796278,30
Stable reliability,36,mean_knowledge,0.5612838956890098,0.5578792905822706,0.5646885007957491,30
Stable reliability,36,knowledge_rank_corr_with_initial,0.9983990165534834,0.9983207037867936,0.9984773293201732,30
Stable reliability,36,mean_ai_trust,0.6354873367237691,0.6348590778346065,0.6361155956129317,30
Stable reliability,36,mean_peer_trust,0.5100790500640869,0.5092917097036167,0.5108663904245572,30
Stable reliability,36,mean_tie_strength,0.5163564225037892,0.5151464897998934,0.517566355207685,30
Stable reliability,36,recent_active_tie_fraction,0.8935125010113959,0.889997115563825,0.8970278864589668,30
Stable reliability,36,mean_unique_peer_partners,9.99111111111111,9.968612094385646,10.013610127836573,30
Stable reliability,36,network_density,0.05609973101593209,0.056050775897478075,0.0561486861343861,30
Stable reliability,36,ai_reliability,0.8599999999999999,0.8599999999999999,0.8599999999999999,30
Stable reliability,37,human_interaction_rate,0.5596296296296297,0.548519047650012,0.5707402116092474,30
Stable reliability,37,ai_use_rate,0.6957407407407405,0.6815273562852638,0.7099541251962173,30
Stable reliability,37,mean_quality,0.5423767469770628,0.5392096232999827,0.545543870654143,30
Stable reliability,37,mean_knowledge,0.5624166781418699,0.559021109500291,0.5658122467834488,30
Stable reliability,37,knowledge_rank_corr_with_initial,0.9983278074007679,0.9982434309436733,0.9984121838578625,30
Stable reliability,37,mean_ai_trust,0.6362078878908601,0.6355432650372864,0.6368725107444339,30
Stable reliability,37,mean_peer_trust,0.5104427993297577,0.5096359466169864,0.5112496520425289,30
Stable reliability,37,mean_tie_strength,0.515466958284378,0.5142600216772161,0.51667389489154,30
Stable reliability,37,recent_active_tie_fraction,0.8923719927486898,0.8888556275500211,0.8958883579473585,30
Stable reliability,37,mean_unique_peer_partners,10.01037037037037,9.988499224413678,10.032241516327064,30
Stable reliability,37,network_density,0.05609973101593209,0.056050775897478075,0.0561486861343861,30
Stable reliability,37,ai_reliability,0.8599999999999999,0.8599999999999999,0.8599999999999999,30
Stable reliability,38,human_interaction_rate,0.5646296296296297,0.5494391848998731,0.5798200743593863,30
Stable reliability,38,ai_use_rate,0.6961111111111111,0.6837942759998864,0.7084279462223358,30
Stable reliability,38,mean_quality,0.5420772477681499,0.5387668794747376,0.5453876160615623,30
Stable reliability,38,mean_knowledge,0.5635460356604416,0.5601557088248069,0.5669363624960763,30
Stable reliability,38,knowledge_rank_corr_with_initial,0.9982424422153695,0.9981542186541117,0.9983306657766273,30
Stable reliability,38,mean_ai_trust,0.6366570418183088,0.6359547646289977,0.63735931900762,30
Stable reliability,38,mean_peer_trust,0.5108071843783061,0.5099788935911568,0.5116354751654554,30
Stable reliability,38,mean_tie_strength,0.5145638684431711,0.513357572016422,0.5157701648699203,30
Stable reliability,38,recent_active_tie_fraction,0.8930889322449812,0.889697532376202,0.8964803321137604,30
Stable reliability,38,mean_unique_peer_partners,10.031851851851851,10.012894177363487,10.050809526340215,30
Stable reliability,38,network_density,0.056105938340575166,0.05605621350922979,0.05615566317192054,30
Stable reliability,38,ai_reliability,0.8599999999999999,0.8599999999999999,0.8599999999999999,30
Stable reliability,39,human_interaction_rate,0.5633333333333332,0.5508912319381772,0.5757754347284892,30
Stable reliability,39,ai_use_rate,0.692037037037037,0.6788865680052019,0.7051875060688721,30
Stable reliability,39,mean_quality,0.5424917464264462,0.5392055875423468,0.5457779053105455,30
Stable reliability,39,mean_knowledge,0.5646744010220236,0.5612926603392807,0.5680561417047665,30
Stable reliability,39,knowledge_rank_corr_with_initial,0.9981574869244283,0.9980638421845298,0.9982511316643268,30
Stable reliability,39,mean_ai_trust,0.6372039889653986,0.6365466979501259,0.6378612799806714,30
Stable reliability,39,mean_peer_trust,0.5111909091472626,0.5103479986273979,0.5120338196671274,30
Stable reliability,39,mean_tie_strength,0.5136684874693552,0.5124605463629639,0.5148764285757466,30
Stable reliability,39,recent_active_tie_fraction,0.8921372896332463,0.8892688350065748,0.8950057442599179,30
Stable reliability,39,mean_unique_peer_partners,10.047407407407405,10.027736729388987,10.067078085425823,30
Stable reliability,39,network_density,0.056110076557003875,0.05605917348133081,0.05616097963267694,30
Stable reliability,39,ai_reliability,0.8599999999999999,0.8599999999999999,0.8599999999999999,30
Stable reliability,40,human_interaction_rate,0.5574074074074075,0.5431872382291859,0.571627576585629,30
Stable reliability,40,ai_use_rate,0.7020370370370372,0.6868368264623259,0.7172372476117486,30
Stable reliability,40,mean_quality,0.5433084155926248,0.5403488406474022,0.5462679905378474,30
Stable reliability,40,mean_knowledge,0.565798637217155,0.5624258418794417,0.5691714325548682,30
Stable reliability,40,knowledge_rank_corr_with_initial,0.9980809939812832,0.9979829283938382,0.9981790595687283,30
Stable reliability,40,mean_ai_trust,0.6376267970048083,0.6370354161300206,0.638218177879596,30
Stable reliability,40,mean_peer_trust,0.511570143699646,0.5107103882791683,0.5124298991201238,30
Stable reliability,40,mean_tie_strength,0.5127458413441975,0.5115321264359166,0.5139595562524785,30
Stable reliability,40,recent_active_tie_fraction,0.890941215386757,0.888160086051263,0.893722344722251,30
Stable reliability,40,mean_unique_peer_partners,10.062962962962962,10.043553532703708,10.082372393222215,30
Stable reliability,40,network_density,0.05612249120629003,0.056066460118325515,0.056178522294254546,30
Stable reliability,40,ai_reliability,0.8599999999999999,0.8599999999999999,0.8599999999999999,30
Stable reliability,41,human_interaction_rate,0.5601851851851851,0.5485507033488091,0.5718196670215612,30
Stable reliability,41,ai_use_rate,0.6914814814814816,0.6782853897498459,0.7046775732131173,30
Stable reliability,41,mean_quality,0.5446256726079234,0.5404096305557735,0.5488417146600733,30
Stable reliability,41,mean_knowledge,0.5669192346747952,0.5635493806028974,0.570289088746693,30
Stable reliability,41,knowledge_rank_corr_with_initial,0.997998861485508,0.9978968379313236,0.9981008850396924,30
Stable reliability,41,mean_ai_trust,0.6381376294162692,0.6375192336694697,0.6387560251630686,30
Stable reliability,41,mean_peer_trust,0.5119775036970774,0.5110974982829855,0.5128575091111693,30
Stable reliability,41,mean_tie_strength,0.5118600189685821,0.5106469770947798,0.5130730608423845,30
Stable reliability,41,recent_active_tie_fraction,0.89297398302096,0.8901227024797878,0.8958252635621322,30
Stable reliability,41,mean_unique_peer_partners,10.07925925925926,10.059837600018266,10.098680918500254,30
Stable reliability,41,network_density,0.05612456031450439,0.05606841362462425,0.05618070700438453,30
Stable reliability,41,ai_reliability,0.8599999999999999,0.8599999999999999,0.8599999999999999,30
Stable reliability,42,human_interaction_rate,0.569814814814815,0.5575398177201455,0.5820898119094845,30
Stable reliability,42,ai_use_rate,0.6975925925925925,0.6831000552292076,0.7120851299559775,30
Stable reliability,42,mean_quality,0.5453882188415086,0.5431416159838869,0.5476348216991302,30
Stable reliability,42,mean_knowledge,0.5680398615328976,0.5646800170497315,0.5713997060160638,30
Stable reliability,42,knowledge_rank_corr_with_initial,0.9979107827547294,0.9978057537551343,0.9980158117543246,30
Stable reliability,42,mean_ai_trust,0.6386469777058639,0.6380359703908985,0.6392579850208292,30
Stable reliability,42,mean_peer_trust,0.5123932798703511,0.5114930529169511,0.5132935068237511,30
Stable reliability,42,mean_tie_strength,0.5109700441360474,0.5097586055758585,0.5121814826962363,30
Stable reliability,42,recent_active_tie_fraction,0.8929442468557431,0.8897270733849364,0.8961614203265499,30
Stable reliability,42,mean_unique_peer_partners,10.093333333333334,10.07313658201205,10.113530084654617,30
Stable reliability,42,network_density,0.056128698530933115,0.056071376322516756,0.056186020739349474,30
Stable reliability,42,ai_reliability,0.8599999999999999,0.8599999999999999,0.8599999999999999,30
Stable reliability,43,human_interaction_rate,0.5585185185185185,0.5444093997323282,0.5726276373047089,30
Stable reliability,43,ai_use_rate,0.702037037037037,0.6867492145836744,0.7173248594903996,30
Stable reliability,43,mean_quality,0.5456202643403357,0.5429893947943715,0.5482511338863,30
Stable reliability,43,mean_knowledge,0.5691474154208201,0.5657999320085418,0.5724948988330985,30
Stable reliability,43,knowledge_rank_corr_with_initial,0.9978223289579848,0.9977137573106982,0.9979309006052715,30
Stable reliability,43,mean_ai_trust,0.6389007133853754,0.6382596769489237,0.639541749821827,30
Stable reliability,43,mean_peer_trust,0.5127956966559092,0.5118782871503934,0.513713106161425,30
Stable reliability,43,mean_tie_strength,0.5100895980993907,0.5088803693041986,0.5112988268945828,30
Stable reliability,43,recent_active_tie_fraction,0.8932374025933127,0.8899874018292094,0.8964874033574161,30
Stable reliability,43,mean_unique_peer_partners,10.106296296296296,10.08696807846706,10.125624514125533,30
Stable reliability,43,network_density,0.056128698530933115,0.056071376322516756,0.056186020739349474,30
Stable reliability,43,ai_reliability,0.8599999999999999,0.8599999999999999,0.8599999999999999,30
Stable reliability,44,human_interaction_rate,0.565925925925926,0.5513308451440926,0.5805210067077595,30
Stable reliability,44,ai_use_rate,0.7037037037037035,0.6922848627846024,0.7151225446228046,30
Stable reliability,44,mean_quality,0.5475919485923733,0.5446804332719561,0.5505034639127904,30
Stable reliability,44,mean_knowledge,0.5702718680691333,0.566930199951056,0.5736135361872107,30
Stable reliability,44,knowledge_rank_corr_with_initial,0.9977191046860601,0.9976036687100723,0.9978345406620478,30
Stable reliability,44,mean_ai_trust,0.639460979545517,0.6387316424584769,0.640190316632557,30
Stable reliability,44,mean_peer_trust,0.5132141371568044,0.5122830985508857,0.5141451757627231,30
Stable reliability,44,mean_tie_strength,0.5091994384924571,0.5079966527142864,0.5104022242706278,30
Stable reliability,44,recent_active_tie_fraction,0.8921048381827494,0.8885826758295543,0.8956270005359446,30
Stable reliability,44,mean_unique_peer_partners,10.117777777777778,10.097639892076655,10.137915663478902,30
Stable reliability,44,network_density,0.05613283674736183,0.05607666806504455,0.05618900542967911,30
Stable reliability,44,ai_reliability,0.8599999999999999,0.8599999999999999,0.8599999999999999,30
Stable reliability,45,human_interaction_rate,0.5679629629629629,0.5538754219232395,0.5820505040026863,30
Stable reliability,45,ai_use_rate,0.6922222222222222,0.67920882074189,0.7052356237025543,30
Stable reliability,45,mean_quality,0.5461426036362061,0.5427772156688984,0.5495079916035139,30
Stable reliability,45,mean_knowledge,0.5713815600843544,0.5680458033332998,0.5747173168354089,30
Stable reliability,45,knowledge_rank_corr_with_initial,0.9976232195786442,0.997502714205085,0.9977437249522034,30
Stable reliability,45,mean_ai_trust,0.6396056753316697,0.6389705210595282,0.6402408296038111,30
Stable reliability,45,mean_peer_trust,0.5136438270409902,0.512693859939662,0.5145937941423184,30
Stable reliability,45,mean_tie_strength,0.5083081364631653,0.5071164298726059,0.5094998430537248,30
Stable reliability,45,recent_active_tie_fraction,0.8923037070372799,0.8888740446674176,0.8957333694071422,30
Stable reliability,45,mean_unique_peer_partners,10.13037037037037,10.110519462482547,10.150221278258194,30
Stable reliability,45,network_density,0.05613904407200491,0.05608372282854407,0.05619436531546575,30
Stable reliability,45,ai_reliability,0.8599999999999999,0.8599999999999999,0.8599999999999999,30
Stable reliability,46,human_interaction_rate,0.5631481481481481,0.5482138567365797,0.5780824395597164,30
Stable reliability,46,ai_use_rate,0.6931481481481481,0.6801794863469883,0.7061168099493078,30
Stable reliability,46,mean_quality,0.5472755998856791,0.5442231005169641,0.5503280992543941,30
Stable reliability,46,mean_knowledge,0.5724861602900346,0.5691584118446283,0.5758139087354409,30
Stable reliability,46,knowledge_rank_corr_with_initial,0.9975299159182024,0.9974069772966389,0.9976528545397659,30
Stable reliability,46,mean_ai_trust,0.6398335758561462,0.6392221240612236,0.6404450276510688,30
Stable reliability,46,mean_peer_trust,0.5140569070974986,0.5130924404323992,0.515021373762598,30
Stable reliability,46,mean_tie_strength,0.507405016819636,0.5062113222864364,0.5085987113528356,30
Stable reliability,46,recent_active_tie_fraction,0.8896344777337009,0.8861425652377407,0.893126390229661,30
Stable reliability,46,mean_unique_peer_partners,10.141851851851849,10.122492947798015,10.161210755905682,30
Stable reliability,46,network_density,0.0561493896130767,0.0560907889227775,0.0562079903033759,30
Stable reliability,46,ai_reliability,0.8599999999999999,0.8599999999999999,0.8599999999999999,30
Stable reliability,47,human_interaction_rate,0.5688888888888889,0.5544690631722224,0.5833087146055553,30
Stable reliability,47,ai_use_rate,0.6979629629629628,0.6832488992634065,0.7126770266625191,30
Stable reliability,47,mean_quality,0.5499356100159456,0.5472046131199317,0.5526666069119595,30
Stable reliability,47,mean_knowledge,0.5735963658388397,0.5702810517010634,0.576911679976616,30
Stable reliability,47,knowledge_rank_corr_with_initial,0.9974339192120293,0.9973031421855751,0.9975646962384834,30
Stable reliability,47,mean_ai_trust,0.640252445582337,0.639657787081764,0.6408471040829099,30
Stable reliability,47,mean_peer_trust,0.5144904712835948,0.5135189201418967,0.5154620224252929,30
Stable reliability,47,mean_tie_strength,0.5065056463082631,0.5053136647685142,0.507697627848012,30
Stable reliability,47,recent_active_tie_fraction,0.887589025953836,0.884304376161929,0.890873675745743,30
Stable reliability,47,mean_unique_peer_partners,10.148888888888887,10.12913790566609,10.168639872111685,30
Stable reliability,47,network_density,0.0561597351541485,0.05609797904472652,0.05622149126357048,30
Stable reliability,47,ai_reliability,0.8599999999999999,0.8599999999999999,0.8599999999999999,30
Stable reliability,48,human_interaction_rate,0.5744444444444444,0.561204941937031,0.5876839469518579,30
Stable reliability,48,ai_use_rate,0.6849999999999998,0.6734157955854367,0.6965842044145629,30
Stable reliability,48,mean_quality,0.5502587780190294,0.5480583413964688,0.5524592146415901,30
Stable reliability,48,mean_knowledge,0.5746975410420295,0.5713931003996024,0.5780019816844566,30
Stable reliability,48,knowledge_rank_corr_with_initial,0.9973445591719755,0.9972079870344464,0.9974811313095047,30
Stable reliability,48,mean_ai_trust,0.6405143354148273,0.6399441051781471,0.6410845656515074,30
Stable reliability,48,mean_peer_trust,0.5149144609769185,0.5139241757746066,0.5159047461792304,30
Stable reliability,48,mean_tie_strength,0.5056345989306767,0.5044432075623707,0.5068259902989828,30
Stable reliability,48,recent_active_tie_fraction,0.8885106954059505,0.8851226966583198,0.8918986941535813,30
Stable reliability,48,mean_unique_peer_partners,10.158518518518518,10.137562118804048,10.179474918232987,30
Stable reliability,48,network_density,0.05616180426236286,0.05609982357545533,0.0562237849492704,30
Stable reliability,48,ai_reliability,0.8599999999999999,0.8599999999999999,0.8599999999999999,30
Stable reliability,49,human_interaction_rate,0.5712962962962964,0.5584148918052569,0.5841777007873359,30
Stable reliability,49,ai_use_rate,0.6862962962962963,0.6745267599563733,0.6980658326362192,30
Stable reliability,49,mean_quality,0.5500378341337251,0.546397454815871,0.5536782134515792,30
Stable reliability,49,mean_knowledge,0.5757844975699482,0.5724871048252393,0.5790818903146571,30
Stable reliability,49,knowledge_rank_corr_with_initial,0.9972471481064159,0.997104837678644,0.9973894585341878,30
Stable reliability,49,mean_ai_trust,0.6406859049196179,0.6401229121946109,0.6412488976446248,30
Stable reliability,49,mean_peer_trust,0.5153594831625621,0.5143532052102895,0.5163657611148347,30
Stable reliability,49,mean_tie_strength,0.5047555834054946,0.5035676547706546,0.5059435120403347,30
Stable reliability,49,recent_active_tie_fraction,0.8898838424283918,0.8856801572436437,0.8940875276131399,30
Stable reliability,49,mean_unique_peer_partners,10.167407407407408,10.148951073346403,10.185863741468413,30
Stable reliability,49,network_density,0.056165942478791586,0.056103544743147056,0.056228340214436116,30
Stable reliability,49,ai_reliability,0.8599999999999999,0.8599999999999999,0.8599999999999999,30
Stable reliability,50,human_interaction_rate,0.5750000000000001,0.5631548459389275,0.5868451540610726,30
Stable reliability,50,ai_use_rate,0.6840740740740742,0.671956643751004,0.6961915043971444,30
Stable reliability,50,mean_quality,0.5499037707254046,0.5468364021907863,0.552971139260023,30
Stable reliability,50,mean_knowledge,0.576870224848628,0.5735783463137291,0.580162103383527,30
Stable reliability,50,knowledge_rank_corr_with_initial,0.9971502376846005,0.9970037198824433,0.9972967554867578,30
Stable reliability,50,mean_ai_trust,0.6408324863124621,0.640287963045516,0.6413770095794082,30
Stable reliability,50,mean_peer_trust,0.5158094108104706,0.5147872363460612,0.51683158527488,30
Stable reliability,50,mean_tie_strength,0.5038743754227956,0.5026874786249974,0.5050612722205937,30
Stable reliability,50,recent_active_tie_fraction,0.8891218329525074,0.8851827860495722,0.8930608798554425,30
Stable reliability,50,mean_unique_peer_partners,10.175925925925926,10.158320581943501,10.19353126990835,30
Stable reliability,50,network_density,0.05617214980343467,0.05610775043205559,0.05623654917481375,30
Stable reliability,50,ai_reliability,0.8599999999999999,0.8599999999999999,0.8599999999999999,30
Stable reliability,51,human_interaction_rate,0.5687037037037038,0.5556688437737333,0.5817385636336744,30
Stable reliability,51,ai_use_rate,0.6803703703703704,0.6686640458610339,0.6920766948797069,30
Stable reliability,51,mean_quality,0.5517189242169229,0.5487948851511323,0.5546429632827136,30
Stable reliability,51,mean_knowledge,0.5779473584962685,0.5746655191393832,0.5812291978531539,30
Stable reliability,51,knowledge_rank_corr_with_initial,0.9970451979108101,0.9968905807188978,0.9971998151027225,30
Stable reliability,51,mean_ai_trust,0.6409121336226573,0.6404132951499769,0.6414109720953377,30
Stable reliability,51,mean_peer_trust,0.516267196337382,0.5152319254193141,0.51730246725545,30
Stable reliability,51,mean_tie_strength,0.5029997696479162,0.5018109664274151,0.5041885728684172,30
Stable reliability,51,recent_active_tie_fraction,0.8890579298365171,0.8852576557699814,0.8928582039030528,30
Stable reliability,51,mean_unique_peer_partners,10.187407407407408,10.16984763894568,10.204967175869136,30
Stable reliability,51,network_density,0.05617628801986339,0.05611072923365896,0.056241846806067815,30
Stable reliability,51,ai_reliability,0.8599999999999999,0.8599999999999999,0.8599999999999999,30
Stable reliability,52,human_interaction_rate,0.5742592592592592,0.5584559621834786,0.5900625563350399,30
Stable reliability,52,ai_use_rate,0.6987037037037037,0.6855871315724672,0.7118202758349402,30
Stable reliability,52,mean_quality,0.5503691060377893,0.5470026953616224,0.5537355167139563,30
Stable reliability,52,mean_knowledge,0.5790214917410916,0.5757456872092526,0.5822972962729307,30
Stable reliability,52,knowledge_rank_corr_with_initial,0.9969507205658773,0.9967932744374151,0.9971081666943395,30
Stable reliability,52,mean_ai_trust,0.6408347579414779,0.6402714260309138,0.641398089852042,30
Stable reliability,52,mean_peer_trust,0.5167191604773204,0.5156708849468477,0.5177674360077931,30
Stable reliability,52,mean_tie_strength,0.5021197915077209,0.500932024793775,0.5033075582216668,30
Stable reliability,52,recent_active_tie_fraction,0.888222325735745,0.8844802504647402,0.8919644010067498,30
Stable reliability,52,mean_unique_peer_partners,10.195925925925927,10.178819915994985,10.213031935856868,30
Stable reliability,52,network_density,0.056182495344506464,0.05611797622262161,0.05624701446639132,30
Stable reliability,52,ai_reliability,0.8599999999999999,0.8599999999999999,0.8599999999999999,30
Stable reliability,53,human_interaction_rate,0.5614814814814815,0.5498489130188934,0.5731140499440696,30
Stable reliability,53,ai_use_rate,0.7003703703703703,0.6894892125894339,0.7112515281513068,30
Stable reliability,53,mean_quality,0.5514849146338034,0.5484660533269595,0.5545037759406474,30
Stable reliability,53,mean_knowledge,0.5801017423545355,0.576833248014399,0.583370236694672,30
Stable reliability,53,knowledge_rank_corr_with_initial,0.9968503942203795,0.9966834033685571,0.9970173850722018,30
Stable reliability,53,mean_ai_trust,0.6409650015475533,0.6404138953132681,0.6415161077818385,30
Stable reliability,53,mean_peer_trust,0.5171774586041769,0.5161131133649973,0.5182418038433564,30
Stable reliability,53,mean_tie_strength,0.5012413630882899,0.50005758432567,0.5024251418509098,30
Stable reliability,53,recent_active_tie_fraction,0.8872405141142052,0.8834642983486551,0.8910167298797553,30
Stable reliability,53,mean_unique_peer_partners,10.20111111111111,10.183463111935371,10.21875911028685,30
Stable reliability,53,network_density,0.05618870266914954,0.05612503622853123,0.05625236910976785,30
Stable reliability,53,ai_reliability,0.8599999999999999,0.8599999999999999,0.8599999999999999,30
Stable reliability,54,human_interaction_rate,0.5627777777777779,0.547157078363377,0.5783984771921789,30
Stable reliability,54,ai_use_rate,0.6837037037037035,0.6709281430800897,0.6964792643273172,30
Stable reliability,54,mean_quality,0.5520460109927552,0.5477519918481624,0.556340030137348,30
Stable reliability,54,mean_knowledge,0.5811637782262917,0.5779010132660247,0.5844265431865587,30
Stable reliability,54,knowledge_rank_corr_with_initial,0.9967542668669565,0.9965790268908954,0.9969295068430175,30
Stable reliability,54,mean_ai_trust,0.6410323786665479,0.6405490632875167,0.6415156940455792,30
Stable reliability,54,mean_peer_trust,0.5176356176535288,0.5165544459896558,0.5187167893174018,30
Stable reliability,54,mean_tie_strength,0.5003722995519638,0.4991921697414745,0.5015524293624531,30
Stable reliability,54,recent_active_tie_fraction,0.8872509845336892,0.8832641097486609,0.8912378593187176,30
Stable reliability,54,mean_unique_peer_partners,10.208148148148148,10.190957333102036,10.22533896319426,30
Stable reliability,54,network_density,0.05619284088557826,0.056130785520118104,0.05625489625103841,30
Stable reliability,54,ai_reliability,0.8599999999999999,0.8599999999999999,0.8599999999999999,30
Stable reliability,55,human_interaction_rate,0.5718518518518518,0.5593700575676449,0.5843336461360588,30
Stable reliability,55,ai_use_rate,0.679074074074074,0.6678076496433969,0.6903404985047512,30
Stable reliability,55,mean_quality,0.5530997938733684,0.5501158657213163,0.5560837220254204,30
Stable reliability,55,mean_knowledge,0.5822185571381521,0.578962898617291,0.5854742156590131,30
Stable reliability,55,knowledge_rank_corr_with_initial,0.996655619575869,0.9964757360116906,0.9968355031400474,30
Stable reliability,55,mean_ai_trust,0.6411793900604211,0.6407075521129988,0.6416512280078435,30
Stable reliability,55,mean_peer_trust,0.5180912812550863,0.5169979283180802,0.5191846341920924,30
Stable reliability,55,mean_tie_strength,0.4995055307944616,0.49832793679088583,0.5006831247980373,30
Stable reliability,55,recent_active_tie_fraction,0.8874080044321598,0.8831505008181882,0.8916655080461314,30
Stable reliability,55,mean_unique_peer_partners,10.213703703703704,10.195910552146948,10.23149685526046,30
Stable reliability,55,network_density,0.05619697910200698,0.056135403244302294,0.05625855495971167,30
Stable reliability,55,ai_reliability,0.8599999999999999,0.8599999999999999,0.8599999999999999,30
Stable reliability,56,human_interaction_rate,0.5698148148148149,0.552555509908462,0.5870741197211677,30
Stable reliability,56,ai_use_rate,0.6885185185185186,0.6741467979638058,0.7028902390732314,30
Stable reliability,56,mean_quality,0.5550976072829167,0.551759893552689,0.5584353210131444,30
Stable reliability,56,mean_knowledge,0.5832825103857626,0.5800321197007102,0.586532901070815,30
Stable reliability,56,knowledge_rank_corr_with_initial,0.9965561336702748,0.996368642385684,0.9967436249548657,30
Stable reliability,56,mean_ai_trust,0.6410244809716629,0.6405351070280453,0.6415138549152805,30
Stable reliability,56,mean_peer_trust,0.5185596168041229,0.5174478115159231,0.5196714220923226,30
Stable reliability,56,mean_tie_strength,0.4986422737439474,0.49746840232331346,0.4998161451645813,30
Stable reliability,56,recent_active_tie_fraction,0.8868619033965391,0.8821633747525749,0.8915604320405034,30
Stable reliability,56,mean_unique_peer_partners,10.220370370370368,10.202968497871327,10.23777224286941,30
Stable reliability,56,network_density,0.056201117318435696,0.056138270903001435,0.05626396373386996,30
Stable reliability,56,ai_reliability,0.8599999999999999,0.8599999999999999,0.8599999999999999,30
Stable reliability,57,human_interaction_rate,0.5727777777777778,0.5560009722957963,0.5895545832597594,30
Stable reliability,57,ai_use_rate,0.6818518518518519,0.6700294787629404,0.6936742249407635,30
Stable reliability,57,mean_quality,0.5539704279001456,0.5504735462420853,0.5574673095582059,30
Stable reliability,57,mean_knowledge,0.5843518849462686,0.5811081547402028,0.5875956151523343,30
Stable reliability,57,knowledge_rank_corr_with_initial,0.9964346435658112,0.9962390636075692,0.9966302235240533,30
Stable reliability,57,mean_ai_trust,0.6411675327751374,0.6406346156639813,0.6417004498862935,30
Stable reliability,57,mean_peer_trust,0.5190402567386627,0.5179129104740492,0.5201676030032762,30
Stable reliability,57,mean_tie_strength,0.49776920477549236,0.49659709401465996,0.49894131553632476,30
Stable reliability,57,recent_active_tie_fraction,0.8866998861019318,0.8823610130293013,0.8910387591745624,30
Stable reliability,57,mean_unique_peer_partners,10.228518518518516,10.211685345483973,10.24535169155306,30
Stable reliability,57,network_density,0.05620939375129315,0.05614419388348584,0.056274593619100456,30
Stable reliability,57,ai_reliability,0.8599999999999999,0.8599999999999999,0.8599999999999999,30
Stable reliability,58,human_interaction_rate,0.5785185185185184,0.5660153424690798,0.5910216945679571,30
Stable reliability,58,ai_use_rate,0.6816666666666665,0.6682318946681823,0.6951014386651507,30
Stable reliability,58,mean_quality,0.5559806882638166,0.5529710650834965,0.5589903114441368,30
Stable reliability,58,mean_knowledge,0.5854229925471426,0.5821841147993819,0.5886618702949032,30
Stable reliability,58,knowledge_rank_corr_with_initial,0.9963151259233347,0.996113126678227,0.9965171251684424,30
Stable reliability,58,mean_ai_trust,0.6414471438274654,0.6409147918912157,0.641979495763715,30
Stable reliability,58,mean_peer_trust,0.5195166250069936,0.5183750518112029,0.5206581982027843,30
Stable reliability,58,mean_tie_strength,0.4969040165344874,0.4957287386675985,0.4980792944013763,30
Stable reliability,58,recent_active_tie_fraction,0.8876696274309247,0.883938750305434,0.8914005045564154,30
Stable reliability,58,mean_unique_peer_partners,10.235925925925926,10.219413165435597,10.252438686416255,30
Stable reliability,58,network_density,0.05621560107593623,0.05614878739531656,0.056282414756555904,30
Stable reliability,58,ai_reliability,0.8599999999999999,0.8599999999999999,0.8599999999999999,30
Stable reliability,59,human_interaction_rate,0.5614814814814816,0.5481489018282938,0.5748140611346694,30
Stable reliability,59,ai_use_rate,0.6925925925925925,0.6778800417603802,0.7073051434248049,30
Stable reliability,59,mean_quality,0.5545807496795601,0.5518904822869155,0.5572710170722046,30
Stable reliability,59,mean_knowledge,0.586476355315279,0.5832445034419359,0.589708207188622,30
Stable reliability,59,knowledge_rank_corr_with_initial,0.9962062728989879,0.9959981049242997,0.996414440873676,30
Stable reliability,59,mean_ai_trust,0.6413675998914673,0.6408218060979625,0.6419133936849721,30
Stable reliability,59,mean_peer_trust,0.5199850777784983,0.5188298198122999,0.5211403357446968,30
Stable reliability,59,mean_tie_strength,0.4960292826096217,0.4948572643623982,0.4972013008568452,30
Stable reliability,59,recent_active_tie_fraction,0.8871674725286799,0.8828627035512826,0.8914722415060772,30
Stable reliability,59,mean_unique_peer_partners,10.241851851851854,10.225267353594951,10.258436350108756,30
Stable reliability,59,network_density,0.056223877508793665,0.0561584082677184,0.05628934674986893,30
Stable reliability,59,ai_reliability,0.8599999999999999,0.8599999999999999,0.8599999999999999,30
Stable reliability,60,human_interaction_rate,0.5709259259259258,0.5589198372929406,0.5829320145589111,30
Stable reliability,60,ai_use_rate,0.680185185185185,0.6675409747734921,0.692829395596878,30
Stable reliability,60,mean_quality,0.5558307825798702,0.5531806293133584,0.5584809358463819,30
Stable reliability,60,mean_knowledge,0.587518187890103,0.5842979321284472,0.5907384436517589,30
Stable reliability,60,knowledge_rank_corr_with_initial,0.9960938449437523,0.9958787367880519,0.9963089530994527,30
Stable reliability,60,mean_ai_trust,0.6414420442005858,0.6409258615930571,0.6419582268081145,30
Stable reliability,60,mean_peer_trust,0.5204675356547038,0.5193028335394348,0.5216322377699728,30
Stable reliability,60,mean_tie_strength,0.49515878756841025,0.49398327010974574,0.49633430502707476,30
Stable reliability,60,recent_active_tie_fraction,0.8891378629156352,0.8851087735349483,0.8931669522963221,30
Stable reliability,60,mean_unique_peer_partners,10.246666666666666,10.230308602915667,10.263024730417666,30
Stable reliability,60,network_density,0.056232153941651104,0.05616482467310223,0.05629948321019998,30
Stable reliability,60,ai_reliability,0.8599999999999999,0.8599999999999999,0.8599999999999999,30
Stable reliability,61,human_interaction_rate,0.56,0.5453879832418245,0.5746120167581756,30
Stable reliability,61,ai_use_rate,0.6842592592592592,0.6700939826396014,0.6984245358789171,30
Stable reliability,61,mean_quality,0.5576285579153143,0.5543576264615844,0.5608994893690442,30
Stable reliability,61,mean_knowledge,0.5885674243537002,0.5853561921674292,0.5917786565399713,30
Stable reliability,61,knowledge_rank_corr_with_initial,0.9959782792067013,0.9957548164525362,0.9962017419608665,30
Stable reliability,61,mean_ai_trust,0.6415924598915417,0.641063067858772,0.6421218519243114,30
Stable reliability,61,mean_peer_trust,0.5209528923034668,0.5197654195702196,0.5221403650367139,30
Stable reliability,61,mean_tie_strength,0.49428294897079467,0.4931140222541246,0.49545187568746474,30
Stable reliability,61,recent_active_tie_fraction,0.8883866915884465,0.8846540682053918,0.8921193149715012,30
Stable reliability,61,mean_unique_peer_partners,10.254814814814813,10.239065603612163,10.270564026017462,30
Stable reliability,61,network_density,0.056242499482722905,0.05617838842515429,0.05630661054029152,30
Stable reliability,61,ai_reliability,0.8599999999999999,0.8599999999999999,0.8599999999999999,30
Stable reliability,62,human_interaction_rate,0.5727777777777778,0.5583502358346792,0.5872053197208764,30
Stable reliability,62,ai_use_rate,0.6809259259259259,0.6673643595862687,0.6944874922655832,30
Stable reliability,62,mean_quality,0.5575197276436941,0.5544918723790978,0.5605475829082903,30
Stable reliability,62,mean_knowledge,0.5896108125718413,0.5864039016868862,0.5928177234567965,30
Stable reliability,62,knowledge_rank_corr_with_initial,0.9958524395943331,0.9956202947271852,0.9960845844614811,30
Stable reliability,62,mean_ai_trust,0.6417712054065263,0.64121011072698,0.6423323000860727,30
Stable reliability,62,mean_peer_trust,0.5214495857556661,0.5202457646732174,0.5226534068381149,30
Stable reliability,62,mean_tie_strength,0.4934230923652649,0.49225522617328793,0.49459095855724183,30
Stable reliability,62,recent_active_tie_fraction,0.8875195154633904,0.8838938548017882,0.8911451761249926,30
Stable reliability,62,mean_unique_peer_partners,10.26,10.243964438686964,10.276035561313035,30
Stable reliability,62,network_density,0.056248706807365975,0.05618200412836906,0.05631540948636289,30
Stable reliability,62,ai_reliability,0.8599999999999999,0.8599999999999999,0.8599999999999999,30
Stable reliability,63,human_interaction_rate,0.5724074074074073,0.5557983208548734,0.5890164939599412,30
Stable reliability,63,ai_use_rate,0.672962962962963,0.6596772126863718,0.6862487132395542,30
Stable reliability,63,mean_quality,0.5574628596691491,0.553944404270238,0.5609813150680601,30
Stable reliability,63,mean_knowledge,0.5906524348377428,0.58745384056652,0.5938510291089656,30
Stable reliability,63,knowledge_rank_corr_with_initial,0.9957302753150334,0.9954861734847941,0.9959743771452728,30
Stable reliability,63,mean_ai_trust,0.6417898234172168,0.6412276585210871,0.6423519883133465,30
Stable reliability,63,mean_peer_trust,0.5219462891419728,0.5207219773065058,0.5231706009774398,30
Stable reliability,63,mean_tie_strength,0.4925730933745702,0.4914067206294971,0.49373946611964337,30
Stable reliability,63,recent_active_tie_fraction,0.8876746238770011,0.8839732397404555,0.8913760080135468,30
Stable reliability,63,mean_unique_peer_partners,10.267037037037037,10.251154591457716,10.282919482616357,30
Stable reliability,63,network_density,0.056252845023794705,0.05618653231369075,0.05631915773389866,30
Stable reliability,63,ai_reliability,0.8599999999999999,0.8599999999999999,0.8599999999999999,30
Stable reliability,64,human_interaction_rate,0.5748148148148149,0.5626729163434057,0.5869567132862241,30
Stable reliability,64,ai_use_rate,0.6837037037037035,0.6712219094194966,0.6961854979879104,30
Stable reliability,64,mean_quality,0.559153423796905,0.5557911877192978,0.5625156598745122,30
Stable reliability,64,mean_knowledge,0.5916917309516168,0.5885016578986967,0.5948818040045368,30
Stable reliability,64,knowledge_rank_corr_with_initial,0.9956024629159058,0.9953550032412524,0.9958499225905593,30
Stable reliability,64,mean_ai_trust,0.6417603028773043,0.64116593164932,0.6423546741052887,30
Stable reliability,64,mean_peer_trust,0.522453264395396,0.5212100550430139,0.5236964737477781,30
Stable reliability,64,mean_tie_strength,0.4917317638794581,0.4905675014921558,0.49289602626676043,30
Stable reliability,64,recent_active_tie_fraction,0.8884833063214241,0.8846383862503674,0.8923282263924809,30
Stable reliability,64,mean_unique_peer_partners,10.270370370370369,10.254307686538613,10.286433054202124,30
Stable reliability,64,network_density,0.056252845023794705,0.05618653231369075,0.05631915773389866,30
Stable reliability,64,ai_reliability,0.8599999999999999,0.8599999999999999,0.8599999999999999,30
Stable reliability,65,human_interaction_rate,0.570925925925926,0.5569441195952639,0.584907732256588,30
Stable reliability,65,ai_use_rate,0.6914814814814814,0.6754335860682358,0.707529376894727,30
Stable reliability,65,mean_quality,0.5595651959388767,0.5556281488774472,0.5635022430003062,30
Stable reliability,65,mean_knowledge,0.5927231122358019,0.5895367181300999,0.5959095063415039,30
Stable reliability,65,knowledge_rank_corr_with_initial,0.9954847247034511,0.9952348760819396,0.9957345733249625,30
Stable reliability,65,mean_ai_trust,0.6419238840137985,0.6413258971243554,0.6425218709032416,30
Stable reliability,65,mean_peer_trust,0.5229566335678101,0.5216963889340994,0.5242168782015207,30
Stable reliability,65,mean_tie_strength,0.4908802807331085,0.48972004664879004,0.492040514817427,30
Stable reliability,65,recent_active_tie_fraction,0.888195762884969,0.8838615636276377,0.8925299621423004,30
Stable reliability,65,mean_unique_peer_partners,10.276666666666667,10.260129959009104,10.29320337432423,30
Stable reliability,65,network_density,0.05625698324022342,0.05619054028617504,0.0563234261942718,30
Stable reliability,65,ai_reliability,0.8599999999999999,0.8599999999999999,0.8599999999999999,30
Stable reliability,66,human_interaction_rate,0.5674074074074075,0.5533509753998191,0.5814638394149958,30
Stable reliability,66,ai_use_rate,0.691111111111111,0.678235275877814,0.7039869463444081,30
Stable reliability,66,mean_quality,0.5619396090592689,0.5580290140962028,0.565850204022335,30
Stable reliability,66,mean_knowledge,0.5937493560240055,0.5905696043726935,0.5969291076753175,30
Stable reliability,66,knowledge_rank_corr_with_initial,0.9953643836857448,0.9951067594503942,0.9956220079210953,30
Stable reliability,66,mean_ai_trust,0.6420043759783091,0.6413707363757949,0.6426380155808232,30
Stable reliability,66,mean_peer_trust,0.5234594186147054,0.5221866313317303,0.5247322058976804,30
Stable reliability,66,mean_tie_strength,0.4900343805551529,0.48888257342520297,0.49118618768510286,30
Stable reliability,66,recent_active_tie_fraction,0.8870965279207169,0.8828213897906111,0.8913716660508227,30
Stable reliability,66,mean_unique_peer_partners,10.280740740740743,10.264508958467992,10.296972523013494,30
Stable reliability,66,network_density,0.056259052348437776,0.05619339943614582,0.05632470526072973,30
Stable reliability,66,ai_reliability,0.8599999999999999,0.8599999999999999,0.8599999999999999,30
Stable reliability,67,human_interaction_rate,0.5716666666666668,0.5543330060735365,0.589000327259797,30
Stable reliability,67,ai_use_rate,0.6840740740740742,0.6702948603932501,0.6978532877548982,30
Stable reliability,67,mean_quality,0.5600217558652818,0.5569126294789251,0.5631308822516385,30
Stable reliability,67,mean_knowledge,0.5947706793322791,0.5915976907642424,0.5979436679003158,30
Stable reliability,67,knowledge_rank_corr_with_initial,0.995241064030602,0.994980198752909,0.995501929308295,30
Stable reliability,67,mean_ai_trust,0.6419845179293181,0.6413633562539073,0.6426056796047289,30
Stable reliability,67,mean_peer_trust,0.5239747842152913,0.5226938985844831,0.5252556698460995,30
Stable reliability,67,mean_tie_strength,0.4891781439383825,0.48802789981851613,0.49032838805824885,30
Stable reliability,67,recent_active_tie_fraction,0.8863430702331361,0.8822557966074396,0.8904303438588326,30
Stable reliability,67,mean_unique_peer_partners,10.285925925925927,10.26929674871922,10.302555103132633,30
Stable reliability,67,network_density,0.05626732878129522,0.056200723380467985,0.05633393418212246,30
Stable reliability,67,ai_reliability,0.8599999999999999,0.8599999999999999,0.8599999999999999,30
Stable reliability,68,human_interaction_rate,0.5712962962962963,0.5564057898548271,0.5861868027377655,30
Stable reliability,68,ai_use_rate,0.6916666666666667,0.6797217096490485,0.7036116236842848,30
Stable reliability,68,mean_quality,0.5621899444324775,0.5598229010722354,0.5645569877927196,30
Stable reliability,68,mean_knowledge,0.595800133917256,0.5926362866977081,0.5989639811368038,30
Stable reliability,68,knowledge_rank_corr_with_initial,0.9951206076923474,0.994850985346126,0.9953902300385689,30
Stable reliability,68,mean_ai_trust,0.6419848813394586,0.6413846828999198,0.6425850797789975,30
Stable reliability,68,mean_peer_trust,0.5244950870672862,0.523204035816415,0.5257861383181575,30
Stable reliability,68,mean_tie_strength,0.48833489418029785,0.4871865059960752,0.4894832823645205,30
Stable reliability,68,recent_active_tie_fraction,0.886976244886051,0.8829918244415204,0.8909606653305816,30
Stable reliability,68,mean_unique_peer_partners,10.291851851851852,10.274251565988184,10.309452137715521,30
Stable reliability,68,network_density,0.05627146699772393,0.05620458403464057,0.05633834996080729,30
Stable reliability,68,ai_reliability,0.8599999999999999,0.8599999999999999,0.8599999999999999,30
Stable reliability,69,human_interaction_rate,0.5733333333333334,0.5604137769717334,0.5862528896949333,30
Stable reliability,69,ai_use_rate,0.68,0.668787488006454,0.691212511993546,30
Stable reliability,69,mean_quality,0.5625246636307134,0.559599267260786,0.5654500600006408,30
Stable reliability,69,mean_knowledge,0.5968084967426571,0.5936532207814944,0.5999637727038198,30
Stable reliability,69,knowledge_rank_corr_with_initial,0.9950105876479187,0.9947375347519192,0.9952836405439183,30
Stable reliability,69,mean_ai_trust,0.6420537363622919,0.6414342157605312,0.6426732569640526,30
Stable reliability,69,mean_peer_trust,0.5250048597653707,0.5236982960400844,0.526311423490657,30
Stable reliability,69,mean_tie_strength,0.4874626706043879,0.486316347499494,0.48860899370928185,30
Stable reliability,69,recent_active_tie_fraction,0.8871517659846149,0.8831236349853253,0.8911798969839044,30
Stable reliability,69,mean_unique_peer_partners,10.296296296296298,10.27878391661694,10.313808675975656,30
Stable reliability,69,network_density,0.05628595075522445,0.056218255613754785,0.05635364589669411,30
Stable reliability,69,ai_reliability,0.8599999999999999,0.8599999999999999,0.8599999999999999,30
Stable reliability,70,human_interaction_rate,0.5779629629629629,0.5648939941942621,0.5910319317316637,30
Stable reliability,70,ai_use_rate,0.6861111111111111,0.6734778592519931,0.6987443629702291,30
Stable reliability,70,mean_quality,0.563521663183269,0.5600928466398737,0.5669504797266643,30
Stable reliability,70,mean_knowledge,0.5978247239126511,0.5946724028106009,0.6009770450147013,30
Stable reliability,70,knowledge_rank_corr_with_initial,0.9948918234741104,0.9946184671806664,0.9951651797675545,30
Stable reliability,70,mean_ai_trust,0.642148349565776,0.6415781580711781,0.642718541060374,30
Stable reliability,70,mean_peer_trust,0.5255319138367971,0.5242095626072768,0.5268542650663174,30
Stable reliability,70,mean_tie_strength,0.4866187969843547,0.48547403904354086,0.4877635549251685,30
Stable reliability,70,recent_active_tie_fraction,0.8883748959531392,0.8847493554172593,0.8920004364890192,30
Stable reliability,70,mean_unique_peer_partners,10.302222222222223,10.284471934390028,10.319972510054418,30
Stable reliability,70,network_density,0.05629215807986753,0.05622667469194706,0.056357641467788,30
Stable reliability,70,ai_reliability,0.8599999999999999,0.8599999999999999,0.8599999999999999,30
Stable reliability,71,human_interaction_rate,0.5644444444444444,0.5515801394679897,0.5773087494208992,30
Stable reliability,71,ai_use_rate,0.6799999999999999,0.6676657074269591,0.6923342925730408,30
Stable reliability,71,mean_quality,0.5630367006554415,0.5590789036551147,0.5669944976557684,30
Stable reliability,71,mean_knowledge,0.5988354188624025,0.5956864097754371,0.601984427949368,30
Stable reliability,71,knowledge_rank_corr_with_initial,0.994768538886883,0.9944879888114596,0.9950490889623064,30
Stable reliability,71,mean_ai_trust,0.6421556925377049,0.6415358471789685,0.6427755378964413,30
Stable reliability,71,mean_peer_trust,0.5260453601678212,0.5247070026704657,0.5273837176651768,30
Stable reliability,71,mean_tie_strength,0.4857622057199478,0.4846182995802544,0.4869061118596413,30
Stable reliability,71,recent_active_tie_fraction,0.889827489463854,0.8861309632963087,0.8935240156313994,30
Stable reliability,71,mean_unique_peer_partners,10.30777777777778,10.289059049748586,10.326496505806974,30
Stable reliability,71,network_density,0.05630250362093933,0.05623513767567873,0.05636986956619993,30
Stable reliability,71,ai_reliability,0.8599999999999999,0.8599999999999999,0.8599999999999999,30
Stable reliability,72,human_interaction_rate,0.5742592592592594,0.5608761326942533,0.5876423858242654,30
Stable reliability,72,ai_use_rate,0.683148148148148,0.6686269687047667,0.6976693275915292,30
Stable reliability,72,mean_quality,0.5645732217914288,0.5614982193887154,0.5676482241941422,30
Stable reliability,72,mean_knowledge,0.5998468615518119,0.5967016838552794,0.6029920392483443,30
Stable reliability,72,knowledge_rank_corr_with_initial,0.9946402003760414,0.9943521011358375,0.9949282996162453,30
Stable reliability,72,mean_ai_trust,0.6421744137589048,0.6416127520266319,0.6427360754911777,30
Stable reliability,72,mean_peer_trust,0.5265633742014567,0.5252091877912194,0.527917560611694,30
Stable reliability,72,mean_tie_strength,0.4849099785089493,0.4837758366175733,0.4860441204003253,30
Stable reliability,72,recent_active_tie_fraction,0.8891468842318565,0.8858393895505786,0.8924543789131344,30
Stable reliability,72,mean_unique_peer_partners,10.312592592592596,10.293634918104232,10.33155026708096,30
Stable reliability,72,network_density,0.05631284916201112,0.05624605859151653,0.056379639732505704,30
Stable reliability,72,ai_reliability,0.8599999999999999,0.8599999999999999,0.8599999999999999,30
Stable reliability,73,human_interaction_rate,0.5840740740740741,0.571702141459574,0.5964460066885742,30
Stable reliability,73,ai_use_rate,0.6740740740740742,0.6602025519030695,0.6879455962450788,30
Stable reliability,73,mean_quality,0.5650031321459473,0.5621700952111395,0.5678361690807552,30
Stable reliability,73,mean_knowledge,0.6008515302903651,0.5977109404061349,0.6039921201745952,30
Stable reliability,73,knowledge_rank_corr_with_initial,0.9945185488346578,0.9942240386859463,0.9948130589833694,30
Stable reliability,73,mean_ai_trust,0.6422842369163393,0.6417677942381358,0.6428006795945428,30
Stable reliability,73,mean_peer_trust,0.5270964602629343,0.5257371901335359,0.5284557303923327,30
Stable reliability,73,mean_tie_strength,0.48407221138477324,0.4829382423707124,0.48520618039883406,30
Stable reliability,73,recent_active_tie_fraction,0.8899652873744758,0.8869652286194062,0.8929653461295454,30
Stable reliability,73,mean_unique_peer_partners,10.31925925925926,10.299378471908605,10.339140046609915,30
Stable reliability,73,network_density,0.05631905648665421,0.05625041920236715,0.05638769377094127,30
Stable reliability,73,ai_reliability,0.8599999999999999,0.8599999999999999,0.8599999999999999,30
Stable reliability,74,human_interaction_rate,0.5733333333333334,0.5581339363393761,0.5885327303272906,30
Stable reliability,74,ai_use_rate,0.6855555555555555,0.6708403152889303,0.7002707958221807,30
Stable reliability,74,mean_quality,0.5661305165813347,0.563057491304029,0.5692035418586404,30
Stable reliability,74,mean_knowledge,0.6018588134085245,0.5987267188429813,0.6049909079740677,30
Stable reliability,74,knowledge_rank_corr_with_initial,0.9943915292589228,0.9940863660099392,0.9946966925079065,30
Stable reliability,74,mean_ai_trust,0.6424683258612656,0.6419700577668159,0.6429665939557152,30
Stable reliability,74,mean_peer_trust,0.5276171227296194,0.5262469471958943,0.5289872982633445,30
Stable reliability,74,mean_tie_strength,0.4832249830166499,0.48209624828889924,0.48435371774440056,30
Stable reliability,74,recent_active_tie_fraction,0.8898349496212075,0.8863972894509979,0.893272609791417,30
Stable reliability,74,mean_unique_peer_partners,10.323333333333334,10.303114551589198,10.34355211507747,30
Stable reliability,74,network_density,0.05632733291951165,0.05625721805545503,0.05639744778356827,30
Stable reliability,74,ai_reliability,0.8599999999999999,0.8599999999999999,0.8599999999999999,30
Stable reliability,75,human_interaction_rate,0.5805555555555555,0.5658893064601052,0.5952218046510058,30
Stable reliability,75,ai_use_rate,0.6844444444444445,0.6700782318790324,0.6988106570098567,30
Stable reliability,75,mean_quality,0.566615306891426,0.5632265775419458,0.5700040362409062,30
Stable reliability,75,mean_knowledge,0.6028700646053635,0.599742016629966,0.6059981125807611,30
Stable reliability,75,knowledge_rank_corr_with_initial,0.9942580695045691,0.9939466019437379,0.9945695370654003,30
Stable reliability,75,mean_ai_trust,0.6426885189940986,0.642208645458823,0.6431683925293743,30
Stable reliability,75,mean_peer_trust,0.528163896004359,0.5267778536438784,0.5295499383648395,30
Stable reliability,75,mean_tie_strength,0.48239845037460327,0.48127112003384626,0.4835257807153603,30
Stable reliability,75,recent_active_tie_fraction,0.889988887026359,0.8867804281524135,0.8931973459003045,30
Stable reliability,75,mean_unique_peer_partners,10.325925925925928,10.305503157231009,10.346348694620847,30
Stable reliability,75,network_density,0.05632940202772601,0.05625848587496367,0.05640031818048835,30
Stable reliability,75,ai_reliability,0.8599999999999999,0.8599999999999999,0.8599999999999999,30
Stable reliability,76,human_interaction_rate,0.5775925925925927,0.5621598555773332,0.5930253296078521,30
Stable reliability,76,ai_use_rate,0.6792592592592591,0.6669570914772527,0.6915614270412656,30
Stable reliability,76,mean_quality,0.568967498146217,0.5662179181831272,0.5717170781093069,30
Stable reliability,76,mean_knowledge,0.6038736437176112,0.6007553239934919,0.6069919634417306,30
Stable reliability,76,knowledge_rank_corr_with_initial,0.9941301795149177,0.9938103422566104,0.994450016773225,30
Stable reliability,76,mean_ai_trust,0.6426307402340857,0.6421113451483084,0.6431501353198631,30
Stable reliability,76,mean_peer_trust,0.528684405485789,0.5272931797262451,0.5300756312453329,30
Stable reliability,76,mean_tie_strength,0.4815416733423869,0.4804251052302565,0.4826582414545173,30
Stable reliability,76,recent_active_tie_fraction,0.8881079356755969,0.8840436916638176,0.8921721796873762,30
Stable reliability,76,mean_unique_peer_partners,10.332222222222223,10.311282351687893,10.353162092756552,30
Stable reliability,76,network_density,0.05634388578522653,0.05627364772728767,0.056414123843165395,30
Stable reliability,76,ai_reliability,0.8599999999999999,0.8599999999999999,0.8599999999999999,30
Stable reliability,77,human_interaction_rate,0.5792592592592593,0.5668729416010098,0.5916455769175087,30
Stable reliability,77,ai_use_rate,0.6801851851851851,0.6668776722039363,0.6934926981664339,30
Stable reliability,77,mean_quality,0.5687323989527422,0.5650255102973206,0.5724392876081638,30
Stable reliability,77,mean_knowledge,0.604868823730505,0.6017572493754617,0.6079803980855483,30
Stable reliability,77,knowledge_rank_corr_with_initial,0.9940058939623395,0.9936757916592787,0.9943359962654004,30
Stable reliability,77,mean_ai_trust,0.6426508265130858,0.6420962292403808,0.6432054237857908,30
Stable reliability,77,mean_peer_trust,0.529241943359375,0.5278335577358183,0.5306503289829317,30
Stable reliability,77,mean_tie_strength,0.48071355919043224,0.4795978902437594,0.4818292281371051,30
Stable reliability,77,recent_active_tie_fraction,0.8888866149168909,0.8850250057994151,0.8927482240343667,30
Stable reliability,77,mean_unique_peer_partners,10.337407407407408,10.316070661400154,10.358744153414662,30
Stable reliability,77,network_density,0.056348024001655256,0.056276341352775636,0.056419706650534876,30
Stable reliability,77,ai_reliability,0.8599999999999999,0.8599999999999999,0.8599999999999999,30
Stable reliability,78,human_interaction_rate,0.5824074074074074,0.5671915845180594,0.5976232302967553,30
Stable reliability,78,ai_use_rate,0.6699999999999997,0.657534067705025,0.6824659322949744,30
Stable reliability,78,mean_quality,0.5660013404858332,0.5632122890698629,0.5687903919018035,30
Stable reliability,78,mean_knowledge,0.6058521759209105,0.6027492109022092,0.6089551409396117,30
Stable reliability,78,knowledge_rank_corr_with_initial,0.9938632276988159,0.9935263798689061,0.9942000755287256,30
Stable reliability,78,mean_ai_trust,0.6426012311375311,0.6420883634051262,0.643114098869936,30
Stable reliability,78,mean_peer_trust,0.529796016216278,0.5283730928402226,0.5312189395923335,30
Stable reliability,78,mean_tie_strength,0.4798897236585617,0.47877576577727493,0.48100368153984846,30
Stable reliability,78,recent_active_tie_fraction,0.8888953030256024,0.885443260544209,0.8923473455069958,30
Stable reliability,78,mean_unique_peer_partners,10.340000000000002,10.319223763619085,10.360776236380918,30
Stable reliability,78,network_density,0.056352162218083965,0.0562811546925066,0.05642316974366133,30
Stable reliability,78,ai_reliability,0.8599999999999999,0.8599999999999999,0.8599999999999999,30
Stable reliability,79,human_interaction_rate,0.5694444444444444,0.5559809844967389,0.5829079043921499,30
Stable reliability,79,ai_use_rate,0.6812962962962962,0.6685143487145344,0.6940782438780579,30
Stable reliability,79,mean_quality,0.5691759796017216,0.5655062426616535,0.5728457165417897,30
Stable reliability,79,mean_knowledge,0.606837127263439,0.6037398260303358,0.6099344284965421,30
Stable reliability,79,knowledge_rank_corr_with_initial,0.9937305030294256,0.993387828429696,0.9940731776291551,30
Stable reliability,79,mean_ai_trust,0.6425029545358887,0.6420029886796099,0.6430029203921674,30
Stable reliability,79,mean_peer_trust,0.5303296029567719,0.5288907764676721,0.5317684294458717,30
Stable reliability,79,mean_tie_strength,0.4790638526280721,0.477947014598673,0.4801806906574712,30
Stable reliability,79,recent_active_tie_fraction,0.8886101579342945,0.8854426418583571,0.891777674010232,30
Stable reliability,79,mean_unique_peer_partners,10.344814814814814,10.323339421017877,10.366290208611751,30
Stable reliability,79,network_density,0.05635630043451269,0.056284188338651536,0.05642841253037384,30
Stable reliability,79,ai_reliability,0.8599999999999999,0.8599999999999999,0.8599999999999999,30
Stable reliability,80,human_interaction_rate,0.5785185185185184,0.5628164899436241,0.5942205470934128,30
Stable reliability,80,ai_use_rate,0.6709259259259259,0.6600754966168553,0.6817763552349966,30
Stable reliability,80,mean_quality,0.5711004912433041,0.5679834830335243,0.5742174994530839,30
Stable reliability,80,mean_knowledge,0.607819297769267,0.6047301137459058,0.6109084817926282,30
Stable reliability,80,knowledge_rank_corr_with_initial,0.9936044678448109,0.993253453027867,0.9939554826617548,30
Stable reliability,80,mean_ai_trust,0.6425875812517574,0.6420974769632752,0.6430776855402396,30
Stable reliability,80,mean_peer_trust,0.5309002876281739,0.529453565365043,0.5323470098913048,30
Stable reliability,80,mean_tie_strength,0.4782466342051824,0.47713369678978484,0.4793595716205799,30
Stable reliability,80,recent_active_tie_fraction,0.8898964856210881,0.8864873591997021,0.8933056120424742,30
Stable reliability,80,mean_unique_peer_partners,10.350000000000001,10.328739430358032,10.37126056964197,30
Stable reliability,80,network_density,0.05635836954272704,0.056286622312932,0.05643011677252208,30
Stable reliability,80,ai_reliability,0.8599999999999999,0.8599999999999999,0.8599999999999999,30
Stable reliability,81,human_interaction_rate,0.5803703703703704,0.5668630771934442,0.5938776635472967,30
Stable reliability,81,ai_use_rate,0.6766666666666666,0.6660832500424277,0.6872500832909055,30
Stable reliability,81,mean_quality,0.5720115223628104,0.5693173193095941,0.5747057254160267,30
Stable reliability,81,mean_knowledge,0.6088056126359637,0.6057262093192722,0.6118850159526551,30
Stable reliability,81,knowledge_rank_corr_with_initial,0.9934673873175743,0.9931082670583342,0.9938265075768145,30
Stable reliability,81,mean_ai_trust,0.6425863015513482,0.6420554648462855,0.6431171382564109,30
Stable reliability,81,mean_peer_trust,0.5314556002616883,0.5299988785944063,0.5329123219289702,30
Stable reliability,81,mean_tie_strength,0.4774294008811315,0.47631780478635033,0.4785409969759127,30
Stable reliability,81,recent_active_tie_fraction,0.8909658296307134,0.8881609773396411,0.8937706819217857,30
Stable reliability,81,mean_unique_peer_partners,10.353703703703705,10.333028183247418,10.374379224159991,30
Stable reliability,81,network_density,0.056360438650941404,0.05628701963975028,0.056433857662132526,30
Stable reliability,81,ai_reliability,0.8599999999999999,0.8599999999999999,0.8599999999999999,30
Stable reliability,82,human_interaction_rate,0.565,0.5535835418646012,0.5764164581353987,30
Stable reliability,82,ai_use_rate,0.687962962962963,0.6762395376701833,0.6996863882557427,30
Stable reliability,82,mean_quality,0.5710734545524409,0.5670329134734852,0.5751139956313965,30
Stable reliability,82,mean_knowledge,0.6097815974770336,0.6067075114224028,0.6128556835316645,30
Stable reliability,82,knowledge_rank_corr_with_initial,0.9933341145943161,0.9929650059464933,0.9937032232421389,30
Stable reliability,82,mean_ai_trust,0.6425064894208887,0.6419764537083533,0.6430365251334241,30
Stable reliability,82,mean_peer_trust,0.5320082644621531,0.5305429301076927,0.5334735988166135,30
Stable reliability,82,mean_tie_strength,0.4766066451867422,0.47549500896525654,0.4777182814082278,30
Stable reliability,82,recent_active_tie_fraction,0.8903867449061604,0.8869403414959459,0.893833148316375,30
Stable reliability,82,mean_unique_peer_partners,10.355185185185185,10.333820637638159,10.376549732732212,30
Stable reliability,82,network_density,0.056364576867370134,0.05629040473514621,0.05643874899959406,30
Stable reliability,82,ai_reliability,0.8599999999999999,0.8599999999999999,0.8599999999999999,30
Stable reliability,83,human_interaction_rate,0.565,0.553212615270435,0.5767873847295649,30
Stable reliability,83,ai_use_rate,0.6872222222222223,0.676420224412573,0.6980242200318716,30
Stable reliability,83,mean_quality,0.5714802484371913,0.5677808831495059,0.5751796137248766,30
Stable reliability,83,mean_knowledge,0.6107591786585662,0.6076887842275056,0.6138295730896268,30
Stable reliability,83,knowledge_rank_corr_with_initial,0.9931994897101271,0.9928227366564727,0.9935762427637814,30
Stable reliability,83,mean_ai_trust,0.6425707784917023,0.642041476379243,0.6431000806041616,30
Stable reliability,83,mean_peer_trust,0.5325377504030864,0.5310613002804552,0.5340142005257176,30
Stable reliability,83,mean_tie_strength,0.4757738729317983,0.47466409689079747,0.4768836489727991,30
Stable reliability,83,recent_active_tie_fraction,0.8902178585571362,0.887103721743838,0.8933319953704344,30
Stable reliability,83,mean_unique_peer_partners,10.36037037037037,10.339449406318641,10.3812913344221,30
Stable reliability,83,network_density,0.056372853300227566,0.05629583836243299,0.056449868238022144,30
Stable reliability,83,ai_reliability,0.8599999999999999,0.8599999999999999,0.8599999999999999,30
Stable reliability,84,human_interaction_rate,0.5792592592592594,0.5660496799509288,0.5924688385675899,30
Stable reliability,84,ai_use_rate,0.6737037037037036,0.6607895086308031,0.6866178987766041,30
Stable reliability,84,mean_quality,0.5710278568991424,0.5673065672770031,0.5747491465212816,30
Stable reliability,84,mean_knowledge,0.6117241000638879,0.6086595169686956,0.6147886831590802,30
Stable reliability,84,knowledge_rank_corr_with_initial,0.9930566127481992,0.9926721167082714,0.9934411087881271,30
Stable reliability,84,mean_ai_trust,0.6424708498523128,0.6419443495610858,0.6429973501435399,30
Stable reliability,84,mean_peer_trust,0.5331148902575175,0.5316250147617546,0.5346047657532803,30
Stable reliability,84,mean_tie_strength,0.474941952029864,0.47383362131652673,0.47605028274320127,30
Stable reliability,84,recent_active_tie_fraction,0.8897658384892859,0.8863612748374783,0.8931704021410936,30
Stable reliability,84,mean_unique_peer_partners,10.364814814814816,10.343185190585169,10.386444439044462,30
Stable reliability,84,network_density,0.05638319884129937,0.056306123790366105,0.05646027389223264,30
Stable reliability,84,ai_reliability,0.8599999999999999,0.8599999999999999,0.8599999999999999,30
Stable reliability,85,human_interaction_rate,0.5857407407407408,0.5711258468183612,0.6003556346631204,30
Stable reliability,85,ai_use_rate,0.6692592592592593,0.6586292071019023,0.6798893114166163,30
Stable reliability,85,mean_quality,0.5711069254033577,0.5678615065584738,0.5743523442482417,30
Stable reliability,85,mean_knowledge,0.6126878625868007,0.6096289568086036,0.6157467683649979,30
Stable reliability,85,knowledge_rank_corr_with_initial,0.9929268592015956,0.9925316617838912,0.9933220566193001,30
Stable reliability,85,mean_ai_trust,0.6424337920846297,0.6419689155074302,0.6428986686618292,30
Stable reliability,85,mean_peer_trust,0.5336784482002258,0.532177775230418,0.5351791211700336,30
Stable reliability,85,mean_tie_strength,0.4741304814815521,0.473023325414757,0.47523763754834725,30
Stable reliability,85,recent_active_tie_fraction,0.8894404002524736,0.8865491624591114,0.8923316380458358,30
Stable reliability,85,mean_unique_peer_partners,10.367777777777778,10.345787090589418,10.389768464966139,30
Stable reliability,85,network_density,0.056387337057728096,0.05631092181162459,0.056463752303831605,30
Stable reliability,85,ai_reliability,0.8599999999999999,0.8599999999999999,0.8599999999999999,30
Stable reliability,86,human_interaction_rate,0.5862962962962964,0.5722504253601038,0.600342167232489,30
Stable reliability,86,ai_use_rate,0.6720370370370371,0.6587094669465781,0.6853646071274961,30
Stable reliability,86,mean_quality,0.5720189296491038,0.5690172405643492,0.5750206187338585,30
Stable reliability,86,mean_knowledge,0.6136465333611311,0.6105933902420635,0.6166996764801986,30
Stable reliability,86,knowledge_rank_corr_with_initial,0.9928049082539482,0.9924036237009838,0.9932061928069126,30
Stable reliability,86,mean_ai_trust,0.6423443982618348,0.6418713285406646,0.6428174679830049,30
Stable reliability,86,mean_peer_trust,0.5342487136522929,0.5327363857494395,0.5357610415551463,30
Stable reliability,86,mean_tie_strength,0.47331046958764394,0.47220669174934493,0.47441424742594296,30
Stable reliability,86,recent_active_tie_fraction,0.8901187337963506,0.8872886068535997,0.8929488607391016,30
Stable reliability,86,mean_unique_peer_partners,10.371111111111112,10.348712572339341,10.393509649882883,30
Stable reliability,86,network_density,0.05639561349058553,0.05631772550689544,0.056473501474275614,30
Stable reliability,86,ai_reliability,0.8599999999999999,0.8599999999999999,0.8599999999999999,30
Stable reliability,87,human_interaction_rate,0.5727777777777778,0.5585053529626581,0.5870502025928975,30
Stable reliability,87,ai_use_rate,0.687037037037037,0.6741758085415486,0.6998982655325254,30
Stable reliability,87,mean_quality,0.5742737246327962,0.570516682646947,0.5780307666186455,30
Stable reliability,87,mean_knowledge,0.6146157368914832,0.6115647135736199,0.6176667602093465,30
Stable reliability,87,knowledge_rank_corr_with_initial,0.9926578693481961,0.9922524686666451,0.9930632700297471,30
Stable reliability,87,mean_ai_trust,0.6425753922899099,0.6421084577127257,0.6430423268670941,30
Stable reliability,87,mean_peer_trust,0.5348188122113545,0.5332936384119804,0.5363439860107286,30
Stable reliability,87,mean_tie_strength,0.47249099413553874,0.4713896792621358,0.47359230900894167,30
Stable reliability,87,recent_active_tie_fraction,0.8913067159619505,0.8880899331158614,0.8945234988080397,30
Stable reliability,87,mean_unique_peer_partners,10.374444444444446,10.351559593803652,10.39732929508524,30
Stable reliability,87,network_density,0.05640182081522861,0.05632519171818854,0.056478449912268684,30
Stable reliability,87,ai_reliability,0.8599999999999999,0.8599999999999999,0.8599999999999999,30
Stable reliability,88,human_interaction_rate,0.580925925925926,0.5681532695209064,0.5936985823309455,30
Stable reliability,88,ai_use_rate,0.6735185185185184,0.65700620736927,0.6900308296677669,30
Stable reliability,88,mean_quality,0.5741422360979856,0.5709976639174843,0.577286808278487,30
Stable reliability,88,mean_knowledge,0.6155722074207606,0.6125278850603668,0.6186165297811543,30
Stable reliability,88,knowledge_rank_corr_with_initial,0.992527314677551,0.9921126520752147,0.9929419772798872,30
Stable reliability,88,mean_ai_trust,0.6427667670967238,0.6422693855098344,0.6432641486836131,30
Stable reliability,88,mean_peer_trust,0.5353913168112437,0.5338589345210419,0.5369236991014456,30
Stable reliability,88,mean_tie_strength,0.4716649432977041,0.47056278472655944,0.47276710186884874,30
Stable reliability,88,recent_active_tie_fraction,0.8921334510889402,0.8887070282275891,0.8955598739502912,30
Stable reliability,88,mean_unique_peer_partners,10.380370370370374,10.357706189680039,10.403034551060708,30
Stable reliability,88,network_density,0.056412166356300406,0.056332942019457426,0.056491390693143385,30
Stable reliability,88,ai_reliability,0.8599999999999999,0.8599999999999999,0.8599999999999999,30
Stable reliability,89,human_interaction_rate,0.5724074074074075,0.5567455958248109,0.5880692189900041,30
Stable reliability,89,ai_use_rate,0.6762962962962964,0.6632335741472954,0.6893590184452973,30
Stable reliability,89,mean_quality,0.576063854264489,0.572784612450214,0.5793430960787641,30
Stable reliability,89,mean_knowledge,0.6165300669904084,0.6134951076622478,0.6195650263185689,30
Stable reliability,89,knowledge_rank_corr_with_initial,0.9923748012001482,0.9919514630698282,0.9927981393304682,30
Stable reliability,89,mean_ai_trust,0.6427681110509795,0.6422561183392876,0.6432801037626714,30
Stable reliability,89,mean_peer_trust,0.5359421412150065,0.5344024335362806,0.5374818488937324,30
Stable reliability,89,mean_tie_strength,0.4708358426888784,0.4697315787660808,0.471940106611676,30
Stable reliability,89,recent_active_tie_fraction,0.8908066974797698,0.8873607148300722,0.8942526801294675,30
Stable reliability,89,mean_unique_peer_partners,10.385925925925928,10.362917341027325,10.408934510824531,30
Stable reliability,89,network_density,0.056424581005586553,0.05634428821840803,0.05650487379276508,30
Stable reliability,89,ai_reliability,0.8599999999999999,0.8599999999999999,0.8599999999999999,30
Stable reliability,90,human_interaction_rate,0.5824074074074075,0.5741259026316056,0.5906889121832094,30
Stable reliability,90,ai_use_rate,0.6729629629629629,0.6608088488892105,0.6851170770367152,30
Stable reliability,90,mean_quality,0.574213911822811,0.5710286620993233,0.5773991615462987,30
Stable reliability,90,mean_knowledge,0.6174717496327298,0.6144435548381635,0.6204999444272961,30
Stable reliability,90,knowledge_rank_corr_with_initial,0.9922402628610597,0.9918011754521818,0.9926793502699376,30
Stable reliability,90,mean_ai_trust,0.6424629461998224,0.6419664411079533,0.6429594512916914,30
Stable reliability,90,mean_peer_trust,0.5365181366602579,0.5349666146229395,0.5380696586975764,30
Stable reliability,90,mean_tie_strength,0.47003373901049295,0.4689293097690598,0.4711381682519261,30
Stable reliability,90,recent_active_tie_fraction,0.8910694122041121,0.8881357405239988,0.8940030838842253,30
Stable reliability,90,mean_unique_peer_partners,10.389629629629631,10.366880489823362,10.4123787694359,30
Stable reliability,90,network_density,0.05642871922201528,0.05634752398256157,0.056509914461468996,30
Stable reliability,90,ai_reliability,0.8599999999999999,0.8599999999999999,0.8599999999999999,30
Stable reliability,91,human_interaction_rate,0.5788888888888889,0.5612324831013378,0.59654529467644,30
Stable reliability,91,ai_use_rate,0.6753703703703703,0.6608778330069853,0.6898629077337552,30
Stable reliability,91,mean_quality,0.5780961406320636,0.5754519048623207,0.5807403764018065,30
Stable reliability,91,mean_knowledge,0.6184224356295537,0.6154002414121141,0.6214446298469932,30
Stable reliability,91,knowledge_rank_corr_with_initial,0.9920960385419125,0.991651549827824,0.9925405272560011,30
Stable reliability,91,mean_ai_trust,0.6424625565631847,0.642009385105996,0.6429157280203734,30
Stable reliability,91,mean_peer_trust,0.5371025264263153,0.5355353832938822,0.5386696695587484,30
Stable reliability,91,mean_tie_strength,0.46922333240509034,0.4681239500760974,0.47032271473408327,30
Stable reliability,91,recent_active_tie_fraction,0.891889683209993,0.8884516455564985,0.8953277208634874,30
Stable reliability,91,mean_unique_peer_partners,10.394074074074075,10.37096766384794,10.417180484300209,30
Stable reliability,91,network_density,0.05643492654665836,0.0563546145345814,0.056515238558735324,30
Stable reliability,91,ai_reliability,0.8599999999999999,0.8599999999999999,0.8599999999999999,30
Stable reliability,92,human_interaction_rate,0.5842592592592593,0.5704332776296378,0.5980852408888807,30
Stable reliability,92,ai_use_rate,0.6711111111111111,0.6580999904828656,0.6841222317393566,30
Stable reliability,92,mean_quality,0.5771183341781542,0.5747780070912523,0.5794586612650561,30
Stable reliability,92,mean_knowledge,0.6193748307560935,0.6163613219329598,0.6223883395792271,30
Stable reliability,92,knowledge_rank_corr_with_initial,0.9919630200472606,0.9915108636693026,0.9924151764252185,30
Stable reliability,92,mean_ai_trust,0.6425168218120939,0.642029152165446,0.6430044914587418,30
Stable reliability,92,mean_peer_trust,0.5377069393793742,0.5361281288572703,0.539285749901478,30
Stable reliability,92,mean_tie_strength,0.4684134682019552,0.4673177054733189,0.46950923093059144,30
Stable reliability,92,recent_active_tie_fraction,0.8929690301369068,0.8896687326881915,0.896269327585622,30
Stable reliability,92,mean_unique_peer_partners,10.39851851851852,10.375984352550057,10.421052684486982,30
Stable reliability,92,network_density,0.0564432029795158,0.05636450653707753,0.05652189942195407,30
Stable reliability,92,ai_reliability,0.8599999999999999,0.8599999999999999,0.8599999999999999,30
Stable reliability,93,human_interaction_rate,0.5731481481481481,0.5594949755799047,0.5868013207163915,30
Stable reliability,93,ai_use_rate,0.6799999999999998,0.6674746888213596,0.69252531117864,30
Stable reliability,93,mean_quality,0.5776700467656691,0.5738385991808952,0.5815014943504431,30
Stable reliability,93,mean_knowledge,0.6203154533533366,0.6173050865464185,0.6233258201602547,30
Stable reliability,93,knowledge_rank_corr_with_initial,0.9918158922857415,0.9913559730609328,0.9922758115105502,30
Stable reliability,93,mean_ai_trust,0.6424912591630819,0.6419375405927336,0.6430449777334303,30
Stable reliability,93,mean_peer_trust,0.5382914980252583,0.5366977391705655,0.5398852568799511,30
Stable reliability,93,mean_tie_strength,0.4676061421632767,0.46651117641556067,0.4687011079109927,30
Stable reliability,93,recent_active_tie_fraction,0.8922848626973288,0.888642164495739,0.8959275608989186,30
Stable reliability,93,mean_unique_peer_partners,10.402962962962963,10.380161697968507,10.42576422795742,30
Stable reliability,93,network_density,0.05644941030415888,0.056371316455763286,0.05652750415255447,30
Stable reliability,93,ai_reliability,0.8599999999999999,0.8599999999999999,0.8599999999999999,30
Stable reliability,94,human_interaction_rate,0.5855555555555557,0.5709110766262772,0.6002000344848343,30
Stable reliability,94,ai_use_rate,0.6725925925925925,0.657564694219629,0.687620490965556,30
Stable reliability,94,mean_quality,0.5777914375642104,0.5749404666822368,0.580642408446184,30
Stable reliability,94,mean_knowledge,0.6212461002979591,0.6182409704250842,0.6242512301708341,30
Stable reliability,94,knowledge_rank_corr_with_initial,0.9916797459674652,0.9912108356921934,0.9921486562427371,30
Stable reliability,94,mean_ai_trust,0.6423993759997086,0.6418900448859398,0.6429087071134775,30
Stable reliability,94,mean_peer_trust,0.538885094722112,0.5372841851152695,0.5404860043289544,30
Stable reliability,94,mean_tie_strength,0.46680191655953723,0.4657100565796464,0.46789377653942804,30
Stable reliability,94,recent_active_tie_fraction,0.8932853952580462,0.8898581185929296,0.8967126719231627,30
Stable reliability,94,mean_unique_peer_partners,10.406666666666668,10.382855147747854,10.430478185585482,30
Stable reliability,94,network_density,0.056455617628801955,0.05637772568104419,0.05653350957655972,30
Stable reliability,94,ai_reliability,0.8599999999999999,0.8599999999999999,0.8599999999999999,30
Stable reliability,95,human_interaction_rate,0.5883333333333333,0.5722704955272033,0.6043961711394632,30
Stable reliability,95,ai_use_rate,0.6687037037037037,0.6554319226485015,0.6819754847589059,30
Stable reliability,95,mean_quality,0.579941143280202,0.5760271355656528,0.5838551509947512,30
Stable reliability,95,mean_knowledge,0.6221885614929447,0.6191870420272311,0.6251900809586582,30
Stable reliability,95,knowledge_rank_corr_with_initial,0.9915257879841884,0.9910508890939765,0.9920006868744004,30
Stable reliability,95,mean_ai_trust,0.6426023440879273,0.6420395310878686,0.6431651570879859,30
Stable reliability,95,mean_peer_trust,0.5394797186056773,0.5378725065670398,0.5410869306443149,30
Stable reliability,95,mean_tie_strength,0.46599378287792204,0.464897548597055,0.46709001715878906,30
Stable reliability,95,recent_active_tie_fraction,0.892498803837199,0.8889377979871291,0.896059809687269,30
Stable reliability,95,mean_unique_peer_partners,10.412962962962961,10.38901514392649,10.436910781999432,30
Stable reliability,95,network_density,0.05646596316987375,0.0563874592115972,0.0565444671281503,30
Stable reliability,95,ai_reliability,0.8599999999999999,0.8599999999999999,0.8599999999999999,30
Stable reliability,96,human_interaction_rate,0.5787037037037037,0.5677660954217758,0.5896413119856316,30
Stable reliability,96,ai_use_rate,0.6694444444444446,0.6578014625288807,0.6810874263600085,30
Stable reliability,96,mean_quality,0.5787656787029017,0.5755376821249508,0.5819936752808527,30
Stable reliability,96,mean_knowledge,0.6231192190687076,0.6201229869997099,0.6261154511377053,30
Stable reliability,96,knowledge_rank_corr_with_initial,0.9913796385050054,0.9908927884959772,0.9918664885140337,30
Stable reliability,96,mean_ai_trust,0.6427046095788522,0.6421462955980543,0.6432629235596502,30
Stable reliability,96,mean_peer_trust,0.5400610148906708,0.5384449580814011,0.5416770716999405,30
Stable reliability,96,mean_tie_strength,0.4651932388544083,0.4641032174804678,0.46628326022834876,30
Stable reliability,96,recent_active_tie_fraction,0.8929841590965286,0.8891403289309057,0.8968279892621516,30
Stable reliability,96,mean_unique_peer_partners,10.418518518518516,10.395294239468146,10.441742797568885,30
Stable reliability,96,network_density,0.05647217049451682,0.056395011363868694,0.05654932962516494,30
Stable reliability,96,ai_reliability,0.8599999999999999,0.8599999999999999,0.8599999999999999,30
Stable reliability,97,human_interaction_rate,0.5788888888888889,0.5667510650169002,0.5910267127608776,30
Stable reliability,97,ai_use_rate,0.6672222222222223,0.652200085165246,0.6822443592791986,30
Stable reliability,97,mean_quality,0.583267161570305,0.5804202402806204,0.5861140828599896,30
Stable reliability,97,mean_knowledge,0.6240614534062876,0.621073254440448,0.6270496523721272,30
Stable reliability,97,knowledge_rank_corr_with_initial,0.991240106062551,0.99074340544148,0.991736806683622,30
Stable reliability,97,mean_ai_trust,0.6429975154162155,0.642474561540833,0.643520469291598,30
Stable reliability,97,mean_peer_trust,0.5406527856985728,0.5390245334142667,0.5422810379828789,30
Stable reliability,97,mean_tie_strength,0.4643931329250336,0.4633030634166736,0.4654832024333936,30
Stable reliability,97,recent_active_tie_fraction,0.8917531852930275,0.887646415684183,0.895859954901872,30
Stable reliability,97,mean_unique_peer_partners,10.421851851851851,10.398674904506615,10.445028799197088,30
Stable reliability,97,network_density,0.056478377819159896,0.056400015579106316,0.056556740059213476,30
Stable reliability,97,ai_reliability,0.8599999999999999,0.8599999999999999,0.8599999999999999,30
Stable reliability,98,human_interaction_rate,0.5911111111111111,0.5753161108392685,0.6069061113829538,30
Stable reliability,98,ai_use_rate,0.6583333333333333,0.6439325586525165,0.6727341080141501,30
Stable reliability,98,mean_quality,0.5833124869194228,0.5798368236160242,0.5867881502228215,30
Stable reliability,98,mean_knowledge,0.6249879423950048,0.6220047260295858,0.6279711587604238,30
Stable reliability,98,knowledge_rank_corr_with_initial,0.9910920840952536,0.9905846587743462,0.991599509416161,30
Stable reliability,98,mean_ai_trust,0.6430285843739495,0.64256989988051,0.6434872688673889,30
Stable reliability,98,mean_peer_trust,0.541260294119517,0.5396190426518378,0.5429015455871963,30
Stable reliability,98,mean_tie_strength,0.46359924376010897,0.4625120458863597,0.46468644163385825,30
Stable reliability,98,recent_active_tie_fraction,0.8930478363205168,0.8888098730259936,0.89728579961504,30
Stable reliability,98,mean_unique_peer_partners,10.427407407407404,10.403542767354152,10.451272047460657,30
Stable reliability,98,network_density,0.05648458514380298,0.05640628202870945,0.056562888258896514,30
Stable reliability,98,ai_reliability,0.8599999999999999,0.8599999999999999,0.8599999999999999,30
Stable reliability,99,human_interaction_rate,0.5948148148148148,0.5833234287221245,0.6063062009075051,30
Stable reliability,99,ai_use_rate,0.6588888888888891,0.6455155605157015,0.6722622172620767,30
Stable reliability,99,mean_quality,0.5823324958731478,0.5782888444480936,0.5863761472982021,30
Stable reliability,99,mean_knowledge,0.6259121018753739,0.622933396899828,0.6288908068509199,30
Stable reliability,99,knowledge_rank_corr_with_initial,0.9909425874626501,0.9904268031253245,0.9914583717999756,30
Stable reliability,99,mean_ai_trust,0.6431112375487942,0.6425710444703105,0.6436514306272778,30
Stable reliability,99,mean_peer_trust,0.5418744246164958,0.5402269468025844,0.5435219024304072,30
Stable reliability,99,mean_tie_strength,0.4628027339776357,0.4617177316881931,0.46388773626707835,30
Stable reliability,99,recent_active_tie_fraction,0.892688975861035,0.8888445038261402,0.8965334478959298,30
Stable reliability,99,mean_unique_peer_partners,10.43074074074074,10.407052103067626,10.454429378413854,30
Stable reliability,99,network_density,0.05649286157666041,0.05641674997654096,0.05656897317677986,30
Stable reliability,99,ai_reliability,0.8599999999999999,0.8599999999999999,0.8599999999999999,30
Stable reliability,100,human_interaction_rate,0.5866666666666667,0.5705094125598968,0.6028239207734365,30
Stable reliability,100,ai_use_rate,0.6712962962962964,0.6555343699995785,0.6870582225930143,30
Stable reliability,100,mean_quality,0.5838572521746715,0.5802571810578985,0.5874573232914446,30
Stable reliability,100,mean_knowledge,0.626835244951114,0.6238638163964465,0.6298066735057815,30
Stable reliability,100,knowledge_rank_corr_with_initial,0.9907900445626784,0.9902632401197572,0.9913168490055996,30
Stable reliability,100,mean_ai_trust,0.6430468329890257,0.6425158263314574,0.6435778396465939,30
Stable reliability,100,mean_peer_trust,0.542488980293274,0.5408357561195494,0.5441422044669986,30
Stable reliability,100,mean_tie_strength,0.4620218376318614,0.4609391874097304,0.4631044878539924,30
Stable reliability,100,recent_active_tie_fraction,0.8912936722065954,0.8872035955540108,0.8953837488591799,30
Stable reliability,100,mean_unique_peer_partners,10.434444444444443,10.410218974544318,10.458669914344568,30
Stable reliability,100,network_density,0.05649286157666041,0.05641674997654096,0.05656897317677986,30
Stable reliability,100,ai_reliability,0.8599999999999999,0.8599999999999999,0.8599999999999999,30
Stable reliability,101,human_interaction_rate,0.5914814814814816,0.5777022678006575,0.6052606951623057,30
Stable reliability,101,ai_use_rate,0.6657407407407407,0.6530801102851098,0.6784013711963717,30
Stable reliability,101,mean_quality,0.5823401257583124,0.5792968107301436,0.5853834407864812,30
Stable reliability,101,mean_knowledge,0.6277525722127925,0.6247856129542775,0.6307195314713074,30
Stable reliability,101,knowledge_rank_corr_with_initial,0.9906383971296353,0.9901013723456807,0.9911754219135899,30
Stable reliability,101,mean_ai_trust,0.643094384711077,0.6426425166134514,0.6435462528087027,30
Stable reliability,101,mean_peer_trust,0.5431064565976461,0.5414455813120663,0.5447673318832259,30
Stable reliability,101,mean_tie_strength,0.46123740673065183,0.4601582374049674,0.46231657605633625,30
Stable reliability,101,recent_active_tie_fraction,0.8925807462611822,0.8885599133757859,0.8966015791465786,30
Stable reliability,101,mean_unique_peer_partners,10.438518518518517,10.414185883696488,10.462851153340546,30
Stable reliability,101,network_density,0.05649699979308913,0.05642144191689623,0.05657255766928203,30
Stable reliability,101,ai_reliability,0.8599999999999999,0.8599999999999999,0.8599999999999999,30
Stable reliability,102,human_interaction_rate,0.6057407407407409,0.5949892327018116,0.6164922487796702,30
Stable reliability,102,ai_use_rate,0.6538888888888891,0.6409377842928734,0.6668399934849047,30
Stable reliability,102,mean_quality,0.584936928804463,0.5814736373621957,0.5884002202467303,30
Stable reliability,102,mean_knowledge,0.6286656425684006,0.6257037463052558,0.6316275388315454,30
Stable reliability,102,knowledge_rank_corr_with_initial,0.9904975165648985,0.9899570198762924,0.9910380132535046,30
Stable reliability,102,mean_ai_trust,0.6429890086051255,0.6425589499625248,0.6434190672477262,30
Stable reliability,102,mean_peer_trust,0.543752791484197,0.5420761552215453,0.5454294277468487,30
Stable reliability,102,mean_tie_strength,0.46045492788155873,0.4593799575914553,0.4615298981716622,30
Stable reliability,102,recent_active_tie_fraction,0.8942007516011217,0.890787115952783,0.8976143872494603,30
Stable reliability,102,mean_unique_peer_partners,10.442222222222222,10.417582528655618,10.466861915788826,30
Stable reliability,102,network_density,0.05650320711773222,0.05642793173248837,0.05657848250297607,30
Stable reliability,102,ai_reliability,0.8599999999999999,0.8599999999999999,0.8599999999999999,30
Stable reliability,103,human_interaction_rate,0.5816666666666666,0.5694952681429225,0.5938380651904106,30
Stable reliability,103,ai_use_rate,0.6698148148148148,0.6569495485889302,0.6826800810406993,30
Stable reliability,103,mean_quality,0.5850689921046748,0.5818008066545834,0.5883371775547661,30
Stable reliability,103,mean_knowledge,0.6295834927673138,0.6266245979519782,0.6325423875826495,30
Stable reliability,103,knowledge_rank_corr_with_initial,0.9903587808032223,0.9898118548065131,0.9909057067999314,30
Stable reliability,103,mean_ai_trust,0.6431663188743404,0.6427367520349078,0.643595885713773,30
Stable reliability,103,mean_peer_trust,0.5443699777126312,0.542686832609644,0.5460531228156184,30
Stable reliability,103,mean_tie_strength,0.45967165927092235,0.45859818505920574,0.46074513348263896,30
Stable reliability,103,recent_active_tie_fraction,0.8933989248997204,0.8899377160996974,0.8968601336997434,30
Stable reliability,103,mean_unique_peer_partners,10.447037037037036,10.422414614332723,10.47165945974135,30
Stable reliability,103,network_density,0.05650527622594657,0.056430441015322255,0.05658011143657088,30
Stable reliability,103,ai_reliability,0.8599999999999999,0.8599999999999999,0.8599999999999999,30
Stable reliability,104,human_interaction_rate,0.5966666666666669,0.581592757037629,0.6117405762957048,30
Stable reliability,104,ai_use_rate,0.6651851851851853,0.650720833642419,0.6796495367279517,30
Stable reliability,104,mean_quality,0.585555607142936,0.5822384805859128,0.5888727336999592,30
Stable reliability,104,mean_knowledge,0.6305015686727944,0.6275478890418653,0.6334552483037235,30
Stable reliability,104,knowledge_rank_corr_with_initial,0.9902099696402716,0.9896573262859462,0.9907626129945971,30
Stable reliability,104,mean_ai_trust,0.6431200380724922,0.6427807550084164,0.643459321136568,30
Stable reliability,104,mean_peer_trust,0.5449948608875275,0.5433037166478085,0.5466860051272464,30
Stable reliability,104,mean_tie_strength,0.45889797310034436,0.4578283499628061,0.45996759623788264,30
Stable reliability,104,recent_active_tie_fraction,0.8932575929116686,0.8897667174194867,0.8967484684038506,30
Stable reliability,104,mean_unique_peer_partners,10.452222222222222,10.427324903341457,10.477119541102986,30
Stable reliability,104,network_density,0.05650734533416093,0.0564327125654743,0.056581978102847555,30
Stable reliability,104,ai_reliability,0.8599999999999999,0.8599999999999999,0.8599999999999999,30
Stable reliability,105,human_interaction_rate,0.584074074074074,0.5701769008231091,0.5979712473250388,30
Stable reliability,105,ai_use_rate,0.675925925925926,0.6629269766012128,0.6889248752506393,30
Stable reliability,105,mean_quality,0.5866333620726749,0.5835008270005604,0.5897658971447894,30
Stable reliability,105,mean_knowledge,0.6314110670934763,0.6284603580060077,0.6343617761809448,30
Stable reliability,105,knowledge_rank_corr_with_initial,0.9900627065543273,0.9895025823198015,0.990622830788853,30
Stable reliability,105,mean_ai_trust,0.6432779462498284,0.6428769803986436,0.6436789121010131,30
Stable reliability,105,mean_peer_trust,0.5456222752730052,0.5439248678234111,0.5473196827225993,30
Stable reliability,105,mean_tie_strength,0.45811370611190794,0.45704397135590064,0.45918344086791524,30
Stable reliability,105,recent_active_tie_fraction,0.8922447718175567,0.8885508437900145,0.8959386998450989,30
Stable reliability,105,mean_unique_peer_partners,10.454074074074075,10.42911524153185,10.4790329066163,30
Stable reliability,105,network_density,0.05651148355058965,0.05643604427360978,0.056586922827569525,30
Stable reliability,105,ai_reliability,0.8599999999999999,0.8599999999999999,0.8599999999999999,30
Stable reliability,106,human_interaction_rate,0.5827777777777777,0.5683194121093077,0.5972361434462478,30
Stable reliability,106,ai_use_rate,0.663148148148148,0.6473918717375711,0.678904424558725,30
Stable reliability,106,mean_quality,0.5858199141049195,0.58238188381732,0.589257944392519,30
Stable reliability,106,mean_knowledge,0.6323151025035026,0.6293685156890171,0.6352616893179882,30
Stable reliability,106,knowledge_rank_corr_with_initial,0.9899170689287161,0.9893417948979334,0.9904923429594988,30
Stable reliability,106,mean_ai_trust,0.6431646377347184,0.6427047606933052,0.6436245147761317,30
Stable reliability,106,mean_peer_trust,0.5462465564409892,0.5445354992495304,0.547957613632448,30
Stable reliability,106,mean_tie_strength,0.45733967920144397,0.45627114934377266,0.4584082090591153,30
Stable reliability,106,recent_active_tie_fraction,0.8911184967099992,0.8877131691694252,0.8945238242505732,30
Stable reliability,106,mean_unique_peer_partners,10.461111111111112,10.436487081303952,10.485735140918273,30
Stable reliability,106,network_density,0.056513552658804006,0.056437603499591364,0.05658950181801665,30
Stable reliability,106,ai_reliability,0.8599999999999999,0.8599999999999999,0.8599999999999999,30
Stable reliability,107,human_interaction_rate,0.606851851851852,0.5961113913045132,0.6175923123991908,30
Stable reliability,107,ai_use_rate,0.6538888888888886,0.6416203410756388,0.6661574367021385,30
Stable reliability,107,mean_quality,0.5849702186072752,0.5820773692337076,0.5878630679808428,30
Stable reliability,107,mean_knowledge,0.6332042211965546,0.6302638789795373,0.636144563413572,30
Stable reliability,107,knowledge_rank_corr_with_initial,0.9897629071940568,0.9891757295349667,0.9903500848531469,30
Stable reliability,107,mean_ai_trust,0.6430050757387326,0.6425580802805645,0.6434520711969006,30
Stable reliability,107,mean_peer_trust,0.5468897978464763,0.5451704512460062,0.5486091444469464,30
Stable reliability,107,mean_tie_strength,0.45656876762708026,0.45550523254295144,0.4576323027112091,30
Stable reliability,107,recent_active_tie_fraction,0.8922203876301894,0.8888949055998122,0.8955458696605666,30
Stable reliability,107,mean_unique_peer_partners,10.466666666666669,10.441113996725846,10.49221933660749,30
Stable reliability,107,network_density,0.056515621767018374,0.05643990468823012,0.05659133884580663,30
Stable reliability,107,ai_reliability,0.8599999999999999,0.8599999999999999,0.8599999999999999,30
Stable reliability,108,human_interaction_rate,0.5946296296296296,0.5830667951499086,0.6061924641093507,30
Stable reliability,108,ai_use_rate,0.668148148148148,0.6552684717897296,0.6810278245065665,30
Stable reliability,108,mean_quality,0.5876008296688406,0.5845781999347662,0.590623459402915,30
Stable reliability,108,mean_knowledge,0.6341042605701117,0.6311710134529827,0.6370375076872408,30
Stable reliability,108,knowledge_rank_corr_with_initial,0.9896125392060124,0.9890190271831809,0.990206051228844,30
Stable reliability,108,mean_ai_trust,0.6429283216821315,0.6424531825691431,0.64340346079512,30
Stable reliability,108,mean_peer_trust,0.5475290596485138,0.5458031422590451,0.5492549770379825,30
Stable reliability,108,mean_tie_strength,0.455796750386556,0.45473640645982166,0.4568570943132903,30
Stable reliability,108,recent_active_tie_fraction,0.892222919090201,0.8889224359970285,0.8955234021833736,30
Stable reliability,108,mean_unique_peer_partners,10.473333333333334,10.448306417447114,10.498360249219555,30
Stable reliability,108,network_density,0.05651769087523273,0.05644246062281051,0.05659292112765495,30
Stable reliability,108,ai_reliability,0.8599999999999999,0.8599999999999999,0.8599999999999999,30
Stable reliability,109,human_interaction_rate,0.5940740740740742,0.5842538346167954,0.603894313531353,30
Stable reliability,109,ai_use_rate,0.6524074074074074,0.6418480884327827,0.6629667263820321,30
Stable reliability,109,mean_quality,0.5885217701239098,0.5855067094486976,0.591536830799122,30
Stable reliability,109,mean_knowledge,0.6350023075171443,0.632074909061969,0.6379297059723196,30
Stable reliability,109,knowledge_rank_corr_with_initial,0.9894737336060272,0.9888698518243992,0.9900776153876552,30
Stable reliability,109,mean_ai_trust,0.642889651135858,0.6424432932333998,0.6433360090383163,30
Stable reliability,109,mean_peer_trust,0.5481536825497945,0.5464192110618035,0.5498881540377855,30
Stable reliability,109,mean_tie_strength,0.4550076295932134,0.45394756329951763,0.45606769588690915,30
Stable reliability,109,recent_active_tie_fraction,0.8928693017315812,0.889414351031885,0.8963242524312773,30
Stable reliability,109,mean_unique_peer_partners,10.478148148148149,10.452934951003298,10.503361345293,30
Stable reliability,109,network_density,0.056530105524518884,0.05645235641052633,0.05660785463851144,30
Stable reliability,109,ai_reliability,0.8599999999999999,0.8599999999999999,0.8599999999999999,30
Stable reliability,110,human_interaction_rate,0.5924074074074074,0.5791244497998187,0.6056903650149961,30
Stable reliability,110,ai_use_rate,0.6651851851851851,0.6493495252544718,0.6810208451158984,30
Stable reliability,110,mean_quality,0.5912711225351199,0.5881527614198334,0.5943894836504064,30
Stable reliability,110,mean_knowledge,0.6359083518640076,0.6329854722872356,0.6388312314407797,30
Stable reliability,110,knowledge_rank_corr_with_initial,0.9893110366320059,0.9887034702515579,0.9899186030124539,30
Stable reliability,110,mean_ai_trust,0.6431702370248531,0.6426793625625644,0.6436611114871418,30
Stable reliability,110,mean_peer_trust,0.5487887442111969,0.5470420901413481,0.5505353982810458,30
Stable reliability,110,mean_tie_strength,0.4542280356089274,0.45317075735442836,0.4552853138634264,30
Stable reliability,110,recent_active_tie_fraction,0.891604756163657,0.8878179478297035,0.8953915644976105,30
Stable reliability,110,mean_unique_peer_partners,10.481481481481486,10.455506424744787,10.507456538218186,30
Stable reliability,110,network_density,0.05653838195737632,0.05646112684767505,0.0566156370670776,30
Stable reliability,110,ai_reliability,0.8599999999999999,0.8599999999999999,0.8599999999999999,30
Stable reliability,111,human_interaction_rate,0.605925925925926,0.5923725688228282,0.6194792830290238,30
Stable reliability,111,ai_use_rate,0.6544444444444444,0.6404868931982053,0.6684019956906835,30
Stable reliability,111,mean_quality,0.5901912980999069,0.5873035082342296,0.5930790879655842,30
Stable reliability,111,mean_knowledge,0.6368081143801262,0.6338909444005303,0.6397252843597221,30
Stable reliability,111,knowledge_rank_corr_with_initial,0.9891619633727715,0.9885455029180695,0.9897784238274735,30
Stable reliability,111,mean_ai_trust,0.6432615285841286,0.6428279462336753,0.6436951109345818,30
Stable reliability,111,mean_peer_trust,0.5494287192821503,0.5476777149049195,0.5511797236593812,30
Stable reliability,111,mean_tie_strength,0.4534567634264628,0.45240089685630797,0.4545126299966176,30
Stable reliability,111,recent_active_tie_fraction,0.8932298079157196,0.889406881310011,0.8970527345214282,30
Stable reliability,111,mean_unique_peer_partners,10.484814814814817,10.458586196369433,10.5110434332602,30
Stable reliability,111,network_density,0.0565445892820194,0.05646931389677554,0.05661986466726326,30
Stable reliability,111,ai_reliability,0.8599999999999999,0.8599999999999999,0.8599999999999999,30
Stable reliability,112,human_interaction_rate,0.5918518518518517,0.5759806222502504,0.6077230814534531,30
Stable reliability,112,ai_use_rate,0.6633333333333333,0.6503541867202086,0.676312479946458,30
Stable reliability,112,mean_quality,0.5896031688379286,0.5862149045547796,0.5929914331210776,30
Stable reliability,112,mean_knowledge,0.6377028986056348,0.6347907124300626,0.640615084781207,30
Stable reliability,112,knowledge_rank_corr_with_initial,0.9889942961231958,0.9883695439122758,0.9896190483341157,30
Stable reliability,112,mean_ai_trust,0.64327134041351,0.6428328321480905,0.6437098486789294,30
Stable reliability,112,mean_peer_trust,0.5500662724177042,0.5483069107749576,0.5518256340604508,30
Stable reliability,112,mean_tie_strength,0.45268181562423704,0.4516264570656048,0.4537371741828693,30
Stable reliability,112,recent_active_tie_fraction,0.8949629127192703,0.8914430766021186,0.898482748836422,30
Stable reliability,112,mean_unique_peer_partners,10.488888888888885,10.4634526326284,10.514325145149371,30
Stable reliability,112,network_density,0.05655286571487683,0.056479333243794755,0.05662639818595891,30
Stable reliability,112,ai_reliability,0.8599999999999999,0.8599999999999999,0.8599999999999999,30
Stable reliability,113,human_interaction_rate,0.5987037037037037,0.5821465188092699,0.6152608885981375,30
Stable reliability,113,ai_use_rate,0.649074074074074,0.6356400384695828,0.6625081096785652,30
Stable reliability,113,mean_quality,0.5927265747727554,0.5894627461678592,0.5959904033776515,30
Stable reliability,113,mean_knowledge,0.6385886723820867,0.6356784006836314,0.6414989440805421,30
Stable reliability,113,knowledge_rank_corr_with_initial,0.9888363674089667,0.9882082132219432,0.9894645215959903,30
Stable reliability,113,mean_ai_trust,0.6434336925216074,0.6430060626891306,0.6438613223540842,30
Stable reliability,113,mean_peer_trust,0.5507151106993358,0.548943119240522,0.5524871021581496,30
Stable reliability,113,mean_tie_strength,0.4519150763750076,0.45085897907927264,0.4529711736707426,30
Stable reliability,113,recent_active_tie_fraction,0.8961443572716364,0.8924735042840068,0.899815210259266,30
Stable reliability,113,mean_unique_peer_partners,10.493333333333332,10.46765090652653,10.519015760140135,30
Stable reliability,113,network_density,0.05655700393130556,0.05648227193886315,0.056631735923747976,30
Stable reliability,113,ai_reliability,0.8599999999999999,0.8599999999999999,0.8599999999999999,30
Stable reliability,114,human_interaction_rate,0.5937037037037037,0.580942089356988,0.6064653180504195,30
Stable reliability,114,ai_use_rate,0.6601851851851852,0.6460618746667436,0.6743084957036268,30
Stable reliability,114,mean_quality,0.5913853217403201,0.5881288995191665,0.5946417439614737,30
Stable reliability,114,mean_knowledge,0.6394658348839832,0.6365607574201866,0.6423709123477799,30
Stable reliability,114,knowledge_rank_corr_with_initial,0.9886784291074313,0.9880432804531477,0.9893135777617149,30
Stable reliability,114,mean_ai_trust,0.6433190262167642,0.6429298011416996,0.6437082512918287,30
Stable reliability,114,mean_peer_trust,0.5513353645801544,0.5495495095032321,0.5531212196570767,30
Stable reliability,114,mean_tie_strength,0.45114454130331677,0.4500923488326247,0.4521967337740088,30
Stable reliability,114,recent_active_tie_fraction,0.8957134259703057,0.8920284990898599,0.8993983528507514,30
Stable reliability,114,mean_unique_peer_partners,10.497407407407405,10.471424353717092,10.523390461097717,30
Stable reliability,114,network_density,0.05656321125594864,0.056489490073090336,0.05663693243880694,30
Stable reliability,114,ai_reliability,0.8599999999999999,0.8599999999999999,0.8599999999999999,30
Stable reliability,115,human_interaction_rate,0.5981481481481482,0.5841806773251736,0.6121156189711228,30
Stable reliability,115,ai_use_rate,0.662962962962963,0.6483617829666438,0.6775641429592821,30
Stable reliability,115,mean_quality,0.5933918683190438,0.5905009989282615,0.5962827377098261,30
Stable reliability,115,mean_knowledge,0.6403470035443489,0.637448242539299,0.6432457645493989,30
Stable reliability,115,knowledge_rank_corr_with_initial,0.9885280350457105,0.9878845952932038,0.9891714747982172,30
Stable reliability,115,mean_ai_trust,0.6432485519837668,0.6428181163781279,0.6436789875894058,30
Stable reliability,115,mean_peer_trust,0.55199027856191,0.5501979745340156,0.5537825825898043,30
Stable reliability,115,mean_tie_strength,0.45037654439608255,0.44932557317016536,0.45142751562199973,30
Stable reliability,115,recent_active_tie_fraction,0.8960137997948895,0.8924526947088881,0.8995749048808909,30
Stable reliability,115,mean_unique_peer_partners,10.504814814814813,10.47892330206972,10.530706327559905,30
Stable reliability,115,network_density,0.05656941858059171,0.05649503445035966,0.05664380271082376,30
Stable reliability,115,ai_reliability,0.8599999999999999,0.8599999999999999,0.8599999999999999,30
Stable reliability,116,human_interaction_rate,0.5975925925925926,0.5841850941086816,0.6110000910765035,30
Stable reliability,116,ai_use_rate,0.6622222222222223,0.6495696036497,0.6748748407947446,30
Stable reliability,116,mean_quality,0.5915974146680164,0.5884912427765343,0.5947035865594985,30
Stable reliability,116,mean_knowledge,0.6412262876793771,0.6383313574455224,0.6441212179132317,30
Stable reliability,116,knowledge_rank_corr_with_initial,0.9883582498343274,0.9877090134725791,0.9890074861960757,30
Stable reliability,116,mean_ai_trust,0.6432745660802149,0.6427921073094301,0.6437570248509997,30
Stable reliability,116,mean_peer_trust,0.5526390492916107,0.5508378263367382,0.5544402722464832,30
Stable reliability,116,mean_tie_strength,0.44960920612017313,0.44856036443253167,0.4506580478078146,30
Stable reliability,116,recent_active_tie_fraction,0.8963179339182166,0.8928956960502922,0.899740171786141,30
Stable reliability,116,mean_unique_peer_partners,10.507407407407406,10.481159559628818,10.533655255185995,30
Stable reliability,116,network_density,0.056575625905234794,0.056499676746022146,0.05665157506444744,30
Stable reliability,116,ai_reliability,0.8599999999999999,0.8599999999999999,0.8599999999999999,30
Stable reliability,117,human_interaction_rate,0.595925925925926,0.5795376511202092,0.6123142007316428,30
Stable reliability,117,ai_use_rate,0.6575925925925925,0.6422853689311611,0.672899816254024,30
Stable reliability,117,mean_quality,0.5921360791632722,0.5890137761112924,0.595258382215252,30
Stable reliability,117,mean_knowledge,0.6421035033366334,0.6392145132513047,0.644992493421962,30
Stable reliability,117,knowledge_rank_corr_with_initial,0.98819523058449,0.9875339541062458,0.9888565070627342,30
Stable reliability,117,mean_ai_trust,0.6432555864444507,0.6426211150335777,0.6438900578553237,30
Stable reliability,117,mean_peer_trust,0.5532904843489329,0.5514801936594331,0.5551007750384327,30
Stable reliability,117,mean_tie_strength,0.44885380367438,0.4478073326698849,0.44990027467887506,30
Stable reliability,117,recent_active_tie_fraction,0.8973414759465788,0.8938287814619449,0.9008541704312126,30
Stable reliability,117,mean_unique_peer_partners,10.512592592592593,10.48599876241793,10.539186422767257,30
Stable reliability,117,network_density,0.05657769501344914,0.056502468865353414,0.05665292116154487,30
Stable reliability,117,ai_reliability,0.8599999999999999,0.8599999999999999,0.8599999999999999,30
Stable reliability,118,human_interaction_rate,0.602037037037037,0.5857072711829734,0.6183668028911007,30
Stable reliability,118,ai_use_rate,0.6555555555555554,0.6391938635326354,0.6719172475784755,30
Stable reliability,118,mean_quality,0.5942597449808514,0.5913761014352812,0.5971433885264217,30
Stable reliability,118,mean_knowledge,0.6429786681426909,0.6400969000814458,0.645860436203936,30
Stable reliability,118,knowledge_rank_corr_with_initial,0.9880392629187758,0.9873608347631221,0.9887176910744294,30
Stable reliability,118,mean_ai_trust,0.6433943304763164,0.6427519026107066,0.6440367583419263,30
Stable reliability,118,mean_peer_trust,0.5539311130841573,0.552106810116229,0.5557554160520857,30
Stable reliability,118,mean_tie_strength,0.4480918854475021,0.44705115674536694,0.4491326141496373,30
Stable reliability,118,recent_active_tie_fraction,0.8979053812553706,0.8943602114997367,0.9014505510110045,30
Stable reliability,118,mean_unique_peer_partners,10.516666666666664,10.489916681220592,10.543416652112736,30
Stable reliability,118,network_density,0.05658390233809222,0.056508442599673636,0.0566593620765108,30
Stable reliability,118,ai_reliability,0.8599999999999999,0.8599999999999999,0.8599999999999999,30
Stable reliability,119,human_interaction_rate,0.5903703703703703,0.5781772486090384,0.6025634921317022,30
Stable reliability,119,ai_use_rate,0.6664814814814815,0.6534011628651384,0.6795618000978245,30
Stable reliability,119,mean_quality,0.5946423425100011,0.592489588532433,0.5967950964875692,30
Stable reliability,119,mean_knowledge,0.6438511281351851,0.6409764105796708,0.6467258456906994,30
Stable reliability,119,knowledge_rank_corr_with_initial,0.9878660357819538,0.9871811488528525,0.988550922711055,30
Stable reliability,119,mean_ai_trust,0.6434466990352539,0.6428301514654888,0.6440632466050189,30
Stable reliability,119,mean_peer_trust,0.55456849137942,0.5527451775555461,0.5563918052032939,30
Stable reliability,119,mean_tie_strength,0.4473317821820577,0.4462903815134145,0.44837318285070094,30
Stable reliability,119,recent_active_tie_fraction,0.8961178048863108,0.8925684885059364,0.8996671212666851,30
Stable reliability,119,mean_unique_peer_partners,10.519629629629627,10.492858941574179,10.546400317685075,30
Stable reliability,119,network_density,0.05658804055452095,0.056509974387060916,0.05666610672198098,30
Stable reliability,119,ai_reliability,0.8599999999999999,0.8599999999999999,0.8599999999999999,30
Stable reliability,120,human_interaction_rate,0.6000000000000001,0.5842671294175477,0.6157328705824525,30
Stable reliability,120,ai_use_rate,0.6592592592592593,0.644346346715228,0.6741721718032907,30
Stable reliability,120,mean_quality,0.5935861383861124,0.590114237847056,0.5970580389251688,30
Stable reliability,120,mean_knowledge,0.6447110125563161,0.6418409587400551,0.6475810663725772,30
Stable reliability,120,knowledge_rank_corr_with_initial,0.9877090879859874,0.9870160795329963,0.9884020964389786,30
Stable reliability,120,mean_ai_trust,0.6434303039568413,0.6427808881581348,0.6440797197555478,30
Stable reliability,120,mean_peer_trust,0.55521839261055,0.5533882381047638,0.5570485471163361,30
Stable reliability,120,mean_tie_strength,0.44657626847426096,0.4455351263951188,0.44761741055340315,30
Stable reliability,120,recent_active_tie_fraction,0.8964928452599811,0.8929343539114285,0.9000513366085336,30
Stable reliability,120,mean_unique_peer_partners,10.524074074074074,10.497206002865092,10.550942145283056,30
Stable reliability,120,network_density,0.05659217877094967,0.056514907676330016,0.05666944986556933,30
Stable reliability,120,ai_reliability,0.8599999999999999,0.8599999999999999,0.8599999999999999,30
Stable reliability,121,human_interaction_rate,0.5961111111111109,0.5829103346313737,0.6093118875908482,30
Stable reliability,121,ai_use_rate,0.6551851851851851,0.6434763256504803,0.6668940447198899,30
Stable reliability,121,mean_quality,0.5934608983913477,0.5902659930336288,0.5966558037490667,30
Stable reliability,121,mean_knowledge,0.6455759417510584,0.6427093175164145,0.6484425659857023,30
Stable reliability,121,knowledge_rank_corr_with_initial,0.9875464710594947,0.9868496370818889,0.9882433050371005,30
Stable reliability,121,mean_ai_trust,0.6432920411271431,0.6425886381729983,0.643995444081288,30
Stable reliability,121,mean_peer_trust,0.5558576067288716,0.5540186294726128,0.5576965839851304,30
Stable reliability,121,mean_tie_strength,0.4458221902449926,0.44478253214689395,0.44686184834309123,30
Stable reliability,121,recent_active_tie_fraction,0.8968605514297622,0.8929093046376857,0.9008117982218387,30
Stable reliability,121,mean_unique_peer_partners,10.527777777777777,10.500961305107078,10.554594250448476,30
Stable reliability,121,network_density,0.056596316987378395,0.056517730478160236,0.056674903496596554,30
Stable reliability,121,ai_reliability,0.8599999999999999,0.8599999999999999,0.8599999999999999,30
Stable reliability,122,human_interaction_rate,0.6018518518518519,0.5883379685008641,0.6153657352028397,30
Stable reliability,122,ai_use_rate,0.652962962962963,0.6393353562885332,0.6665905696373927,30
Stable reliability,122,mean_quality,0.596177024773159,0.5931595113111933,0.5991945382351248,30
Stable reliability,122,mean_knowledge,0.6464383986507959,0.6435780550741946,0.6492987422273971,30
Stable reliability,122,knowledge_rank_corr_with_initial,0.9873948131296899,0.9866858271351738,0.988103799124206,30
Stable reliability,122,mean_ai_trust,0.6433474248169855,0.6427233331394613,0.6439715164945097,30
Stable reliability,122,mean_peer_trust,0.5565241734186809,0.5546771806409551,0.5583711661964067,30
Stable reliability,122,mean_tie_strength,0.44506025314331055,0.44402085498224864,0.44609965130437246,30
Stable reliability,122,recent_active_tie_fraction,0.8973578283541416,0.8934899878215663,0.9012256688867168,30
Stable reliability,122,mean_unique_peer_partners,10.53148148148148,10.504902163426898,10.558060799536062,30
Stable reliability,122,network_density,0.056606662528450195,0.05652920385813697,0.05668412119876342,30
Stable reliability,122,ai_reliability,0.8599999999999999,0.8599999999999999,0.8599999999999999,30
Stable reliability,123,human_interaction_rate,0.5959259259259259,0.5841664806450231,0.6076853712068286,30
Stable reliability,123,ai_use_rate,0.6601851851851851,0.6464237526487091,0.6739466177216611,30
Stable reliability,123,mean_quality,0.5969046837568127,0.593640221891877,0.6001691456217484,30
Stable reliability,123,mean_knowledge,0.6472937657944511,0.6444386927732768,0.6501488388156254,30
Stable reliability,123,knowledge_rank_corr_with_initial,0.9872348229199315,0.986515104583727,0.9879545412561359,30
Stable reliability,123,mean_ai_trust,0.6434157692819285,0.6428632410592362,0.6439682975046207,30
Stable reliability,123,mean_peer_trust,0.5571764727433522,0.5553152607830139,0.5590376847036906,30
Stable reliability,123,mean_tie_strength,0.4442959427833557,0.4432526107089564,0.44533927485775504,30
Stable reliability,123,recent_active_tie_fraction,0.8963176344740122,0.8922885257221725,0.900346743225852,30
Stable reliability,123,mean_unique_peer_partners,10.537407407407409,10.511020847238807,10.56379396757601,30
Stable reliability,123,network_density,0.05661700806952199,0.05653850017827991,0.05669551596076407,30
Stable reliability,123,ai_reliability,0.8599999999999999,0.8599999999999999,0.8599999999999999,30
Stable reliability,124,human_interaction_rate,0.5925925925925927,0.582542335104049,0.6026428500811364,30
Stable reliability,124,ai_use_rate,0.6607407407407406,0.6497510219965765,0.6717304594849047,30
Stable reliability,124,mean_quality,0.5950149520400977,0.591859203329711,0.5981707007504844,30
Stable reliability,124,mean_knowledge,0.6481474761230042,0.6452960774858356,0.6509988747601727,30
Stable reliability,124,knowledge_rank_corr_with_initial,0.9870793366300279,0.9863541586835549,0.9878045145765009,30
Stable reliability,124,mean_ai_trust,0.6434093463182707,0.6428864479759878,0.6439322446605537,30
Stable reliability,124,mean_peer_trust,0.5578258951505025,0.5559517172522781,0.5597000730487269,30
Stable reliability,124,mean_tie_strength,0.443529748916626,0.4424919050909912,0.4445675927422608,30
Stable reliability,124,recent_active_tie_fraction,0.8959829745701159,0.8926473569621113,0.8993185921781205,30
Stable reliability,124,mean_unique_peer_partners,10.543333333333331,10.516592225340569,10.570074441326094,30
Stable reliability,124,network_density,0.05662942271880814,0.05655096203616398,0.056707883401452296,30
Stable reliability,124,ai_reliability,0.8599999999999999,0.8599999999999999,0.8599999999999999,30
Stable reliability,125,human_interaction_rate,0.6048148148148148,0.5928576478395908,0.6167719817900388,30
Stable reliability,125,ai_use_rate,0.6537037037037037,0.6394731028068681,0.6679343046005393,30
Stable reliability,125,mean_quality,0.5967383628938391,0.5939815563776955,0.5994951694099827,30
Stable reliability,125,mean_knowledge,0.6490054567567598,0.6461597800476425,0.6518511334658771,30
Stable reliability,125,knowledge_rank_corr_with_initial,0.9869001076039369,0.9861621853237241,0.9876380298841496,30
Stable reliability,125,mean_ai_trust,0.6434275963910815,0.6428641088728002,0.6439910839093628,30
Stable reliability,125,mean_peer_trust,0.5584931512673695,0.5566167461936062,0.5603695563411328,30
Stable reliability,125,mean_tie_strength,0.44278272489706677,0.44174576809905,0.44381968169508357,30
Stable reliability,125,recent_active_tie_fraction,0.8972317197253187,0.8937523433821797,0.9007110960684577,30
Stable reliability,125,mean_unique_peer_partners,10.547037037037036,10.520489002799994,10.573585071274078,30
Stable reliability,125,network_density,0.05663356093523686,0.056555257820143326,0.05671186405033039,30
Stable reliability,125,ai_reliability,0.8599999999999999,0.8599999999999999,0.8599999999999999,30
Stable reliability,126,human_interaction_rate,0.5924074074074075,0.5817808458157548,0.6030339689990601,30
Stable reliability,126,ai_use_rate,0.6498148148148147,0.6368943013143301,0.6627353283152994,30
Stable reliability,126,mean_quality,0.5983326462706355,0.5955378055668786,0.6011274869743924,30
Stable reliability,126,mean_knowledge,0.6498511295177003,0.6470087806759395,0.6526934783594611,30
Stable reliability,126,knowledge_rank_corr_with_initial,0.9867337815330607,0.9859833653266908,0.9874841977394305,30
Stable reliability,126,mean_ai_trust,0.6435766588299284,0.6429739982349245,0.6441793194249323,30
Stable reliability,126,mean_peer_trust,0.559148492415746,0.5572575292080014,0.5610394556234907,30
Stable reliability,126,mean_tie_strength,0.44203636050224304,0.44100300289857,0.4430697181059161,30
Stable reliability,126,recent_active_tie_fraction,0.8973854016732407,0.8941276693193553,0.900643134027126,30
Stable reliability,126,mean_unique_peer_partners,10.55,10.52263574869879,10.577364251301212,30
Stable reliability,126,network_density,0.05663563004345122,0.05655729933115593,0.056713960755746515,30
Stable reliability,126,ai_reliability,0.8599999999999999,0.8599999999999999,0.8599999999999999,30
Stable reliability,127,human_interaction_rate,0.5907407407407407,0.5779605347401028,0.6035209467413786,30
Stable reliability,127,ai_use_rate,0.6611111111111111,0.6480476316370001,0.6741745905852221,30
Stable reliability,127,mean_quality,0.5977491767101075,0.5947882930385767,0.6007100603816383,30
Stable reliability,127,mean_knowledge,0.6506928189941946,0.6478558289799456,0.6535298090084436,30
Stable reliability,127,knowledge_rank_corr_with_initial,0.9865901974243871,0.9858358658206373,0.987344529028137,30
Stable reliability,127,mean_ai_trust,0.6433693660670536,0.6427952941982984,0.6439434379358089,30
Stable reliability,127,mean_peer_trust,0.5598075409730275,0.5579103691087176,0.5617047128373375,30
Stable reliability,127,mean_tie_strength,0.4412952055533727,0.4402643978408031,0.4423260132659423,30
Stable reliability,127,recent_active_tie_fraction,0.8977136833818757,0.8943557335083007,0.9010716332554508,30
Stable reliability,127,mean_unique_peer_partners,10.554074074074073,10.526258379598104,10.581889768550042,30
Stable reliability,127,network_density,0.05663563004345122,0.05655729933115593,0.056713960755746515,30
Stable reliability,127,ai_reliability,0.8599999999999999,0.8599999999999999,0.8599999999999999,30
Stable reliability,128,human_interaction_rate,0.6068518518518519,0.5926176016596311,0.6210861020440727,30
Stable reliability,128,ai_use_rate,0.640185185185185,0.6309449655144366,0.6494254048559334,30
Stable reliability,128,mean_quality,0.6005874799258373,0.5973630323582464,0.6038119274934282,30
Stable reliability,128,mean_knowledge,0.6515398623403377,0.6487068887914256,0.6543728358892498,30
Stable reliability,128,knowledge_rank_corr_with_initial,0.9864368696492628,0.9856764761802069,0.9871972631183187,30
Stable reliability,128,mean_ai_trust,0.6432520956150956,0.6426881877551348,0.6438160034750563,30
Stable reliability,128,mean_peer_trust,0.5604684631029765,0.5585665602582113,0.5623703659477417,30
Stable reliability,128,mean_tie_strength,0.44054383834203087,0.4395082806884827,0.44157939599557905,30
Stable reliability,128,recent_active_tie_fraction,0.8984632116464348,0.895100541544854,0.9018258817480157,30
Stable reliability,128,mean_unique_peer_partners,10.559999999999999,10.531325478188688,10.58867452181131,30
Stable reliability,128,network_density,0.056645975584523015,0.05656598716398719,0.05672596400505884,30
Stable reliability,128,ai_reliability,0.8599999999999999,0.8599999999999999,0.8599999999999999,30
Stable reliability,129,human_interaction_rate,0.5961111111111111,0.5799212850994047,0.6123009371228176,30
Stable reliability,129,ai_use_rate,0.6529629629629629,0.639324471327128,0.6666014545987977,30
Stable reliability,129,mean_quality,0.5994035709957191,0.596182299128177,0.6026248428632611,30
Stable reliability,129,mean_knowledge,0.6523761656337598,0.6495465670318944,0.6552057642356252,30
Stable reliability,129,knowledge_rank_corr_with_initial,0.986289644934428,0.9855268224400955,0.9870524674287604,30
Stable reliability,129,mean_ai_trust,0.6432266095415877,0.6427286410765799,0.6437245780065955,30
Stable reliability,129,mean_peer_trust,0.5611186583836874,0.559203846537237,0.5630334702301377,30
Stable reliability,129,mean_tie_strength,0.4397972693045934,0.4387640520625132,0.4408304865466736,30
Stable reliability,129,recent_active_tie_fraction,0.8993137880250435,0.8962941534779854,0.9023334225721016,30
Stable reliability,129,mean_unique_peer_partners,10.563703703703704,10.53477500061817,10.592632406789237,30
Stable reliability,129,network_density,0.05665218290916609,0.056572740623254236,0.05673162519507795,30
Stable reliability,129,ai_reliability,0.8599999999999999,0.8599999999999999,0.8599999999999999,30
Stable reliability,130,human_interaction_rate,0.6074074074074075,0.5949089797002058,0.6199058351146092,30
Stable reliability,130,ai_use_rate,0.6481481481481483,0.6341065038646225,0.662189792431674,30
Stable reliability,130,mean_quality,0.599735508440214,0.5962844498086177,0.6031865670718102,30
Stable reliability,130,mean_knowledge,0.6532172864120585,0.6503920709753823,0.6560425018487346,30
Stable reliability,130,knowledge_rank_corr_with_initial,0.9861342725068293,0.9853642568298169,0.9869042881838417,30
Stable reliability,130,mean_ai_trust,0.6432137410236829,0.6427522324904458,0.64367524955692,30
Stable reliability,130,mean_peer_trust,0.5617841124534607,0.559855496238421,0.5637127286685004,30
Stable reliability,130,mean_tie_strength,0.4390513837337494,0.4380205499141089,0.44008221755338994,30
Stable reliability,130,recent_active_tie_fraction,0.8998006037460489,0.8970166753112374,0.9025845321808603,30
Stable reliability,130,mean_unique_peer_partners,10.568518518518518,10.539484336163524,10.597552700873512,30
Stable reliability,130,network_density,0.05666045934202354,0.05658123500518055,0.056739683678866525,30
Stable reliability,130,ai_reliability,0.8599999999999999,0.8599999999999999,0.8599999999999999,30
Stable reliability,131,human_interaction_rate,0.6031481481481483,0.5856667249517207,0.620629571344576,30
Stable reliability,131,ai_use_rate,0.6535185185185186,0.6390075618994978,0.6680294751375394,30
Stable reliability,131,mean_quality,0.5994727808980723,0.5960362811389787,0.602909280657166,30
Stable reliability,131,mean_knowledge,0.6540510477997722,0.6512296378304944,0.65687245776905,30
Stable reliability,131,knowledge_rank_corr_with_initial,0.9859880413746928,0.9852149966518765,0.986761086097509,30
Stable reliability,131,mean_ai_trust,0.6430902429434088,0.6426210302656269,0.6435594556211907,30
Stable reliability,131,mean_peer_trust,0.5624420622984568,0.5605105802856254,0.5643735443112883,30
Stable reliability,131,mean_tie_strength,0.438304129242897,0.4372760667612078,0.43933219172458626,30
Stable reliability,131,recent_active_tie_fraction,0.9002144893228036,0.8973675727642252,0.903061405881382,30
Stable reliability,131,mean_unique_peer_partners,10.572592592592594,10.543853281980319,10.60133190320487,30
Stable reliability,131,network_density,0.056668735774880984,0.05658985514610933,0.05674761640365264,30
Stable reliability,131,ai_reliability,0.8599999999999999,0.8599999999999999,0.8599999999999999,30
Stable reliability,132,human_interaction_rate,0.6092592592592593,0.5972946482614018,0.6212238702571168,30
Stable reliability,132,ai_use_rate,0.6459259259259259,0.6329201288414282,0.6589317230104236,30
Stable reliability,132,mean_quality,0.6007574895880162,0.597691946156069,0.6038230330199634,30
Stable reliability,132,mean_knowledge,0.6548845508281586,0.6520679367340398,0.6577011649222773,30
Stable reliability,132,knowledge_rank_corr_with_initial,0.9858308851372363,0.985049613574374,0.9866121567000985,30
Stable reliability,132,mean_ai_trust,0.6430273594092937,0.642579080430812,0.6434756383877753,30
Stable reliability,132,mean_peer_trust,0.5631138801574707,0.561170506831796,0.5650572534831453,30
Stable reliability,132,mean_tie_strength,0.43756168385346733,0.43653637297561215,0.4385869947313225,30
Stable reliability,132,recent_active_tie_fraction,0.8994996919393041,0.8967202171595973,0.902279166719011,30
Stable reliability,132,mean_unique_peer_partners,10.577777777777778,10.546844747872093,10.608710807683462,30
Stable reliability,132,network_density,0.05667701220773842,0.0565958169682847,0.05675820744719214,30
Stable reliability,132,ai_reliability,0.8599999999999999,0.8599999999999999,0.8599999999999999,30
Stable reliability,133,human_interaction_rate,0.6066666666666667,0.5933623135773617,0.6199710197559717,30
Stable reliability,133,ai_use_rate,0.6583333333333332,0.6435060777081612,0.6731605889585053,30
Stable reliability,133,mean_quality,0.6013863377211184,0.5988004676743782,0.6039722077678585,30
Stable reliability,133,mean_knowledge,0.6557115327575503,0.6529011626289427,0.658521902886158,30
Stable reliability,133,knowledge_rank_corr_with_initial,0.9856668506445926,0.984876949408468,0.9864567518807171,30
Stable reliability,133,mean_ai_trust,0.6428658844095815,0.6423928120161954,0.6433389568029676,30
Stable reliability,133,mean_peer_trust,0.5637966871261597,0.5618454401495292,0.5657479341027902,30
Stable reliability,133,mean_tie_strength,0.43682566086451213,0.4358009362699212,0.43785038545910304,30
Stable reliability,133,recent_active_tie_fraction,0.8997618689987195,0.89718217597696,0.9023415620204789,30
Stable reliability,133,mean_unique_peer_partners,10.57962962962963,10.548049338822452,10.61120992043681,30
Stable reliability,133,network_density,0.056681150424167145,0.05660000082993738,0.05676230001839691,30
Stable reliability,133,ai_reliability,0.8599999999999999,0.8599999999999999,0.8599999999999999,30
Stable reliability,134,human_interaction_rate,0.6192592592592593,0.6058733609232523,0.6326451575952663,30
Stable reliability,134,ai_use_rate,0.6435185185185185,0.6308227737661468,0.6562142632708902,30
Stable reliability,134,mean_quality,0.6027896349913764,0.6000065239869554,0.6055727459957974,30
Stable reliability,134,mean_knowledge,0.6565385361826029,0.6537360745087251,0.6593409978564808,30
Stable reliability,134,knowledge_rank_corr_with_initial,0.9855114279204286,0.9847147698429329,0.9863080859979242,30
Stable reliability,134,mean_ai_trust,0.6428265737854493,0.6423438441299854,0.6433093034409132,30
Stable reliability,134,mean_peer_trust,0.5644702593485514,0.5625060646104987,0.5664344540866042,30
Stable reliability,134,mean_tie_strength,0.43609629372755687,0.43507297557184355,0.4371196118832702,30
Stable reliability,134,recent_active_tie_fraction,0.900030030171601,0.8971827676886104,0.9028772926545916,30
Stable reliability,134,mean_unique_peer_partners,10.584444444444443,10.552074876541608,10.616814012347279,30
Stable reliability,134,network_density,0.05668528864059586,0.056603080594413595,0.05676749668677813,30
Stable reliability,134,ai_reliability,0.8599999999999999,0.8599999999999999,0.8599999999999999,30
Stable reliability,135,human_interaction_rate,0.6094444444444445,0.5979502607446787,0.6209386281442102,30
Stable reliability,135,ai_use_rate,0.6512962962962963,0.6382819445789053,0.6643106480136872,30
Stable reliability,135,mean_quality,0.6026008112676746,0.5995614173895688,0.6056402051457804,30
Stable reliability,135,mean_knowledge,0.6573616754406221,0.6545649370584798,0.6601584138227643,30
Stable reliability,135,knowledge_rank_corr_with_initial,0.98535171595451,0.98454663129512,0.9861568006139,30
Stable reliability,135,mean_ai_trust,0.6429794170900783,0.6424871771874336,0.643471656992723,30
Stable reliability,135,mean_peer_trust,0.5651500860850016,0.5631803244715025,0.5671198476985008,30
Stable reliability,135,mean_tie_strength,0.43536180555820464,0.43434134985962985,0.4363822612567794,30
Stable reliability,135,recent_active_tie_fraction,0.899671949346877,0.8968382489763215,0.9025056497174325,30
Stable reliability,135,mean_unique_peer_partners,10.58888888888889,10.555948551854417,10.621829225923364,30
Stable reliability,135,network_density,0.05668942685702458,0.056609149453079675,0.05676970426096948,30
Stable reliability,135,ai_reliability,0.8599999999999999,0.8599999999999999,0.8599999999999999,30
Stable reliability,136,human_interaction_rate,0.6148148148148149,0.6026168258634437,0.6270128037661862,30
Stable reliability,136,ai_use_rate,0.6468518518518518,0.63574460942545,0.6579590942782536,30
Stable reliability,136,mean_quality,0.6052792802778008,0.6025078907213269,0.6080506698342746,30
Stable reliability,136,mean_knowledge,0.6581827464596557,0.6553909680431226,0.6609745248761888,30
Stable reliability,136,knowledge_rank_corr_with_initial,0.9852029212736662,0.9843929954439741,0.9860128471033582,30
Stable reliability,136,mean_ai_trust,0.6429544940411235,0.6424429960028054,0.6434659920794416,30
Stable reliability,136,mean_peer_trust,0.56584099928538,0.563866234822646,0.567815763748114,30
Stable reliability,136,mean_tie_strength,0.4346356809139252,0.4336150171084769,0.4356563447193735,30
Stable reliability,136,recent_active_tie_fraction,0.8990544515751535,0.8958257760216926,0.9022831271286145,30
Stable reliability,136,mean_unique_peer_partners,10.592962962962963,10.560613878550797,10.625312047375129,30
Stable reliability,136,network_density,0.05669149596523894,0.056612564467192254,0.05677042746328562,30
Stable reliability,136,ai_reliability,0.8599999999999999,0.8599999999999999,0.8599999999999999,30
Stable reliability,137,human_interaction_rate,0.5979629629629629,0.5816878128781897,0.6142381130477361,30
Stable reliability,137,ai_use_rate,0.6590740740740739,0.6418681592423002,0.6762799889058476,30
Stable reliability,137,mean_quality,0.6033857536786845,0.5999702748902913,0.6068012324670777,30
Stable reliability,137,mean_knowledge,0.6590025579700088,0.6562137454196327,0.661791370520385,30
Stable reliability,137,knowledge_rank_corr_with_initial,0.9850460204481031,0.9842299621052927,0.9858620787909135,30
Stable reliability,137,mean_ai_trust,0.6428576206205203,0.6423124755767443,0.6434027656642963,30
Stable reliability,137,mean_peer_trust,0.5664940973122915,0.5645124258766838,0.5684757687478992,30
Stable reliability,137,mean_tie_strength,0.4338975260655085,0.43288075429537254,0.4349142978356445,30
Stable reliability,137,recent_active_tie_fraction,0.8985906227187113,0.8954711882848534,0.9017100571525691,30
Stable reliability,137,mean_unique_peer_partners,10.597407407407408,10.56454494823956,10.630269866575256,30
Stable reliability,137,network_density,0.056699772398096385,0.056620248535282074,0.056779296260910696,30
Stable reliability,137,ai_reliability,0.8599999999999999,0.8599999999999999,0.8599999999999999,30
Stable reliability,138,human_interaction_rate,0.6072222222222222,0.596365412451817,0.6180790319926275,30
Stable reliability,138,ai_use_rate,0.6361111111111111,0.6260694704166581,0.6461527518055641,30
Stable reliability,138,mean_quality,0.6031652849016165,0.6000070229679016,0.6063235468353313,30
Stable reliability,138,mean_knowledge,0.6598232330169587,0.657037934588321,0.6626085314455963,30
Stable reliability,138,knowledge_rank_corr_with_initial,0.9849000468577852,0.9840747226544098,0.9857253710611606,30
Stable reliability,138,mean_ai_trust,0.6430357546545046,0.6424136601709025,0.6436578491381066,30
Stable reliability,138,mean_peer_trust,0.5671704192956288,0.5651784293400514,0.5691624092512063,30
Stable reliability,138,mean_tie_strength,0.43316343128681184,0.43214949284668175,0.43417736972694193,30
Stable reliability,138,recent_active_tie_fraction,0.8975872640821716,0.8941291490240689,0.9010453791402743,30
Stable reliability,138,mean_unique_peer_partners,10.604074074074074,10.57159679903008,10.636551349118067,30
Stable reliability,138,network_density,0.05670804883095381,0.056629226938293524,0.056786870723614095,30
Stable reliability,138,ai_reliability,0.8599999999999999,0.8599999999999999,0.8599999999999999,30
Stable reliability,139,human_interaction_rate,0.6137037037037038,0.5988966451838115,0.628510762223596,30
Stable reliability,139,ai_use_rate,0.64,0.6267179734125642,0.6532820265874358,30
Stable reliability,139,mean_quality,0.6063399367943763,0.6037106632572475,0.608969210331505,30
Stable reliability,139,mean_knowledge,0.6606399001416242,0.6578614343490836,0.6634183659341648,30
Stable reliability,139,knowledge_rank_corr_with_initial,0.9847542945307285,0.9839237149007026,0.9855848741607544,30
Stable reliability,139,mean_ai_trust,0.6430997729939029,0.6424728691345147,0.643726676853291,30
Stable reliability,139,mean_peer_trust,0.5678594628969829,0.5658580223243872,0.5698609034695785,30
Stable reliability,139,mean_tie_strength,0.4324347098668416,0.4314245618815556,0.43344485785212766,30
Stable reliability,139,recent_active_tie_fraction,0.8980009075217769,0.8943443244014104,0.9016574906421433,30
Stable reliability,139,mean_unique_peer_partners,10.607777777777779,10.576121142479243,10.639434413076314,30
Stable reliability,139,network_density,0.0567142561555969,0.05663670187693174,0.05679181043426206,30
Stable reliability,139,ai_reliability,0.8599999999999999,0.8599999999999999,0.8599999999999999,30
Stable reliability,140,human_interaction_rate,0.6174074074074073,0.6018573252686402,0.6329574895461744,30
Stable reliability,140,ai_use_rate,0.631111111111111,0.6186451788161362,0.6435770434060857,30
Stable reliability,140,mean_quality,0.6062084675218188,0.6031629465471804,0.6092539884964572,30
Stable reliability,140,mean_knowledge,0.6614551844642462,0.6586791104625858,0.6642312584659067,30
Stable reliability,140,knowledge_rank_corr_with_initial,0.9845902669026295,0.9837529208170158,0.9854276129882432,30
Stable reliability,140,mean_ai_trust,0.6430497750225349,0.642473284850171,0.6436262651948989,30
Stable reliability,140,mean_peer_trust,0.5685437023639679,0.5665389908582144,0.5705484138697214,30
Stable reliability,140,mean_tie_strength,0.4317061364650726,0.4306937891928621,0.4327184837372831,30
Stable reliability,140,recent_active_tie_fraction,0.8980510957084054,0.8944076969961258,0.9016944944206849,30
Stable reliability,140,mean_unique_peer_partners,10.612222222222222,10.580996026946279,10.643448417498165,30
Stable reliability,140,network_density,0.05672253258845435,0.056646652571929156,0.05679841260497954,30
Stable reliability,140,ai_reliability,0.8599999999999999,0.8599999999999999,0.8599999999999999,30
Stable reliability,141,human_interaction_rate,0.6240740740740741,0.6110523128874292,0.637095835260719,30
Stable reliability,141,ai_use_rate,0.6325925925925926,0.6226253638307707,0.6425598213544145,30
Stable reliability,141,mean_quality,0.6062795521144791,0.6029774500300049,0.6095816541989534,30
Stable reliability,141,mean_knowledge,0.6622642144595103,0.659493573324127,0.6650348555948937,30
Stable reliability,141,knowledge_rank_corr_with_initial,0.9844324942838649,0.9835888449148037,0.9852761436529262,30
Stable reliability,141,mean_ai_trust,0.6430095909785992,0.6423694172949843,0.6436497646622141,30
Stable reliability,141,mean_peer_trust,0.569228078921636,0.5672148743475058,0.5712412834957661,30
Stable reliability,141,mean_tie_strength,0.4309755583604177,0.42996441521027673,0.4319867015105586,30
Stable reliability,141,recent_active_tie_fraction,0.8989448348708585,0.8952261403838819,0.9026635293578351,30
Stable reliability,141,mean_unique_peer_partners,10.61814814814815,10.585835783039986,10.650460513256313,30
Stable reliability,141,network_density,0.05673287812952613,0.05665649117264392,0.05680926508640834,30
Stable reliability,141,ai_reliability,0.8599999999999999,0.8599999999999999,0.8599999999999999,30
Stable reliability,142,human_interaction_rate,0.6116666666666667,0.6006848275526432,0.6226485057806902,30
Stable reliability,142,ai_use_rate,0.647962962962963,0.6359964916829983,0.6599294342429276,30
Stable reliability,142,mean_quality,0.6059709405552357,0.6031973785761148,0.6087445025343566,30
Stable reliability,142,mean_knowledge,0.6630706300330931,0.6603065959476427,0.6658346641185434,30
Stable reliability,142,knowledge_rank_corr_with_initial,0.9842801150074081,0.9834264571652055,0.9851337728496107,30
Stable reliability,142,mean_ai_trust,0.6429239647627258,0.6422786907937778,0.6435692387316739,30
Stable reliability,142,mean_peer_trust,0.569917752345403,0.5679023381661539,0.5719331665246521,30
Stable reliability,142,mean_tie_strength,0.4302598387002945,0.4292512910721188,0.4312683863284702,30
Stable reliability,142,recent_active_tie_fraction,0.8976678460562628,0.8943461489308753,0.9009895431816504,30
Stable reliability,142,mean_unique_peer_partners,10.621851851851853,10.589890424061899,10.653813279641806,30
Stable reliability,142,network_density,0.05673287812952613,0.05665649117264392,0.05680926508640834,30
Stable reliability,142,ai_reliability,0.8599999999999999,0.8599999999999999,0.8599999999999999,30
Stable reliability,143,human_interaction_rate,0.6068518518518519,0.5945647714784711,0.6191389322252326,30
Stable reliability,143,ai_use_rate,0.6501851851851852,0.6372417215849059,0.6631286487854645,30
Stable reliability,143,mean_quality,0.6061482422357468,0.6025969350521592,0.6096995494193345,30
Stable reliability,143,mean_knowledge,0.6638699031692552,0.6611122142896012,0.6666275920489092,30
Stable reliability,143,knowledge_rank_corr_with_initial,0.9841192989263442,0.9832560806580825,0.9849825171946059,30
Stable reliability,143,mean_ai_trust,0.642970259563622,0.64231504736795,0.643625471759294,30
Stable reliability,143,mean_peer_trust,0.570616231362025,0.5685966117641956,0.5726358509598544,30
Stable reliability,143,mean_tie_strength,0.4295436163743337,0.4285346550809486,0.43055257766771876,30
Stable reliability,143,recent_active_tie_fraction,0.8993474632091565,0.8962248402166543,0.9024700862016587,30
Stable reliability,143,mean_unique_peer_partners,10.624074074074075,10.592287700479591,10.655860447668559,30
Stable reliability,143,network_density,0.05673287812952613,0.05665649117264392,0.05680926508640834,30
Stable reliability,143,ai_reliability,0.8599999999999999,0.8599999999999999,0.8599999999999999,30
Stable reliability,144,human_interaction_rate,0.6125925925925926,0.5969549608518867,0.6282302243332984,30
Stable reliability,144,ai_use_rate,0.6414814814814813,0.6231704454848079,0.6597925174781547,30
Stable reliability,144,mean_quality,0.608641464790645,0.6057269598895995,0.6115559696916905,30
Stable reliability,144,mean_knowledge,0.664678456309072,0.661923812230633,0.6674331003875109,30
Stable reliability,144,knowledge_rank_corr_with_initial,0.9839773491849336,0.9831058252820116,0.9848488730878556,30
Stable reliability,144,mean_ai_trust,0.643070019457607,0.6424780154578678,0.6436620234573462,30
Stable reliability,144,mean_peer_trust,0.571303274234136,0.5692759627292254,0.5733305857390465,30
Stable reliability,144,mean_tie_strength,0.4288325657447179,0.42782413758993265,0.42984099389950314,30
Stable reliability,144,recent_active_tie_fraction,0.8990489177222151,0.8965908711793341,0.901506964265096,30
Stable reliability,144,mean_unique_peer_partners,10.627037037037038,10.595464265496016,10.65860980857806,30
Stable reliability,144,network_density,0.05673287812952613,0.05665649117264392,0.05680926508640834,30
Stable reliability,144,ai_reliability,0.8599999999999999,0.8599999999999999,0.8599999999999999,30
Stable reliability,145,human_interaction_rate,0.6016666666666667,0.5896671718425105,0.6136661614908229,30
Stable reliability,145,ai_use_rate,0.6579629629629629,0.6448237831815046,0.6711021427444211,30
Stable reliability,145,mean_quality,0.6067216725378775,0.6040402662732911,0.6094030788024638,30
Stable reliability,145,mean_knowledge,0.6654776498817054,0.6627291078677223,0.6682261918956885,30
Stable reliability,145,knowledge_rank_corr_with_initial,0.9838164222817926,0.9829344407188719,0.9846984038447132,30
Stable reliability,145,mean_ai_trust,0.6430682308990702,0.6424991763901844,0.643637285407956,30
Stable reliability,145,mean_peer_trust,0.5719643274943034,0.5699262718745075,0.5740023831140992,30
Stable reliability,145,mean_tie_strength,0.4281012107928594,0.4270984125478929,0.4291040090378259,30
Stable reliability,145,recent_active_tie_fraction,0.8992519489769175,0.8968795115497612,0.9016243864040738,30
Stable reliability,145,mean_unique_peer_partners,10.63074074074074,10.599055367568752,10.662426113912726,30
Stable reliability,145,network_density,0.05674322367059793,0.05666653415797696,0.05681991318321889,30
Stable reliability,145,ai_reliability,0.8599999999999999,0.8599999999999999,0.8599999999999999,30
Stable reliability,146,human_interaction_rate,0.6064814814814814,0.5922430618112424,0.6207199011517204,30
Stable reliability,146,ai_use_rate,0.6494444444444445,0.6323434956986025,0.6665453931902865,30
Stable reliability,146,mean_quality,0.607519670771369,0.6040416494224605,0.6109976921202775,30
Stable reliability,146,mean_knowledge,0.6662768527757907,0.6635309424879646,0.6690227630636169,30
Stable reliability,146,knowledge_rank_corr_with_initial,0.9836617873780759,0.9827690399423684,0.9845545348137833,30
Stable reliability,146,mean_ai_trust,0.6428824468285659,0.6422905834532004,0.6434743102039313,30
Stable reliability,146,mean_peer_trust,0.5726504802703858,0.5706082494377097,0.5746927111030619,30
Stable reliability,146,mean_tie_strength,0.42737915317217506,0.4263779823342095,0.42838032401014065,30
Stable reliability,146,recent_active_tie_fraction,0.9005765727294536,0.8981650098380294,0.9029881356208778,30
Stable reliability,146,mean_unique_peer_partners,10.634444444444444,10.603161273944243,10.665727614944645,30
Stable reliability,146,network_density,0.05675150010345537,0.056674280971918956,0.05682871923499179,30
Stable reliability,146,ai_reliability,0.8599999999999999,0.8599999999999999,0.8599999999999999,30
Stable reliability,147,human_interaction_rate,0.6188888888888889,0.605361103491199,0.6324166742865789,30
Stable reliability,147,ai_use_rate,0.637037037037037,0.6223851289898308,0.6516889450842431,30
Stable reliability,147,mean_quality,0.6079919028192419,0.6053684494756439,0.6106153561628398,30
Stable reliability,147,mean_knowledge,0.6670707453770165,0.6643260059343904,0.6698154848196426,30
Stable reliability,147,knowledge_rank_corr_with_initial,0.9835200056715754,0.9826101961151614,0.9844298152279893,30
Stable reliability,147,mean_ai_trust,0.6429881261154452,0.6423763290940675,0.6435999231368229,30
Stable reliability,147,mean_peer_trust,0.5733399113019307,0.5712873176404905,0.575392504963371,30
Stable reliability,147,mean_tie_strength,0.4266665647427241,0.4256685273749032,0.42766460211054497,30
Stable reliability,147,recent_active_tie_fraction,0.9016055840353076,0.8993542403205754,0.9038569277500397,30
Stable reliability,147,mean_unique_peer_partners,10.638518518518516,10.606794764728086,10.670242272308947,30
Stable reliability,147,network_density,0.05675563831988409,0.05667784553441701,0.05683343110535117,30
Stable reliability,147,ai_reliability,0.8599999999999999,0.8599999999999999,0.8599999999999999,30
Stable reliability,148,human_interaction_rate,0.6140740740740741,0.5994181153679746,0.6287300327801736,30
Stable reliability,148,ai_use_rate,0.6400000000000001,0.6249477638683386,0.6550522361316616,30
Stable reliability,148,mean_quality,0.6098768906148534,0.6067989399839064,0.6129548412458004,30
Stable reliability,148,mean_knowledge,0.6678600597778146,0.6651224826760249,0.6705976368796043,30
Stable reliability,148,knowledge_rank_corr_with_initial,0.9833588222411254,0.9824430326302681,0.9842746118519826,30
Stable reliability,148,mean_ai_trust,0.6430955769749002,0.6424862864695869,0.6437048674802134,30
Stable reliability,148,mean_peer_trust,0.5740282913049062,0.5719699223350461,0.5760866602747663,30
Stable reliability,148,mean_tie_strength,0.4259459694226583,0.42494312763615383,0.4269488112091627,30
Stable reliability,148,recent_active_tie_fraction,0.9026763473078149,0.8998743601848203,0.9054783344308095,30
Stable reliability,148,mean_unique_peer_partners,10.643703703703702,10.612032383842275,10.67537502356513,30
Stable reliability,148,network_density,0.05676391475274153,0.05668414665977864,0.056843682845704416,30
Stable reliability,148,ai_reliability,0.8599999999999999,0.8599999999999999,0.8599999999999999,30
Stable reliability,149,human_interaction_rate,0.6087037037037037,0.5972803152140542,0.6201270921933533,30
Stable reliability,149,ai_use_rate,0.6425925925925925,0.6286996912326813,0.6564854939525037,30
Stable reliability,149,mean_quality,0.6105133201502349,0.6073735193928056,0.6136531209076641,30
Stable reliability,149,mean_knowledge,0.6686426674212057,0.6659091325031142,0.6713762023392972,30
Stable reliability,149,knowledge_rank_corr_with_initial,0.9832054554780598,0.9822782064797019,0.9841327044764178,30
Stable reliability,149,mean_ai_trust,0.6431244175170376,0.6424682384013211,0.6437805966327542,30
Stable reliability,149,mean_peer_trust,0.5746950089931488,0.5726272331184192,0.5767627848678785,30
Stable reliability,149,mean_tie_strength,0.42521484990914665,0.42421219679581956,0.42621750302247374,30
Stable reliability,149,recent_active_tie_fraction,0.9039418387126026,0.9013702176009619,0.9065134598242433,30
Stable reliability,149,mean_unique_peer_partners,10.648518518518518,10.61613275643504,10.680904280601997,30
Stable reliability,149,network_density,0.05677839851024204,0.05669899898853818,0.05685779803194589,30
Stable reliability,149,ai_reliability,0.8599999999999999,0.8599999999999999,0.8599999999999999,30
Stable reliability,150,human_interaction_rate,0.6029629629629628,0.5891085678965504,0.6168173580293752,30
Stable reliability,150,ai_use_rate,0.6564814814814814,0.6418523792888897,0.6711105836740732,30
Stable reliability,150,mean_quality,0.610182965996058,0.6073927269860039,0.6129732050061122,30
Stable reliability,150,mean_knowledge,0.6694286177172882,0.6667010836320061,0.6721561518025704,30
Stable reliability,150,knowledge_rank_corr_with_initial,0.9830655172450132,0.9821275856873388,0.9840034488026876,30
Stable reliability,150,mean_ai_trust,0.6432490785146464,0.6425715363915234,0.6439266206377694,30
Stable reliability,150,mean_peer_trust,0.5753796895345052,0.5733038639722109,0.5774555150967996,30
Stable reliability,150,mean_tie_strength,0.42450060645739235,0.4234980800744108,0.4255031328403739,30
Stable reliability,150,recent_active_tie_fraction,0.9031481228595035,0.9004402226546584,0.9058560230643486,30
Stable reliability,150,mean_unique_peer_partners,10.654074074074071,10.621337390542193,10.686810757605949,30
Stable reliability,150,network_density,0.05678253672667076,0.05670117054568297,0.056863902907658546,30
Stable reliability,150,ai_reliability,0.8599999999999999,0.8599999999999999,0.8599999999999999,30
Temporary drop + recovery,1,human_interaction_rate,0.6383333333333333,0.6265182845520593,0.6501483821146073,30
Temporary drop + recovery,1,ai_use_rate,0.637222222222222,0.6270135024830419,0.6474309419614022,30
Temporary drop + recovery,1,mean_quality,0.5116108343031881,0.5083575126945657,0.5148641559118105,30
Temporary drop + recovery,1,mean_knowledge,0.5199748417905862,0.5163272444807855,0.5236224391003869,30
Temporary drop + recovery,1,knowledge_rank_corr_with_initial,0.999990676276013,0.9999900003262209,0.9999913522258052,30
Temporary drop + recovery,1,mean_ai_trust,0.5094088677263034,0.5075863324923287,0.5112314029602782,30
Temporary drop + recovery,1,mean_peer_trust,0.500524706641833,0.5000585411357236,0.5009908721479425,30
Temporary drop + recovery,1,mean_tie_strength,0.5490741709868113,0.5478190708764129,0.5503292710972097,30
Temporary drop + recovery,1,recent_active_tie_fraction,0.12319447527438644,0.12093800276322675,0.12545094778554614,30
Temporary drop + recovery,1,mean_unique_peer_partners,1.235185185185185,1.212668147618445,1.2577022227519248,30
Temporary drop + recovery,1,network_density,0.055878336436995545,0.05586890652737306,0.05588776634661803,30
Temporary drop + recovery,1,ai_reliability,0.8599999999999999,0.8599999999999999,0.8599999999999999,30
Temporary drop + recovery,2,human_interaction_rate,0.6266666666666666,0.6117530907516002,0.641580242581733,30
Temporary drop + recovery,2,ai_use_rate,0.6420370370370369,0.6290683752358771,0.6550056988381966,30
Temporary drop + recovery,2,mean_quality,0.5096869832653852,0.5054825244228153,0.5138914421079551,30
Temporary drop + recovery,2,mean_knowledge,0.5211785552584683,0.517539663310116,0.5248174472068207,30
Temporary drop + recovery,2,knowledge_rank_corr_with_initial,0.9999791031251681,0.9999775017538238,0.9999807044965124,30
Temporary drop + recovery,2,mean_ai_trust,0.5195828403756746,0.5178595941273704,0.5213060866239788,30
Temporary drop + recovery,2,mean_peer_trust,0.5007033218940099,0.5002512057573435,0.5011554380306763,30
Temporary drop + recovery,2,mean_tie_strength,0.5481225649515787,0.5468650900013038,0.5493800399018537,30
Temporary drop + recovery,2,recent_active_tie_fraction,0.2286650224030912,0.22466194374814769,0.2326681010580347,30
Temporary drop + recovery,2,mean_unique_peer_partners,2.294074074074074,2.253985417569121,2.334162730579027,30
Temporary drop + recovery,2,network_density,0.055884543761638636,0.05587374044297823,0.05589534708029904,30
Temporary drop + recovery,2,ai_reliability,0.8599999999999999,0.8599999999999999,0.8599999999999999,30
Temporary drop + recovery,3,human_interaction_rate,0.6227777777777778,0.6072983155176087,0.6382572400379468,30
Temporary drop + recovery,3,ai_use_rate,0.647962962962963,0.6305598113794977,0.6653661145464282,30
Temporary drop + recovery,3,mean_quality,0.5114854494409173,0.5074556245634056,0.515515274318429,30
Temporary drop + recovery,3,mean_knowledge,0.522370706635028,0.518739658758446,0.5260017545116101,30
Temporary drop + recovery,3,knowledge_rank_corr_with_initial,0.9999671129965885,0.9999646346194137,0.9999695913737633,30
Temporary drop + recovery,3,mean_ai_trust,0.5288799630960204,0.5273044079178458,0.5304555182741949,30
Temporary drop + recovery,3,mean_peer_trust,0.5008509665727615,0.5004004585121536,0.5013014746333694,30
Temporary drop + recovery,3,mean_tie_strength,0.5471612672011058,0.5459058880747896,0.548416646327422,30
Temporary drop + recovery,3,recent_active_tie_fraction,0.32162244709622956,0.31631613508340706,0.32692875910905206,30
Temporary drop + recovery,3,mean_unique_peer_partners,3.2270370370370376,3.1741207017336426,3.2799533723404326,30
Temporary drop + recovery,3,network_density,0.055892820194496075,0.05587830898961523,0.05590733139937692,30
Temporary drop + recovery,3,ai_reliability,0.8599999999999999,0.8599999999999999,0.8599999999999999,30
Temporary drop + recovery,4,human_interaction_rate,0.6198148148148148,0.6059716709266993,0.6336579587029303,30
Temporary drop + recovery,4,ai_use_rate,0.6492592592592594,0.6364744095694957,0.6620441089490231,30
Temporary drop + recovery,4,mean_quality,0.5132524059580238,0.5100289751538299,0.5164758367622176,30
Temporary drop + recovery,4,mean_knowledge,0.5235876467369899,0.5199614841250192,0.5272138093489606,30
Temporary drop + recovery,4,knowledge_rank_corr_with_initial,0.9999510343752491,0.9999477234407793,0.9999543453097189,30
Temporary drop + recovery,4,mean_ai_trust,0.5378144104735353,0.5362270153995069,0.5394018055475637,30
Temporary drop + recovery,4,mean_peer_trust,0.5010348568360011,0.5005927180353043,0.501476995636698,30
Temporary drop + recovery,4,mean_tie_strength,0.5461778620878855,0.5449313929186248,0.5474243312571463,30
Temporary drop + recovery,4,recent_active_tie_fraction,0.40444280774593977,0.39911445308012056,0.409771162411759,30
Temporary drop + recovery,4,mean_unique_peer_partners,4.061481481481481,4.007663659167438,4.115299303795524,30
Temporary drop + recovery,4,network_density,0.0559073039519966,0.05589082033091408,0.055923787573079115,30
Temporary drop + recovery,4,ai_reliability,0.8599999999999999,0.8599999999999999,0.8599999999999999,30
Temporary drop + recovery,5,human_interaction_rate,0.607962962962963,0.5906435767485246,0.6252823491774014,30
Temporary drop + recovery,5,ai_use_rate,0.6583333333333333,0.6447819836889006,0.671884682977766,30
Temporary drop + recovery,5,mean_quality,0.518226422379759,0.5143900648794336,0.5220627798800844,30
Temporary drop + recovery,5,mean_knowledge,0.5248052440822188,0.521185324074733,0.5284251640897047,30
Temporary drop + recovery,5,knowledge_rank_corr_with_initial,0.9999341838142871,0.9999296031673293,0.999938764461245,30
Temporary drop + recovery,5,mean_ai_trust,0.5461613419398808,0.5446376569741127,0.5476850269056488,30
Temporary drop + recovery,5,mean_peer_trust,0.5012234419584274,0.5007803914719933,0.5016664924448615,30
Temporary drop + recovery,5,mean_tie_strength,0.5452314992745717,0.5439833538532977,0.5464796446958458,30
Temporary drop + recovery,5,recent_active_tie_fraction,0.4730605703010135,0.46740918079874455,0.47871195980328246,30
Temporary drop + recovery,5,mean_unique_peer_partners,4.752592592592592,4.695124299280852,4.810060885904331,30
Temporary drop + recovery,5,network_density,0.05591144216842532,0.05589225771571562,0.05593062662113502,30
Temporary drop + recovery,5,ai_reliability,0.8599999999999999,0.8599999999999999,0.8599999999999999,30
Temporary drop + recovery,6,human_interaction_rate,0.6053703703703703,0.5908389752943753,0.6199017654463653,30
Temporary drop + recovery,6,ai_use_rate,0.6651851851851851,0.648456360140875,0.6819140102294952,30
Temporary drop + recovery,6,mean_quality,0.5169894659870945,0.5129739743621891,0.5210049576119999,30
Temporary drop + recovery,6,mean_knowledge,0.5260250815828542,0.5224130649197248,0.5296370982459836,30
Temporary drop + recovery,6,knowledge_rank_corr_with_initial,0.9999146890738658,0.9999079423190708,0.9999214358286609,30
Temporary drop + recovery,6,mean_ai_trust,0.5539128116552973,0.5524145184608276,0.555411104849767,30
Temporary drop + recovery,6,mean_peer_trust,0.5014113912979762,0.5009651754819986,0.5018576071139538,30
Temporary drop + recovery,6,mean_tie_strength,0.5442864894866943,0.543040282605343,0.5455326963680457,30
Temporary drop + recovery,6,recent_active_tie_fraction,0.5334883259449711,0.527796544770315,0.5391801071196272,30
Temporary drop + recovery,6,mean_unique_peer_partners,5.362222222222221,5.304243199281603,5.420201245162839,30
Temporary drop + recovery,6,network_density,0.05591558038485403,0.05589502837330846,0.0559361323963996,30
Temporary drop + recovery,6,ai_reliability,0.8599999999999999,0.8599999999999999,0.8599999999999999,30
Temporary drop + recovery,7,human_interaction_rate,0.6109259259259259,0.5989346784616388,0.6229171733902129,30
Temporary drop + recovery,7,ai_use_rate,0.6609259259259258,0.6500372699303996,0.671814581921452,30
Temporary drop + recovery,7,mean_quality,0.5162546966681407,0.5127567801953469,0.5197526131409346,30
Temporary drop + recovery,7,mean_knowledge,0.5272325137783371,0.523624749653451,0.5308402779032233,30
Temporary drop + recovery,7,knowledge_rank_corr_with_initial,0.9998923261807462,0.9998843417871229,0.9999003105743695,30
Temporary drop + recovery,7,mean_ai_trust,0.5609902660460122,0.5595584019086632,0.5624221301833612,30
Temporary drop + recovery,7,mean_peer_trust,0.5016039590040843,0.5011587654339903,0.5020491525741783,30
Temporary drop + recovery,7,mean_tie_strength,0.5433449685573578,0.5421051689465533,0.5445847681681624,30
Temporary drop + recovery,7,recent_active_tie_fraction,0.5861391361030804,0.5798962753356659,0.592381996870495,30
Temporary drop + recovery,7,mean_unique_peer_partners,5.8929629629629625,5.830092977031069,5.955832948894856,30
Temporary drop + recovery,7,network_density,0.05591971860128276,0.05589799794397594,0.05594143925858958,30
Temporary drop + recovery,7,ai_reliability,0.8599999999999999,0.8599999999999999,0.8599999999999999,30
Temporary drop + recovery,8,human_interaction_rate,0.6088888888888889,0.5951326693228445,0.6226451084549334,30
Temporary drop + recovery,8,ai_use_rate,0.6601851851851851,0.647396273650595,0.6729740967197751,30
Temporary drop + recovery,8,mean_quality,0.5193442340009858,0.516186450803829,0.5225020171981427,30
Temporary drop + recovery,8,mean_knowledge,0.5284399862220593,0.52484058333025,0.5320393891138687,30
Temporary drop + recovery,8,knowledge_rank_corr_with_initial,0.9998713413561108,0.9998621968486069,0.9998804858636147,30
Temporary drop + recovery,8,mean_ai_trust,0.5674455993254137,0.5660732362529807,0.5688179623978468,30
Temporary drop + recovery,8,mean_peer_trust,0.5018339057763418,0.5013884489454602,0.5022793626072234,30
Temporary drop + recovery,8,mean_tie_strength,0.5423889577388763,0.5411446351458591,0.5436332803318935,30
Temporary drop + recovery,8,recent_active_tie_fraction,0.6351075840769582,0.6292670583262656,0.6409481098276508,30
Temporary drop + recovery,8,mean_unique_peer_partners,6.386666666666667,6.327684816253126,6.445648517080207,30
Temporary drop + recovery,8,network_density,0.05592799503414019,0.05590690911520263,0.055949080953077754,30
Temporary drop + recovery,8,ai_reliability,0.8599999999999999,0.8599999999999999,0.8599999999999999,30
Temporary drop + recovery,9,human_interaction_rate,0.5994444444444443,0.5861741543074432,0.6127147345814454,30
Temporary drop + recovery,9,ai_use_rate,0.6687037037037038,0.6558061811407984,0.6816012262666092,30
Temporary drop + recovery,9,mean_quality,0.5191284693801684,0.5151886266734738,0.5230683120868631,30
Temporary drop + recovery,9,mean_knowledge,0.529654665454593,0.5260576373316251,0.533251693577561,30
Temporary drop + recovery,9,knowledge_rank_corr_with_initial,0.999841086588713,0.9998296232209507,0.9998525499564752,30
Temporary drop + recovery,9,mean_ai_trust,0.5735906098393971,0.5723116107026046,0.5748696089761897,30
Temporary drop + recovery,9,mean_peer_trust,0.5020435094833374,0.5015912579572377,0.5024957610094372,30
Temporary drop + recovery,9,mean_tie_strength,0.5414165000120799,0.540169576337423,0.5426634236867367,30
Temporary drop + recovery,9,recent_active_tie_fraction,0.6765394408043464,0.6713061945535838,0.681772687055109,30
Temporary drop + recovery,9,mean_unique_peer_partners,6.807407407407408,6.753045277027,6.861769537787816,30
Temporary drop + recovery,9,network_density,0.05594040968342636,0.05591225123011117,0.05596856813674155,30
Temporary drop + recovery,9,ai_reliability,0.8599999999999999,0.8599999999999999,0.8599999999999999,30
Temporary drop + recovery,10,human_interaction_rate,0.6024074074074074,0.5841535950177815,0.6206612197970333,30
Temporary drop + recovery,10,ai_use_rate,0.6712962962962962,0.6547176151468462,0.6878749774457461,30
Temporary drop + recovery,10,mean_quality,0.5205715805340907,0.5169263168733325,0.5242168441948489,30
Temporary drop + recovery,10,mean_knowledge,0.5308630349195878,0.5272710136053509,0.5344550562338246,30
Temporary drop + recovery,10,knowledge_rank_corr_with_initial,0.9998141191451231,0.9998027063176349,0.9998255319726113,30
Temporary drop + recovery,10,mean_ai_trust,0.5791534744757862,0.5779105141775289,0.5803964347740436,30
Temporary drop + recovery,10,mean_peer_trust,0.5022541562716166,0.501789210828414,0.5027191017148193,30
Temporary drop + recovery,10,mean_tie_strength,0.5404928187529247,0.5392465700351758,0.5417390674706735,30
Temporary drop + recovery,10,recent_active_tie_fraction,0.7114554580669737,0.7064592178743467,0.7164516982596008,30
Temporary drop + recovery,10,mean_unique_peer_partners,7.16037037037037,7.108051932212747,7.212688808527994,30
Temporary drop + recovery,10,network_density,0.05594040968342636,0.05591225123011117,0.05596856813674155,30
Temporary drop + recovery,10,ai_reliability,0.8599999999999999,0.8599999999999999,0.8599999999999999,30
Temporary drop + recovery,11,human_interaction_rate,0.5881481481481481,0.5719713124506665,0.6043249838456297,30
Temporary drop + recovery,11,ai_use_rate,0.6799999999999998,0.6637237861948239,0.6962762138051758,30
Temporary drop + recovery,11,mean_quality,0.5219994407971954,0.5185110596203522,0.5254878219740386,30
Temporary drop + recovery,11,mean_knowledge,0.5320657009767938,0.5284811066598766,0.5356502952937111,30
Temporary drop + recovery,11,knowledge_rank_corr_with_initial,0.9997829616849078,0.9997688033109104,0.9997971200589051,30
Temporary drop + recovery,11,mean_ai_trust,0.584047431744242,0.5828551002059256,0.5852397632825584,30
Temporary drop + recovery,11,mean_peer_trust,0.5024768829345703,0.502000222827682,0.5029535430414586,30
Temporary drop + recovery,11,mean_tie_strength,0.5395294904708863,0.5382798080708602,0.5407791728709124,30
Temporary drop + recovery,11,recent_active_tie_fraction,0.743828441978536,0.738709590697743,0.7489472932593291,30
Temporary drop + recovery,11,mean_unique_peer_partners,7.490370370370372,7.4364203570324765,7.544320383708268,30
Temporary drop + recovery,11,network_density,0.05595075522449815,0.05592125795738804,0.055980252491608255,30
Temporary drop + recovery,11,ai_reliability,0.8599999999999999,0.8599999999999999,0.8599999999999999,30
Temporary drop + recovery,12,human_interaction_rate,0.586851851851852,0.5723408952328312,0.6013628084708728,30
Temporary drop + recovery,12,ai_use_rate,0.6755555555555556,0.6618533796476807,0.6892577314634305,30
Temporary drop + recovery,12,mean_quality,0.5211708019633872,0.5171575114094137,0.5251840925173606,30
Temporary drop + recovery,12,mean_knowledge,0.533271050281718,0.5296939102935035,0.5368481902699324,30
Temporary drop + recovery,12,knowledge_rank_corr_with_initial,0.9997508525043074,0.9997360744527362,0.9997656305558786,30
Temporary drop + recovery,12,mean_ai_trust,0.5886436035317689,0.5874633590406784,0.5898238480228595,30
Temporary drop + recovery,12,mean_peer_trust,0.502705556154251,0.5022285470430629,0.5031825652654393,30
Temporary drop + recovery,12,mean_tie_strength,0.5385902762413025,0.5373414257494155,0.5398391267331896,30
Temporary drop + recovery,12,recent_active_tie_fraction,0.771284933865534,0.766384251321955,0.776185616409113,30
Temporary drop + recovery,12,mean_unique_peer_partners,7.769999999999999,7.7178012049829725,7.822198795017025,30
Temporary drop + recovery,12,network_density,0.05595489344092688,0.055922866821388285,0.05598692006046547,30
Temporary drop + recovery,12,ai_reliability,0.8599999999999999,0.8599999999999999,0.8599999999999999,30
Temporary drop + recovery,13,human_interaction_rate,0.5955555555555556,0.5823070892674894,0.6088040218436218,30
Temporary drop + recovery,13,ai_use_rate,0.6698148148148146,0.6558861768293809,0.6837434528002484,30
Temporary drop + recovery,13,mean_quality,0.522485371286449,0.5201354323552342,0.5248353102176638,30
Temporary drop + recovery,13,mean_knowledge,0.534477950460238,0.5309131602265564,0.5380427406939197,30
Temporary drop + recovery,13,knowledge_rank_corr_with_initial,0.999718849879801,0.9997020918226553,0.9997356079369466,30
Temporary drop + recovery,13,mean_ai_trust,0.5932534785212005,0.5921457809214052,0.5943611761209957,30
Temporary drop + recovery,13,mean_peer_trust,0.5029595116774241,0.5024715684401946,0.5034474549146537,30
Temporary drop + recovery,13,mean_tie_strength,0.5376562039057414,0.5364058489871404,0.5389065588243425,30
Temporary drop + recovery,13,recent_active_tie_fraction,0.7956693931149039,0.7909087231447071,0.8004300630851008,30
Temporary drop + recovery,13,mean_unique_peer_partners,8.02074074074074,7.970920678903642,8.070560802577837,30
Temporary drop + recovery,13,network_density,0.05595903165735559,0.055925277717701186,0.05599278559701,30
Temporary drop + recovery,13,ai_reliability,0.8599999999999999,0.8599999999999999,0.8599999999999999,30
Temporary drop + recovery,14,human_interaction_rate,0.5855555555555557,0.5707097961722982,0.6004013149388132,30
Temporary drop + recovery,14,ai_use_rate,0.6690740740740738,0.6544490299787495,0.6836991181693981,30
Temporary drop + recovery,14,mean_quality,0.5217617771925526,0.5180951677502198,0.5254283866348853,30
Temporary drop + recovery,14,mean_knowledge,0.5356708584627294,0.5321109647495958,0.539230752175863,30
Temporary drop + recovery,14,knowledge_rank_corr_with_initial,0.9996811690249302,0.9996622241409725,0.9997001139088879,30
Temporary drop + recovery,14,mean_ai_trust,0.5972121911462795,0.5961855072852267,0.5982388750073324,30
Temporary drop + recovery,14,mean_peer_trust,0.503182037671407,0.5026820032870768,0.5036820720557372,30
Temporary drop + recovery,14,mean_tie_strength,0.5367334802945455,0.5354873907120297,0.5379795698770613,30
Temporary drop + recovery,14,recent_active_tie_fraction,0.818447898365556,0.8138323134154413,0.8230634833156707,30
Temporary drop + recovery,14,mean_unique_peer_partners,8.253703703703703,8.20524439299155,8.302163014415855,30
Temporary drop + recovery,14,network_density,0.05595903165735559,0.055925277717701186,0.05599278559701,30
Temporary drop + recovery,14,ai_reliability,0.8599999999999999,0.8599999999999999,0.8599999999999999,30
Temporary drop + recovery,15,human_interaction_rate,0.597962962962963,0.5852508647326842,0.6106750611932419,30
Temporary drop + recovery,15,ai_use_rate,0.6712962962962964,0.658542242550281,0.6840503500423117,30
Temporary drop + recovery,15,mean_quality,0.523745068788981,0.5202241070569472,0.5272660305210147,30
Temporary drop + recovery,15,mean_knowledge,0.5368657738800772,0.5333144201372167,0.5404171276229376,30
Temporary drop + recovery,15,knowledge_rank_corr_with_initial,0.999647128714583,0.9996268164429096,0.9996674409862565,30
Temporary drop + recovery,15,mean_ai_trust,0.6009491522183781,0.5999504052798429,0.6019478991569133,30
Temporary drop + recovery,15,mean_peer_trust,0.5034470280011495,0.5029375962769361,0.5039564597253628,30
Temporary drop + recovery,15,mean_tie_strength,0.5357781986395518,0.534530852153882,0.5370255451252216,30
Temporary drop + recovery,15,recent_active_tie_fraction,0.838963497203771,0.8341040368923202,0.8438229575152217,30
Temporary drop + recovery,15,mean_unique_peer_partners,8.462962962962962,8.413302811991347,8.512623113934577,30
Temporary drop + recovery,15,network_density,0.05596937719842739,0.055935852723973334,0.05600290167288145,30
Temporary drop + recovery,15,ai_reliability,0.8599999999999999,0.8599999999999999,0.8599999999999999,30
Temporary drop + recovery,16,human_interaction_rate,0.5883333333333333,0.5743444531582326,0.602322213508434,30
Temporary drop + recovery,16,ai_use_rate,0.6774074074074075,0.6657366310699001,0.6890781837449148,30
Temporary drop + recovery,16,mean_quality,0.5223407482440103,0.5190813107268969,0.5256001857611238,30
Temporary drop + recovery,16,mean_knowledge,0.5380531321939015,0.5345097763744933,0.5415964880133097,30
Temporary drop + recovery,16,knowledge_rank_corr_with_initial,0.9996087306106716,0.9995856987763478,0.9996317624449953,30
Temporary drop + recovery,16,mean_ai_trust,0.6042382131583033,0.603305691235911,0.6051707350806955,30
Temporary drop + recovery,16,mean_peer_trust,0.503702175617218,0.5031920899962102,0.5042122612382257,30
Temporary drop + recovery,16,mean_tie_strength,0.5348306616147359,0.5335905462957217,0.5360707769337502,30
Temporary drop + recovery,16,recent_active_tie_fraction,0.855139046066212,0.8503370552686249,0.8599410368637992,30
Temporary drop + recovery,16,mean_unique_peer_partners,8.630370370370372,8.57981465833026,8.680926082410483,30
Temporary drop + recovery,16,network_density,0.05597765363128483,0.055943005930941356,0.05601230133162831,30
Temporary drop + recovery,16,ai_reliability,0.8599999999999999,0.8599999999999999,0.8599999999999999,30
Temporary drop + recovery,17,human_interaction_rate,0.5877777777777777,0.5734840543132572,0.6020715012422982,30
Temporary drop + recovery,17,ai_use_rate,0.6759259259259259,0.6612234648543006,0.6906283869975512,30
Temporary drop + recovery,17,mean_quality,0.5253768974750213,0.5220228742746378,0.5287309206754047,30
Temporary drop + recovery,17,mean_knowledge,0.5392356594135259,0.5357000750243716,0.5427712438026803,30
Temporary drop + recovery,17,knowledge_rank_corr_with_initial,0.9995688403400131,0.9995434379111988,0.9995942427688275,30
Temporary drop + recovery,17,mean_ai_trust,0.60724797306406,0.6063281889744349,0.6081677571536851,30
Temporary drop + recovery,17,mean_peer_trust,0.503977366288503,0.5034548151088599,0.504499917468146,30
Temporary drop + recovery,17,mean_tie_strength,0.5339076459407807,0.5326663043168227,0.5351489875647386,30
Temporary drop + recovery,17,recent_active_tie_fraction,0.8695225129598435,0.8649599650293758,0.8740850608903112,30
Temporary drop + recovery,17,mean_unique_peer_partners,8.777407407407408,8.729361427750375,8.82545338706444,30
Temporary drop + recovery,17,network_density,0.05597972273949919,0.05594578634478774,0.056013659134210636,30
Temporary drop + recovery,17,ai_reliability,0.8599999999999999,0.8599999999999999,0.8599999999999999,30
Temporary drop + recovery,18,human_interaction_rate,0.5837037037037037,0.5678493129460381,0.5995580944613693,30
Temporary drop + recovery,18,ai_use_rate,0.6809259259259259,0.6701854653785871,0.6916663864732647,30
Temporary drop + recovery,18,mean_quality,0.5268354405276078,0.5231080779697529,0.5305628030854627,30
Temporary drop + recovery,18,mean_knowledge,0.5404198378839872,0.5368934110655407,0.5439462647024337,30
Temporary drop + recovery,18,knowledge_rank_corr_with_initial,0.9995256614363008,0.999498880987258,0.9995524418853436,30
Temporary drop + recovery,18,mean_ai_trust,0.610113271003596,0.6092324010851775,0.6109941409220145,30
Temporary drop + recovery,18,mean_peer_trust,0.5042368213335673,0.5037030472622795,0.504770595404855,30
Temporary drop + recovery,18,mean_tie_strength,0.5329633315404256,0.5317195626141199,0.5342071004667314,30
Temporary drop + recovery,18,recent_active_tie_fraction,0.8836958043196111,0.8796100500104803,0.887781558628742,30
Temporary drop + recovery,18,mean_unique_peer_partners,8.925555555555556,8.881672137620535,8.969438973490577,30
Temporary drop + recovery,18,network_density,0.05598799917235663,0.05595277699068798,0.056023221354025286,30
Temporary drop + recovery,18,ai_reliability,0.8599999999999999,0.8599999999999999,0.8599999999999999,30
Temporary drop + recovery,19,human_interaction_rate,0.5985185185185186,0.5887134018659477,0.6083236351710894,30
Temporary drop + recovery,19,ai_use_rate,0.6798148148148146,0.6681370472603804,0.6914925823692489,30
Temporary drop + recovery,19,mean_quality,0.5263629037615548,0.5224395047406378,0.5302863027824718,30
Temporary drop + recovery,19,mean_knowledge,0.5416004028847133,0.5380785046325126,0.5451223011369141,30
Temporary drop + recovery,19,knowledge_rank_corr_with_initial,0.9994791511496967,0.9994506899896879,0.9995076123097054,30
Temporary drop + recovery,19,mean_ai_trust,0.6128133583730754,0.6119318126996128,0.6136949040465379,30
Temporary drop + recovery,19,mean_peer_trust,0.5045251826445262,0.5039797677385723,0.50507059755048,30
Temporary drop + recovery,19,mean_tie_strength,0.5320184350013732,0.5307638300397911,0.5332730399629554,30
Temporary drop + recovery,19,recent_active_tie_fraction,0.8969084049835557,0.8930663538015372,0.9007504561655743,30
Temporary drop + recovery,19,mean_unique_peer_partners,9.062962962962962,9.02043717071197,9.105488755213953,30
Temporary drop + recovery,19,network_density,0.055998344713428426,0.05596046171497754,0.05603622771187931,30
Temporary drop + recovery,19,ai_reliability,0.8599999999999999,0.8599999999999999,0.8599999999999999,30
Temporary drop + recovery,20,human_interaction_rate,0.5792592592592594,0.5670175526789756,0.5915009658395431,30
Temporary drop + recovery,20,ai_use_rate,0.6807407407407405,0.6677030349992806,0.6937784464822004,30
Temporary drop + recovery,20,mean_quality,0.52571203199968,0.5217004608903196,0.5297236031090403,30
Temporary drop + recovery,20,mean_knowledge,0.542769654519758,0.5392495834944048,0.5462897255451112,30
Temporary drop + recovery,20,knowledge_rank_corr_with_initial,0.9994311587436796,0.9994016618227843,0.9994606556645749,30
Temporary drop + recovery,20,mean_ai_trust,0.6150548623836741,0.6141923557989223,0.615917368968426,30
Temporary drop + recovery,20,mean_peer_trust,0.5047978480656942,0.5042410913676969,0.5053546047636914,30
Temporary drop + recovery,20,mean_tie_strength,0.5310863157113394,0.5298353155835239,0.5323373158391548,30
Temporary drop + recovery,20,recent_active_tie_fraction,0.906968972647381,0.9032287348353886,0.9107092104593734,30
Temporary drop + recovery,20,mean_unique_peer_partners,9.166666666666666,9.125048534362419,9.208284798970913,30
Temporary drop + recovery,20,network_density,0.05600455203807151,0.05596620728176102,0.056042896794382,30
Temporary drop + recovery,20,ai_reliability,0.8599999999999999,0.8599999999999999,0.8599999999999999,30
Temporary drop + recovery,21,human_interaction_rate,0.5775925925925925,0.5651280491820625,0.5900571360031226,30
Temporary drop + recovery,21,ai_use_rate,0.682037037037037,0.6696537148848793,0.6944203591891946,30
Temporary drop + recovery,21,mean_quality,0.5283692756787217,0.5250499966342262,0.5316885547232172,30
Temporary drop + recovery,21,mean_knowledge,0.5439553759668563,0.5404434524194384,0.5474672995142742,30
Temporary drop + recovery,21,knowledge_rank_corr_with_initial,0.9993779500349729,0.9993462066813973,0.9994096933885485,30
Temporary drop + recovery,21,mean_ai_trust,0.6174330515757431,0.6166816543648197,0.6181844487866666,30
Temporary drop + recovery,21,mean_peer_trust,0.5050798038641612,0.5045036906262685,0.5056559171020538,30
Temporary drop + recovery,21,mean_tie_strength,0.5301546156406403,0.5289142492843519,0.5313949819969286,30
Temporary drop + recovery,21,recent_active_tie_fraction,0.9067948751616748,0.9030777989361353,0.9105119513872143,30
Temporary drop + recovery,21,mean_unique_peer_partners,9.270370370370369,9.231444619716939,9.309296121023799,30
Temporary drop + recovery,21,network_density,0.056010759362714595,0.055972101844662406,0.056049416880766784,30
Temporary drop + recovery,21,ai_reliability,0.8599999999999999,0.8599999999999999,0.8599999999999999,30
Temporary drop + recovery,22,human_interaction_rate,0.5777777777777777,0.5618667050643521,0.5936888504912033,30
Temporary drop + recovery,22,ai_use_rate,0.6846296296296296,0.6740703106550049,0.6951889486042543,30
Temporary drop + recovery,22,mean_quality,0.5301073685118992,0.5269371621198006,0.5332775749039979,30
Temporary drop + recovery,22,mean_knowledge,0.5451303066228603,0.541626684786234,0.5486339284594867,30
Temporary drop + recovery,22,knowledge_rank_corr_with_initial,0.9993268862380389,0.9992923443648495,0.9993614281112283,30
Temporary drop + recovery,22,mean_ai_trust,0.619638216125223,0.6189320737182267,0.6203443585322193,30
Temporary drop + recovery,22,mean_peer_trust,0.5053696413834889,0.5047814960242314,0.5059577867427465,30
Temporary drop + recovery,22,mean_tie_strength,0.5292268474896749,0.5279825233796497,0.5304711715997,30
Temporary drop + recovery,22,recent_active_tie_fraction,0.9045857913044384,0.9010009353400329,0.9081706472688439,30
Temporary drop + recovery,22,mean_unique_peer_partners,9.355185185185185,9.317940337576543,9.392430032793827,30
Temporary drop + recovery,22,network_density,0.056014897579143304,0.05597563773466497,0.05605415742362164,30
Temporary drop + recovery,22,ai_reliability,0.8599999999999999,0.8599999999999999,0.8599999999999999,30
Temporary drop + recovery,23,human_interaction_rate,0.5735185185185186,0.5586419706836024,0.5883950663534349,30
Temporary drop + recovery,23,ai_use_rate,0.6840740740740741,0.6708106816137571,0.697337466534391,30
Temporary drop + recovery,23,mean_quality,0.530982784620583,0.5280467983429397,0.5339187708982264,30
Temporary drop + recovery,23,mean_knowledge,0.5463005077455161,0.5428049258689395,0.5497960896220927,30
Temporary drop + recovery,23,knowledge_rank_corr_with_initial,0.999278648241576,0.999240111932168,0.999317184550984,30
Temporary drop + recovery,23,mean_ai_trust,0.6215980253746685,0.6209062346127923,0.6222898161365447,30
Temporary drop + recovery,23,mean_peer_trust,0.5056567231814066,0.5050546872391675,0.5062587591236458,30
Temporary drop + recovery,23,mean_tie_strength,0.5282979488372803,0.5270581398286571,0.5295377578459035,30
Temporary drop + recovery,23,recent_active_tie_fraction,0.9032652710842749,0.8999549049196883,0.9065756372488615,30
Temporary drop + recovery,23,mean_unique_peer_partners,9.438888888888888,9.403235650576505,9.474542127201271,30
Temporary drop + recovery,23,network_density,0.056021104903786395,0.05598130610456287,0.05606090370300992,30
Temporary drop + recovery,23,ai_reliability,0.8599999999999999,0.8599999999999999,0.8599999999999999,30
Temporary drop + recovery,24,human_interaction_rate,0.576111111111111,0.5633214260380496,0.5889007961841725,30
Temporary drop + recovery,24,ai_use_rate,0.6872222222222221,0.6746077786018531,0.6998366658425911,30
Temporary drop + recovery,24,mean_quality,0.5304577888266716,0.5266787007466931,0.5342368769066501,30
Temporary drop + recovery,24,mean_knowledge,0.547468727373724,0.543975367261048,0.5509620874864,30
Temporary drop + recovery,24,knowledge_rank_corr_with_initial,0.9992218226781728,0.9991820998719432,0.9992615454844025,30
Temporary drop + recovery,24,mean_ai_trust,0.6232316068220157,0.6225748898566358,0.6238883237873957,30
Temporary drop + recovery,24,mean_peer_trust,0.5059611121813457,0.5053410935573605,0.5065811308053308,30
Temporary drop + recovery,24,mean_tie_strength,0.5273837645848592,0.5261443946142575,0.528623134555461,30
Temporary drop + recovery,24,recent_active_tie_fraction,0.9024211200668727,0.8988414751416166,0.9060007649921288,30
Temporary drop + recovery,24,mean_unique_peer_partners,9.52037037037037,9.486138403745628,9.554602336995114,30
Temporary drop + recovery,24,network_density,0.056023174012000757,0.055983382971584054,0.05606296505241746,30
Temporary drop + recovery,24,ai_reliability,0.8599999999999999,0.8599999999999999,0.8599999999999999,30
Temporary drop + recovery,25,human_interaction_rate,0.5737037037037038,0.5637483927166844,0.5836590146907232,30
Temporary drop + recovery,25,ai_use_rate,0.6898148148148148,0.6779529686136153,0.7016766610160142,30
Temporary drop + recovery,25,mean_quality,0.5307768199078077,0.5272663639587638,0.5342872758568515,30
Temporary drop + recovery,25,mean_knowledge,0.5486366567883875,0.5451499907189024,0.5521233228578726,30
Temporary drop + recovery,25,knowledge_rank_corr_with_initial,0.999163609078753,0.9991223288558966,0.9992048893016094,30
Temporary drop + recovery,25,mean_ai_trust,0.6247552964140847,0.6241499810532884,0.6253606117748809,30
Temporary drop + recovery,25,mean_peer_trust,0.5062940617402395,0.5056559487102987,0.5069321747701803,30
Temporary drop + recovery,25,mean_tie_strength,0.5264709055423736,0.5252345453390163,0.527707265745731,30
Temporary drop + recovery,25,recent_active_tie_fraction,0.9011338151886368,0.8974444280826596,0.904823202294614,30
Temporary drop + recovery,25,mean_unique_peer_partners,9.588518518518518,9.556390379422512,9.620646657614524,30
Temporary drop + recovery,25,network_density,0.05602524312021511,0.05598641823556668,0.05606406800486354,30
Temporary drop + recovery,25,ai_reliability,0.8599999999999999,0.8599999999999999,0.8599999999999999,30
Temporary drop + recovery,26,human_interaction_rate,0.5646296296296297,0.5524298159826128,0.5768294432766466,30
Temporary drop + recovery,26,ai_use_rate,0.6996296296296297,0.6867961226503779,0.7124631366088815,30
Temporary drop + recovery,26,mean_quality,0.534143128087747,0.5305534354913292,0.5377328206841648,30
Temporary drop + recovery,26,mean_knowledge,0.5498157337389844,0.546338660529801,0.5532928069481678,30
Temporary drop + recovery,26,knowledge_rank_corr_with_initial,0.9991003243421578,0.9990568449664109,0.9991438037179047,30
Temporary drop + recovery,26,mean_ai_trust,0.6263963537239224,0.6257305382967847,0.6270621691510602,30
Temporary drop + recovery,26,mean_peer_trust,0.5066041807333629,0.5059527706825068,0.507255590784219,30
Temporary drop + recovery,26,mean_tie_strength,0.5255396703879038,0.5243154244759436,0.5267639162998641,30
Temporary drop + recovery,26,recent_active_tie_fraction,0.9011810354311226,0.8978648603054302,0.904497210556815,30
Temporary drop + recovery,26,mean_unique_peer_partners,9.645555555555555,9.614500913132698,9.676610197978412,30
Temporary drop + recovery,26,network_density,0.0560314504448582,0.05599475986873651,0.05606814102097989,30
Temporary drop + recovery,26,ai_reliability,0.8599999999999999,0.8599999999999999,0.8599999999999999,30
Temporary drop + recovery,27,human_interaction_rate,0.570925925925926,0.5583759564632952,0.5834758953885567,30
Temporary drop + recovery,27,ai_use_rate,0.682962962962963,0.6704455526941979,0.6954803732317281,30
Temporary drop + recovery,27,mean_quality,0.5347807822751408,0.5314643066076528,0.5380972579426289,30
Temporary drop + recovery,27,mean_knowledge,0.5509753716091133,0.5475057755117284,0.5544449677064981,30
Temporary drop + recovery,27,knowledge_rank_corr_with_initial,0.9990378707179816,0.9989915578450725,0.9990841835908906,30
Temporary drop + recovery,27,mean_ai_trust,0.6276968799407876,0.6270774381671677,0.6283163217144075,30
Temporary drop + recovery,27,mean_peer_trust,0.506930164496104,0.5062609967477828,0.5075993322444251,30
Temporary drop + recovery,27,mean_tie_strength,0.5246100922425588,0.5233820634625768,0.5258381210225409,30
Temporary drop + recovery,27,recent_active_tie_fraction,0.9009363914252735,0.8975803112680476,0.9042924715824994,30
Temporary drop + recovery,27,mean_unique_peer_partners,9.703333333333335,9.67519057341964,9.73147609324703,30
Temporary drop + recovery,27,network_density,0.05603972687771564,0.05600151925466388,0.0560779345007674,30
Temporary drop + recovery,27,ai_reliability,0.8599999999999999,0.8599999999999999,0.8599999999999999,30
Temporary drop + recovery,28,human_interaction_rate,0.5742592592592594,0.5587211105121376,0.5897974080063811,30
Temporary drop + recovery,28,ai_use_rate,0.6898148148148148,0.6766035505275771,0.7030260791020524,30
Temporary drop + recovery,28,mean_quality,0.5337608072744969,0.5305378887946929,0.536983725754301,30
Temporary drop + recovery,28,mean_knowledge,0.5521323119109515,0.5486684641955883,0.5555961596263146,30
Temporary drop + recovery,28,knowledge_rank_corr_with_initial,0.9989753034204074,0.9989252458426723,0.9990253609981425,30
Temporary drop + recovery,28,mean_ai_trust,0.6290054453542132,0.6283681144870211,0.6296427762214053,30
Temporary drop + recovery,28,mean_peer_trust,0.5072575112183889,0.5065776427869758,0.507937379649802,30
Temporary drop + recovery,28,mean_tie_strength,0.5236814836661021,0.5224555462850391,0.5249074210471651,30
Temporary drop + recovery,28,recent_active_tie_fraction,0.9004744693573319,0.8968685785973172,0.9040803601173466,30
Temporary drop + recovery,28,mean_unique_peer_partners,9.742962962962963,9.718363452882388,9.767562473043538,30
Temporary drop + recovery,28,network_density,0.05604800331057309,0.05600811926409164,0.056087887357054535,30
Temporary drop + recovery,28,ai_reliability,0.8599999999999999,0.8599999999999999,0.8599999999999999,30
Temporary drop + recovery,29,human_interaction_rate,0.5727777777777778,0.5575398648245671,0.5880156907309886,30
Temporary drop + recovery,29,ai_use_rate,0.6796296296296295,0.6659846111848855,0.6932746480743734,30
Temporary drop + recovery,29,mean_quality,0.5356870419228493,0.532462195441111,0.5389118884045877,30
Temporary drop + recovery,29,mean_knowledge,0.5532795263277824,0.5498258956412363,0.5567331570143286,30
Temporary drop + recovery,29,knowledge_rank_corr_with_initial,0.9989100312344239,0.9988560789826,0.9989639834862478,30
Temporary drop + recovery,29,mean_ai_trust,0.6299711086869504,0.6293055871004534,0.6306366302734474,30
Temporary drop + recovery,29,mean_peer_trust,0.507587077220281,0.5068927435117668,0.5082814109287951,30
Temporary drop + recovery,29,mean_tie_strength,0.5227498133977254,0.5215260001665818,0.523973626628869,30
Temporary drop + recovery,29,recent_active_tie_fraction,0.8996795996315806,0.8964229037540006,0.9029362955091607,30
Temporary drop + recovery,29,mean_unique_peer_partners,9.784814814814816,9.76019721404854,9.80943241558109,30
Temporary drop + recovery,29,network_density,0.05605834885164488,0.05601558808449522,0.05610110961879454,30
Temporary drop + recovery,29,ai_reliability,0.8599999999999999,0.8599999999999999,0.8599999999999999,30
Temporary drop + recovery,30,human_interaction_rate,0.563888888888889,0.5513145061844763,0.5764632715933017,30
Temporary drop + recovery,30,ai_use_rate,0.6898148148148147,0.675267089647659,0.7043625399819703,30
Temporary drop + recovery,30,mean_quality,0.5355376319356662,0.5318814354369806,0.5391938284343517,30
Temporary drop + recovery,30,mean_knowledge,0.554441237800879,0.5510001412858699,0.557882334315888,30
Temporary drop + recovery,30,knowledge_rank_corr_with_initial,0.9988412800860449,0.9987822785279417,0.9989002816441481,30
Temporary drop + recovery,30,mean_ai_trust,0.6310756229648928,0.6304282141786558,0.6317230317511299,30
Temporary drop + recovery,30,mean_peer_trust,0.5079425791899363,0.5072356119288343,0.5086495464510384,30
Temporary drop + recovery,30,mean_tie_strength,0.5218331456184387,0.5206115601434582,0.5230547310934193,30
Temporary drop + recovery,30,recent_active_tie_fraction,0.9001317994576021,0.8966864795399047,0.9035771193752996,30
Temporary drop + recovery,30,mean_unique_peer_partners,9.82851851851852,9.806357538985718,9.85067949805132,30
Temporary drop + recovery,30,network_density,0.056064556176287965,0.05602177375263292,0.05610733859994301,30
Temporary drop + recovery,30,ai_reliability,0.8599999999999999,0.8599999999999999,0.8599999999999999,30
Temporary drop + recovery,31,human_interaction_rate,0.5657407407407408,0.551904030204981,0.5795774512765005,30
Temporary drop + recovery,31,ai_use_rate,0.6972222222222223,0.6842299339019561,0.7102145105424885,30
Temporary drop + recovery,31,mean_quality,0.5364864010401557,0.5329027866310223,0.540070015449289,30
Temporary drop + recovery,31,mean_knowledge,0.555596263860015,0.5521605356712769,0.5590319920487532,30
Temporary drop + recovery,31,knowledge_rank_corr_with_initial,0.998771776907374,0.9987083803452428,0.9988351734695051,30
Temporary drop + recovery,31,mean_ai_trust,0.6319648853794159,0.631322144182534,0.6326076265762978,30
Temporary drop + recovery,31,mean_peer_trust,0.5083019117514292,0.507586003692738,0.5090178198101205,30
Temporary drop + recovery,31,mean_tie_strength,0.5209220210711162,0.5197037683038435,0.5221402738383889,30
Temporary drop + recovery,31,recent_active_tie_fraction,0.8986259639296554,0.8948444480566433,0.9024074798026676,30
Temporary drop + recovery,31,mean_unique_peer_partners,9.85888888888889,9.837284893269592,9.880492884508188,30
Temporary drop + recovery,31,network_density,0.05606869439271668,0.056025681644793435,0.05611170714063993,30
Temporary drop + recovery,31,ai_reliability,0.8599999999999999,0.8599999999999999,0.8599999999999999,30
Temporary drop + recovery,32,human_interaction_rate,0.5653703703703704,0.5501000300796125,0.5806407106611283,30
Temporary drop + recovery,32,ai_use_rate,0.6916666666666665,0.6795245645011789,0.7038087688321542,30
Temporary drop + recovery,32,mean_quality,0.5368042259397113,0.5332009386780642,0.5404075132013585,30
Temporary drop + recovery,32,mean_knowledge,0.5567348114193552,0.5533044672184251,0.5601651556202853,30
Temporary drop + recovery,32,knowledge_rank_corr_with_initial,0.9987006419471719,0.9986340807892665,0.9987672031050773,30
Temporary drop + recovery,32,mean_ai_trust,0.6327080326429584,0.632034543373046,0.6333815219128708,30
Temporary drop + recovery,32,mean_peer_trust,0.5086456179618836,0.5079155583847113,0.5093756775390559,30
Temporary drop + recovery,32,mean_tie_strength,0.5199926714102427,0.518776578849479,0.5212087639710065,30
Temporary drop + recovery,32,recent_active_tie_fraction,0.898899902365788,0.895402485614589,0.902397319116987,30
Temporary drop + recovery,32,mean_unique_peer_partners,9.88925925925926,9.865276764330686,9.913241754187835,30
Temporary drop + recovery,32,network_density,0.05607903993378849,0.056034441290570794,0.05612363857700618,30
Temporary drop + recovery,32,ai_reliability,0.8599999999999999,0.8599999999999999,0.8599999999999999,30
Temporary drop + recovery,33,human_interaction_rate,0.5627777777777777,0.5496785646022465,0.5758769909533089,30
Temporary drop + recovery,33,ai_use_rate,0.6977777777777777,0.6857727191886891,0.7097828363668663,30
Temporary drop + recovery,33,mean_quality,0.5368242856199735,0.5333657719926371,0.5402827992473099,30
Temporary drop + recovery,33,mean_knowledge,0.5578717906278227,0.5544467061248001,0.5612968751308453,30
Temporary drop + recovery,33,knowledge_rank_corr_with_initial,0.9986284442467891,0.9985574389385379,0.9986994495550403,30
Temporary drop + recovery,33,mean_ai_trust,0.6334967699624962,0.6328224907614646,0.6341710491635277,30
Temporary drop + recovery,33,mean_peer_trust,0.5089973707993826,0.5082507673923838,0.5097439742063813,30
Temporary drop + recovery,33,mean_tie_strength,0.5190823276837667,0.5178711496684837,0.5202935056990498,30
Temporary drop + recovery,33,recent_active_tie_fraction,0.8968016167158595,0.8930777633896017,0.9005254700421172,30
Temporary drop + recovery,33,mean_unique_peer_partners,9.917407407407406,9.892688743473563,9.94212607134125,30
Temporary drop + recovery,33,network_density,0.05608317815021721,0.05603732334610703,0.05612903295432739,30
Temporary drop + recovery,33,ai_reliability,0.8599999999999999,0.8599999999999999,0.8599999999999999,30
Temporary drop + recovery,34,human_interaction_rate,0.5548148148148148,0.5412308352078711,0.5683987944217584,30
Temporary drop + recovery,34,ai_use_rate,0.6944444444444445,0.6825586443611177,0.7063302445277714,30
Temporary drop + recovery,34,mean_quality,0.5392195412526475,0.5361341360367003,0.5423049464685946,30
Temporary drop + recovery,34,mean_knowledge,0.5590160808645238,0.5555985945159638,0.5624335672130838,30
Temporary drop + recovery,34,knowledge_rank_corr_with_initial,0.9985507249445089,0.9984765085065933,0.9986249413824245,30
Temporary drop + recovery,34,mean_ai_trust,0.6341454672182507,0.6334625862161565,0.634828348220345,30
Temporary drop + recovery,34,mean_peer_trust,0.509334146976471,0.5085714230953893,0.5100968708575526,30
Temporary drop + recovery,34,mean_tie_strength,0.5181710879007976,0.5169522149118724,0.5193899608897228,30
Temporary drop + recovery,34,recent_active_tie_fraction,0.8946712788465605,0.8909798243939648,0.8983627332991562,30
Temporary drop + recovery,34,mean_unique_peer_partners,9.940000000000001,9.916540073118922,9.96345992688108,30
Temporary drop + recovery,34,network_density,0.05608938547486029,0.05604046190168853,0.05613830904803205,30
Temporary drop + recovery,34,ai_reliability,0.8599999999999999,0.8599999999999999,0.8599999999999999,30
Temporary drop + recovery,35,human_interaction_rate,0.565925925925926,0.5522656903878291,0.579586161464023,30
Temporary drop + recovery,35,ai_use_rate,0.6927777777777778,0.6796559270442281,0.7058996285113276,30
Temporary drop + recovery,35,mean_quality,0.5400374410066535,0.5364475735624097,0.5436273084508974,30
Temporary drop + recovery,35,mean_knowledge,0.5601517785548289,0.5567428234047628,0.563560733704895,30
Temporary drop + recovery,35,knowledge_rank_corr_with_initial,0.9984771874351449,0.9983992351310285,0.9985551397392614,30
Temporary drop + recovery,35,mean_ai_trust,0.6347986930728999,0.6341569834333349,0.6354404027124649,30
Temporary drop + recovery,35,mean_peer_trust,0.5097065369288126,0.5089255797645514,0.5104874940930738,30
Temporary drop + recovery,35,mean_tie_strength,0.5172605673472087,0.5160486538076653,0.5184724808867521,30
Temporary drop + recovery,35,recent_active_tie_fraction,0.8934676622189587,0.8895123314355439,0.8974229930023735,30
Temporary drop + recovery,35,mean_unique_peer_partners,9.966296296296296,9.94304264339235,9.989549949200242,30
Temporary drop + recovery,35,network_density,0.056095592799503366,0.056046085773985316,0.056145099825021416,30
Temporary drop + recovery,35,ai_reliability,0.8599999999999999,0.8599999999999999,0.8599999999999999,30
Temporary drop + recovery,36,human_interaction_rate,0.5700000000000001,0.5559555378066962,0.584044462193304,30
Temporary drop + recovery,36,ai_use_rate,0.7011111111111111,0.6886713953168581,0.7135508269053642,30
Temporary drop + recovery,36,mean_quality,0.539439499971196,0.5363150954627642,0.5425639044796278,30
Temporary drop + recovery,36,mean_knowledge,0.5612838956890098,0.5578792905822706,0.5646885007957491,30
Temporary drop + recovery,36,knowledge_rank_corr_with_initial,0.9983990165534834,0.9983207037867936,0.9984773293201732,30
Temporary drop + recovery,36,mean_ai_trust,0.6354873367237691,0.6348590778346065,0.6361155956129317,30
Temporary drop + recovery,36,mean_peer_trust,0.5100790500640869,0.5092917097036167,0.5108663904245572,30
Temporary drop + recovery,36,mean_tie_strength,0.5163564225037892,0.5151464897998934,0.517566355207685,30
Temporary drop + recovery,36,recent_active_tie_fraction,0.8935125010113959,0.889997115563825,0.8970278864589668,30
Temporary drop + recovery,36,mean_unique_peer_partners,9.99111111111111,9.968612094385646,10.013610127836573,30
Temporary drop + recovery,36,network_density,0.05609973101593209,0.056050775897478075,0.0561486861343861,30
Temporary drop + recovery,36,ai_reliability,0.8599999999999999,0.8599999999999999,0.8599999999999999,30
Temporary drop + recovery,37,human_interaction_rate,0.5596296296296297,0.548519047650012,0.5707402116092474,30
Temporary drop + recovery,37,ai_use_rate,0.6957407407407405,0.6815273562852638,0.7099541251962173,30
Temporary drop + recovery,37,mean_quality,0.5423767469770628,0.5392096232999827,0.545543870654143,30
Temporary drop + recovery,37,mean_knowledge,0.5624166781418699,0.559021109500291,0.5658122467834488,30
Temporary drop + recovery,37,knowledge_rank_corr_with_initial,0.9983278074007679,0.9982434309436733,0.9984121838578625,30
Temporary drop + recovery,37,mean_ai_trust,0.6362078878908601,0.6355432650372864,0.6368725107444339,30
Temporary drop + recovery,37,mean_peer_trust,0.5104427993297577,0.5096359466169864,0.5112496520425289,30
Temporary drop + recovery,37,mean_tie_strength,0.515466958284378,0.5142600216772161,0.51667389489154,30
Temporary drop + recovery,37,recent_active_tie_fraction,0.8923719927486898,0.8888556275500211,0.8958883579473585,30
Temporary drop + recovery,37,mean_unique_peer_partners,10.01037037037037,9.988499224413678,10.032241516327064,30
Temporary drop + recovery,37,network_density,0.05609973101593209,0.056050775897478075,0.0561486861343861,30
Temporary drop + recovery,37,ai_reliability,0.8599999999999999,0.8599999999999999,0.8599999999999999,30
Temporary drop + recovery,38,human_interaction_rate,0.5646296296296297,0.5494391848998731,0.5798200743593863,30
Temporary drop + recovery,38,ai_use_rate,0.6961111111111111,0.6837942759998864,0.7084279462223358,30
Temporary drop + recovery,38,mean_quality,0.5420772477681499,0.5387668794747376,0.5453876160615623,30
Temporary drop + recovery,38,mean_knowledge,0.5635460356604416,0.5601557088248069,0.5669363624960763,30
Temporary drop + recovery,38,knowledge_rank_corr_with_initial,0.9982424422153695,0.9981542186541117,0.9983306657766273,30
Temporary drop + recovery,38,mean_ai_trust,0.6366570418183088,0.6359547646289977,0.63735931900762,30
Temporary drop + recovery,38,mean_peer_trust,0.5108071843783061,0.5099788935911568,0.5116354751654554,30
Temporary drop + recovery,38,mean_tie_strength,0.5145638684431711,0.513357572016422,0.5157701648699203,30
Temporary drop + recovery,38,recent_active_tie_fraction,0.8930889322449812,0.889697532376202,0.8964803321137604,30
Temporary drop + recovery,38,mean_unique_peer_partners,10.031851851851851,10.012894177363487,10.050809526340215,30
Temporary drop + recovery,38,network_density,0.056105938340575166,0.05605621350922979,0.05615566317192054,30
Temporary drop + recovery,38,ai_reliability,0.8599999999999999,0.8599999999999999,0.8599999999999999,30
Temporary drop + recovery,39,human_interaction_rate,0.5633333333333332,0.5508912319381772,0.5757754347284892,30
Temporary drop + recovery,39,ai_use_rate,0.692037037037037,0.6788865680052019,0.7051875060688721,30
Temporary drop + recovery,39,mean_quality,0.5424917464264462,0.5392055875423468,0.5457779053105455,30
Temporary drop + recovery,39,mean_knowledge,0.5646744010220236,0.5612926603392807,0.5680561417047665,30
Temporary drop + recovery,39,knowledge_rank_corr_with_initial,0.9981574869244283,0.9980638421845298,0.9982511316643268,30
Temporary drop + recovery,39,mean_ai_trust,0.6372039889653986,0.6365466979501259,0.6378612799806714,30
Temporary drop + recovery,39,mean_peer_trust,0.5111909091472626,0.5103479986273979,0.5120338196671274,30
Temporary drop + recovery,39,mean_tie_strength,0.5136684874693552,0.5124605463629639,0.5148764285757466,30
Temporary drop + recovery,39,recent_active_tie_fraction,0.8921372896332463,0.8892688350065748,0.8950057442599179,30
Temporary drop + recovery,39,mean_unique_peer_partners,10.047407407407405,10.027736729388987,10.067078085425823,30
Temporary drop + recovery,39,network_density,0.056110076557003875,0.05605917348133081,0.05616097963267694,30
Temporary drop + recovery,39,ai_reliability,0.8599999999999999,0.8599999999999999,0.8599999999999999,30
Temporary drop + recovery,40,human_interaction_rate,0.5574074074074075,0.5431872382291859,0.571627576585629,30
Temporary drop + recovery,40,ai_use_rate,0.7020370370370372,0.6868368264623259,0.7172372476117486,30
Temporary drop + recovery,40,mean_quality,0.5433084155926248,0.5403488406474022,0.5462679905378474,30
Temporary drop + recovery,40,mean_knowledge,0.565798637217155,0.5624258418794417,0.5691714325548682,30
Temporary drop + recovery,40,knowledge_rank_corr_with_initial,0.9980809939812832,0.9979829283938382,0.9981790595687283,30
Temporary drop + recovery,40,mean_ai_trust,0.6376267970048083,0.6370354161300206,0.638218177879596,30
Temporary drop + recovery,40,mean_peer_trust,0.511570143699646,0.5107103882791683,0.5124298991201238,30
Temporary drop + recovery,40,mean_tie_strength,0.5127458413441975,0.5115321264359166,0.5139595562524785,30
Temporary drop + recovery,40,recent_active_tie_fraction,0.890941215386757,0.888160086051263,0.893722344722251,30
Temporary drop + recovery,40,mean_unique_peer_partners,10.062962962962962,10.043553532703708,10.082372393222215,30
Temporary drop + recovery,40,network_density,0.05612249120629003,0.056066460118325515,0.056178522294254546,30
Temporary drop + recovery,40,ai_reliability,0.8599999999999999,0.8599999999999999,0.8599999999999999,30
Temporary drop + recovery,41,human_interaction_rate,0.5601851851851851,0.5485507033488091,0.5718196670215612,30
Temporary drop + recovery,41,ai_use_rate,0.6914814814814816,0.6782853897498459,0.7046775732131173,30
Temporary drop + recovery,41,mean_quality,0.5446256726079234,0.5404096305557735,0.5488417146600733,30
Temporary drop + recovery,41,mean_knowledge,0.5669192346747952,0.5635493806028974,0.570289088746693,30
Temporary drop + recovery,41,knowledge_rank_corr_with_initial,0.997998861485508,0.9978968379313236,0.9981008850396924,30
Temporary drop + recovery,41,mean_ai_trust,0.6381376294162692,0.6375192336694697,0.6387560251630686,30
Temporary drop + recovery,41,mean_peer_trust,0.5119775036970774,0.5110974982829855,0.5128575091111693,30
Temporary drop + recovery,41,mean_tie_strength,0.5118600189685821,0.5106469770947798,0.5130730608423845,30
Temporary drop + recovery,41,recent_active_tie_fraction,0.89297398302096,0.8901227024797878,0.8958252635621322,30
Temporary drop + recovery,41,mean_unique_peer_partners,10.07925925925926,10.059837600018266,10.098680918500254,30
Temporary drop + recovery,41,network_density,0.05612456031450439,0.05606841362462425,0.05618070700438453,30
Temporary drop + recovery,41,ai_reliability,0.8599999999999999,0.8599999999999999,0.8599999999999999,30
Temporary drop + recovery,42,human_interaction_rate,0.569814814814815,0.5575398177201455,0.5820898119094845,30
Temporary drop + recovery,42,ai_use_rate,0.6975925925925925,0.6831000552292076,0.7120851299559775,30
Temporary drop + recovery,42,mean_quality,0.5453882188415086,0.5431416159838869,0.5476348216991302,30
Temporary drop + recovery,42,mean_knowledge,0.5680398615328976,0.5646800170497315,0.5713997060160638,30
Temporary drop + recovery,42,knowledge_rank_corr_with_initial,0.9979107827547294,0.9978057537551343,0.9980158117543246,30
Temporary drop + recovery,42,mean_ai_trust,0.6386469777058639,0.6380359703908985,0.6392579850208292,30
Temporary drop + recovery,42,mean_peer_trust,0.5123932798703511,0.5114930529169511,0.5132935068237511,30
Temporary drop + recovery,42,mean_tie_strength,0.5109700441360474,0.5097586055758585,0.5121814826962363,30
Temporary drop + recovery,42,recent_active_tie_fraction,0.8929442468557431,0.8897270733849364,0.8961614203265499,30
Temporary drop + recovery,42,mean_unique_peer_partners,10.093333333333334,10.07313658201205,10.113530084654617,30
Temporary drop + recovery,42,network_density,0.056128698530933115,0.056071376322516756,0.056186020739349474,30
Temporary drop + recovery,42,ai_reliability,0.8599999999999999,0.8599999999999999,0.8599999999999999,30
Temporary drop + recovery,43,human_interaction_rate,0.5585185185185185,0.5444093997323282,0.5726276373047089,30
Temporary drop + recovery,43,ai_use_rate,0.702037037037037,0.6867492145836744,0.7173248594903996,30
Temporary drop + recovery,43,mean_quality,0.5456202643403357,0.5429893947943715,0.5482511338863,30
Temporary drop + recovery,43,mean_knowledge,0.5691474154208201,0.5657999320085418,0.5724948988330985,30
Temporary drop + recovery,43,knowledge_rank_corr_with_initial,0.9978223289579848,0.9977137573106982,0.9979309006052715,30
Temporary drop + recovery,43,mean_ai_trust,0.6389007133853754,0.6382596769489237,0.639541749821827,30
Temporary drop + recovery,43,mean_peer_trust,0.5127956966559092,0.5118782871503934,0.513713106161425,30
Temporary drop + recovery,43,mean_tie_strength,0.5100895980993907,0.5088803693041986,0.5112988268945828,30
Temporary drop + recovery,43,recent_active_tie_fraction,0.8932374025933127,0.8899874018292094,0.8964874033574161,30
Temporary drop + recovery,43,mean_unique_peer_partners,10.106296296296296,10.08696807846706,10.125624514125533,30
Temporary drop + recovery,43,network_density,0.056128698530933115,0.056071376322516756,0.056186020739349474,30
Temporary drop + recovery,43,ai_reliability,0.8599999999999999,0.8599999999999999,0.8599999999999999,30
Temporary drop + recovery,44,human_interaction_rate,0.565925925925926,0.5513308451440926,0.5805210067077595,30
Temporary drop + recovery,44,ai_use_rate,0.7037037037037035,0.6922848627846024,0.7151225446228046,30
Temporary drop + recovery,44,mean_quality,0.5475919485923733,0.5446804332719561,0.5505034639127904,30
Temporary drop + recovery,44,mean_knowledge,0.5702718680691333,0.566930199951056,0.5736135361872107,30
Temporary drop + recovery,44,knowledge_rank_corr_with_initial,0.9977191046860601,0.9976036687100723,0.9978345406620478,30
Temporary drop + recovery,44,mean_ai_trust,0.639460979545517,0.6387316424584769,0.640190316632557,30
Temporary drop + recovery,44,mean_peer_trust,0.5132141371568044,0.5122830985508857,0.5141451757627231,30
Temporary drop + recovery,44,mean_tie_strength,0.5091994384924571,0.5079966527142864,0.5104022242706278,30
Temporary drop + recovery,44,recent_active_tie_fraction,0.8921048381827494,0.8885826758295543,0.8956270005359446,30
Temporary drop + recovery,44,mean_unique_peer_partners,10.117777777777778,10.097639892076655,10.137915663478902,30
Temporary drop + recovery,44,network_density,0.05613283674736183,0.05607666806504455,0.05618900542967911,30
Temporary drop + recovery,44,ai_reliability,0.8599999999999999,0.8599999999999999,0.8599999999999999,30
Temporary drop + recovery,45,human_interaction_rate,0.5679629629629629,0.5538754219232395,0.5820505040026863,30
Temporary drop + recovery,45,ai_use_rate,0.6922222222222222,0.67920882074189,0.7052356237025543,30
Temporary drop + recovery,45,mean_quality,0.5461426036362061,0.5427772156688984,0.5495079916035139,30
Temporary drop + recovery,45,mean_knowledge,0.5713815600843544,0.5680458033332998,0.5747173168354089,30
Temporary drop + recovery,45,knowledge_rank_corr_with_initial,0.9976232195786442,0.997502714205085,0.9977437249522034,30
Temporary drop + recovery,45,mean_ai_trust,0.6396056753316697,0.6389705210595282,0.6402408296038111,30
Temporary drop + recovery,45,mean_peer_trust,0.5136438270409902,0.512693859939662,0.5145937941423184,30
Temporary drop + recovery,45,mean_tie_strength,0.5083081364631653,0.5071164298726059,0.5094998430537248,30
Temporary drop + recovery,45,recent_active_tie_fraction,0.8923037070372799,0.8888740446674176,0.8957333694071422,30
Temporary drop + recovery,45,mean_unique_peer_partners,10.13037037037037,10.110519462482547,10.150221278258194,30
Temporary drop + recovery,45,network_density,0.05613904407200491,0.05608372282854407,0.05619436531546575,30
Temporary drop + recovery,45,ai_reliability,0.8599999999999999,0.8599999999999999,0.8599999999999999,30
Temporary drop + recovery,46,human_interaction_rate,0.5631481481481481,0.5482138567365797,0.5780824395597164,30
Temporary drop + recovery,46,ai_use_rate,0.6931481481481481,0.6801794863469883,0.7061168099493078,30
Temporary drop + recovery,46,mean_quality,0.5472755998856791,0.5442231005169641,0.5503280992543941,30
Temporary drop + recovery,46,mean_knowledge,0.5724861602900346,0.5691584118446283,0.5758139087354409,30
Temporary drop + recovery,46,knowledge_rank_corr_with_initial,0.9975299159182024,0.9974069772966389,0.9976528545397659,30
Temporary drop + recovery,46,mean_ai_trust,0.6398335758561462,0.6392221240612236,0.6404450276510688,30
Temporary drop + recovery,46,mean_peer_trust,0.5140569070974986,0.5130924404323992,0.515021373762598,30
Temporary drop + recovery,46,mean_tie_strength,0.507405016819636,0.5062113222864364,0.5085987113528356,30
Temporary drop + recovery,46,recent_active_tie_fraction,0.8896344777337009,0.8861425652377407,0.893126390229661,30
Temporary drop + recovery,46,mean_unique_peer_partners,10.141851851851849,10.122492947798015,10.161210755905682,30
Temporary drop + recovery,46,network_density,0.0561493896130767,0.0560907889227775,0.0562079903033759,30
Temporary drop + recovery,46,ai_reliability,0.8599999999999999,0.8599999999999999,0.8599999999999999,30
Temporary drop + recovery,47,human_interaction_rate,0.5688888888888889,0.5544690631722224,0.5833087146055553,30
Temporary drop + recovery,47,ai_use_rate,0.6979629629629628,0.6832488992634065,0.7126770266625191,30
Temporary drop + recovery,47,mean_quality,0.5499356100159456,0.5472046131199317,0.5526666069119595,30
Temporary drop + recovery,47,mean_knowledge,0.5735963658388397,0.5702810517010634,0.576911679976616,30
Temporary drop + recovery,47,knowledge_rank_corr_with_initial,0.9974339192120293,0.9973031421855751,0.9975646962384834,30
Temporary drop + recovery,47,mean_ai_trust,0.640252445582337,0.639657787081764,0.6408471040829099,30
Temporary drop + recovery,47,mean_peer_trust,0.5144904712835948,0.5135189201418967,0.5154620224252929,30
Temporary drop + recovery,47,mean_tie_strength,0.5065056463082631,0.5053136647685142,0.507697627848012,30
Temporary drop + recovery,47,recent_active_tie_fraction,0.887589025953836,0.884304376161929,0.890873675745743,30
Temporary drop + recovery,47,mean_unique_peer_partners,10.148888888888887,10.12913790566609,10.168639872111685,30
Temporary drop + recovery,47,network_density,0.0561597351541485,0.05609797904472652,0.05622149126357048,30
Temporary drop + recovery,47,ai_reliability,0.8599999999999999,0.8599999999999999,0.8599999999999999,30
Temporary drop + recovery,48,human_interaction_rate,0.5744444444444444,0.561204941937031,0.5876839469518579,30
Temporary drop + recovery,48,ai_use_rate,0.6849999999999998,0.6734157955854367,0.6965842044145629,30
Temporary drop + recovery,48,mean_quality,0.5502587780190294,0.5480583413964688,0.5524592146415901,30
Temporary drop + recovery,48,mean_knowledge,0.5746975410420295,0.5713931003996024,0.5780019816844566,30
Temporary drop + recovery,48,knowledge_rank_corr_with_initial,0.9973445591719755,0.9972079870344464,0.9974811313095047,30
Temporary drop + recovery,48,mean_ai_trust,0.6405143354148273,0.6399441051781471,0.6410845656515074,30
Temporary drop + recovery,48,mean_peer_trust,0.5149144609769185,0.5139241757746066,0.5159047461792304,30
Temporary drop + recovery,48,mean_tie_strength,0.5056345989306767,0.5044432075623707,0.5068259902989828,30
Temporary drop + recovery,48,recent_active_tie_fraction,0.8885106954059505,0.8851226966583198,0.8918986941535813,30
Temporary drop + recovery,48,mean_unique_peer_partners,10.158518518518518,10.137562118804048,10.179474918232987,30
Temporary drop + recovery,48,network_density,0.05616180426236286,0.05609982357545533,0.0562237849492704,30
Temporary drop + recovery,48,ai_reliability,0.8599999999999999,0.8599999999999999,0.8599999999999999,30
Temporary drop + recovery,49,human_interaction_rate,0.5712962962962964,0.5584148918052569,0.5841777007873359,30
Temporary drop + recovery,49,ai_use_rate,0.6862962962962963,0.6745267599563733,0.6980658326362192,30
Temporary drop + recovery,49,mean_quality,0.5500378341337251,0.546397454815871,0.5536782134515792,30
Temporary drop + recovery,49,mean_knowledge,0.5757844975699482,0.5724871048252393,0.5790818903146571,30
Temporary drop + recovery,49,knowledge_rank_corr_with_initial,0.9972471481064159,0.997104837678644,0.9973894585341878,30
Temporary drop + recovery,49,mean_ai_trust,0.6406859049196179,0.6401229121946109,0.6412488976446248,30
Temporary drop + recovery,49,mean_peer_trust,0.5153594831625621,0.5143532052102895,0.5163657611148347,30
Temporary drop + recovery,49,mean_tie_strength,0.5047555834054946,0.5035676547706546,0.5059435120403347,30
Temporary drop + recovery,49,recent_active_tie_fraction,0.8898838424283918,0.8856801572436437,0.8940875276131399,30
Temporary drop + recovery,49,mean_unique_peer_partners,10.167407407407408,10.148951073346403,10.185863741468413,30
Temporary drop + recovery,49,network_density,0.056165942478791586,0.056103544743147056,0.056228340214436116,30
Temporary drop + recovery,49,ai_reliability,0.8599999999999999,0.8599999999999999,0.8599999999999999,30
Temporary drop + recovery,50,human_interaction_rate,0.5750000000000001,0.5631548459389275,0.5868451540610726,30
Temporary drop + recovery,50,ai_use_rate,0.6840740740740742,0.671956643751004,0.6961915043971444,30
Temporary drop + recovery,50,mean_quality,0.5499037707254046,0.5468364021907863,0.552971139260023,30
Temporary drop + recovery,50,mean_knowledge,0.576870224848628,0.5735783463137291,0.580162103383527,30
Temporary drop + recovery,50,knowledge_rank_corr_with_initial,0.9971502376846005,0.9970037198824433,0.9972967554867578,30
Temporary drop + recovery,50,mean_ai_trust,0.6408324863124621,0.640287963045516,0.6413770095794082,30
Temporary drop + recovery,50,mean_peer_trust,0.5158094108104706,0.5147872363460612,0.51683158527488,30
Temporary drop + recovery,50,mean_tie_strength,0.5038743754227956,0.5026874786249974,0.5050612722205937,30
Temporary drop + recovery,50,recent_active_tie_fraction,0.8891218329525074,0.8851827860495722,0.8930608798554425,30
Temporary drop + recovery,50,mean_unique_peer_partners,10.175925925925926,10.158320581943501,10.19353126990835,30
Temporary drop + recovery,50,network_density,0.05617214980343467,0.05610775043205559,0.05623654917481375,30
Temporary drop + recovery,50,ai_reliability,0.8599999999999999,0.8599999999999999,0.8599999999999999,30
Temporary drop + recovery,51,human_interaction_rate,0.5687037037037038,0.5556688437737333,0.5817385636336744,30
Temporary drop + recovery,51,ai_use_rate,0.6803703703703704,0.6686640458610339,0.6920766948797069,30
Temporary drop + recovery,51,mean_quality,0.5517189242169229,0.5487948851511323,0.5546429632827136,30
Temporary drop + recovery,51,mean_knowledge,0.5779473584962685,0.5746655191393832,0.5812291978531539,30
Temporary drop + recovery,51,knowledge_rank_corr_with_initial,0.9970451979108101,0.9968905807188978,0.9971998151027225,30
Temporary drop + recovery,51,mean_ai_trust,0.6409121336226573,0.6404132951499769,0.6414109720953377,30
Temporary drop + recovery,51,mean_peer_trust,0.516267196337382,0.5152319254193141,0.51730246725545,30
Temporary drop + recovery,51,mean_tie_strength,0.5029997696479162,0.5018109664274151,0.5041885728684172,30
Temporary drop + recovery,51,recent_active_tie_fraction,0.8890579298365171,0.8852576557699814,0.8928582039030528,30
Temporary drop + recovery,51,mean_unique_peer_partners,10.187407407407408,10.16984763894568,10.204967175869136,30
Temporary drop + recovery,51,network_density,0.05617628801986339,0.05611072923365896,0.056241846806067815,30
Temporary drop + recovery,51,ai_reliability,0.8599999999999999,0.8599999999999999,0.8599999999999999,30
Temporary drop + recovery,52,human_interaction_rate,0.5742592592592592,0.5584559621834786,0.5900625563350399,30
Temporary drop + recovery,52,ai_use_rate,0.6987037037037037,0.6855871315724672,0.7118202758349402,30
Temporary drop + recovery,52,mean_quality,0.5503691060377893,0.5470026953616224,0.5537355167139563,30
Temporary drop + recovery,52,mean_knowledge,0.5790214917410916,0.5757456872092526,0.5822972962729307,30
Temporary drop + recovery,52,knowledge_rank_corr_with_initial,0.9969507205658773,0.9967932744374151,0.9971081666943395,30
Temporary drop + recovery,52,mean_ai_trust,0.6408347579414779,0.6402714260309138,0.641398089852042,30
Temporary drop + recovery,52,mean_peer_trust,0.5167191604773204,0.5156708849468477,0.5177674360077931,30
Temporary drop + recovery,52,mean_tie_strength,0.5021197915077209,0.500932024793775,0.5033075582216668,30
Temporary drop + recovery,52,recent_active_tie_fraction,0.888222325735745,0.8844802504647402,0.8919644010067498,30
Temporary drop + recovery,52,mean_unique_peer_partners,10.195925925925927,10.178819915994985,10.213031935856868,30
Temporary drop + recovery,52,network_density,0.056182495344506464,0.05611797622262161,0.05624701446639132,30
Temporary drop + recovery,52,ai_reliability,0.8599999999999999,0.8599999999999999,0.8599999999999999,30
Temporary drop + recovery,53,human_interaction_rate,0.5614814814814815,0.5498489130188934,0.5731140499440696,30
Temporary drop + recovery,53,ai_use_rate,0.7003703703703703,0.6894892125894339,0.7112515281513068,30
Temporary drop + recovery,53,mean_quality,0.5514849146338034,0.5484660533269595,0.5545037759406474,30
Temporary drop + recovery,53,mean_knowledge,0.5801017423545355,0.576833248014399,0.583370236694672,30
Temporary drop + recovery,53,knowledge_rank_corr_with_initial,0.9968503942203795,0.9966834033685571,0.9970173850722018,30
Temporary drop + recovery,53,mean_ai_trust,0.6409650015475533,0.6404138953132681,0.6415161077818385,30
Temporary drop + recovery,53,mean_peer_trust,0.5171774586041769,0.5161131133649973,0.5182418038433564,30
Temporary drop + recovery,53,mean_tie_strength,0.5012413630882899,0.50005758432567,0.5024251418509098,30
Temporary drop + recovery,53,recent_active_tie_fraction,0.8872405141142052,0.8834642983486551,0.8910167298797553,30
Temporary drop + recovery,53,mean_unique_peer_partners,10.20111111111111,10.183463111935371,10.21875911028685,30
Temporary drop + recovery,53,network_density,0.05618870266914954,0.05612503622853123,0.05625236910976785,30
Temporary drop + recovery,53,ai_reliability,0.8599999999999999,0.8599999999999999,0.8599999999999999,30
Temporary drop + recovery,54,human_interaction_rate,0.5627777777777779,0.547157078363377,0.5783984771921789,30
Temporary drop + recovery,54,ai_use_rate,0.6837037037037035,0.6709281430800897,0.6964792643273172,30
Temporary drop + recovery,54,mean_quality,0.5520460109927552,0.5477519918481624,0.556340030137348,30
Temporary drop + recovery,54,mean_knowledge,0.5811637782262917,0.5779010132660247,0.5844265431865587,30
Temporary drop + recovery,54,knowledge_rank_corr_with_initial,0.9967542668669565,0.9965790268908954,0.9969295068430175,30
Temporary drop + recovery,54,mean_ai_trust,0.6410323786665479,0.6405490632875167,0.6415156940455792,30
Temporary drop + recovery,54,mean_peer_trust,0.5176356176535288,0.5165544459896558,0.5187167893174018,30
Temporary drop + recovery,54,mean_tie_strength,0.5003722995519638,0.4991921697414745,0.5015524293624531,30
Temporary drop + recovery,54,recent_active_tie_fraction,0.8872509845336892,0.8832641097486609,0.8912378593187176,30
Temporary drop + recovery,54,mean_unique_peer_partners,10.208148148148148,10.190957333102036,10.22533896319426,30
Temporary drop + recovery,54,network_density,0.05619284088557826,0.056130785520118104,0.05625489625103841,30
Temporary drop + recovery,54,ai_reliability,0.8599999999999999,0.8599999999999999,0.8599999999999999,30
Temporary drop + recovery,55,human_interaction_rate,0.5718518518518518,0.5593700575676449,0.5843336461360588,30
Temporary drop + recovery,55,ai_use_rate,0.679074074074074,0.6678076496433969,0.6903404985047512,30
Temporary drop + recovery,55,mean_quality,0.5530997938733684,0.5501158657213163,0.5560837220254204,30
Temporary drop + recovery,55,mean_knowledge,0.5822185571381521,0.578962898617291,0.5854742156590131,30
Temporary drop + recovery,55,knowledge_rank_corr_with_initial,0.996655619575869,0.9964757360116906,0.9968355031400474,30
Temporary drop + recovery,55,mean_ai_trust,0.6411793900604211,0.6407075521129988,0.6416512280078435,30
Temporary drop + recovery,55,mean_peer_trust,0.5180912812550863,0.5169979283180802,0.5191846341920924,30
Temporary drop + recovery,55,mean_tie_strength,0.4995055307944616,0.49832793679088583,0.5006831247980373,30
Temporary drop + recovery,55,recent_active_tie_fraction,0.8874080044321598,0.8831505008181882,0.8916655080461314,30
Temporary drop + recovery,55,mean_unique_peer_partners,10.213703703703704,10.195910552146948,10.23149685526046,30
Temporary drop + recovery,55,network_density,0.05619697910200698,0.056135403244302294,0.05625855495971167,30
Temporary drop + recovery,55,ai_reliability,0.8599999999999999,0.8599999999999999,0.8599999999999999,30
Temporary drop + recovery,56,human_interaction_rate,0.5698148148148149,0.552555509908462,0.5870741197211677,30
Temporary drop + recovery,56,ai_use_rate,0.6885185185185186,0.6741467979638058,0.7028902390732314,30
Temporary drop + recovery,56,mean_quality,0.5550976072829167,0.551759893552689,0.5584353210131444,30
Temporary drop + recovery,56,mean_knowledge,0.5832825103857626,0.5800321197007102,0.586532901070815,30
Temporary drop + recovery,56,knowledge_rank_corr_with_initial,0.9965561336702748,0.996368642385684,0.9967436249548657,30
Temporary drop + recovery,56,mean_ai_trust,0.6410244809716629,0.6405351070280453,0.6415138549152805,30
Temporary drop + recovery,56,mean_peer_trust,0.5185596168041229,0.5174478115159231,0.5196714220923226,30
Temporary drop + recovery,56,mean_tie_strength,0.4986422737439474,0.49746840232331346,0.4998161451645813,30
Temporary drop + recovery,56,recent_active_tie_fraction,0.8868619033965391,0.8821633747525749,0.8915604320405034,30
Temporary drop + recovery,56,mean_unique_peer_partners,10.220370370370368,10.202968497871327,10.23777224286941,30
Temporary drop + recovery,56,network_density,0.056201117318435696,0.056138270903001435,0.05626396373386996,30
Temporary drop + recovery,56,ai_reliability,0.8599999999999999,0.8599999999999999,0.8599999999999999,30
Temporary drop + recovery,57,human_interaction_rate,0.5727777777777778,0.5560009722957963,0.5895545832597594,30
Temporary drop + recovery,57,ai_use_rate,0.6818518518518519,0.6700294787629404,0.6936742249407635,30
Temporary drop + recovery,57,mean_quality,0.5539704279001456,0.5504735462420853,0.5574673095582059,30
Temporary drop + recovery,57,mean_knowledge,0.5843518849462686,0.5811081547402028,0.5875956151523343,30
Temporary drop + recovery,57,knowledge_rank_corr_with_initial,0.9964346435658112,0.9962390636075692,0.9966302235240533,30
Temporary drop + recovery,57,mean_ai_trust,0.6411675327751374,0.6406346156639813,0.6417004498862935,30
Temporary drop + recovery,57,mean_peer_trust,0.5190402567386627,0.5179129104740492,0.5201676030032762,30
Temporary drop + recovery,57,mean_tie_strength,0.49776920477549236,0.49659709401465996,0.49894131553632476,30
Temporary drop + recovery,57,recent_active_tie_fraction,0.8866998861019318,0.8823610130293013,0.8910387591745624,30
Temporary drop + recovery,57,mean_unique_peer_partners,10.228518518518516,10.211685345483973,10.24535169155306,30
Temporary drop + recovery,57,network_density,0.05620939375129315,0.05614419388348584,0.056274593619100456,30
Temporary drop + recovery,57,ai_reliability,0.8599999999999999,0.8599999999999999,0.8599999999999999,30
Temporary drop + recovery,58,human_interaction_rate,0.5785185185185184,0.5660153424690798,0.5910216945679571,30
Temporary drop + recovery,58,ai_use_rate,0.6816666666666665,0.6682318946681823,0.6951014386651507,30
Temporary drop + recovery,58,mean_quality,0.5559806882638166,0.5529710650834965,0.5589903114441368,30
Temporary drop + recovery,58,mean_knowledge,0.5854229925471426,0.5821841147993819,0.5886618702949032,30
Temporary drop + recovery,58,knowledge_rank_corr_with_initial,0.9963151259233347,0.996113126678227,0.9965171251684424,30
Temporary drop + recovery,58,mean_ai_trust,0.6414471438274654,0.6409147918912157,0.641979495763715,30
Temporary drop + recovery,58,mean_peer_trust,0.5195166250069936,0.5183750518112029,0.5206581982027843,30
Temporary drop + recovery,58,mean_tie_strength,0.4969040165344874,0.4957287386675985,0.4980792944013763,30
Temporary drop + recovery,58,recent_active_tie_fraction,0.8876696274309247,0.883938750305434,0.8914005045564154,30
Temporary drop + recovery,58,mean_unique_peer_partners,10.235925925925926,10.219413165435597,10.252438686416255,30
Temporary drop + recovery,58,network_density,0.05621560107593623,0.05614878739531656,0.056282414756555904,30
Temporary drop + recovery,58,ai_reliability,0.8599999999999999,0.8599999999999999,0.8599999999999999,30
Temporary drop + recovery,59,human_interaction_rate,0.5614814814814816,0.5481489018282938,0.5748140611346694,30
Temporary drop + recovery,59,ai_use_rate,0.6925925925925925,0.6778800417603802,0.7073051434248049,30
Temporary drop + recovery,59,mean_quality,0.5545807496795601,0.5518904822869155,0.5572710170722046,30
Temporary drop + recovery,59,mean_knowledge,0.586476355315279,0.5832445034419359,0.589708207188622,30
Temporary drop + recovery,59,knowledge_rank_corr_with_initial,0.9962062728989879,0.9959981049242997,0.996414440873676,30
Temporary drop + recovery,59,mean_ai_trust,0.6413675998914673,0.6408218060979625,0.6419133936849721,30
Temporary drop + recovery,59,mean_peer_trust,0.5199850777784983,0.5188298198122999,0.5211403357446968,30
Temporary drop + recovery,59,mean_tie_strength,0.4960292826096217,0.4948572643623982,0.4972013008568452,30
Temporary drop + recovery,59,recent_active_tie_fraction,0.8871674725286799,0.8828627035512826,0.8914722415060772,30
Temporary drop + recovery,59,mean_unique_peer_partners,10.241851851851854,10.225267353594951,10.258436350108756,30
Temporary drop + recovery,59,network_density,0.056223877508793665,0.0561584082677184,0.05628934674986893,30
Temporary drop + recovery,59,ai_reliability,0.8599999999999999,0.8599999999999999,0.8599999999999999,30
Temporary drop + recovery,60,human_interaction_rate,0.5709259259259258,0.5589198372929406,0.5829320145589111,30
Temporary drop + recovery,60,ai_use_rate,0.680185185185185,0.6675409747734921,0.692829395596878,30
Temporary drop + recovery,60,mean_quality,0.5558307825798702,0.5531806293133584,0.5584809358463819,30
Temporary drop + recovery,60,mean_knowledge,0.587518187890103,0.5842979321284472,0.5907384436517589,30
Temporary drop + recovery,60,knowledge_rank_corr_with_initial,0.9960938449437523,0.9958787367880519,0.9963089530994527,30
Temporary drop + recovery,60,mean_ai_trust,0.6414420442005858,0.6409258615930571,0.6419582268081145,30
Temporary drop + recovery,60,mean_peer_trust,0.5204675356547038,0.5193028335394348,0.5216322377699728,30
Temporary drop + recovery,60,mean_tie_strength,0.49515878756841025,0.49398327010974574,0.49633430502707476,30
Temporary drop + recovery,60,recent_active_tie_fraction,0.8891378629156352,0.8851087735349483,0.8931669522963221,30
Temporary drop + recovery,60,mean_unique_peer_partners,10.246666666666666,10.230308602915667,10.263024730417666,30
Temporary drop + recovery,60,network_density,0.056232153941651104,0.05616482467310223,0.05629948321019998,30
Temporary drop + recovery,60,ai_reliability,0.8599999999999999,0.8599999999999999,0.8599999999999999,30
Temporary drop + recovery,61,human_interaction_rate,0.56,0.5453879832418245,0.5746120167581756,30
Temporary drop + recovery,61,ai_use_rate,0.6842592592592592,0.6700939826396014,0.6984245358789171,30
Temporary drop + recovery,61,mean_quality,0.5576285579153143,0.5543576264615844,0.5608994893690442,30
Temporary drop + recovery,61,mean_knowledge,0.5885674243537002,0.5853561921674292,0.5917786565399713,30
Temporary drop + recovery,61,knowledge_rank_corr_with_initial,0.9959782792067013,0.9957548164525362,0.9962017419608665,30
Temporary drop + recovery,61,mean_ai_trust,0.6415924598915417,0.641063067858772,0.6421218519243114,30
Temporary drop + recovery,61,mean_peer_trust,0.5209528923034668,0.5197654195702196,0.5221403650367139,30
Temporary drop + recovery,61,mean_tie_strength,0.49428294897079467,0.4931140222541246,0.49545187568746474,30
Temporary drop + recovery,61,recent_active_tie_fraction,0.8883866915884465,0.8846540682053918,0.8921193149715012,30
Temporary drop + recovery,61,mean_unique_peer_partners,10.254814814814813,10.239065603612163,10.270564026017462,30
Temporary drop + recovery,61,network_density,0.056242499482722905,0.05617838842515429,0.05630661054029152,30
Temporary drop + recovery,61,ai_reliability,0.8599999999999999,0.8599999999999999,0.8599999999999999,30
Temporary drop + recovery,62,human_interaction_rate,0.5727777777777778,0.5583502358346792,0.5872053197208764,30
Temporary drop + recovery,62,ai_use_rate,0.6809259259259259,0.6673643595862687,0.6944874922655832,30
Temporary drop + recovery,62,mean_quality,0.5575197276436941,0.5544918723790978,0.5605475829082903,30
Temporary drop + recovery,62,mean_knowledge,0.5896108125718413,0.5864039016868862,0.5928177234567965,30
Temporary drop + recovery,62,knowledge_rank_corr_with_initial,0.9958524395943331,0.9956202947271852,0.9960845844614811,30
Temporary drop + recovery,62,mean_ai_trust,0.6417712054065263,0.64121011072698,0.6423323000860727,30
Temporary drop + recovery,62,mean_peer_trust,0.5214495857556661,0.5202457646732174,0.5226534068381149,30
Temporary drop + recovery,62,mean_tie_strength,0.4934230923652649,0.49225522617328793,0.49459095855724183,30
Temporary drop + recovery,62,recent_active_tie_fraction,0.8875195154633904,0.8838938548017882,0.8911451761249926,30
Temporary drop + recovery,62,mean_unique_peer_partners,10.26,10.243964438686964,10.276035561313035,30
Temporary drop + recovery,62,network_density,0.056248706807365975,0.05618200412836906,0.05631540948636289,30
Temporary drop + recovery,62,ai_reliability,0.8599999999999999,0.8599999999999999,0.8599999999999999,30
Temporary drop + recovery,63,human_interaction_rate,0.5724074074074073,0.5557983208548734,0.5890164939599412,30
Temporary drop + recovery,63,ai_use_rate,0.672962962962963,0.6596772126863718,0.6862487132395542,30
Temporary drop + recovery,63,mean_quality,0.5574628596691491,0.553944404270238,0.5609813150680601,30
Temporary drop + recovery,63,mean_knowledge,0.5906524348377428,0.58745384056652,0.5938510291089656,30
Temporary drop + recovery,63,knowledge_rank_corr_with_initial,0.9957302753150334,0.9954861734847941,0.9959743771452728,30
Temporary drop + recovery,63,mean_ai_trust,0.6417898234172168,0.6412276585210871,0.6423519883133465,30
Temporary drop + recovery,63,mean_peer_trust,0.5219462891419728,0.5207219773065058,0.5231706009774398,30
Temporary drop + recovery,63,mean_tie_strength,0.4925730933745702,0.4914067206294971,0.49373946611964337,30
Temporary drop + recovery,63,recent_active_tie_fraction,0.8876746238770011,0.8839732397404555,0.8913760080135468,30
Temporary drop + recovery,63,mean_unique_peer_partners,10.267037037037037,10.251154591457716,10.282919482616357,30
Temporary drop + recovery,63,network_density,0.056252845023794705,0.05618653231369075,0.05631915773389866,30
Temporary drop + recovery,63,ai_reliability,0.8599999999999999,0.8599999999999999,0.8599999999999999,30
Temporary drop + recovery,64,human_interaction_rate,0.5748148148148149,0.5626729163434057,0.5869567132862241,30
Temporary drop + recovery,64,ai_use_rate,0.6837037037037035,0.6712219094194966,0.6961854979879104,30
Temporary drop + recovery,64,mean_quality,0.559153423796905,0.5557911877192978,0.5625156598745122,30
Temporary drop + recovery,64,mean_knowledge,0.5916917309516168,0.5885016578986967,0.5948818040045368,30
Temporary drop + recovery,64,knowledge_rank_corr_with_initial,0.9956024629159058,0.9953550032412524,0.9958499225905593,30
Temporary drop + recovery,64,mean_ai_trust,0.6417603028773043,0.64116593164932,0.6423546741052887,30
Temporary drop + recovery,64,mean_peer_trust,0.522453264395396,0.5212100550430139,0.5236964737477781,30
Temporary drop + recovery,64,mean_tie_strength,0.4917317638794581,0.4905675014921558,0.49289602626676043,30
Temporary drop + recovery,64,recent_active_tie_fraction,0.8884833063214241,0.8846383862503674,0.8923282263924809,30
Temporary drop + recovery,64,mean_unique_peer_partners,10.270370370370369,10.254307686538613,10.286433054202124,30
Temporary drop + recovery,64,network_density,0.056252845023794705,0.05618653231369075,0.05631915773389866,30
Temporary drop + recovery,64,ai_reliability,0.8599999999999999,0.8599999999999999,0.8599999999999999,30
Temporary drop + recovery,65,human_interaction_rate,0.570925925925926,0.5569441195952639,0.584907732256588,30
Temporary drop + recovery,65,ai_use_rate,0.6914814814814814,0.6754335860682358,0.707529376894727,30
Temporary drop + recovery,65,mean_quality,0.5595651959388767,0.5556281488774472,0.5635022430003062,30
Temporary drop + recovery,65,mean_knowledge,0.5927231122358019,0.5895367181300999,0.5959095063415039,30
Temporary drop + recovery,65,knowledge_rank_corr_with_initial,0.9954847247034511,0.9952348760819396,0.9957345733249625,30
Temporary drop + recovery,65,mean_ai_trust,0.6419238840137985,0.6413258971243554,0.6425218709032416,30
Temporary drop + recovery,65,mean_peer_trust,0.5229566335678101,0.5216963889340994,0.5242168782015207,30
Temporary drop + recovery,65,mean_tie_strength,0.4908802807331085,0.48972004664879004,0.492040514817427,30
Temporary drop + recovery,65,recent_active_tie_fraction,0.888195762884969,0.8838615636276377,0.8925299621423004,30
Temporary drop + recovery,65,mean_unique_peer_partners,10.276666666666667,10.260129959009104,10.29320337432423,30
Temporary drop + recovery,65,network_density,0.05625698324022342,0.05619054028617504,0.0563234261942718,30
Temporary drop + recovery,65,ai_reliability,0.8599999999999999,0.8599999999999999,0.8599999999999999,30
Temporary drop + recovery,66,human_interaction_rate,0.5674074074074075,0.5533509753998191,0.5814638394149958,30
Temporary drop + recovery,66,ai_use_rate,0.691111111111111,0.678235275877814,0.7039869463444081,30
Temporary drop + recovery,66,mean_quality,0.5619396090592689,0.5580290140962028,0.565850204022335,30
Temporary drop + recovery,66,mean_knowledge,0.5937493560240055,0.5905696043726935,0.5969291076753175,30
Temporary drop + recovery,66,knowledge_rank_corr_with_initial,0.9953643836857448,0.9951067594503942,0.9956220079210953,30
Temporary drop + recovery,66,mean_ai_trust,0.6420043759783091,0.6413707363757949,0.6426380155808232,30
Temporary drop + recovery,66,mean_peer_trust,0.5234594186147054,0.5221866313317303,0.5247322058976804,30
Temporary drop + recovery,66,mean_tie_strength,0.4900343805551529,0.48888257342520297,0.49118618768510286,30
Temporary drop + recovery,66,recent_active_tie_fraction,0.8870965279207169,0.8828213897906111,0.8913716660508227,30
Temporary drop + recovery,66,mean_unique_peer_partners,10.280740740740743,10.264508958467992,10.296972523013494,30
Temporary drop + recovery,66,network_density,0.056259052348437776,0.05619339943614582,0.05632470526072973,30
Temporary drop + recovery,66,ai_reliability,0.8599999999999999,0.8599999999999999,0.8599999999999999,30
Temporary drop + recovery,67,human_interaction_rate,0.5716666666666668,0.5543330060735365,0.589000327259797,30
Temporary drop + recovery,67,ai_use_rate,0.6840740740740742,0.6702948603932501,0.6978532877548982,30
Temporary drop + recovery,67,mean_quality,0.5600217558652818,0.5569126294789251,0.5631308822516385,30
Temporary drop + recovery,67,mean_knowledge,0.5947706793322791,0.5915976907642424,0.5979436679003158,30
Temporary drop + recovery,67,knowledge_rank_corr_with_initial,0.995241064030602,0.994980198752909,0.995501929308295,30
Temporary drop + recovery,67,mean_ai_trust,0.6419845179293181,0.6413633562539073,0.6426056796047289,30
Temporary drop + recovery,67,mean_peer_trust,0.5239747842152913,0.5226938985844831,0.5252556698460995,30
Temporary drop + recovery,67,mean_tie_strength,0.4891781439383825,0.48802789981851613,0.49032838805824885,30
Temporary drop + recovery,67,recent_active_tie_fraction,0.8863430702331361,0.8822557966074396,0.8904303438588326,30
Temporary drop + recovery,67,mean_unique_peer_partners,10.285925925925927,10.26929674871922,10.302555103132633,30
Temporary drop + recovery,67,network_density,0.05626732878129522,0.056200723380467985,0.05633393418212246,30
Temporary drop + recovery,67,ai_reliability,0.8599999999999999,0.8599999999999999,0.8599999999999999,30
Temporary drop + recovery,68,human_interaction_rate,0.5712962962962963,0.5564057898548271,0.5861868027377655,30
Temporary drop + recovery,68,ai_use_rate,0.6916666666666667,0.6797217096490485,0.7036116236842848,30
Temporary drop + recovery,68,mean_quality,0.5621899444324775,0.5598229010722354,0.5645569877927196,30
Temporary drop + recovery,68,mean_knowledge,0.595800133917256,0.5926362866977081,0.5989639811368038,30
Temporary drop + recovery,68,knowledge_rank_corr_with_initial,0.9951206076923474,0.994850985346126,0.9953902300385689,30
Temporary drop + recovery,68,mean_ai_trust,0.6419848813394586,0.6413846828999198,0.6425850797789975,30
Temporary drop + recovery,68,mean_peer_trust,0.5244950870672862,0.523204035816415,0.5257861383181575,30
Temporary drop + recovery,68,mean_tie_strength,0.48833489418029785,0.4871865059960752,0.4894832823645205,30
Temporary drop + recovery,68,recent_active_tie_fraction,0.886976244886051,0.8829918244415204,0.8909606653305816,30
Temporary drop + recovery,68,mean_unique_peer_partners,10.291851851851852,10.274251565988184,10.309452137715521,30
Temporary drop + recovery,68,network_density,0.05627146699772393,0.05620458403464057,0.05633834996080729,30
Temporary drop + recovery,68,ai_reliability,0.8599999999999999,0.8599999999999999,0.8599999999999999,30
Temporary drop + recovery,69,human_interaction_rate,0.5733333333333334,0.5604137769717334,0.5862528896949333,30
Temporary drop + recovery,69,ai_use_rate,0.68,0.668787488006454,0.691212511993546,30
Temporary drop + recovery,69,mean_quality,0.5625246636307134,0.559599267260786,0.5654500600006408,30
Temporary drop + recovery,69,mean_knowledge,0.5968084967426571,0.5936532207814944,0.5999637727038198,30
Temporary drop + recovery,69,knowledge_rank_corr_with_initial,0.9950105876479187,0.9947375347519192,0.9952836405439183,30
Temporary drop + recovery,69,mean_ai_trust,0.6420537363622919,0.6414342157605312,0.6426732569640526,30
Temporary drop + recovery,69,mean_peer_trust,0.5250048597653707,0.5236982960400844,0.526311423490657,30
Temporary drop + recovery,69,mean_tie_strength,0.4874626706043879,0.486316347499494,0.48860899370928185,30
Temporary drop + recovery,69,recent_active_tie_fraction,0.8871517659846149,0.8831236349853253,0.8911798969839044,30
Temporary drop + recovery,69,mean_unique_peer_partners,10.296296296296298,10.27878391661694,10.313808675975656,30
Temporary drop + recovery,69,network_density,0.05628595075522445,0.056218255613754785,0.05635364589669411,30
Temporary drop + recovery,69,ai_reliability,0.8599999999999999,0.8599999999999999,0.8599999999999999,30
Temporary drop + recovery,70,human_interaction_rate,0.5779629629629629,0.5648939941942621,0.5910319317316637,30
Temporary drop + recovery,70,ai_use_rate,0.6861111111111111,0.6734778592519931,0.6987443629702291,30
Temporary drop + recovery,70,mean_quality,0.563521663183269,0.5600928466398737,0.5669504797266643,30
Temporary drop + recovery,70,mean_knowledge,0.5978247239126511,0.5946724028106009,0.6009770450147013,30
Temporary drop + recovery,70,knowledge_rank_corr_with_initial,0.9948918234741104,0.9946184671806664,0.9951651797675545,30
Temporary drop + recovery,70,mean_ai_trust,0.642148349565776,0.6415781580711781,0.642718541060374,30
Temporary drop + recovery,70,mean_peer_trust,0.5255319138367971,0.5242095626072768,0.5268542650663174,30
Temporary drop + recovery,70,mean_tie_strength,0.4866187969843547,0.48547403904354086,0.4877635549251685,30
Temporary drop + recovery,70,recent_active_tie_fraction,0.8883748959531392,0.8847493554172593,0.8920004364890192,30
Temporary drop + recovery,70,mean_unique_peer_partners,10.302222222222223,10.284471934390028,10.319972510054418,30
Temporary drop + recovery,70,network_density,0.05629215807986753,0.05622667469194706,0.056357641467788,30
Temporary drop + recovery,70,ai_reliability,0.8599999999999999,0.8599999999999999,0.8599999999999999,30
Temporary drop + recovery,71,human_interaction_rate,0.5644444444444444,0.5515801394679897,0.5773087494208992,30
Temporary drop + recovery,71,ai_use_rate,0.6799999999999999,0.6676657074269591,0.6923342925730408,30
Temporary drop + recovery,71,mean_quality,0.5630367006554415,0.5590789036551147,0.5669944976557684,30
Temporary drop + recovery,71,mean_knowledge,0.5988354188624025,0.5956864097754371,0.601984427949368,30
Temporary drop + recovery,71,knowledge_rank_corr_with_initial,0.994768538886883,0.9944879888114596,0.9950490889623064,30
Temporary drop + recovery,71,mean_ai_trust,0.6421556925377049,0.6415358471789685,0.6427755378964413,30
Temporary drop + recovery,71,mean_peer_trust,0.5260453601678212,0.5247070026704657,0.5273837176651768,30
Temporary drop + recovery,71,mean_tie_strength,0.4857622057199478,0.4846182995802544,0.4869061118596413,30
Temporary drop + recovery,71,recent_active_tie_fraction,0.889827489463854,0.8861309632963087,0.8935240156313994,30
Temporary drop + recovery,71,mean_unique_peer_partners,10.30777777777778,10.289059049748586,10.326496505806974,30
Temporary drop + recovery,71,network_density,0.05630250362093933,0.05623513767567873,0.05636986956619993,30
Temporary drop + recovery,71,ai_reliability,0.8599999999999999,0.8599999999999999,0.8599999999999999,30
Temporary drop + recovery,72,human_interaction_rate,0.5742592592592594,0.5608761326942533,0.5876423858242654,30
Temporary drop + recovery,72,ai_use_rate,0.683148148148148,0.6686269687047667,0.6976693275915292,30
Temporary drop + recovery,72,mean_quality,0.5645732217914288,0.5614982193887154,0.5676482241941422,30
Temporary drop + recovery,72,mean_knowledge,0.5998468615518119,0.5967016838552794,0.6029920392483443,30
Temporary drop + recovery,72,knowledge_rank_corr_with_initial,0.9946402003760414,0.9943521011358375,0.9949282996162453,30
Temporary drop + recovery,72,mean_ai_trust,0.6421744137589048,0.6416127520266319,0.6427360754911777,30
Temporary drop + recovery,72,mean_peer_trust,0.5265633742014567,0.5252091877912194,0.527917560611694,30
Temporary drop + recovery,72,mean_tie_strength,0.4849099785089493,0.4837758366175733,0.4860441204003253,30
Temporary drop + recovery,72,recent_active_tie_fraction,0.8891468842318565,0.8858393895505786,0.8924543789131344,30
Temporary drop + recovery,72,mean_unique_peer_partners,10.312592592592596,10.293634918104232,10.33155026708096,30
Temporary drop + recovery,72,network_density,0.05631284916201112,0.05624605859151653,0.056379639732505704,30
Temporary drop + recovery,72,ai_reliability,0.8599999999999999,0.8599999999999999,0.8599999999999999,30
Temporary drop + recovery,73,human_interaction_rate,0.5840740740740741,0.571702141459574,0.5964460066885742,30
Temporary drop + recovery,73,ai_use_rate,0.6740740740740742,0.6602025519030695,0.6879455962450788,30
Temporary drop + recovery,73,mean_quality,0.5650031321459473,0.5621700952111395,0.5678361690807552,30
Temporary drop + recovery,73,mean_knowledge,0.6008515302903651,0.5977109404061349,0.6039921201745952,30
Temporary drop + recovery,73,knowledge_rank_corr_with_initial,0.9945185488346578,0.9942240386859463,0.9948130589833694,30
Temporary drop + recovery,73,mean_ai_trust,0.6422842369163393,0.6417677942381358,0.6428006795945428,30
Temporary drop + recovery,73,mean_peer_trust,0.5270964602629343,0.5257371901335359,0.5284557303923327,30
Temporary drop + recovery,73,mean_tie_strength,0.48407221138477324,0.4829382423707124,0.48520618039883406,30
Temporary drop + recovery,73,recent_active_tie_fraction,0.8899652873744758,0.8869652286194062,0.8929653461295454,30
Temporary drop + recovery,73,mean_unique_peer_partners,10.31925925925926,10.299378471908605,10.339140046609915,30
Temporary drop + recovery,73,network_density,0.05631905648665421,0.05625041920236715,0.05638769377094127,30
Temporary drop + recovery,73,ai_reliability,0.8599999999999999,0.8599999999999999,0.8599999999999999,30
Temporary drop + recovery,74,human_interaction_rate,0.5733333333333334,0.5581339363393761,0.5885327303272906,30
Temporary drop + recovery,74,ai_use_rate,0.6855555555555555,0.6708403152889303,0.7002707958221807,30
Temporary drop + recovery,74,mean_quality,0.5661305165813347,0.563057491304029,0.5692035418586404,30
Temporary drop + recovery,74,mean_knowledge,0.6018588134085245,0.5987267188429813,0.6049909079740677,30
Temporary drop + recovery,74,knowledge_rank_corr_with_initial,0.9943915292589228,0.9940863660099392,0.9946966925079065,30
Temporary drop + recovery,74,mean_ai_trust,0.6424683258612656,0.6419700577668159,0.6429665939557152,30
Temporary drop + recovery,74,mean_peer_trust,0.5276171227296194,0.5262469471958943,0.5289872982633445,30
Temporary drop + recovery,74,mean_tie_strength,0.4832249830166499,0.48209624828889924,0.48435371774440056,30
Temporary drop + recovery,74,recent_active_tie_fraction,0.8898349496212075,0.8863972894509979,0.893272609791417,30
Temporary drop + recovery,74,mean_unique_peer_partners,10.323333333333334,10.303114551589198,10.34355211507747,30
Temporary drop + recovery,74,network_density,0.05632733291951165,0.05625721805545503,0.05639744778356827,30
Temporary drop + recovery,74,ai_reliability,0.8599999999999999,0.8599999999999999,0.8599999999999999,30
Temporary drop + recovery,75,human_interaction_rate,0.5805555555555555,0.5658893064601052,0.5952218046510058,30
Temporary drop + recovery,75,ai_use_rate,0.6844444444444445,0.6700782318790324,0.6988106570098567,30
Temporary drop + recovery,75,mean_quality,0.566615306891426,0.5632265775419458,0.5700040362409062,30
Temporary drop + recovery,75,mean_knowledge,0.6028700646053635,0.599742016629966,0.6059981125807611,30
Temporary drop + recovery,75,knowledge_rank_corr_with_initial,0.9942580695045691,0.9939466019437379,0.9945695370654003,30
Temporary drop + recovery,75,mean_ai_trust,0.6426885189940986,0.642208645458823,0.6431683925293743,30
Temporary drop + recovery,75,mean_peer_trust,0.528163896004359,0.5267778536438784,0.5295499383648395,30
Temporary drop + recovery,75,mean_tie_strength,0.48239845037460327,0.48127112003384626,0.4835257807153603,30
Temporary drop + recovery,75,recent_active_tie_fraction,0.889988887026359,0.8867804281524135,0.8931973459003045,30
Temporary drop + recovery,75,mean_unique_peer_partners,10.325925925925928,10.305503157231009,10.346348694620847,30
Temporary drop + recovery,75,network_density,0.05632940202772601,0.05625848587496367,0.05640031818048835,30
Temporary drop + recovery,75,ai_reliability,0.8599999999999999,0.8599999999999999,0.8599999999999999,30
Temporary drop + recovery,76,human_interaction_rate,0.5775925925925927,0.5621598555773332,0.5930253296078521,30
Temporary drop + recovery,76,ai_use_rate,0.6792592592592591,0.6669570914772527,0.6915614270412656,30
Temporary drop + recovery,76,mean_quality,0.5426479870653096,0.5396603583502199,0.5456356157803993,30
Temporary drop + recovery,76,mean_knowledge,0.6035524230725192,0.6004264513801065,0.6066783947649319,30
Temporary drop + recovery,76,knowledge_rank_corr_with_initial,0.994227218592256,0.9939112678320012,0.9945431693525109,30
Temporary drop + recovery,76,mean_ai_trust,0.6234910483887407,0.6228721357506721,0.6241099610268093,30
Temporary drop + recovery,76,mean_peer_trust,0.5286812504132589,0.5272900797702907,0.530072421056227,30
Temporary drop + recovery,76,mean_tie_strength,0.4815569490194321,0.48043859119831017,0.482675306840554,30
Temporary drop + recovery,76,recent_active_tie_fraction,0.8881207545967307,0.8840588939610694,0.892182615232392,30
Temporary drop + recovery,76,mean_unique_peer_partners,10.332222222222223,10.311282351687893,10.353162092756552,30
Temporary drop + recovery,76,network_density,0.05635009310986962,0.056278742896543374,0.05642144332319586,30
Temporary drop + recovery,76,ai_reliability,0.4800000000000001,0.48000000000000004,0.48000000000000015,30
Temporary drop + recovery,77,human_interaction_rate,0.5748148148148148,0.5615514223544978,0.5880782072751317,30
Temporary drop + recovery,77,ai_use_rate,0.6833333333333333,0.6712617095801908,0.6954049570864759,30
Temporary drop + recovery,77,mean_quality,0.5418274965209425,0.5380166881011833,0.5456383049407018,30
Temporary drop + recovery,77,mean_knowledge,0.60422770241708,0.6011038240030677,0.6073515808310923,30
Temporary drop + recovery,77,knowledge_rank_corr_with_initial,0.9942037235464074,0.993887770447591,0.9945196766452238,30
Temporary drop + recovery,77,mean_ai_trust,0.6058221657800339,0.6051627618737359,0.6064815696863319,30
Temporary drop + recovery,77,mean_peer_trust,0.5292149901390075,0.5278085212454676,0.5306214590325474,30
Temporary drop + recovery,77,mean_tie_strength,0.480742668112119,0.4796198870367626,0.4818654491874754,30
Temporary drop + recovery,77,recent_active_tie_fraction,0.8880644699122364,0.8842665696978877,0.8918623701265851,30
Temporary drop + recovery,77,mean_unique_peer_partners,10.337777777777777,10.316188898979249,10.359366656576306,30
Temporary drop + recovery,77,network_density,0.05636043865094141,0.05628676774395815,0.05643410955792467,30
Temporary drop + recovery,77,ai_reliability,0.4800000000000001,0.48000000000000004,0.48000000000000015,30
Temporary drop + recovery,78,human_interaction_rate,0.592037037037037,0.5760823448308134,0.6079917292432606,30
Temporary drop + recovery,78,ai_use_rate,0.6681481481481482,0.6556070500825028,0.6806892462137936,30
Temporary drop + recovery,78,mean_quality,0.5429366265472305,0.5396805275003904,0.5461927255940706,30
Temporary drop + recovery,78,mean_knowledge,0.6049100409113977,0.601787567707382,0.6080325141154134,30
Temporary drop + recovery,78,knowledge_rank_corr_with_initial,0.9941639664635724,0.9938451035615998,0.994482829365545,30
Temporary drop + recovery,78,mean_ai_trust,0.5899273713410836,0.5891950229636959,0.5906597197184714,30
Temporary drop + recovery,78,mean_peer_trust,0.5297751426696777,0.5283529032800456,0.5311973820593099,30
Temporary drop + recovery,78,mean_tie_strength,0.4799169272184372,0.47879441685409707,0.48103943758277734,30
Temporary drop + recovery,78,recent_active_tie_fraction,0.8884351684119184,0.88470905512751,0.8921612816963268,30
Temporary drop + recovery,78,mean_unique_peer_partners,10.343703703703705,10.320824473592516,10.366582933814893,30
Temporary drop + recovery,78,network_density,0.05637906062487064,0.05630452721203284,0.05645359403770844,30
Temporary drop + recovery,78,ai_reliability,0.4800000000000001,0.48000000000000004,0.48000000000000015,30
Temporary drop + recovery,79,human_interaction_rate,0.6051851851851853,0.5953800685326144,0.6149903018377562,30
Temporary drop + recovery,79,ai_use_rate,0.6603703703703704,0.6491428689702269,0.6715978717705139,30
Temporary drop + recovery,79,mean_quality,0.5448524310198258,0.5415691573743356,0.548135704665316,30
Temporary drop + recovery,79,mean_knowledge,0.6055913270079785,0.6024714071565558,0.6087112468594011,30
Temporary drop + recovery,79,knowledge_rank_corr_with_initial,0.994129936179706,0.9938096191361756,0.9944502532232364,30
Temporary drop + recovery,79,mean_ai_trust,0.5755673524411836,0.574813800521045,0.5763209043613222,30
Temporary drop + recovery,79,mean_peer_trust,0.5303416748841604,0.5289058168500907,0.53177753291823,30
Temporary drop + recovery,79,mean_tie_strength,0.47912421226501467,0.47800098369070104,0.4802474408393283,30
Temporary drop + recovery,79,recent_active_tie_fraction,0.8899156973457492,0.8857819859123048,0.8940494087791935,30
Temporary drop + recovery,79,mean_unique_peer_partners,10.34740740740741,10.324321557538507,10.370493257276312,30
Temporary drop + recovery,79,network_density,0.05638526794951373,0.05630961206284677,0.05646092383618068,30
Temporary drop + recovery,79,ai_reliability,0.4800000000000001,0.48000000000000004,0.48000000000000015,30
Temporary drop + recovery,80,human_interaction_rate,0.6062962962962963,0.5946026551571936,0.6179899374353991,30
Temporary drop + recovery,80,ai_use_rate,0.6448148148148148,0.6323806672026075,0.6572489624270221,30
Temporary drop + recovery,80,mean_quality,0.5451291470563205,0.54127907928592,0.5489792148267211,30
Temporary drop + recovery,80,mean_knowledge,0.6062811907082639,0.603161451303051,0.6094009301134768,30
Temporary drop + recovery,80,knowledge_rank_corr_with_initial,0.9940909292977459,0.993768307312219,0.9944135512832728,30
Temporary drop + recovery,80,mean_ai_trust,0.5626197659256075,0.5619234912243026,0.5633160406269123,30
Temporary drop + recovery,80,mean_peer_trust,0.5309059679508209,0.5294566639443774,0.5323552719572644,30
Temporary drop + recovery,80,mean_tie_strength,0.47834736903508507,0.47722956265251615,0.479465175417654,30
Temporary drop + recovery,80,recent_active_tie_fraction,0.8901333648555313,0.8864608524857978,0.8938058772252648,30
Temporary drop + recovery,80,mean_unique_peer_partners,10.352222222222222,10.32892606425081,10.375518380193634,30
Temporary drop + recovery,80,network_density,0.056387337057728096,0.05631189778074822,0.05646277633470797,30
Temporary drop + recovery,80,ai_reliability,0.4800000000000001,0.48000000000000004,0.48000000000000015,30
Temporary drop + recovery,81,human_interaction_rate,0.6305555555555556,0.6158690841146224,0.6452420269964889,30
Temporary drop + recovery,81,ai_use_rate,0.633888888888889,0.6212838599119588,0.6464939178658191,30
Temporary drop + recovery,81,mean_quality,0.5469129719808918,0.5429395101139668,0.5508864338478169,30
Temporary drop + recovery,81,mean_knowledge,0.6069766190921313,0.6038588134891116,0.610094424695151,30
Temporary drop + recovery,81,knowledge_rank_corr_with_initial,0.9940519142113096,0.9937255455290244,0.9943782828935948,30
Temporary drop + recovery,81,mean_ai_trust,0.5508957666234321,0.5501893042464789,0.5516022290003852,30
Temporary drop + recovery,81,mean_peer_trust,0.531506065527598,0.5300463122729496,0.5329658187822465,30
Temporary drop + recovery,81,mean_tie_strength,0.47756785750389097,0.47644167937960735,0.4786940356281746,30
Temporary drop + recovery,81,recent_active_tie_fraction,0.8900793234847906,0.8865541146521118,0.8936045323174694,30
Temporary drop + recovery,81,mean_unique_peer_partners,10.357407407407406,10.33355894016611,10.381255874648701,30
Temporary drop + recovery,81,network_density,0.05639561349058552,0.05631796372128867,0.05647326325988237,30
Temporary drop + recovery,81,ai_reliability,0.4800000000000001,0.48000000000000004,0.48000000000000015,30
Temporary drop + recovery,82,human_interaction_rate,0.6146296296296296,0.6002832288561009,0.6289760304031584,30
Temporary drop + recovery,82,ai_use_rate,0.6477777777777778,0.6327137158728126,0.662841839682743,30
Temporary drop + recovery,82,mean_quality,0.5453179058934353,0.5416748901096798,0.5489609216771908,30
Temporary drop + recovery,82,mean_knowledge,0.6076596698729196,0.6045440436482592,0.6107752960975801,30
Temporary drop + recovery,82,knowledge_rank_corr_with_initial,0.9940067852253589,0.9936767816929162,0.9943367887578016,30
Temporary drop + recovery,82,mean_ai_trust,0.5398122512629135,0.5391059494709957,0.5405185530548314,30
Temporary drop + recovery,82,mean_peer_trust,0.5320874492327372,0.530618326676584,0.5335565717888904,30
Temporary drop + recovery,82,mean_tie_strength,0.47678639392058053,0.47566766640878294,0.4779051214323781,30
Temporary drop + recovery,82,recent_active_tie_fraction,0.8910871225527135,0.8875734708668096,0.8946007742386174,30
Temporary drop + recovery,82,mean_unique_peer_partners,10.359999999999998,10.335597534667835,10.38440246533216,30
Temporary drop + recovery,82,network_density,0.05640182081522859,0.05632328146735248,0.056480360163104704,30
Temporary drop + recovery,82,ai_reliability,0.4800000000000001,0.48000000000000004,0.48000000000000015,30
Temporary drop + recovery,83,human_interaction_rate,0.6240740740740741,0.6140238165855304,0.6341243315626178,30
Temporary drop + recovery,83,ai_use_rate,0.6355555555555557,0.6187323765478275,0.6523787345632838,30
Temporary drop + recovery,83,mean_quality,0.5478241419048355,0.5446425740304709,0.5510057097792002,30
Temporary drop + recovery,83,mean_knowledge,0.6083552190041197,0.6052419948041373,0.6114684432041021,30
Temporary drop + recovery,83,knowledge_rank_corr_with_initial,0.9939649134632055,0.9936315158448183,0.9942983110815926,30
Temporary drop + recovery,83,mean_ai_trust,0.5301456253065312,0.5295340695016126,0.5307571811114498,30
Temporary drop + recovery,83,mean_peer_trust,0.5326761106650034,0.5311988578458484,0.5341533634841584,30
Temporary drop + recovery,83,mean_tie_strength,0.47599021593729657,0.47487832707025834,0.4771021048043348,30
Temporary drop + recovery,83,recent_active_tie_fraction,0.8925454195342356,0.8894689155400509,0.8956219235284203,30
Temporary drop + recovery,83,mean_unique_peer_partners,10.366666666666667,10.341772924216126,10.391560409117208,30
Temporary drop + recovery,83,network_density,0.05641630457272913,0.056338654803432274,0.05649395434202598,30
Temporary drop + recovery,83,ai_reliability,0.4800000000000001,0.48000000000000004,0.48000000000000015,30
Temporary drop + recovery,84,human_interaction_rate,0.631851851851852,0.6203475594025507,0.6433561443011533,30
Temporary drop + recovery,84,ai_use_rate,0.6237037037037036,0.6114498810174747,0.6359575263899326,30
Temporary drop + recovery,84,mean_quality,0.5484234703814662,0.545382536026372,0.5514644047365604,30
Temporary drop + recovery,84,mean_knowledge,0.609048279761393,0.6059341326151664,0.6121624269076196,30
Temporary drop + recovery,84,knowledge_rank_corr_with_initial,0.9939278780129275,0.9935898090636218,0.9942659469622331,30
Temporary drop + recovery,84,mean_ai_trust,0.521046383891074,0.5204128487260428,0.5216799190561053,30
Temporary drop + recovery,84,mean_peer_trust,0.5332626541455586,0.5317677139354924,0.5347575943556249,30
Temporary drop + recovery,84,mean_tie_strength,0.4751944273710251,0.4740900738553081,0.47629878088674205,30
Temporary drop + recovery,84,recent_active_tie_fraction,0.893125384728487,0.8896878677332019,0.8965629017237722,30
Temporary drop + recovery,84,mean_unique_peer_partners,10.37111111111111,10.346781729097708,10.395440493124513,30
Temporary drop + recovery,84,network_density,0.05643285743844399,0.056352626201897106,0.05651308867499088,30
Temporary drop + recovery,84,ai_reliability,0.4800000000000001,0.48000000000000004,0.48000000000000015,30
Temporary drop + recovery,85,human_interaction_rate,0.6425925925925927,0.6289693423379049,0.6562158428472805,30
Temporary drop + recovery,85,ai_use_rate,0.6274074074074073,0.6139750288370063,0.6408397859778083,30
Temporary drop + recovery,85,mean_quality,0.5466701376937831,0.5432435528996801,0.5500967224878862,30
Temporary drop + recovery,85,mean_knowledge,0.609735505927523,0.6066251375719944,0.6128458742830516,30
Temporary drop + recovery,85,knowledge_rank_corr_with_initial,0.9938859691873242,0.9935452724562144,0.994226665918434,30
Temporary drop + recovery,85,mean_ai_trust,0.5125492974715937,0.5119495678205085,0.513149027122679,30
Temporary drop + recovery,85,mean_peer_trust,0.53386336962382,0.53235584101932,0.53537089822832,30
Temporary drop + recovery,85,mean_tie_strength,0.4743973781665166,0.4732787086117221,0.4755160477213111,30
Temporary drop + recovery,85,recent_active_tie_fraction,0.8961712880520237,0.8925529177710844,0.8997896583329631,30
Temporary drop + recovery,85,mean_unique_peer_partners,10.378148148148147,10.354364482129002,10.401931814167293,30
Temporary drop + recovery,85,network_density,0.05645147941237323,0.05636589652444491,0.056537062300301553,30
Temporary drop + recovery,85,ai_reliability,0.4800000000000001,0.48000000000000004,0.48000000000000015,30
Temporary drop + recovery,86,human_interaction_rate,0.6351851851851851,0.6211329766536822,0.649237393716688,30
Temporary drop + recovery,86,ai_use_rate,0.6274074074074073,0.6147955128923559,0.6400193019224587,30
Temporary drop + recovery,86,mean_quality,0.5452856354643151,0.5416448786286499,0.5489263922999803,30
Temporary drop + recovery,86,mean_knowledge,0.6104173903039307,0.6073081825310598,0.6135265980768017,30
Temporary drop + recovery,86,knowledge_rank_corr_with_initial,0.9938502210479427,0.9935061331257506,0.9941943089701348,30
Temporary drop + recovery,86,mean_ai_trust,0.5048689789613011,0.5042453091400302,0.505492648782572,30
Temporary drop + recovery,86,mean_peer_trust,0.5344558497269948,0.5329400409578322,0.5359716584961574,30
Temporary drop + recovery,86,mean_tie_strength,0.4736299286286036,0.47250803996826063,0.47475181728894655,30
Temporary drop + recovery,86,recent_active_tie_fraction,0.8981602542920409,0.8949280483469891,0.9013924602370927,30
Temporary drop + recovery,86,mean_unique_peer_partners,10.382222222222222,10.358261600287731,10.406182844156712,30
Temporary drop + recovery,86,network_density,0.05645561762880194,0.056368944925762395,0.05654229033184149,30
Temporary drop + recovery,86,ai_reliability,0.4800000000000001,0.48000000000000004,0.48000000000000015,30
Temporary drop + recovery,87,human_interaction_rate,0.6374074074074075,0.6225783170458034,0.6522364977690117,30
Temporary drop + recovery,87,ai_use_rate,0.6235185185185185,0.6096539516820602,0.6373830853549768,30
Temporary drop + recovery,87,mean_quality,0.5478564283651188,0.5448701994690911,0.5508426572611466,30
Temporary drop + recovery,87,mean_knowledge,0.6111065003464595,0.6080006774967505,0.6142123231961686,30
Temporary drop + recovery,87,knowledge_rank_corr_with_initial,0.9938107151901857,0.9934619436060858,0.9941594867742857,30
Temporary drop + recovery,87,mean_ai_trust,0.4977848678205155,0.49723671896363864,0.4983330166773924,30
Temporary drop + recovery,87,mean_peer_trust,0.5350473821163177,0.5335261803835166,0.5365685838491189,30
Temporary drop + recovery,87,mean_tie_strength,0.4728351394335429,0.4717176755377838,0.47395260332930195,30
Temporary drop + recovery,87,recent_active_tie_fraction,0.899730707291902,0.8964236849967473,0.9030377295870566,30
Temporary drop + recovery,87,mean_unique_peer_partners,10.387407407407409,10.363692473829497,10.41112234098532,30
Temporary drop + recovery,87,network_density,0.056474239602731166,0.0563882859204842,0.05656019328497813,30
Temporary drop + recovery,87,ai_reliability,0.4800000000000001,0.48000000000000004,0.48000000000000015,30
Temporary drop + recovery,88,human_interaction_rate,0.653148148148148,0.641685854491607,0.6646104418046891,30
Temporary drop + recovery,88,ai_use_rate,0.6118518518518518,0.5986782701014622,0.6250254336022413,30
Temporary drop + recovery,88,mean_quality,0.5508102427371777,0.5474511239042938,0.5541693615700616,30
Temporary drop + recovery,88,mean_knowledge,0.6117976020869533,0.608691261326354,0.6149039428475527,30
Temporary drop + recovery,88,knowledge_rank_corr_with_initial,0.9937802591048999,0.9934309014438432,0.9941296167659566,30
Temporary drop + recovery,88,mean_ai_trust,0.4912875747563292,0.4907253873656979,0.4918497621469606,30
Temporary drop + recovery,88,mean_peer_trust,0.535665500164032,0.5341344149539847,0.5371965853740793,30
Temporary drop + recovery,88,mean_tie_strength,0.4720563292503357,0.47094310995108507,0.4731695485495863,30
Temporary drop + recovery,88,recent_active_tie_fraction,0.9012921202189845,0.8976690548674924,0.9049151855704767,30
Temporary drop + recovery,88,mean_unique_peer_partners,10.393333333333336,10.368858002908178,10.417808663758494,30
Temporary drop + recovery,88,network_density,0.056488723360231675,0.05640296747546967,0.05657447924499368,30
Temporary drop + recovery,88,ai_reliability,0.4800000000000001,0.48000000000000004,0.48000000000000015,30
Temporary drop + recovery,89,human_interaction_rate,0.6540740740740741,0.6444986651452659,0.6636494830028824,30
Temporary drop + recovery,89,ai_use_rate,0.617037037037037,0.6031057358151047,0.6309683382589694,30
Temporary drop + recovery,89,mean_quality,0.5492010830781666,0.5458083986046095,0.5525937675517237,30
Temporary drop + recovery,89,mean_knowledge,0.6124877716311619,0.6093828820835879,0.6155926611787358,30
Temporary drop + recovery,89,knowledge_rank_corr_with_initial,0.9937432638990352,0.9933899991069723,0.9940965286910981,30
Temporary drop + recovery,89,mean_ai_trust,0.48511392787552104,0.48458106431402875,0.48564679143701334,30
Temporary drop + recovery,89,mean_peer_trust,0.5362998306751251,0.5347545064995478,0.5378451548507024,30
Temporary drop + recovery,89,mean_tie_strength,0.4713042507568995,0.47019117395024335,0.4724173275635557,30
Temporary drop + recovery,89,recent_active_tie_fraction,0.9034587278765553,0.9001546980802922,0.9067627576728184,30
Temporary drop + recovery,89,mean_unique_peer_partners,10.39777777777778,10.373453275792912,10.422102279762647,30
Temporary drop + recovery,89,network_density,0.056492861576660405,0.05640500006683773,0.056580723086483084,30
Temporary drop + recovery,89,ai_reliability,0.4800000000000001,0.48000000000000004,0.48000000000000015,30
Temporary drop + recovery,90,human_interaction_rate,0.6496296296296296,0.6357838060602635,0.6634754531989956,30
Temporary drop + recovery,90,ai_use_rate,0.6179629629629628,0.6008331133012224,0.6350928126247033,30
Temporary drop + recovery,90,mean_quality,0.5502775807375,0.5473214150932393,0.5532337463817607,30
Temporary drop + recovery,90,mean_knowledge,0.6131705542947172,0.6100656156656072,0.6162754929238272,30
Temporary drop + recovery,90,knowledge_rank_corr_with_initial,0.993706875222722,0.9933549581140267,0.9940587923314174,30
Temporary drop + recovery,90,mean_ai_trust,0.4795729744194851,0.47904315235140826,0.48010279648756193,30
Temporary drop + recovery,90,mean_peer_trust,0.5369224647680918,0.5353663238110644,0.5384786057251192,30
Temporary drop + recovery,90,mean_tie_strength,0.4705367108186086,0.4694268180242792,0.471646603612938,30
Temporary drop + recovery,90,recent_active_tie_fraction,0.9054570268006563,0.9019749256189348,0.9089391279823779,30
Temporary drop + recovery,90,mean_unique_peer_partners,10.401481481481483,10.377246620835342,10.425716342127624,30
Temporary drop + recovery,90,network_density,0.056503207117732185,0.05641522269760565,0.05659119153785872,30
Temporary drop + recovery,90,ai_reliability,0.4800000000000001,0.48000000000000004,0.48000000000000015,30
Temporary drop + recovery,91,human_interaction_rate,0.6614814814814813,0.6510174534893366,0.6719455094736261,30
Temporary drop + recovery,91,ai_use_rate,0.6138888888888889,0.600502805788555,0.6272749719892229,30
Temporary drop + recovery,91,mean_quality,0.5513088794274359,0.5482869104499628,0.554330848404909,30
Temporary drop + recovery,91,mean_knowledge,0.6138596253251712,0.6107544192636353,0.6169648313867072,30
Temporary drop + recovery,91,knowledge_rank_corr_with_initial,0.9936725692905348,0.9933174908984188,0.9940276476826508,30
Temporary drop + recovery,91,mean_ai_trust,0.47428550168644457,0.47382763233801556,0.4747433710348736,30
Temporary drop + recovery,91,mean_peer_trust,0.53754723072052,0.5359803869719277,0.5391140744691123,30
Temporary drop + recovery,91,mean_tie_strength,0.4697758197784424,0.4686611199881202,0.4708905195687646,30
Temporary drop + recovery,91,recent_active_tie_fraction,0.9056600719070246,0.9015081339835588,0.9098120098304904,30
Temporary drop + recovery,91,mean_unique_peer_partners,10.40777777777778,10.383410608680688,10.432144946874871,30
Temporary drop + recovery,91,network_density,0.05651355265880399,0.05642271921786682,0.056604386099741166,30
Temporary drop + recovery,91,ai_reliability,0.4800000000000001,0.48000000000000004,0.48000000000000015,30
Temporary drop + recovery,92,human_interaction_rate,0.6531481481481481,0.6426028920213348,0.6636934042749615,30
Temporary drop + recovery,92,ai_use_rate,0.602962962962963,0.5924310839343325,0.6134948419915935,30
Temporary drop + recovery,92,mean_quality,0.5512174919236348,0.5484345485122037,0.5540004353350658,30
Temporary drop + recovery,92,mean_knowledge,0.6145455682950918,0.6114427948497998,0.6176483417403837,30
Temporary drop + recovery,92,knowledge_rank_corr_with_initial,0.9936337442802554,0.9932717147359063,0.9939957738246046,30
Temporary drop + recovery,92,mean_ai_trust,0.4695866171463575,0.46906478581675715,0.4701084484759579,30
Temporary drop + recovery,92,mean_peer_trust,0.5381646931171418,0.5365878750581534,0.5397415111761301,30
Temporary drop + recovery,92,mean_tie_strength,0.469011390209198,0.4679009420030171,0.47012183841537897,30
Temporary drop + recovery,92,recent_active_tie_fraction,0.9087187929390648,0.9050308987866349,0.9124066870914946,30
Temporary drop + recovery,92,mean_unique_peer_partners,10.413703703703705,10.38774350498793,10.43966390241948,30
Temporary drop + recovery,92,network_density,0.05652389819987579,0.05643166487779691,0.056616131521954674,30
Temporary drop + recovery,92,ai_reliability,0.4800000000000001,0.48000000000000004,0.48000000000000015,30
Temporary drop + recovery,93,human_interaction_rate,0.6594444444444445,0.642981936156745,0.675906952732144,30
Temporary drop + recovery,93,ai_use_rate,0.6025925925925926,0.5877755155380824,0.6174096696471028,30
Temporary drop + recovery,93,mean_quality,0.5539002242682212,0.5507610789307411,0.5570393696057012,30
Temporary drop + recovery,93,mean_knowledge,0.6152349426526642,0.6121322872300194,0.618337598075309,30
Temporary drop + recovery,93,knowledge_rank_corr_with_initial,0.993587980628234,0.993220629997853,0.9939553312586149,30
Temporary drop + recovery,93,mean_ai_trust,0.4651478516008798,0.4646029743873204,0.4656927288144392,30
Temporary drop + recovery,93,mean_peer_trust,0.538786753018697,0.5371975043005873,0.5403760017368068,30
Temporary drop + recovery,93,mean_tie_strength,0.46826491753260296,0.46715429219485494,0.469375542870351,30
Temporary drop + recovery,93,recent_active_tie_fraction,0.9093423288966913,0.906009785901931,0.9126748718914516,30
Temporary drop + recovery,93,mean_unique_peer_partners,10.417037037037039,10.390848052853626,10.443226021220452,30
Temporary drop + recovery,93,network_density,0.056528036416304515,0.05643625949827092,0.05661981333433811,30
Temporary drop + recovery,93,ai_reliability,0.4800000000000001,0.48000000000000004,0.48000000000000015,30
Temporary drop + recovery,94,human_interaction_rate,0.6590740740740739,0.6471448635548948,0.6710032845932531,30
Temporary drop + recovery,94,ai_use_rate,0.596851851851852,0.5812927064566579,0.6124109972470461,30
Temporary drop + recovery,94,mean_quality,0.5525127064366445,0.5495893031740722,0.5554361096992169,30
Temporary drop + recovery,94,mean_knowledge,0.6159202375263815,0.6128193565738107,0.6190211184789522,30
Temporary drop + recovery,94,knowledge_rank_corr_with_initial,0.9935531709920264,0.9931848526837539,0.993921489300299,30
Temporary drop + recovery,94,mean_ai_trust,0.4611101937253549,0.4605576457198438,0.46166274173086597,30
Temporary drop + recovery,94,mean_peer_trust,0.5394023438294728,0.5378001410921852,0.5410045465667604,30
Temporary drop + recovery,94,mean_tie_strength,0.4675071805715561,0.4664004918370788,0.4686138693060334,30
Temporary drop + recovery,94,recent_active_tie_fraction,0.9120301044979551,0.9085522805944817,0.9155079284014285,30
Temporary drop + recovery,94,mean_unique_peer_partners,10.422222222222224,10.395422355893919,10.44902208855053,30
Temporary drop + recovery,94,network_density,0.05653838195737632,0.05644525248206879,0.056631511432683856,30
Temporary drop + recovery,94,ai_reliability,0.4800000000000001,0.48000000000000004,0.48000000000000015,30
Temporary drop + recovery,95,human_interaction_rate,0.660185185185185,0.6461039658385082,0.6742664045318618,30
Temporary drop + recovery,95,ai_use_rate,0.5959259259259259,0.5808881561466038,0.6109636957052479,30
Temporary drop + recovery,95,mean_quality,0.5539140690956894,0.5505537936274778,0.557274344563901,30
Temporary drop + recovery,95,mean_knowledge,0.616610362085956,0.6135107250898593,0.6197099990820527,30
Temporary drop + recovery,95,knowledge_rank_corr_with_initial,0.9935078514919444,0.9931373733409158,0.9938783296429731,30
Temporary drop + recovery,95,mean_ai_trust,0.4573023808556437,0.4567044058927179,0.45790035581856947,30
Temporary drop + recovery,95,mean_peer_trust,0.5400050679842631,0.5384007999652175,0.5416093360033086,30
Temporary drop + recovery,95,mean_tie_strength,0.4667136957248052,0.46561455133792523,0.46781284011168517,30
Temporary drop + recovery,95,recent_active_tie_fraction,0.9138577417872392,0.910382296022554,0.9173331875519244,30
Temporary drop + recovery,95,mean_unique_peer_partners,10.428888888888888,10.40159305239528,10.456184725382498,30
Temporary drop + recovery,95,network_density,0.056565280364163,0.056473989184478116,0.056656571543847886,30
Temporary drop + recovery,95,ai_reliability,0.4800000000000001,0.48000000000000004,0.48000000000000015,30
Temporary drop + recovery,96,human_interaction_rate,0.6585185185185184,0.6453111861831253,0.6717258508539115,30
Temporary drop + recovery,96,ai_use_rate,0.5935185185185184,0.5812507771038374,0.6057862599331995,30
Temporary drop + recovery,96,mean_quality,0.5524000799672073,0.5492005282690875,0.5555996316653271,30
Temporary drop + recovery,96,mean_knowledge,0.6172978716370205,0.6141996405321107,0.6203961027419304,30
Temporary drop + recovery,96,knowledge_rank_corr_with_initial,0.9934705670725674,0.9930984718393907,0.9938426623057441,30
Temporary drop + recovery,96,mean_ai_trust,0.4538657164093076,0.45326103139472057,0.45447040142389467,30
Temporary drop + recovery,96,mean_peer_trust,0.5406007627646129,0.5389887622775841,0.5422127632516417,30
Temporary drop + recovery,96,mean_tie_strength,0.46593096256256106,0.4648262659783205,0.4670356591468016,30
Temporary drop + recovery,96,recent_active_tie_fraction,0.9153555704628256,0.9125436891332555,0.9181674517923957,30
Temporary drop + recovery,96,mean_unique_peer_partners,10.435185185185187,10.406833687719324,10.46353668265105,30
Temporary drop + recovery,96,network_density,0.056588040554520956,0.056495030510051635,0.05668105059899028,30
Temporary drop + recovery,96,ai_reliability,0.4800000000000001,0.48000000000000004,0.48000000000000015,30
Temporary drop + recovery,97,human_interaction_rate,0.675,0.6645812141322207,0.6854187858677794,30
Temporary drop + recovery,97,ai_use_rate,0.5907407407407408,0.5773481924948475,0.6041332889866341,30
Temporary drop + recovery,97,mean_quality,0.5529052336310872,0.5493670657607592,0.5564434015014152,30
Temporary drop + recovery,97,mean_knowledge,0.6179849149619104,0.6148881507376092,0.6210816791862117,30
Temporary drop + recovery,97,knowledge_rank_corr_with_initial,0.9934171508977624,0.9930456669677898,0.9937886348277349,30
Temporary drop + recovery,97,mean_ai_trust,0.4507840444784541,0.45025723880007623,0.451310850156832,30
Temporary drop + recovery,97,mean_peer_trust,0.5412307620048523,0.5396071720598018,0.5428543519499028,30
Temporary drop + recovery,97,mean_tie_strength,0.46516259809335075,0.464062486474442,0.4662627097122595,30
Temporary drop + recovery,97,recent_active_tie_fraction,0.9171016559102363,0.9138163273569505,0.9203869844635221,30
Temporary drop + recovery,97,mean_unique_peer_partners,10.440000000000001,10.412294066296248,10.467705933703755,30
Temporary drop + recovery,97,network_density,0.05660666252845019,0.05651577811380526,0.05669754694309512,30
Temporary drop + recovery,97,ai_reliability,0.4800000000000001,0.48000000000000004,0.48000000000000015,30
Temporary drop + recovery,98,human_interaction_rate,0.6696296296296297,0.6569262895729585,0.6823329696863009,30
Temporary drop + recovery,98,ai_use_rate,0.5909259259259259,0.5773010418506018,0.6045508100012499,30
Temporary drop + recovery,98,mean_quality,0.5552162989074301,0.5522313976410437,0.5582012001738165,30
Temporary drop + recovery,98,mean_knowledge,0.6186745301264769,0.6155819143529462,0.6217671459000076,30
Temporary drop + recovery,98,knowledge_rank_corr_with_initial,0.9933719331366537,0.9929980496803525,0.9937458165929549,30
Temporary drop + recovery,98,mean_ai_trust,0.4478711538815043,0.447337840884582,0.44840446687842656,30
Temporary drop + recovery,98,mean_peer_trust,0.5418577790260315,0.5402367150447788,0.5434788430072842,30
Temporary drop + recovery,98,mean_tie_strength,0.46441002587477365,0.46331644999226385,0.46550360175728345,30
Temporary drop + recovery,98,recent_active_tie_fraction,0.9181828066242435,0.9149320462227196,0.9214335670257673,30
Temporary drop + recovery,98,mean_unique_peer_partners,10.444444444444446,10.417053091768562,10.471835797120331,30
Temporary drop + recovery,98,network_density,0.05661907717773635,0.05653134578889941,0.05670680856657329,30
Temporary drop + recovery,98,ai_reliability,0.4800000000000001,0.48000000000000004,0.48000000000000015,30
Temporary drop + recovery,99,human_interaction_rate,0.6596296296296296,0.6475342629603439,0.6717249962989152,30
Temporary drop + recovery,99,ai_use_rate,0.5883333333333333,0.5735301170494463,0.6031365496172202,30
Temporary drop + recovery,99,mean_quality,0.5568132290567703,0.5538875632990471,0.5597388948144936,30
Temporary drop + recovery,99,mean_knowledge,0.6193591375822981,0.6162691458830364,0.6224491292815598,30
Temporary drop + recovery,99,knowledge_rank_corr_with_initial,0.993333241835056,0.9929537521984836,0.9937127314716284,30
Temporary drop + recovery,99,mean_ai_trust,0.44519551818496017,0.44471794143395177,0.4456730949359686,30
Temporary drop + recovery,99,mean_peer_trust,0.5424690902233124,0.5408471742154477,0.544091006231177,30
Temporary drop + recovery,99,mean_tie_strength,0.46364593307177226,0.4625472448525508,0.46474462129099375,30
Temporary drop + recovery,99,recent_active_tie_fraction,0.9196330644875881,0.9161959713032426,0.9230701576719336,30
Temporary drop + recovery,99,mean_unique_peer_partners,10.451481481481483,10.423079780886916,10.479883182076051,30
Temporary drop + recovery,99,network_density,0.05663563004345122,0.05654813830053637,0.05672312178636607,30
Temporary drop + recovery,99,ai_reliability,0.4800000000000001,0.48000000000000004,0.48000000000000015,30
Temporary drop + recovery,100,human_interaction_rate,0.6683333333333333,0.6550988756205554,0.6815677910461113,30
Temporary drop + recovery,100,ai_use_rate,0.592037037037037,0.5803949048501209,0.6036791692239531,30
Temporary drop + recovery,100,mean_quality,0.5545922020037488,0.550955656752718,0.5582287472547797,30
Temporary drop + recovery,100,mean_knowledge,0.6200441869264353,0.6169535916725706,0.6231347821802999,30
Temporary drop + recovery,100,knowledge_rank_corr_with_initial,0.9932859150827195,0.9929038273322335,0.9936680028332054,30
Temporary drop + recovery,100,mean_ai_trust,0.4426169779392983,0.4421656318203631,0.44306832405823343,30
Temporary drop + recovery,100,mean_peer_trust,0.543095588684082,0.5414627198383202,0.5447284575298439,30
Temporary drop + recovery,100,mean_tie_strength,0.46289685368537903,0.4618023786905079,0.46399132868025017,30
Temporary drop + recovery,100,recent_active_tie_fraction,0.9198661380443756,0.9167223563981478,0.9230099196906033,30
Temporary drop + recovery,100,mean_unique_peer_partners,10.457407407407407,10.429626945885735,10.48518786892908,30
Temporary drop + recovery,100,network_density,0.05664804469273737,0.056562696630288685,0.05673339275518605,30
Temporary drop + recovery,100,ai_reliability,0.4800000000000001,0.48000000000000004,0.48000000000000015,30
Temporary drop + recovery,101,human_interaction_rate,0.6620370370370371,0.6510588019233121,0.6730152721507621,30
Temporary drop + recovery,101,ai_use_rate,0.6033333333333333,0.5904574981000362,0.6162091685666303,30
Temporary drop + recovery,101,mean_quality,0.5595693681576631,0.5561687404062412,0.562969995909085,30
Temporary drop + recovery,101,mean_knowledge,0.6207306987404858,0.6176428176081706,0.623818579872801,30
Temporary drop + recovery,101,knowledge_rank_corr_with_initial,0.993235667117353,0.992850552118544,0.993620782116162,30
Temporary drop + recovery,101,mean_ai_trust,0.4403177388674993,0.43991868077413476,0.44071679696086385,30
Temporary drop + recovery,101,mean_peer_trust,0.5437382797400157,0.5420981412350578,0.5453784182449735,30
Temporary drop + recovery,101,mean_tie_strength,0.46215998629728955,0.4610652851343688,0.4632546874602103,30
Temporary drop + recovery,101,recent_active_tie_fraction,0.9207540972414494,0.917661681435677,0.9238465130472219,30
Temporary drop + recovery,101,mean_unique_peer_partners,10.46111111111111,10.432850484063183,10.489371738159038,30
Temporary drop + recovery,101,network_density,0.05665425201738046,0.05656706784079049,0.05674143619397043,30
Temporary drop + recovery,101,ai_reliability,0.4800000000000001,0.48000000000000004,0.48000000000000015,30
Temporary drop + recovery,102,human_interaction_rate,0.6751851851851851,0.6640906422287368,0.6862797281416334,30
Temporary drop + recovery,102,ai_use_rate,0.5877777777777777,0.5749851923520307,0.6005703632035247,30
Temporary drop + recovery,102,mean_quality,0.5596951597056581,0.5561936288433513,0.5631966905679648,30
Temporary drop + recovery,102,mean_knowledge,0.6214182629791704,0.6183300349071915,0.6245064910511492,30
Temporary drop + recovery,102,knowledge_rank_corr_with_initial,0.9931860690419128,0.9927985325028414,0.9935736055809841,30
Temporary drop + recovery,102,mean_ai_trust,0.4381371406762794,0.43768636794358734,0.43858791340897146,30
Temporary drop + recovery,102,mean_peer_trust,0.5443754156430562,0.5427215625270403,0.5460292687590722,30
Temporary drop + recovery,102,mean_tie_strength,0.461405477921168,0.460309352902782,0.46250160293955395,30
Temporary drop + recovery,102,recent_active_tie_fraction,0.9207027660544806,0.9175713697903096,0.9238341623186517,30
Temporary drop + recovery,102,mean_unique_peer_partners,10.465185185185184,10.436966947612804,10.493403422757565,30
Temporary drop + recovery,102,network_density,0.05667080488309533,0.0565837624810143,0.05675784728517636,30
Temporary drop + recovery,102,ai_reliability,0.4800000000000001,0.48000000000000004,0.48000000000000015,30
Temporary drop + recovery,103,human_interaction_rate,0.6764814814814814,0.6640622609420336,0.6889007020209291,30
Temporary drop + recovery,103,ai_use_rate,0.5837037037037037,0.5715349470937984,0.5958724603136091,30
Temporary drop + recovery,103,mean_quality,0.5583978566516508,0.5552048575300218,0.5615908557732797,30
Temporary drop + recovery,103,mean_knowledge,0.6221007854640106,0.6190143447171486,0.6251872262108726,30
Temporary drop + recovery,103,knowledge_rank_corr_with_initial,0.9931426095629781,0.992749375547108,0.9935358435788482,30
Temporary drop + recovery,103,mean_ai_trust,0.43608556704799156,0.4356164054011228,0.43655472869486034,30
Temporary drop + recovery,103,mean_peer_trust,0.5450049936771393,0.5433448649288446,0.546665122425434,30
Temporary drop + recovery,103,mean_tie_strength,0.4606830964485804,0.45958803963684447,0.46177815326031635,30
Temporary drop + recovery,103,recent_active_tie_fraction,0.9212500838698997,0.918141018042109,0.9243591496976904,30
Temporary drop + recovery,103,mean_unique_peer_partners,10.467407407407409,10.43872598621393,10.496088828600888,30
Temporary drop + recovery,103,network_density,0.0566728739913097,0.05658614786903362,0.05675960011358578,30
Temporary drop + recovery,103,ai_reliability,0.4800000000000001,0.48000000000000004,0.48000000000000015,30
Temporary drop + recovery,104,human_interaction_rate,0.6755555555555556,0.662182227182368,0.6889288839287432,30
Temporary drop + recovery,104,ai_use_rate,0.5892592592592593,0.5753813198734089,0.6031371986451096,30
Temporary drop + recovery,104,mean_quality,0.5576474856744078,0.5542111580294481,0.5610838133193675,30
Temporary drop + recovery,104,mean_knowledge,0.6227811588131568,0.6196961386346608,0.6258661789916528,30
Temporary drop + recovery,104,knowledge_rank_corr_with_initial,0.9930859146721275,0.9926916586386628,0.9934801707055921,30
Temporary drop + recovery,104,mean_ai_trust,0.43428904113835626,0.43383677257992165,0.43474130969679087,30
Temporary drop + recovery,104,mean_peer_trust,0.5456392884254455,0.5439728074549092,0.5473057693959819,30
Temporary drop + recovery,104,mean_tie_strength,0.4599310169617335,0.4588444347793647,0.4610175991441023,30
Temporary drop + recovery,104,recent_active_tie_fraction,0.9233847179584607,0.9204746009820842,0.9262948349348371,30
Temporary drop + recovery,104,mean_unique_peer_partners,10.471481481481481,10.442373793026658,10.500589169936305,30
Temporary drop + recovery,104,network_density,0.05668942685702458,0.05660165324565106,0.0567772004683981,30
Temporary drop + recovery,104,ai_reliability,0.4800000000000001,0.48000000000000004,0.48000000000000015,30
Temporary drop + recovery,105,human_interaction_rate,0.6735185185185185,0.6607691196783717,0.6862679173586653,30
Temporary drop + recovery,105,ai_use_rate,0.5824074074074074,0.5703593680765646,0.5944554467382501,30
Temporary drop + recovery,105,mean_quality,0.5612325724028537,0.5579881434426317,0.5644770013630758,30
Temporary drop + recovery,105,mean_knowledge,0.6234616909828488,0.6203790486977696,0.6265443332679279,30
Temporary drop + recovery,105,knowledge_rank_corr_with_initial,0.9930409622265362,0.9926425212882728,0.9934394031647995,30
Temporary drop + recovery,105,mean_ai_trust,0.43259202465706925,0.432117198107238,0.4330668512069005,30
Temporary drop + recovery,105,mean_peer_trust,0.5462667902310689,0.5445934189350969,0.547940161527041,30
Temporary drop + recovery,105,mean_tie_strength,0.459176179766655,0.4580916630870193,0.46026069644629064,30
Temporary drop + recovery,105,recent_active_tie_fraction,0.9236004521846445,0.920043036650458,0.927157867718831,30
Temporary drop + recovery,105,mean_unique_peer_partners,10.477037037037036,10.447000996080856,10.507073077993216,30
Temporary drop + recovery,105,network_density,0.05670804883095381,0.05662139037860541,0.05679470728330221,30
Temporary drop + recovery,105,ai_reliability,0.4800000000000001,0.48000000000000004,0.48000000000000015,30
Temporary drop + recovery,106,human_interaction_rate,0.6796296296296297,0.6650487902700675,0.6942104689891919,30
Temporary drop + recovery,106,ai_use_rate,0.5822222222222223,0.567120773129431,0.5973236713150136,30
Temporary drop + recovery,106,mean_quality,0.5589158441546139,0.5559281371850238,0.5619035511242041,30
Temporary drop + recovery,106,mean_knowledge,0.6241456324639076,0.621065581009863,0.6272256839179523,30
Temporary drop + recovery,106,knowledge_rank_corr_with_initial,0.9929825644030159,0.9925803470368346,0.9933847817691972,30
Temporary drop + recovery,106,mean_ai_trust,0.43085013020696356,0.4303453454264093,0.4313549149875178,30
Temporary drop + recovery,106,mean_peer_trust,0.5468950410683949,0.5452124292543848,0.548577652882405,30
Temporary drop + recovery,106,mean_tie_strength,0.45844479103883107,0.45735703358469787,0.45953254849296427,30
Temporary drop + recovery,106,recent_active_tie_fraction,0.9244495362498678,0.9214158883292269,0.9274831841705087,30
Temporary drop + recovery,106,mean_unique_peer_partners,10.48148148148148,10.45153648503048,10.511426477932478,30
Temporary drop + recovery,106,network_density,0.05671839437202562,0.056632110842117674,0.05680467790193356,30
Temporary drop + recovery,106,ai_reliability,0.4800000000000001,0.48000000000000004,0.48000000000000015,30
Temporary drop + recovery,107,human_interaction_rate,0.685185185185185,0.6735730456600002,0.6967973247103698,30
Temporary drop + recovery,107,ai_use_rate,0.5824074074074074,0.5708112530311652,0.5940035617836495,30
Temporary drop + recovery,107,mean_quality,0.5598301931680151,0.5567008276425924,0.5629595586934377,30
Temporary drop + recovery,107,mean_knowledge,0.6248271655333099,0.6217512852068898,0.6279030458597299,30
Temporary drop + recovery,107,knowledge_rank_corr_with_initial,0.9929323864839789,0.9925260268301015,0.9933387461378562,30
Temporary drop + recovery,107,mean_ai_trust,0.4292292017557877,0.4287723848188705,0.42968601869270495,30
Temporary drop + recovery,107,mean_peer_trust,0.5475349267323811,0.5458488097928009,0.5492210436719613,30
Temporary drop + recovery,107,mean_tie_strength,0.4576968987782796,0.4566124097564698,0.4587813878000895,30
Temporary drop + recovery,107,recent_active_tie_fraction,0.9254619901892842,0.9226014423745341,0.9283225380040343,30
Temporary drop + recovery,107,mean_unique_peer_partners,10.487407407407407,10.45827831461378,10.516536500201033,30
Temporary drop + recovery,107,network_density,0.05673701634595484,0.05664601988966313,0.05682801280224656,30
Temporary drop + recovery,107,ai_reliability,0.4800000000000001,0.48000000000000004,0.48000000000000015,30
Temporary drop + recovery,108,human_interaction_rate,0.6874074074074075,0.6740859626741654,0.7007288521406495,30
Temporary drop + recovery,108,ai_use_rate,0.580925925925926,0.5685067053864782,0.5933451464653737,30
Temporary drop + recovery,108,mean_quality,0.5602345160385521,0.5571043373628126,0.5633646947142916,30
Temporary drop + recovery,108,mean_knowledge,0.6255049883310865,0.6224313480298034,0.6285786286323696,30
Temporary drop + recovery,108,knowledge_rank_corr_with_initial,0.9928875822331974,0.9924780943871764,0.9932970700792184,30
Temporary drop + recovery,108,mean_ai_trust,0.4277876075288583,0.4273435046035641,0.42823171045415254,30
Temporary drop + recovery,108,mean_peer_trust,0.5481829305489858,0.5464875847655073,0.5498782763324643,30
Temporary drop + recovery,108,mean_tie_strength,0.45697515706221264,0.45589352246406534,0.45805679166035995,30
Temporary drop + recovery,108,recent_active_tie_fraction,0.9258346323641145,0.9228468068668935,0.9288224578613354,30
Temporary drop + recovery,108,mean_unique_peer_partners,10.49,10.46079730123485,10.51920269876515,30
Temporary drop + recovery,108,network_density,0.05674322367059793,0.05665381893225098,0.056832628408944874,30
Temporary drop + recovery,108,ai_reliability,0.4800000000000001,0.48000000000000004,0.48000000000000015,30
Temporary drop + recovery,109,human_interaction_rate,0.6762962962962961,0.66446137779716,0.6881312147954322,30
Temporary drop + recovery,109,ai_use_rate,0.5798148148148148,0.5668027437829458,0.5928268858466837,30
Temporary drop + recovery,109,mean_quality,0.5608673875157317,0.5576914643880135,0.5640433106434499,30
Temporary drop + recovery,109,mean_knowledge,0.6261874189189152,0.6231147352584411,0.6292601025793892,30
Temporary drop + recovery,109,knowledge_rank_corr_with_initial,0.9928352544372184,0.9924218896778972,0.9932486191965396,30
Temporary drop + recovery,109,mean_ai_trust,0.4264867156694105,0.42602634355774416,0.4269470877810768,30
Temporary drop + recovery,109,mean_peer_trust,0.5488164047400157,0.5471116505152749,0.5505211589647565,30
Temporary drop + recovery,109,mean_tie_strength,0.45623317658901213,0.4551540894345315,0.45731226374349276,30
Temporary drop + recovery,109,recent_active_tie_fraction,0.9254204196340063,0.9220717263768469,0.9287691128911658,30
Temporary drop + recovery,109,mean_unique_peer_partners,10.497037037037039,10.467680602339618,10.52639347173446,30
Temporary drop + recovery,109,network_density,0.05675977653631281,0.056673564605064536,0.05684598846756109,30
Temporary drop + recovery,109,ai_reliability,0.4800000000000001,0.48000000000000004,0.48000000000000015,30
Temporary drop + recovery,110,human_interaction_rate,0.6872222222222221,0.6732566993314664,0.7011877451129778,30
Temporary drop + recovery,110,ai_use_rate,0.5801851851851851,0.5657747960229553,0.594595574347415,30
Temporary drop + recovery,110,mean_quality,0.562818004372247,0.5598291389640866,0.5658068697804075,30
Temporary drop + recovery,110,mean_knowledge,0.6268727345812564,0.6238028951817549,0.6299425739807578,30
Temporary drop + recovery,110,knowledge_rank_corr_with_initial,0.99277925902224,0.9923626084714382,0.9931959095730417,30
Temporary drop + recovery,110,mean_ai_trust,0.42529663628038444,0.4248446815407042,0.4257485910200647,30
Temporary drop + recovery,110,mean_peer_trust,0.54946182568868,0.5477483138521058,0.5511753375252542,30
Temporary drop + recovery,110,mean_tie_strength,0.4555061419804891,0.45442938258437304,0.4565829013766052,30
Temporary drop + recovery,110,recent_active_tie_fraction,0.9257605660184549,0.9227784450973199,0.92874268693959,30
Temporary drop + recovery,110,mean_unique_peer_partners,10.500370370370371,10.471246372421053,10.529494368319689,30
Temporary drop + recovery,110,network_density,0.05677219118559896,0.05668641010128166,0.056857972269916256,30
Temporary drop + recovery,110,ai_reliability,0.4800000000000001,0.48000000000000004,0.48000000000000015,30
Temporary drop + recovery,111,human_interaction_rate,0.6953703703703703,0.6821591060831327,0.7085816346576079,30
Temporary drop + recovery,111,ai_use_rate,0.5722222222222223,0.5584401369744856,0.586004307469959,30
Temporary drop + recovery,111,mean_quality,0.5603493183625662,0.5567134132140177,0.5639852235111147,30
Temporary drop + recovery,111,mean_knowledge,0.6275542854029287,0.624484670618373,0.6306239001874844,30
Temporary drop + recovery,111,knowledge_rank_corr_with_initial,0.9927165328313083,0.9922956004868735,0.9931374651757432,30
Temporary drop + recovery,111,mean_ai_trust,0.42417867698382367,0.4236860032607169,0.4246713507069304,30
Temporary drop + recovery,111,mean_peer_trust,0.550104308128357,0.5483809598629988,0.5518276563937151,30
Temporary drop + recovery,111,mean_tie_strength,0.4547657092412313,0.453685173323549,0.45584624515891353,30
Temporary drop + recovery,111,recent_active_tie_fraction,0.9258969410587307,0.923318542612044,0.9284753395054173,30
Temporary drop + recovery,111,mean_unique_peer_partners,10.507037037037037,10.47766948356241,10.536404590511664,30
Temporary drop + recovery,111,network_density,0.05679288226774257,0.056705744142566565,0.05688002039291857,30
Temporary drop + recovery,111,ai_reliability,0.4800000000000001,0.48000000000000004,0.48000000000000015,30
Temporary drop + recovery,112,human_interaction_rate,0.6835185185185185,0.6711375932930532,0.6958994437439838,30
Temporary drop + recovery,112,ai_use_rate,0.5698148148148149,0.5546321872837987,0.5849974423458311,30
Temporary drop + recovery,112,mean_quality,0.5635738241500493,0.5607575793176035,0.5663900689824951,30
Temporary drop + recovery,112,mean_knowledge,0.6282340540305039,0.6251672469320942,0.6313008611289136,30
Temporary drop + recovery,112,knowledge_rank_corr_with_initial,0.9926675964071879,0.9922428636905959,0.99309232912378,30
Temporary drop + recovery,112,mean_ai_trust,0.42315029512169994,0.42268662267421964,0.42361396756918024,30
Temporary drop + recovery,112,mean_peer_trust,0.5507417758305867,0.5490116169030075,0.5524719347581659,30
Temporary drop + recovery,112,mean_tie_strength,0.45402620633443197,0.452948385108092,0.45510402756077195,30
Temporary drop + recovery,112,recent_active_tie_fraction,0.9268665206678098,0.9238796343284745,0.9298534070071451,30
Temporary drop + recovery,112,mean_unique_peer_partners,10.511851851851853,10.482475204326054,10.541228499377652,30
Temporary drop + recovery,112,network_density,0.05681150424167179,0.056725059831604016,0.05689794865173957,30
Temporary drop + recovery,112,ai_reliability,0.4800000000000001,0.48000000000000004,0.48000000000000015,30
Temporary drop + recovery,113,human_interaction_rate,0.6898148148148148,0.6751249756894894,0.7045046539401402,30
Temporary drop + recovery,113,ai_use_rate,0.5672222222222223,0.552329058481851,0.5821153859625936,30
Temporary drop + recovery,113,mean_quality,0.5818157205945217,0.5789331479292754,0.584698293259768,30
Temporary drop + recovery,113,mean_knowledge,0.629139965160462,0.6260785812031118,0.6322013491178122,30
Temporary drop + recovery,113,knowledge_rank_corr_with_initial,0.9925413575258333,0.9921074591599344,0.9929752558917322,30
Temporary drop + recovery,113,mean_ai_trust,0.43829328737797546,0.43760262430641916,0.43898395044953176,30
Temporary drop + recovery,113,mean_peer_trust,0.5514065027236938,0.5496634310902702,0.5531495743571175,30
Temporary drop + recovery,113,mean_tie_strength,0.453293709953626,0.45221613635795915,0.45437128354929285,30
Temporary drop + recovery,113,recent_active_tie_fraction,0.9265080574262294,0.9236824380287572,0.9293336768237017,30
Temporary drop + recovery,113,mean_unique_peer_partners,10.515925925925927,10.48673678112812,10.545115070723735,30
Temporary drop + recovery,113,network_density,0.056813573349886154,0.05672728981997821,0.0568998568797941,30
Temporary drop + recovery,113,ai_reliability,0.8599999999999999,0.8599999999999999,0.8599999999999999,30
Temporary drop + recovery,114,human_interaction_rate,0.673148148148148,0.6595276213633681,0.686768674932928,30
Temporary drop + recovery,114,ai_use_rate,0.5862962962962964,0.5703877108539057,0.6022048817386871,30
Temporary drop + recovery,114,mean_quality,0.5833243787302003,0.5800104537268653,0.5866383037335352,30
Temporary drop + recovery,114,mean_knowledge,0.6300439544052063,0.6269874977943974,0.6331004110160152,30
Temporary drop + recovery,114,knowledge_rank_corr_with_initial,0.9924068650432747,0.9919680279914533,0.992845702095096,30
Temporary drop + recovery,114,mean_ai_trust,0.4527593280246864,0.45204802480994905,0.4534706312394237,30
Temporary drop + recovery,114,mean_peer_trust,0.552034592628479,0.5502806494370709,0.5537885358198871,30
Temporary drop + recovery,114,mean_tie_strength,0.45254200994968413,0.45147257285390113,0.45361144704546713,30
Temporary drop + recovery,114,recent_active_tie_fraction,0.925608598137391,0.9228111597655049,0.9284060365092772,30
Temporary drop + recovery,114,mean_unique_peer_partners,10.519629629629632,10.490850071957468,10.548409187301797,30
Temporary drop + recovery,114,network_density,0.0568218497827436,0.05673542323346034,0.05690827633202686,30
Temporary drop + recovery,114,ai_reliability,0.8599999999999999,0.8599999999999999,0.8599999999999999,30
Temporary drop + recovery,115,human_interaction_rate,0.6696296296296295,0.6567177329333508,0.6825415263259081,30
Temporary drop + recovery,115,ai_use_rate,0.5883333333333334,0.5758109844117123,0.6008556822549544,30
Temporary drop + recovery,115,mean_quality,0.5832561312804213,0.580504406023439,0.5860078565374036,30
Temporary drop + recovery,115,mean_knowledge,0.6309385156838678,0.6278870736593526,0.6339899577083831,30
Temporary drop + recovery,115,knowledge_rank_corr_with_initial,0.9922950891331909,0.9918486515305398,0.9927415267358419,30
Temporary drop + recovery,115,mean_ai_trust,0.46617052966134803,0.4654424699581715,0.46689858936452455,30
Temporary drop + recovery,115,mean_peer_trust,0.5526676535606384,0.5509020123656457,0.5544332947556311,30
Temporary drop + recovery,115,mean_tie_strength,0.4517942031224569,0.4507265667182696,0.45286183952664416,30
Temporary drop + recovery,115,recent_active_tie_fraction,0.9246690068135005,0.9217282975372645,0.9276097160897365,30
Temporary drop + recovery,115,mean_unique_peer_partners,10.524444444444445,10.495322144974635,10.553566743914255,30
Temporary drop + recovery,115,network_density,0.056828057107386684,0.05674159841134789,0.05691451580342548,30
Temporary drop + recovery,115,ai_reliability,0.8599999999999999,0.8599999999999999,0.8599999999999999,30
Temporary drop + recovery,116,human_interaction_rate,0.679074074074074,0.6662550291271294,0.6918931190210187,30
Temporary drop + recovery,116,ai_use_rate,0.5779629629629631,0.566196579149326,0.5897293467766003,30
Temporary drop + recovery,116,mean_quality,0.5863854118235363,0.5835892489872265,0.5891815746598461,30
Temporary drop + recovery,116,mean_knowledge,0.6318408920806274,0.6287941512148044,0.6348876329464505,30
Temporary drop + recovery,116,knowledge_rank_corr_with_initial,0.9921706490651331,0.9917186120775029,0.9926226860527633,30
Temporary drop + recovery,116,mean_ai_trust,0.478520965491891,0.47779909608094684,0.47924283490283515,30
Temporary drop + recovery,116,mean_peer_trust,0.5533142467339833,0.5515377502571145,0.5550907432108522,30
Temporary drop + recovery,116,mean_tie_strength,0.45103502869606016,0.4499705676159715,0.45209948977614883,30
Temporary drop + recovery,116,recent_active_tie_fraction,0.9258915738662784,0.9228385890760262,0.9289445586565306,30
Temporary drop + recovery,116,mean_unique_peer_partners,10.52962962962963,10.50067221454115,10.55858704471811,30
Temporary drop + recovery,116,network_density,0.056842540864887194,0.05675954039765011,0.056925541332124276,30
Temporary drop + recovery,116,ai_reliability,0.8599999999999999,0.8599999999999999,0.8599999999999999,30
Temporary drop + recovery,117,human_interaction_rate,0.6775925925925924,0.6670220368101328,0.688163148375052,30
Temporary drop + recovery,117,ai_use_rate,0.5801851851851851,0.5669671831302638,0.5934031872401064,30
Temporary drop + recovery,117,mean_quality,0.5859795623123087,0.583061521372383,0.5888976032522345,30
Temporary drop + recovery,117,mean_knowledge,0.6327346291409395,0.6296955906966143,0.6357736675852647,30
Temporary drop + recovery,117,knowledge_rank_corr_with_initial,0.9920599062720188,0.9915962860117505,0.992523526532287,30
Temporary drop + recovery,117,mean_ai_trust,0.48978964911208406,0.4891012172943039,0.4904780809298642,30
Temporary drop + recovery,117,mean_peer_trust,0.5539650181929271,0.5521874205821815,0.5557426158036727,30
Temporary drop + recovery,117,mean_tie_strength,0.45029490888118745,0.4492272371738525,0.4513625805885224,30
Temporary drop + recovery,117,recent_active_tie_fraction,0.9264090379370429,0.9233624968675298,0.929455579006556,30
Temporary drop + recovery,117,mean_unique_peer_partners,10.532222222222224,10.503264465495658,10.56117997894879,30
Temporary drop + recovery,117,network_density,0.05684874818953027,0.05676372997239786,0.05693376640666268,30
Temporary drop + recovery,117,ai_reliability,0.8599999999999999,0.8599999999999999,0.8599999999999999,30
Temporary drop + recovery,118,human_interaction_rate,0.673148148148148,0.6588993101206588,0.6873969861756373,30
Temporary drop + recovery,118,ai_use_rate,0.5848148148148148,0.5720858012027342,0.5975438284268954,30
Temporary drop + recovery,118,mean_quality,0.5860106112542738,0.5826125535173678,0.5894086689911797,30
Temporary drop + recovery,118,mean_knowledge,0.6336244981372572,0.6305898893267093,0.636659106947805,30
Temporary drop + recovery,118,knowledge_rank_corr_with_initial,0.9919381044316046,0.9914715053523272,0.992404703510882,30
Temporary drop + recovery,118,mean_ai_trust,0.5005245259989154,0.49975839007907985,0.5012906619187509,30
Temporary drop + recovery,118,mean_peer_trust,0.5545964161554973,0.5528070642076394,0.5563857681033552,30
Temporary drop + recovery,118,mean_tie_strength,0.4495394984881083,0.44847496237579165,0.450604034600425,30
Temporary drop + recovery,118,recent_active_tie_fraction,0.9255150559811756,0.9223103953558617,0.9287197166064894,30
Temporary drop + recovery,118,mean_unique_peer_partners,10.536666666666667,10.507980761764635,10.565352571568699,30
Temporary drop + recovery,118,network_density,0.05686116283881643,0.0567741204367354,0.05694820524089746,30
Temporary drop + recovery,118,ai_reliability,0.8599999999999999,0.8599999999999999,0.8599999999999999,30
Temporary drop + recovery,119,human_interaction_rate,0.6664814814814813,0.6530651314585318,0.6798978315044308,30
Temporary drop + recovery,119,ai_use_rate,0.5912962962962964,0.5775283952321311,0.6050641973604618,30
Temporary drop + recovery,119,mean_quality,0.5884579486710584,0.58510594884578,0.5918099484963367,30
Temporary drop + recovery,119,mean_knowledge,0.6345189417537102,0.6314865694192663,0.637551314088154,30
Temporary drop + recovery,119,knowledge_rank_corr_with_initial,0.9918241508663235,0.9913540152248875,0.9922942865077594,30
Temporary drop + recovery,119,mean_ai_trust,0.5105865647671649,0.5097001714657302,0.5114729580685996,30
Temporary drop + recovery,119,mean_peer_trust,0.5552513678868611,0.553455491642618,0.5570472441311043,30
Temporary drop + recovery,119,mean_tie_strength,0.4487993081410726,0.4477348295240194,0.4498637867581258,30
Temporary drop + recovery,119,recent_active_tie_fraction,0.925698999449688,0.9226079961625782,0.9287900027367979,30
Temporary drop + recovery,119,mean_unique_peer_partners,10.54185185185185,10.51336250865391,10.57034119504979,30
Temporary drop + recovery,119,network_density,0.05686737016345951,0.05677817287702414,0.05695656744989488,30
Temporary drop + recovery,119,ai_reliability,0.8599999999999999,0.8599999999999999,0.8599999999999999,30
Temporary drop + recovery,120,human_interaction_rate,0.6807407407407408,0.6673992598427738,0.6940822216387077,30
Temporary drop + recovery,120,ai_use_rate,0.5761111111111111,0.5589512561316311,0.5932709660905912,30
Temporary drop + recovery,120,mean_quality,0.5867809567215,0.5843888757653188,0.5891730376776811,30
Temporary drop + recovery,120,mean_knowledge,0.6354027688725898,0.6323767534503195,0.6384287842948602,30
Temporary drop + recovery,120,knowledge_rank_corr_with_initial,0.9917083572725865,0.9912352518109567,0.9921814627342164,30
Temporary drop + recovery,120,mean_ai_trust,0.5195406791201125,0.5186441057649758,0.5204372524752492,30
Temporary drop + recovery,120,mean_peer_trust,0.5559096058209737,0.5541093501347975,0.55770986150715,30
Temporary drop + recovery,120,mean_tie_strength,0.4480672419071198,0.44700356087355064,0.4491309229406889,30
Temporary drop + recovery,120,recent_active_tie_fraction,0.925630089134318,0.9226889958520271,0.9285711824166089,30
Temporary drop + recovery,120,mean_unique_peer_partners,10.546296296296296,10.518687298692827,10.573905293899765,30
Temporary drop + recovery,120,network_density,0.056871508379888226,0.056782172738652104,0.05696084402112435,30
Temporary drop + recovery,120,ai_reliability,0.8599999999999999,0.8599999999999999,0.8599999999999999,30
Temporary drop + recovery,121,human_interaction_rate,0.6692592592592593,0.6557849653006093,0.6827335532179094,30
Temporary drop + recovery,121,ai_use_rate,0.5925925925925928,0.5792222235751336,0.6059629616100519,30
Temporary drop + recovery,121,mean_quality,0.5886802923753394,0.5856575133485395,0.5917030714021392,30
Temporary drop + recovery,121,mean_knowledge,0.636290199459973,0.6332686848455162,0.6393117140744298,30
Temporary drop + recovery,121,knowledge_rank_corr_with_initial,0.991582117857712,0.9910999135574015,0.9920643221580225,30
Temporary drop + recovery,121,mean_ai_trust,0.5281441228341895,0.5273197651984438,0.5289684804699353,30
Temporary drop + recovery,121,mean_peer_trust,0.5565442999204,0.5547350287603126,0.5583535710804874,30
Temporary drop + recovery,121,mean_tie_strength,0.44732600847880044,0.44626293821439,0.4483890787432109,30
Temporary drop + recovery,121,recent_active_tie_fraction,0.9250927332829232,0.9219571467599473,0.928228319805899,30
Temporary drop + recovery,121,mean_unique_peer_partners,10.548888888888888,10.520463860118909,10.577313917658866,30
Temporary drop + recovery,121,network_density,0.05687978481274567,0.056790462997345935,0.05696910662814541,30
Temporary drop + recovery,121,ai_reliability,0.8599999999999999,0.8599999999999999,0.8599999999999999,30
Temporary drop + recovery,122,human_interaction_rate,0.6599999999999999,0.6477405272289071,0.6722594727710928,30
Temporary drop + recovery,122,ai_use_rate,0.5920370370370371,0.5795820215777626,0.6044920524963117,30
Temporary drop + recovery,122,mean_quality,0.5892534621184463,0.586403587362331,0.5921033368745616,30
Temporary drop + recovery,122,mean_knowledge,0.6371701925545753,0.634154513116552,0.6401858719925986,30
Temporary drop + recovery,122,knowledge_rank_corr_with_initial,0.9914494185161083,0.9909622402505309,0.9919365967816858,30
Temporary drop + recovery,122,mean_ai_trust,0.5360540748003054,0.5352606414344705,0.5368475081661404,30
Temporary drop + recovery,122,mean_peer_trust,0.5571814795335134,0.5553628980146359,0.5590000610523909,30
Temporary drop + recovery,122,mean_tie_strength,0.44658827980359395,0.4455245211718937,0.4476520384352942,30
Temporary drop + recovery,122,recent_active_tie_fraction,0.9257160079066422,0.9225101108600604,0.928921904953224,30
Temporary drop + recovery,122,mean_unique_peer_partners,10.554074074074073,10.525646261129664,10.582501887018482,30
Temporary drop + recovery,122,network_density,0.05688392302917438,0.056792092298812484,0.05697575375953628,30
Temporary drop + recovery,122,ai_reliability,0.8599999999999999,0.8599999999999999,0.8599999999999999,30
Temporary drop + recovery,123,human_interaction_rate,0.6583333333333334,0.647332592588948,0.6693340740777188,30
Temporary drop + recovery,123,ai_use_rate,0.5961111111111111,0.584111616286955,0.6081106059352673,30
Temporary drop + recovery,123,mean_quality,0.5900985883908619,0.5867167429582516,0.5934804338234723,30
Temporary drop + recovery,123,mean_knowledge,0.6380566408903642,0.6350445078104693,0.6410687739702591,30
Temporary drop + recovery,123,knowledge_rank_corr_with_initial,0.9913277475340571,0.9908321708545448,0.9918233242135693,30
Temporary drop + recovery,123,mean_ai_trust,0.5437889494430791,0.5430546401651536,0.5445232587210046,30
Temporary drop + recovery,123,mean_peer_trust,0.5578122993310293,0.555985930161298,0.5596386685007605,30
Temporary drop + recovery,123,mean_tie_strength,0.44584998885790506,0.4447883268226316,0.4469116508931785,30
Temporary drop + recovery,123,recent_active_tie_fraction,0.9245947588735021,0.9216375312683447,0.9275519864786594,30
Temporary drop + recovery,123,mean_unique_peer_partners,10.557407407407407,10.52920284613482,10.585611968679993,30
Temporary drop + recovery,123,network_density,0.056890130353817465,0.056796868356955445,0.056983392350679486,30
Temporary drop + recovery,123,ai_reliability,0.8599999999999999,0.8599999999999999,0.8599999999999999,30
Temporary drop + recovery,124,human_interaction_rate,0.6461111111111111,0.6346040241925319,0.6576181980296902,30
Temporary drop + recovery,124,ai_use_rate,0.6057407407407408,0.5948112759472464,0.6166702055342352,30
Temporary drop + recovery,124,mean_quality,0.5902856929566209,0.5871624266135603,0.5934089592996815,30
Temporary drop + recovery,124,mean_knowledge,0.6389377945788834,0.6359291962240131,0.6419463929337538,30
Temporary drop + recovery,124,knowledge_rank_corr_with_initial,0.9912027870667128,0.990700470256014,0.9917051038774116,30
Temporary drop + recovery,124,mean_ai_trust,0.5508538406794589,0.5500882020702482,0.5516194792886695,30
Temporary drop + recovery,124,mean_peer_trust,0.5584492087364197,0.5566157385933604,0.5602826788794789,30
Temporary drop + recovery,124,mean_tie_strength,0.4451137661933899,0.44405287046081854,0.4461746619259612,30
Temporary drop + recovery,124,recent_active_tie_fraction,0.9237632355807164,0.9205096399674326,0.9270168311940001,30
Temporary drop + recovery,124,mean_unique_peer_partners,10.562222222222223,10.534666666876356,10.58977777756809,30
Temporary drop + recovery,124,network_density,0.056894268570246175,0.056801617741995325,0.056986919398497024,30
Temporary drop + recovery,124,ai_reliability,0.8599999999999999,0.8599999999999999,0.8599999999999999,30
Temporary drop + recovery,125,human_interaction_rate,0.6549999999999999,0.6390112403556798,0.67098875964432,30
Temporary drop + recovery,125,ai_use_rate,0.6064814814814815,0.5891415438843753,0.6238214190785877,30
Temporary drop + recovery,125,mean_quality,0.5924329655956925,0.5897857630270966,0.5950801681642883,30
Temporary drop + recovery,125,mean_knowledge,0.6398293061525882,0.6368258419765974,0.6428327703285789,30
Temporary drop + recovery,125,knowledge_rank_corr_with_initial,0.9910735019849943,0.9905657348755808,0.9915812690944079,30
Temporary drop + recovery,125,mean_ai_trust,0.5575686361115306,0.556776617233451,0.5583606549896103,30
Temporary drop + recovery,125,mean_peer_trust,0.5590919375419616,0.5572492179427238,0.5609346571411995,30
Temporary drop + recovery,125,mean_tie_strength,0.4443805476029714,0.4433227667735258,0.44543832843241704,30
Temporary drop + recovery,125,recent_active_tie_fraction,0.9242451747894822,0.9205477198464694,0.927942629732495,30
Temporary drop + recovery,125,mean_unique_peer_partners,10.56777777777778,10.539842481989277,10.595713073566282,30
Temporary drop + recovery,125,network_density,0.056898406786674904,0.05680639802777165,0.05699041554557816,30
Temporary drop + recovery,125,ai_reliability,0.8599999999999999,0.8599999999999999,0.8599999999999999,30
Temporary drop + recovery,126,human_interaction_rate,0.6288888888888889,0.6153632976012448,0.6424144801765331,30
Temporary drop + recovery,126,ai_use_rate,0.6148148148148148,0.5982966631849366,0.6313329664446931,30
Temporary drop + recovery,126,mean_quality,0.5952994400804281,0.5925459460689265,0.5980529340919297,30
Temporary drop + recovery,126,mean_knowledge,0.640716294848006,0.6377154826954585,0.6437171070005534,30
Temporary drop + recovery,126,knowledge_rank_corr_with_initial,0.9909450941728213,0.9904368573650593,0.9914533309805833,30
Temporary drop + recovery,126,mean_ai_trust,0.5638795991356641,0.5631092843334964,0.5646499139378318,30
Temporary drop + recovery,126,mean_peer_trust,0.5597052176793417,0.5578515956537529,0.5615588397049305,30
Temporary drop + recovery,126,mean_tie_strength,0.44363087515036265,0.4425707792466949,0.4446909710540304,30
Temporary drop + recovery,126,recent_active_tie_fraction,0.9235337971888575,0.9200169114945718,0.9270506828831433,30
Temporary drop + recovery,126,mean_unique_peer_partners,10.572962962962963,10.545127003076407,10.600798922849519,30
Temporary drop + recovery,126,network_density,0.0569087523277467,0.056812817189590595,0.0570046874659028,30
Temporary drop + recovery,126,ai_reliability,0.8599999999999999,0.8599999999999999,0.8599999999999999,30
Temporary drop + recovery,127,human_interaction_rate,0.6392592592592592,0.6258600644037746,0.6526584541147438,30
Temporary drop + recovery,127,ai_use_rate,0.6212962962962963,0.6087771078880667,0.633815484704526,30
Temporary drop + recovery,127,mean_quality,0.5915980714397456,0.5881903768427745,0.5950057660367167,30
Temporary drop + recovery,127,mean_knowledge,0.6415886814875033,0.6385936299291207,0.6445837330458858,30
Temporary drop + recovery,127,knowledge_rank_corr_with_initial,0.9908100626408778,0.9902954026025179,0.9913247226792377,30
Temporary drop + recovery,127,mean_ai_trust,0.5696745956621705,0.5689432832842407,0.5704059080401003,30
Temporary drop + recovery,127,mean_peer_trust,0.5603363255659739,0.5584771405220426,0.5621955106099052,30
Temporary drop + recovery,127,mean_tie_strength,0.4428876966238022,0.4418311343871669,0.4439442588604374,30
Temporary drop + recovery,127,recent_active_tie_fraction,0.9225664140877702,0.9192535882321189,0.9258792399434215,30
Temporary drop + recovery,127,mean_unique_peer_partners,10.578148148148149,10.549914138461697,10.6063821578346,30
Temporary drop + recovery,127,network_density,0.05691702876060413,0.05682196007603412,0.05701209744517414,30
Temporary drop + recovery,127,ai_reliability,0.8599999999999999,0.8599999999999999,0.8599999999999999,30
Temporary drop + recovery,128,human_interaction_rate,0.6351851851851851,0.6241227900383005,0.6462475803320696,30
Temporary drop + recovery,128,ai_use_rate,0.6103703703703703,0.599383352577071,0.6213573881636697,30
Temporary drop + recovery,128,mean_quality,0.593942708341327,0.5911187889930763,0.5967666276895777,30
Temporary drop + recovery,128,mean_knowledge,0.6424603853672175,0.63947023343325,0.645450537301185,30
Temporary drop + recovery,128,knowledge_rank_corr_with_initial,0.9906895341893137,0.9901678546152388,0.9912112137633886,30
Temporary drop + recovery,128,mean_ai_trust,0.5748987575152659,0.574059308144072,0.5757382068864597,30
Temporary drop + recovery,128,mean_peer_trust,0.560963636636734,0.559096064340285,0.562831208933183,30
Temporary drop + recovery,128,mean_tie_strength,0.44216200908025105,0.4411081146443126,0.4432159035161895,30
Temporary drop + recovery,128,recent_active_tie_fraction,0.9205670589414637,0.9175739077665678,0.9235602101163597,30
Temporary drop + recovery,128,mean_unique_peer_partners,10.58074074074074,10.551364093214941,10.61011738826654,30
Temporary drop + recovery,128,network_density,0.05691702876060413,0.05682196007603412,0.05701209744517414,30
Temporary drop + recovery,128,ai_reliability,0.8599999999999999,0.8599999999999999,0.8599999999999999,30
Temporary drop + recovery,129,human_interaction_rate,0.6405555555555555,0.6264947254427139,0.6546163856683972,30
Temporary drop + recovery,129,ai_use_rate,0.607037037037037,0.5934617996682231,0.620612274405851,30
Temporary drop + recovery,129,mean_quality,0.594226681210952,0.5912628695123283,0.5971904929095757,30
Temporary drop + recovery,129,mean_knowledge,0.6433316346567911,0.6403481066516677,0.6463151626619145,30
Temporary drop + recovery,129,knowledge_rank_corr_with_initial,0.9905596163756247,0.9900346920821381,0.9910845406691113,30
Temporary drop + recovery,129,mean_ai_trust,0.5795646348073442,0.5787338737337379,0.5803953958809506,30
Temporary drop + recovery,129,mean_peer_trust,0.561602121591568,0.559723644510985,0.563480598672151,30
Temporary drop + recovery,129,mean_tie_strength,0.44143687685330707,0.44038408244688537,0.44248967125972877,30
Temporary drop + recovery,129,recent_active_tie_fraction,0.919876997857062,0.9171083257583702,0.9226456699557538,30
Temporary drop + recovery,129,mean_unique_peer_partners,10.583333333333334,10.553779074267316,10.612887592399352,30
Temporary drop + recovery,129,network_density,0.0569190978688185,0.05682256915631105,0.057015626581325946,30
Temporary drop + recovery,129,ai_reliability,0.8599999999999999,0.8599999999999999,0.8599999999999999,30
Temporary drop + recovery,130,human_interaction_rate,0.6374074074074074,0.6245392578640648,0.65027555695075,30
Temporary drop + recovery,130,ai_use_rate,0.6151851851851852,0.6052597312412731,0.6251106391290973,30
Temporary drop + recovery,130,mean_quality,0.5942868221901433,0.5903753529221574,0.5981982914581292,30
Temporary drop + recovery,130,mean_knowledge,0.644199503339909,0.6412187368781463,0.6471802698016718,30
Temporary drop + recovery,130,knowledge_rank_corr_with_initial,0.9904253646568517,0.9898990868179457,0.9909516424957577,30
Temporary drop + recovery,130,mean_ai_trust,0.5841502470032397,0.583353376753432,0.5849471172530474,30
Temporary drop + recovery,130,mean_peer_trust,0.5622247278690338,0.5603374457451086,0.564112009992959,30
Temporary drop + recovery,130,mean_tie_strength,0.4407022148370743,0.43965083617562306,0.4417535934985255,30
Temporary drop + recovery,130,recent_active_tie_fraction,0.9191979633158724,0.9162862239844906,0.9221097026472543,30
Temporary drop + recovery,130,mean_unique_peer_partners,10.586296296296297,10.556904498271365,10.615688094321229,30
Temporary drop + recovery,130,network_density,0.05692530519346157,0.05682811661680844,0.057022493770114695,30
Temporary drop + recovery,130,ai_reliability,0.8599999999999999,0.8599999999999999,0.8599999999999999,30
Temporary drop + recovery,131,human_interaction_rate,0.6261111111111111,0.615461300691477,0.6367609215307451,30
Temporary drop + recovery,131,ai_use_rate,0.6212962962962962,0.607556447512542,0.6350361450800505,30
Temporary drop + recovery,131,mean_quality,0.5949962673449858,0.5920989273137142,0.5978936073762574,30
Temporary drop + recovery,131,mean_knowledge,0.645067914526038,0.6420923957101821,0.6480434333418938,30
Temporary drop + recovery,131,knowledge_rank_corr_with_initial,0.990280252931343,0.9897429188740632,0.9908175869886229,30
Temporary drop + recovery,131,mean_ai_trust,0.5884900739491757,0.5877024130585253,0.5892777348398262,30
Temporary drop + recovery,131,mean_peer_trust,0.5628466824690501,0.5609436252302779,0.5647497397078224,30
Temporary drop + recovery,131,mean_tie_strength,0.43997294704119366,0.43892474468819764,0.4410211493941897,30
Temporary drop + recovery,131,recent_active_tie_fraction,0.9186916841971672,0.9157652342173542,0.9216181341769801,30
Temporary drop + recovery,131,mean_unique_peer_partners,10.592592592592592,10.564173132989744,10.62101205219544,30
Temporary drop + recovery,131,network_density,0.05692737430167593,0.05683144881931353,0.05702329978403833,30
Temporary drop + recovery,131,ai_reliability,0.8599999999999999,0.8599999999999999,0.8599999999999999,30
Temporary drop + recovery,132,human_interaction_rate,0.6353703703703703,0.6174546258664058,0.6532861148743347,30
Temporary drop + recovery,132,ai_use_rate,0.6192592592592592,0.6012918208969069,0.6372266976216114,30
Temporary drop + recovery,132,mean_quality,0.5962363969419433,0.5933375253538701,0.5991352685300165,30
Temporary drop + recovery,132,mean_knowledge,0.6459348346865712,0.6429679164791006,0.6489017528940418,30
Temporary drop + recovery,132,knowledge_rank_corr_with_initial,0.9901490246569737,0.9896022194873697,0.9906958298265778,30
Temporary drop + recovery,132,mean_ai_trust,0.5923170345070665,0.5915291886823186,0.5931048803318144,30
Temporary drop + recovery,132,mean_peer_trust,0.5634727934996288,0.5615541162610223,0.5653914707382353,30
Temporary drop + recovery,132,mean_tie_strength,0.43923211793104805,0.43818750426632597,0.44027673159577013,30
Temporary drop + recovery,132,recent_active_tie_fraction,0.9173232163092547,0.9138326704990729,0.9208137621194366,30
Temporary drop + recovery,132,mean_unique_peer_partners,10.59814814814815,10.56948432366112,10.62681197263518,30
Temporary drop + recovery,132,network_density,0.05693771984274773,0.056839394223397635,0.057036045462097826,30
Temporary drop + recovery,132,ai_reliability,0.8599999999999999,0.8599999999999999,0.8599999999999999,30
Temporary drop + recovery,133,human_interaction_rate,0.6335185185185186,0.6168025608360267,0.6502344762010105,30
Temporary drop + recovery,133,ai_use_rate,0.6224074074074076,0.6068120616576549,0.6380027531571604,30
Temporary drop + recovery,133,mean_quality,0.5959461262223157,0.5930017673649481,0.5988904850796832,30
Temporary drop + recovery,133,mean_knowledge,0.6467939990499063,0.6438323425167496,0.649755655583063,30
Temporary drop + recovery,133,knowledge_rank_corr_with_initial,0.9900040603962724,0.9894549813930936,0.9905531393994512,30
Temporary drop + recovery,133,mean_ai_trust,0.5959911339101265,0.5952587211652322,0.5967235466550208,30
Temporary drop + recovery,133,mean_peer_trust,0.564109609524409,0.5621850247885524,0.5660341942602657,30
Temporary drop + recovery,133,mean_tie_strength,0.43850463231404624,0.43746201245441846,0.439547252173674,30
Temporary drop + recovery,133,recent_active_tie_fraction,0.9170436961249299,0.9132711006577244,0.9208162915921353,30
Temporary drop + recovery,133,mean_unique_peer_partners,10.601111111111111,10.572712197250977,10.629510024971244,30
Temporary drop + recovery,133,network_density,0.056941858059176446,0.05684270689539621,0.057041009222956685,30
Temporary drop + recovery,133,ai_reliability,0.8599999999999999,0.8599999999999999,0.8599999999999999,30
Temporary drop + recovery,134,human_interaction_rate,0.6237037037037035,0.6125132714291015,0.6348941359783056,30
Temporary drop + recovery,134,ai_use_rate,0.6290740740740741,0.6160711297845609,0.6420770183635873,30
Temporary drop + recovery,134,mean_quality,0.5981806837529369,0.5948912827738886,0.6014700847319852,30
Temporary drop + recovery,134,mean_knowledge,0.6476591296922654,0.6447033060911488,0.6506149532933819,30
Temporary drop + recovery,134,knowledge_rank_corr_with_initial,0.9898726618195217,0.9893212875556813,0.9904240360833622,30
Temporary drop + recovery,134,mean_ai_trust,0.5994211460796833,0.5986971795789461,0.6001451125804206,30
Temporary drop + recovery,134,mean_peer_trust,0.5647208909193675,0.5627865198295113,0.5666552620092237,30
Temporary drop + recovery,134,mean_tie_strength,0.4377629776795705,0.43672721724603997,0.43879873811310105,30
Temporary drop + recovery,134,recent_active_tie_fraction,0.9167416581928765,0.9128767546585638,0.9206065617271891,30
Temporary drop + recovery,134,mean_unique_peer_partners,10.606666666666666,10.578158230942856,10.635175102390475,30
Temporary drop + recovery,134,network_density,0.05695427270846261,0.05685712226242365,0.05705142315450157,30
Temporary drop + recovery,134,ai_reliability,0.8599999999999999,0.8599999999999999,0.8599999999999999,30
Temporary drop + recovery,135,human_interaction_rate,0.6474074074074074,0.6359315281026245,0.6588832867121903,30
Temporary drop + recovery,135,ai_use_rate,0.6127777777777778,0.602525542411944,0.6230300131436115,30
Temporary drop + recovery,135,mean_quality,0.5974737650843824,0.5942205094068544,0.6007270207619104,30
Temporary drop + recovery,135,mean_knowledge,0.6485171438069945,0.6455667414417571,0.651467546172232,30
Temporary drop + recovery,135,knowledge_rank_corr_with_initial,0.9897389735801008,0.9891828590514881,0.9902950881087135,30
Temporary drop + recovery,135,mean_ai_trust,0.6025494732398029,0.6018392814308631,0.6032596650487427,30
Temporary drop + recovery,135,mean_peer_trust,0.5653792738914489,0.563433629268489,0.5673249185144089,30
Temporary drop + recovery,135,mean_tie_strength,0.43704151511192324,0.4360114619812853,0.43807156824256116,30
Temporary drop + recovery,135,recent_active_tie_fraction,0.9162703180354499,0.9124849681177769,0.9200556679531229,30
Temporary drop + recovery,135,mean_unique_peer_partners,10.609259259259257,10.58118125530042,10.637337263218095,30
Temporary drop + recovery,135,network_density,0.056958410924891324,0.05686052591932941,0.057056295930453235,30
Temporary drop + recovery,135,ai_reliability,0.8599999999999999,0.8599999999999999,0.8599999999999999,30
Temporary drop + recovery,136,human_interaction_rate,0.6316666666666666,0.6201466909818177,0.6431866423515155,30
Temporary drop + recovery,136,ai_use_rate,0.6257407407407407,0.613122376425424,0.6383591050560574,30
Temporary drop + recovery,136,mean_quality,0.5965741569267553,0.5934984938325311,0.5996498200209796,30
Temporary drop + recovery,136,mean_knowledge,0.6493686753381499,0.6464227350719542,0.6523146156043456,30
Temporary drop + recovery,136,knowledge_rank_corr_with_initial,0.9896266186734353,0.9890648664342763,0.9901883709125943,30
Temporary drop + recovery,136,mean_ai_trust,0.6055941441974582,0.6049654955695474,0.606222792825369,30
Temporary drop + recovery,136,mean_peer_trust,0.5660143554210663,0.5640624634443174,0.5679662473978151,30
Temporary drop + recovery,136,mean_tie_strength,0.43631400068600973,0.43528713432088834,0.4373408670511311,30
Temporary drop + recovery,136,recent_active_tie_fraction,0.9162420734046528,0.9125583721247984,0.9199257746845072,30
Temporary drop + recovery,136,mean_unique_peer_partners,10.613703703703704,10.585825127946896,10.641582279460513,30
Temporary drop + recovery,136,network_density,0.05696254914132005,0.05686643393973507,0.057058664342905026,30
Temporary drop + recovery,136,ai_reliability,0.8599999999999999,0.8599999999999999,0.8599999999999999,30
Temporary drop + recovery,137,human_interaction_rate,0.6303703703703705,0.6153840029081913,0.6453567378325497,30
Temporary drop + recovery,137,ai_use_rate,0.629074074074074,0.6128244741687187,0.6453236739794294,30
Temporary drop + recovery,137,mean_quality,0.5978343791717791,0.5948258281688956,0.6008429301746625,30
Temporary drop + recovery,137,mean_knowledge,0.6502185077898214,0.6472754275221179,0.6531615880575249,30
Temporary drop + recovery,137,knowledge_rank_corr_with_initial,0.9894798827573863,0.9889118328809267,0.9900479326338459,30
Temporary drop + recovery,137,mean_ai_trust,0.6083817319716621,0.6077233645842544,0.6090400993590699,30
Temporary drop + recovery,137,mean_peer_trust,0.5666483759880065,0.5646880005012334,0.5686087514747797,30
Temporary drop + recovery,137,mean_tie_strength,0.43558886845906575,0.43456542432567746,0.43661231259245403,30
Temporary drop + recovery,137,recent_active_tie_fraction,0.9150827684857104,0.9107484891369996,0.9194170478344211,30
Temporary drop + recovery,137,mean_unique_peer_partners,10.617407407407407,10.589401373120227,10.645413441694588,30
Temporary drop + recovery,137,network_density,0.05696668735774877,0.056871424006362595,0.057061950709134945,30
Temporary drop + recovery,137,ai_reliability,0.8599999999999999,0.8599999999999999,0.8599999999999999,30
Temporary drop + recovery,138,human_interaction_rate,0.6298148148148147,0.618086327411637,0.6415433022179924,30
Temporary drop + recovery,138,ai_use_rate,0.6177777777777779,0.6065282694150457,0.6290272861405101,30
Temporary drop + recovery,138,mean_quality,0.5979436901501394,0.59513183265908,0.6007555476411988,30
Temporary drop + recovery,138,mean_knowledge,0.6510656713446714,0.6481266180001822,0.6540047246891606,30
Temporary drop + recovery,138,knowledge_rank_corr_with_initial,0.9893470294090269,0.9887710408150683,0.9899230180029854,30
Temporary drop + recovery,138,mean_ai_trust,0.6108482368711756,0.6101237261716476,0.6115727475707037,30
Temporary drop + recovery,138,mean_peer_trust,0.5672784149646759,0.5653100668815761,0.5692467630477757,30
Temporary drop + recovery,138,mean_tie_strength,0.4348608364661535,0.43384094903845577,0.4358807238938512,30
Temporary drop + recovery,138,recent_active_tie_fraction,0.9139697178026416,0.9101665311329077,0.9177729044723755,30
Temporary drop + recovery,138,mean_unique_peer_partners,10.622962962962964,10.595681627791365,10.650244298134563,30
Temporary drop + recovery,138,network_density,0.05697496379060621,0.05688052073620187,0.05706940684501055,30
Temporary drop + recovery,138,ai_reliability,0.8599999999999999,0.8599999999999999,0.8599999999999999,30
Temporary drop + recovery,139,human_interaction_rate,0.6264814814814815,0.6131294380626934,0.6398335249002697,30
Temporary drop + recovery,139,ai_use_rate,0.6283333333333334,0.6159061494571438,0.640760517209523,30
Temporary drop + recovery,139,mean_quality,0.6009557624198282,0.5974594841328296,0.6044520407068268,30
Temporary drop + recovery,139,mean_knowledge,0.6519147369666364,0.6489776985752621,0.6548517753580106,30
Temporary drop + recovery,139,knowledge_rank_corr_with_initial,0.9891953192350218,0.9886071242270383,0.9897835142430053,30
Temporary drop + recovery,139,mean_ai_trust,0.6132500035725,0.6125099125274428,0.6139900946175573,30
Temporary drop + recovery,139,mean_peer_trust,0.5679184476534526,0.5659436304478664,0.5698932648590387,30
Temporary drop + recovery,139,mean_tie_strength,0.43413888216018676,0.43312042413653445,0.43515734018383906,30
Temporary drop + recovery,139,recent_active_tie_fraction,0.9136134158615337,0.9101212635483542,0.9171055681747131,30
Temporary drop + recovery,139,mean_unique_peer_partners,10.624444444444444,10.59691475072356,10.651974138165329,30
Temporary drop + recovery,139,network_density,0.05697703289882058,0.056882077954193186,0.05707198784344797,30
Temporary drop + recovery,139,ai_reliability,0.8599999999999999,0.8599999999999999,0.8599999999999999,30
Temporary drop + recovery,140,human_interaction_rate,0.6274074074074074,0.6119223539811666,0.6428924608336483,30
Temporary drop + recovery,140,ai_use_rate,0.6220370370370369,0.6058258379053418,0.638248236168732,30
Temporary drop + recovery,140,mean_quality,0.5973222274791359,0.5939891951385344,0.6006552598197373,30
Temporary drop + recovery,140,mean_knowledge,0.6527551912235834,0.6498191472731419,0.6556912351740248,30
Temporary drop + recovery,140,knowledge_rank_corr_with_initial,0.9890507222925551,0.988461547062615,0.9896398975224951,30
Temporary drop + recovery,140,mean_ai_trust,0.6152977008553431,0.6146118916859178,0.6159835100247684,30
Temporary drop + recovery,140,mean_peer_trust,0.5685494025548299,0.5665666616694398,0.57053214344022,30
Temporary drop + recovery,140,mean_tie_strength,0.4334157387415568,0.43239701806932573,0.4344344594137879,30
Temporary drop + recovery,140,recent_active_tie_fraction,0.9125644646590056,0.9093133938967038,0.9158155354213074,30
Temporary drop + recovery,140,mean_unique_peer_partners,10.628518518518518,10.60141727934706,10.655619757689976,30
Temporary drop + recovery,140,network_density,0.056983240223463655,0.05688757581592879,0.05707890463099852,30
Temporary drop + recovery,140,ai_reliability,0.8599999999999999,0.8599999999999999,0.8599999999999999,30
Temporary drop + recovery,141,human_interaction_rate,0.6122222222222222,0.5992225118571802,0.6252219325872642,30
Temporary drop + recovery,141,ai_use_rate,0.6312962962962962,0.6180805397822577,0.6445120528103347,30
Temporary drop + recovery,141,mean_quality,0.6003521725183243,0.5969139817907729,0.6037903632458756,30
Temporary drop + recovery,141,mean_knowledge,0.6535947908946996,0.6506658244774686,0.6565237573119307,30
Temporary drop + recovery,141,knowledge_rank_corr_with_initial,0.9889010638467396,0.9883080287242922,0.9894940989691869,30
Temporary drop + recovery,141,mean_ai_trust,0.617280726406351,0.6165734191942546,0.6179880336184475,30
Temporary drop + recovery,141,mean_peer_trust,0.5691716531912486,0.5671835333546554,0.5711597730278418,30
Temporary drop + recovery,141,mean_tie_strength,0.4326843043168386,0.4316635480767702,0.43370506055690694,30
Temporary drop + recovery,141,recent_active_tie_fraction,0.9115970681384816,0.9082031709872234,0.9149909652897399,30
Temporary drop + recovery,141,mean_unique_peer_partners,10.634074074074073,10.606879909223856,10.66126823892429,30
Temporary drop + recovery,141,network_density,0.056991516656321094,0.05689551717102639,0.0570875161416158,30
Temporary drop + recovery,141,ai_reliability,0.8599999999999999,0.8599999999999999,0.8599999999999999,30
Temporary drop + recovery,142,human_interaction_rate,0.6266666666666667,0.6128910432862451,0.6404422900470883,30
Temporary drop + recovery,142,ai_use_rate,0.6322222222222222,0.621212716751801,0.6432317276926435,30
Temporary drop + recovery,142,mean_quality,0.6015690237522074,0.5985509615869317,0.6045870859174832,30
Temporary drop + recovery,142,mean_knowledge,0.6544378419409331,0.651513688669229,0.6573619952126373,30
Temporary drop + recovery,142,knowledge_rank_corr_with_initial,0.9887654561392524,0.9881604112528125,0.9893705010256922,30
Temporary drop + recovery,142,mean_ai_trust,0.619416681802871,0.6187570104365223,0.6200763531692197,30
Temporary drop + recovery,142,mean_peer_trust,0.5698123355706533,0.5678171372007644,0.5718075339405421,30
Temporary drop + recovery,142,mean_tie_strength,0.4319600313901901,0.43093859022456604,0.4329814725558142,30
Temporary drop + recovery,142,recent_active_tie_fraction,0.9102295893602165,0.906735464172799,0.9137237145476339,30
Temporary drop + recovery,142,mean_unique_peer_partners,10.637407407407407,10.610092368520425,10.66472244629439,30
Temporary drop + recovery,142,network_density,0.056997723980964164,0.05690039254755003,0.0570950554143783,30
Temporary drop + recovery,142,ai_reliability,0.8599999999999999,0.8599999999999999,0.8599999999999999,30
Temporary drop + recovery,143,human_interaction_rate,0.6235185185185184,0.6109685490558876,0.6360684879811491,30
Temporary drop + recovery,143,ai_use_rate,0.6277777777777778,0.6169366980622316,0.6386188574933239,30
Temporary drop + recovery,143,mean_quality,0.6003092736741209,0.5974321887561239,0.6031863585921179,30
Temporary drop + recovery,143,mean_knowledge,0.6552768325337845,0.652357848020036,0.658195817047533,30
Temporary drop + recovery,143,knowledge_rank_corr_with_initial,0.9886116012081305,0.9879940643075239,0.9892291381087371,30
Temporary drop + recovery,143,mean_ai_trust,0.6211914312608738,0.6205010247445454,0.6218818377772023,30
Temporary drop + recovery,143,mean_peer_trust,0.570421169201533,0.5684242582566348,0.5724180801464311,30
Temporary drop + recovery,143,mean_tie_strength,0.4312214255332947,0.4301970118137885,0.43224583925280086,30
Temporary drop + recovery,143,recent_active_tie_fraction,0.9095673206193624,0.9063559314890394,0.9127787097496854,30
Temporary drop + recovery,143,mean_unique_peer_partners,10.645185185185182,10.617882100918816,10.672488269451549,30
Temporary drop + recovery,143,network_density,0.05701427684667904,0.05691467517000312,0.05711387852335496,30
Temporary drop + recovery,143,ai_reliability,0.8599999999999999,0.8599999999999999,0.8599999999999999,30
Temporary drop + recovery,144,human_interaction_rate,0.626111111111111,0.6142359280911653,0.6379862941310566,30
Temporary drop + recovery,144,ai_use_rate,0.6312962962962964,0.6176823080621953,0.6449102845303974,30
Temporary drop + recovery,144,mean_quality,0.6036896838417711,0.6009858333977457,0.6063935342857966,30
Temporary drop + recovery,144,mean_knowledge,0.6561221951516824,0.6532089297518685,0.6590354605514962,30
Temporary drop + recovery,144,knowledge_rank_corr_with_initial,0.9884426963440067,0.9878164124698486,0.9890689802181648,30
Temporary drop + recovery,144,mean_ai_trust,0.6228535658203483,0.6221254063143654,0.6235817253263313,30
Temporary drop + recovery,144,mean_peer_trust,0.5710630019505819,0.5690620904459448,0.573063913455219,30
Temporary drop + recovery,144,mean_tie_strength,0.4305089384317398,0.42948661785177067,0.43153125901170897,30
Temporary drop + recovery,144,recent_active_tie_fraction,0.90943081830832,0.9060835014504525,0.9127781351661874,30
Temporary drop + recovery,144,mean_unique_peer_partners,10.64962962962963,10.62136935264738,10.67788990661188,30
Temporary drop + recovery,144,network_density,0.0570163459548934,0.05691693355555102,0.05711575835423579,30
Temporary drop + recovery,144,ai_reliability,0.8599999999999999,0.8599999999999999,0.8599999999999999,30
Temporary drop + recovery,145,human_interaction_rate,0.632037037037037,0.6215058625369008,0.6425682115371731,30
Temporary drop + recovery,145,ai_use_rate,0.6261111111111111,0.6149178060100634,0.6373044162121587,30
Temporary drop + recovery,145,mean_quality,0.6032119718009668,0.6003723751873656,0.6060515684145679,30
Temporary drop + recovery,145,mean_knowledge,0.656957363685456,0.6540468310846482,0.6598678962862637,30
Temporary drop + recovery,145,knowledge_rank_corr_with_initial,0.9882958188307173,0.9876617355169364,0.9889299021444982,30
Temporary drop + recovery,145,mean_ai_trust,0.6243028013735922,0.6236094084729167,0.6249961942742677,30
Temporary drop + recovery,145,mean_peer_trust,0.5717039267222087,0.5697004597278704,0.573707393716547,30
Temporary drop + recovery,145,mean_tie_strength,0.42979760964711505,0.4287785670053675,0.4308166522888626,30
Temporary drop + recovery,145,recent_active_tie_fraction,0.9089605406593932,0.9057729074268516,0.9121481738919349,30
Temporary drop + recovery,145,mean_unique_peer_partners,10.654444444444444,10.625589360558246,10.683299528330641,30
Temporary drop + recovery,145,network_density,0.05702048417132213,0.05691980028837328,0.057121168054270983,30
Temporary drop + recovery,145,ai_reliability,0.8599999999999999,0.8599999999999999,0.8599999999999999,30
Temporary drop + recovery,146,human_interaction_rate,0.6214814814814814,0.6093029729614148,0.633659990001548,30
Temporary drop + recovery,146,ai_use_rate,0.6214814814814814,0.6079632064659621,0.6349997564970007,30
Temporary drop + recovery,146,mean_quality,0.6015131010216367,0.5978185897922512,0.6052076122510222,30
Temporary drop + recovery,146,mean_knowledge,0.6577771243619595,0.6548683581323909,0.660685890591528,30
Temporary drop + recovery,146,knowledge_rank_corr_with_initial,0.988157710072742,0.987520982406904,0.98879443773858,30
Temporary drop + recovery,146,mean_ai_trust,0.6255864399263077,0.6249740834869796,0.6261987963656358,30
Temporary drop + recovery,146,mean_peer_trust,0.5723350604375204,0.5703244119743397,0.574345708900701,30
Temporary drop + recovery,146,mean_tie_strength,0.42907632688681285,0.42805934601006457,0.43009330776356114,30
Temporary drop + recovery,146,recent_active_tie_fraction,0.9070853856401562,0.9037992469384369,0.9103715243418754,30
Temporary drop + recovery,146,mean_unique_peer_partners,10.660740740740742,10.631126623700958,10.690354857780527,30
Temporary drop + recovery,146,network_density,0.05702876060417957,0.05692637380467614,0.057131147403683004,30
Temporary drop + recovery,146,ai_reliability,0.8599999999999999,0.8599999999999999,0.8599999999999999,30
Temporary drop + recovery,147,human_interaction_rate,0.6262962962962961,0.6150397547922938,0.6375528378002985,30
Temporary drop + recovery,147,ai_use_rate,0.6300000000000001,0.6162653723787767,0.6437346276212236,30
Temporary drop + recovery,147,mean_quality,0.6048679989704773,0.601715112291318,0.6080208856496365,30
Temporary drop + recovery,147,mean_knowledge,0.6586072598394653,0.6556999647038143,0.6615145549751164,30
Temporary drop + recovery,147,knowledge_rank_corr_with_initial,0.9880148334668652,0.9873671239407351,0.9886625429929954,30
Temporary drop + recovery,147,mean_ai_trust,0.6269249835703555,0.6263614619366048,0.6274885052041063,30
Temporary drop + recovery,147,mean_peer_trust,0.5729693233966827,0.5709501414289042,0.5749885053644612,30
Temporary drop + recovery,147,mean_tie_strength,0.42835382719834647,0.4273402554318257,0.42936739896486725,30
Temporary drop + recovery,147,recent_active_tie_fraction,0.9066288138064275,0.903564542516205,0.9096930850966499,30
Temporary drop + recovery,147,mean_unique_peer_partners,10.665185185185186,10.63527192134266,10.69509844902771,30
Temporary drop + recovery,147,network_density,0.05703910614525136,0.056936283008602866,0.05714192928189985,30
Temporary drop + recovery,147,ai_reliability,0.8599999999999999,0.8599999999999999,0.8599999999999999,30
Temporary drop + recovery,148,human_interaction_rate,0.6175925925925927,0.6038743615205893,0.6313108236645961,30
Temporary drop + recovery,148,ai_use_rate,0.6300000000000001,0.612216302976129,0.6477836970238713,30
Temporary drop + recovery,148,mean_quality,0.6054309655902749,0.6024748863954479,0.6083870447851019,30
Temporary drop + recovery,148,mean_knowledge,0.6594323885015644,0.6565299159838545,0.6623348610192743,30
Temporary drop + recovery,148,knowledge_rank_corr_with_initial,0.9878610318466825,0.9872053455122642,0.9885167181811008,30
Temporary drop + recovery,148,mean_ai_trust,0.6280510518856558,0.6275017826152509,0.6286003211560607,30
Temporary drop + recovery,148,mean_peer_trust,0.5736059804757436,0.5715826126384135,0.5756293483130738,30
Temporary drop + recovery,148,mean_tie_strength,0.4276479264100393,0.42663582820220153,0.42866002461787706,30
Temporary drop + recovery,148,recent_active_tie_fraction,0.9062670861505301,0.9027155729897236,0.9098185993113366,30
Temporary drop + recovery,148,mean_unique_peer_partners,10.666666666666666,10.63651097283114,10.696822360502193,30
Temporary drop + recovery,148,network_density,0.05703910614525136,0.056936283008602866,0.05714192928189985,30
Temporary drop + recovery,148,ai_reliability,0.8599999999999999,0.8599999999999999,0.8599999999999999,30
Temporary drop + recovery,149,human_interaction_rate,0.6346296296296295,0.6202398507935473,0.6490194084657118,30
Temporary drop + recovery,149,ai_use_rate,0.6285185185185185,0.6175180026025238,0.6395190344345132,30
Temporary drop + recovery,149,mean_quality,0.6059625063740498,0.6033303311208178,0.6085946816272818,30
Temporary drop + recovery,149,mean_knowledge,0.6602555789652159,0.65736056713041,0.6631505908000218,30
Temporary drop + recovery,149,knowledge_rank_corr_with_initial,0.9877217534567406,0.9870547770276994,0.9883887298857819,30
Temporary drop + recovery,149,mean_ai_trust,0.6292558381221588,0.6287160412412861,0.6297956350030315,30
Temporary drop + recovery,149,mean_peer_trust,0.5742667277654012,0.5722329957405253,0.5763004597902771,30
Temporary drop + recovery,149,mean_tie_strength,0.4269368628660838,0.4259282432600923,0.42794548247207526,30
Temporary drop + recovery,149,recent_active_tie_fraction,0.9063047389424465,0.9025028660847743,0.9101066118001186,30
Temporary drop + recovery,149,mean_unique_peer_partners,10.673703703703703,10.643538497496401,10.703868909911005,30
Temporary drop + recovery,149,network_density,0.05704324436168008,0.05694075809457636,0.0571457306287838,30
Temporary drop + recovery,149,ai_reliability,0.8599999999999999,0.8599999999999999,0.8599999999999999,30
Temporary drop + recovery,150,human_interaction_rate,0.6192592592592593,0.6079527332562434,0.6305657852622751,30
Temporary drop + recovery,150,ai_use_rate,0.6216666666666667,0.6090498704831254,0.634283462850208,30
Temporary drop + recovery,150,mean_quality,0.6050845237398995,0.6020047890274602,0.6081642584523388,30
Temporary drop + recovery,150,mean_knowledge,0.6610759819361081,0.6581848737847007,0.6639670900875154,30
Temporary drop + recovery,150,knowledge_rank_corr_with_initial,0.9875764837305699,0.986897118134674,0.9882558493264659,30
Temporary drop + recovery,150,mean_ai_trust,0.630253697033636,0.6297182289378411,0.6307891651294308,30
Temporary drop + recovery,150,mean_peer_trust,0.5748945256074269,0.5728646317818854,0.5769244194329685,30
Temporary drop + recovery,150,mean_tie_strength,0.4262264400720596,0.4252182840739043,0.42723459607021497,30
Temporary drop + recovery,150,recent_active_tie_fraction,0.9053393954637329,0.9015805739282852,0.9090982169991806,30
Temporary drop + recovery,150,mean_unique_peer_partners,10.677777777777777,10.64772066444089,10.707834891114665,30
Temporary drop + recovery,150,network_density,0.05704945168632316,0.05694670364801847,0.05715219972462785,30
Temporary drop + recovery,150,ai_reliability,0.8599999999999999,0.8599999999999999,0.8599999999999999,30
